asset_id,row_status,canonical_name,aliases,development_codes,target,payload,linker,indication,company,clinical_phase,development_status,adc_scope,catalog_status,source_count,sources,nct_ids,date_added_to_table
NAR_DRG0AAJTS,ACTIVE,ETX-22,ETx22; Etx 22,,Nectin-4 (NECTIN4),,,,Emergence Therapeutics AG,Investigative,Investigative,PRESUMED_ADC,MULTISOURCE_CONFIRMED,2,nar_reference; europe_pmc,,2026-09-01
NAR_DRG0ADKKF,ACTIVE,AbGn-108,AbGn 108; AbGn108,,Undisclosed,,,,"AbGenomics International, Inc",Investigative,Investigative,REFERENCE_UNCLASSIFIED,REFERENCE_CONFIRMED,1,nar_reference,,2026-09-01
NAR_DRG0AHKIO,ACTIVE,MTX-13,,,,,,,,Phase1,Phase 1,PRESUMED_ADC,MULTISOURCE_CONFIRMED,2,nar_reference; europe_pmc,NCT06752681,2026-09-01
NAR_DRG0AJCCS,ACTIVE,BAT-8008,,,,,,,,Phase1,Phase 1,PRESUMED_ADC,MULTISOURCE_CONFIRMED,3,nar_reference; conference_abstract_corpus; conference_crossref_search,,2026-09-01
NAR_DRG0AKFYV,ACTIVE,Raludotatug deruxtecan,Raludotatug deruxtecan,,Cadherin-6 (CDH6),an exatecan derivative (topoisomerase-1 inhibitor),cleavable GGFG peptide linker (typical),"Carcinoma, Non-Small-Cell Lung; Gastrointestinal Cancer; Ovarian Cancer Recurrent",,Investigative,Investigative Drug-to-Antibody Ratio 8 3D,PRESUMED_ADC,MULTISOURCE_CONFIRMED,3,nar_reference; clinicaltrials; conference_abstract_corpus,,2026-09-01
NAR_DRG0ALCYL,ACTIVE,NKTR-288,NKTR 288; NKTR288,,Interferon alpha-1/13 (IFNA1; IFNA13),,,,Nektar Therapeutics,Investigative,Investigative,REFERENCE_UNCLASSIFIED,REFERENCE_CONFIRMED,1,nar_reference,,2026-09-01
NAR_DRG0AMZIS,ACTIVE,DN-028,DN028; DN 028,,Undisclosed,,,,"Piistech; Shanghai Gopherwood Biotech Co., Ltd",Investigative,Investigative,REFERENCE_UNCLASSIFIED,REFERENCE_CONFIRMED,1,nar_reference,,2026-09-01
NAR_DRG0ANRPC,ACTIVE,JSKN021,,,,,,,,Phase1,Phase 1,PRESUMED_ADC,MULTISOURCE_CONFIRMED,2,nar_reference; conference_abstract_corpus,NCT07617727,2026-09-01
NAR_DRG0AQITP,ACTIVE,RG-7636,,,,,,,,Phase1,Phase 1,REFERENCE_UNCLASSIFIED,REFERENCE_CONFIRMED,1,nar_reference,,2026-09-01
NAR_DRG0ARHOG,ACTIVE,BIIB-015,Anti-CRIPTO; Anti-Cripto mAB; Anti-Cripto-DM4; BIIB 015; BIIB-015; BIIB015,,Teratocarcinoma-derived growth factor 1 (TDGF1),,,,"Biogen, Inc",Phase1,Phase 1 (Terminated),REFERENCE_UNCLASSIFIED,REFERENCE_CONFIRMED,1,nar_reference,NCT00674947,2026-09-01
NAR_DRG0ARIWN,ACTIVE,CMD-193,CD193; CMD 193; CMD-193; Hu3S193-CM; Hu3S193-CalichDMH,,Lewis Y,,,,Wyeth AB; Pfizer Inc,Phase1,Phase 1 (Terminated),REFERENCE_UNCLASSIFIED,REFERENCE_CONFIRMED,1,nar_reference,NCT00161642; NCT00257881; NCT00293215,2026-09-01
NAR_DRG0ASYKZ,ACTIVE,Izeltabart tapatansine,Izeltabart tapatansine,,Disintegrin and metalloproteinase domain-containing protein 9 (ADAM9),,,,,Investigative,Investigative,REFERENCE_UNCLASSIFIED,REFERENCE_CONFIRMED,1,nar_reference,,2026-09-01
NAR_DRG0ATULB,ACTIVE,Laprituximab emtansine,IMGN 289; IMGN-289; IMGN2 89; IMGN289; J2898A-SMCC-DM1; Laprituximab emtansine,,Epidermal growth factor receptor (EGFR),,,,"ImmunoGen, Inc",Phase1,Phase 1 (Terminated),REFERENCE_UNCLASSIFIED,REFERENCE_CONFIRMED,1,nar_reference,NCT01963715,2026-09-01
NAR_DRG0AUAOQ,ACTIVE,ZL-6201,,,,,,,,Phase1,Phase 1,PRESUMED_ADC,MULTISOURCE_CONFIRMED,2,nar_reference; conference_abstract_corpus,NCT07374848,2026-09-01
NAR_DRG0AVEQT,ACTIVE,SYD1091,WO2015177360A1_ADC-HC41; SYD 1091; SYD-1091,,Glutamate carboxypeptidase 2 (FOLH1),,,,Byodes Private Ltd,Investigative,Investigative,REFERENCE_UNCLASSIFIED,REFERENCE_CONFIRMED,1,nar_reference,,2026-09-01
NAR_DRG0AVJCO,ACTIVE,AOC-1020,AOC 1020; AOC-1020; AOC-FSHD; AOC1020,,Transferrin receptor protein 1 (TFRC),,,,"Avidity Biosciences, Inc",Phase2,Phase 2,REFERENCE_UNCLASSIFIED,REFERENCE_CONFIRMED,1,nar_reference,NCT05747924,2026-09-01
NAR_DRG0AWQJG,ACTIVE,PF-06804103,"Anti-HER2 ADC (Pfizer Inc.); Anti-NG-HER2 ADC; NG-HER2 ADC; PF 06804103; PF-06804103; PF-06804103, NG-HER2 ADC; PF06804103; anti-HER2-vc0101; anti-HER2-vcAur0101 ADC",,Receptor tyrosine-protein kinase erbB-2 (HER2),,,,Pfizer Inc,Phase1,Phase 1 (Terminated),REFERENCE_UNCLASSIFIED,REFERENCE_CONFIRMED,1,nar_reference,,2026-09-01
NAR_DRG0AWSBJ,ACTIVE,HDP-104,HDP 104; HDP104,,Undisclosed,,,,Heidelberg Pharma AG,Investigative,Investigative,REFERENCE_UNCLASSIFIED,REFERENCE_CONFIRMED,1,nar_reference,,2026-09-01
NAR_DRG0AWUIJ,ACTIVE,Indatuximab ravtansine,Anti-myeloma monoclonal antibody-DM4 immunoconjugate BT-062; BT-062; Indatuximab ravtansine; Maytansinoid-conjugated anti-myeloma monoclonal antibody BT-062; nBT-062,,Syndecan-1 (SDC1),,,,Biotest Pharma GmbH; Biotest AG,Phase2,Phase 1/2 (Terminated),PRESUMED_ADC,MULTISOURCE_CONFIRMED,3,nar_reference; europe_pmc; pubmed,NCT00723359; NCT01638936,2026-09-01
NAR_DRG0AXDIU,ACTIVE,IIIA4-USAN,Anti-EphA3 antibody-drug conjugate (Humanigen); Anti-EphA3 antibody-drug conjugate,,Ephrin type-A receptor 3 (EPHA3),,,,"Humanigen, Inc",Investigative,Investigative,REFERENCE_UNCLASSIFIED,REFERENCE_CONFIRMED,1,nar_reference,,2026-09-01
NAR_DRG0AXGPR,ACTIVE,BIL-03n,BOL03n; BIL 03n,,P2X purinoceptor 7 (P2RX7),,,,Biosceptre International Ltd,Investigative,Investigative,REFERENCE_UNCLASSIFIED,REFERENCE_CONFIRMED,1,nar_reference,,2026-09-01
NAR_DRG0AXWSD,ACTIVE,BIO-112,BIO 112 (BiOneCure Therapeutics); BIO 112; BIO112,,Undisclosed,,,,,Investigative,Investigative,REFERENCE_UNCLASSIFIED,REFERENCE_CONFIRMED,1,nar_reference,,2026-09-01
NAR_DRG0AYTGS,ACTIVE,PF-08046037,,,,,,,,Phase1,Phase 1,REFERENCE_UNCLASSIFIED,REFERENCE_CONFIRMED,1,nar_reference,NCT06974734,2026-09-01
NAR_DRG0AZRNL,ACTIVE,Iladatuzumab vedotin,DCDS 0780A; DCDS-0780A; DCDS0780A; Iladatuzumab vedotin; RG 7986; RG7986; RO-7032005,,B-cell antigen receptor complex-associated protein beta chain (CD79B),,,,F. Hoffmann-La Roche Ltd; Roche Holding AG,Phase1,Phase 1 (Terminated),PRESUMED_ADC,MULTISOURCE_CONFIRMED,2,nar_reference; europe_pmc,NCT02453087,2026-09-01
NAR_DRG0AZUEZ,ACTIVE,ZV-0203,,,,,,,,Phase1,Phase 1,PRESUMED_ADC,MULTISOURCE_CONFIRMED,3,nar_reference; conference_abstract_corpus; conference_crossref_search,,2026-09-01
NAR_DRG0BBHPW,ACTIVE,DXC-004A,DXC 004A; DXC-004A; DXC004A,,Epidermal growth factor receptor (EGFR),,,,"Hangzhou DAC Biotech Co., Ltd",Phase1,Phase 1,REFERENCE_UNCLASSIFIED,REFERENCE_CONFIRMED,1,nar_reference,,2026-09-01
NAR_DRG0BBQSE,ACTIVE,Enfortumab vedotin,AGS-22C3; AGS-22CE; AGS-22M6E; AGS-22ME; AGS-M6; ASG-22CE; ASG-22M6E; ASG-22ME; ASP7465; DLE8519RWM; Enfortumab Vedotin-ejfv,,Nectin-4 (NECTIN4),MMAE (monomethyl auristatin E),valine-citrulline cleavable linker (typical),"Adenocarcinoma of the Bladder; Adenoid Cystic Carcinoma; Advanced Bladder Cancer; Advanced Malignant Solid Neoplasm; Advanced Small Bowel Adenocarcinoma; Advanced Solid Tumor; Advanced Upper Tract Urothelial Carcinoma; Advanced Urothelial Cancer; Advanced Urothelial Carcinoma; Advanced or Metastatic Solid Malignancies; Advanced/Metastatic Urothelial Cancer; Androgen-Resistant Prostatic Neoplasms; Bellini Carcinoma; Bladder Adenocarcinoma; Bladder Cancer; Bladder Squamous Cell Carcinoma; Breast Cancer; Cancer; Carcinoma Transitional Cell; Carcinoma in Situ; Carcinoma, Transitional Cell; Castration Resistant Prostatic Neoplasms; Collecting Duct Carcinoma; Colo-rectal Cancer; Endometrial Cancer; Gene Abnormality; Gene Product Sequence Variation; Genitourinary Cancers; Hepatocellular Carcinoma; High Grade Urothelial Carcinoma; High-risk Muscle Invasive Urothelial Carcinoma; Immunotherapy; Infiltrating Bladder Urothelial Carcinoma With Squamous Differentiation; Locally Advanced Bladder Carcinoma; Locally Advanced Bladder Urothelial Carcinoma; Locally Advanced Renal Pelvis Urothelial Carcinoma; Locally Advanced Renal Pelvis and Ureter Urothelial Carcinoma; Locally Advanced Ureter Urothelial Carcinoma; Locally Advanced Urethral Urothelial Carcinoma; Locally Advanced Urothelial Carcinoma; Locally Advanced or Metastatic Malignant Solid Tumors; Locally Advanced or Metastatic Urothelial Carcinoma (UC); Lung Cancer; Lung Cancer (Non-Small Cell); Malignant Renal Pelvis Neoplasm; Malignant Ureter Neoplasm; Malignant Urethral Neoplasm; Melanoma; Metastatic Bladder Carcinoma; Metastatic Bladder Giant Cell Urothelial Carcinoma; Metastatic Bladder Urothelial Carcinoma; Metastatic Breast Cancer ( HER2 Negative); Metastatic Castration-resistant Prostate Cancer; Metastatic Colorectal Cancer; Metastatic Malignant Solid Neoplasm; Metastatic Penile Squamous Cell Carcinoma; Metastatic Renal Pelvis Urothelial Carcinoma; Metastatic Renal Pelvis and Ureter Urothelial Carcinoma; Metastatic Ureter Urothelial Carcinoma; Metastatic Urethral Urothelial Carcinoma; Metastatic Urothelial Cancer; Metastatic Urothelial Cancer and Other Malignant Solid Tumors; Metastatic Urothelial Carcinoma; Metastatic Urothelial Carcinoma of the Renal Pelvis and Ureter; Muscle Invasive Bladder Cancer; Muscle Invasive Bladder Urothelial Carcinoma; Muscle-Invasive Bladder Cancer (MIBC); Muscle-Invasive Bladder Carcinoma; Muscle-invasive Bladder Cancer; NMIBC; Neoplasm Metastasis; Non-muscle Invasive Bladder Cancer; Pancreas Adenocarcinoma; Pancreas Cancer; Pancreas Cancer, Duct Cell Adenocarcinoma; Pancreatic Ductal Adenocarcinoma; Penile Squamous Cell Carcinoma (PSCC); Peripheral Nerve Disease; Precision Therapy; Probiotics; Prostate Cancer Castration-resistant Prostate Cancer; Prostatic Cancer, Castration-Resistant; Prostatic Neoplasms, Castration-Resistant; Recurrent Bladder Urothelial Carcinoma; Recurrent Renal Pelvis Urothelial Carcinoma; Recurrent Ureter Urothelial Carcinoma; Recurrent Urethral Urothelial Carcinoma; Recurrent Urothelial Carcinoma; Refractory Bladder Urothelial Carcinoma; Refractory Renal Pelvis and Ureter Urothelial Carcinoma; Renal Medullary Carcinoma; Renal Pelvis Neoplasms; Renal Pelvis and Ureter Urothelial Carcinoma; Salivary Gland Carcinoma; Squamous Cell Carcinoma of the Bladder; Stage II Bladder Cancer AJCC v8; Stage III Bladder Cancer AJCC v8; Stage III Penile Cancer AJCC v8; Stage IIIA Bladder Cancer AJCC v8; Stage IIIB Bladder Cancer AJCC v8; Stage IV Bladder Cancer AJCC v7; Stage IV Bladder Cancer AJCC v8; Stage IV Penile Cancer AJCC v8; Stage IV Renal Pelvis Cancer AJCC v8; Stage IV Renal Pelvis and Ureter Cancer AJCC v7; Stage IV Renal Pelvis and Ureter Cancer AJCC v8; Stage IV Ureter Cancer AJCC v8; Stage IV Urethral Cancer AJCC v8; Testicular Germ Cell Tumors; Unresectable Bladder Carcinoma; Unresectable Bladder Urothelial Carcinoma; Unresectable Penile Squamous Cell Carcinoma; Unresectable Renal Pelvis Urothelial Carcinoma; Unresectable Ureter Urothelial Carcinoma; Unresectable Urothelial Carcinoma; Upper Tract Urothelial Carcinoma; Urachal Adenocarcinoma; Ureteral Cancer; Ureteral Neoplasms; Urethral Neoplasms; Urinary Bladder Cancer, Muscle-invasive; Urinary Bladder Neoplasms; Urologic Neoplasms; Urothelial Bladder Cancer; Urothelial Cancer; Urothelial Carcinoma; Urothelial Carcinoma (UC); Urothelial Carcinoma Bladder; Urothelial Carcinoma Ureter; Urothelial Carcinoma Urethra; Urothelial Carcinoma of the Renal Pelvis and Ureter; Urothelial Neoplasms; ctDNA","Astellas Pharma, Inc; Seagen Inc; Baxter Oncology GmbH",Approved,"Approved (FDA): Dec, 2019",STRICT_ADC,MULTISOURCE_CONFIRMED,3,nar_reference; configs/known_adc_assets.yaml; clinicaltrials,NCT02091999; NCT03070990; NCT03219333; NCT03474107; NCT04223856,2026-09-01
NAR_DRG0BBWPI,ACTIVE,SYS6023,,,,,,,,Phase1,Phase 1,REFERENCE_UNCLASSIFIED,REFERENCE_CONFIRMED,1,nar_reference,NCT07110883,2026-09-01
NAR_DRG0BBYHA,ACTIVE,Bivatuzumab mertansine,Anti-CD44v6-DM1 immunoconjugate; BIW1-1; BIWI-1; Bivatuzumab mertansine; Monoclonal antibody CD44v6-DM1 immunoconjugate,,CD44 antigen (CD44),,,,"ImmunoGen, Inc; Boehringer Ingelheim GmbH",Phase1,Phase 1 (Terminated),REFERENCE_UNCLASSIFIED,REFERENCE_CONFIRMED,1,nar_reference,NCT02254005; NCT02254018; NCT02254031; NCT02254044,2026-09-01
NAR_DRG0BCSND,ACTIVE,BSI-077,Anticlaudin18.2 monoclonal antibody Biosion; BSI077; BSI 077,,Claudin-18.2 (CLDN18.2),,,,"Biosion, Inc",Investigative,Investigative,REFERENCE_UNCLASSIFIED,REFERENCE_CONFIRMED,1,nar_reference,,2026-09-01
NAR_DRG0BDOJD,ACTIVE,BL-M005A2,BLM005A2; BL M005A2,,Undisclosed,,,,"Systimmune, Inc",Investigative,Investigative,REFERENCE_UNCLASSIFIED,REFERENCE_CONFIRMED,1,nar_reference,,2026-09-01
NAR_DRG0BFNMH,ACTIVE,GQ-1001,GQ 1001; GQ-1001; GQ1001; GQ1001(Trastuzumab-ADC),,Receptor tyrosine-protein kinase erbB-2 (HER2),,,,GeneQuantum Healthcare (Suzhou) Co. Ltd,Phase1,Phase 1,PRESUMED_ADC,MULTISOURCE_CONFIRMED,4,nar_reference; clinicaltrials; conference_abstract_corpus; europe_pmc,NCT04450732; NCT05575804,2026-09-01
NAR_DRG0BGJNX,ACTIVE,TAK-500,TAK 500; TAK-500; TAK500,,C-C chemokine receptor type 2 (CCR2),,,,"Takeda Pharmaceutical Co., Ltd",Phase2,Phase 1/2 (Terminated),PRESUMED_ADC,MULTISOURCE_CONFIRMED,2,nar_reference; europe_pmc,NCT04420884; NCT04879849,2026-09-01
NAR_DRG0BGQOD,ACTIVE,ADCT-901,3A4-PL1601; ADCT 901; ADCT-901; ADCT901,,Kidney-associated antigen 1 (KAAG1),,,,ADC Therapeutics SA; Overland Pharmaceuticals,Phase1,Phase 1,REFERENCE_UNCLASSIFIED,REFERENCE_CONFIRMED,1,nar_reference,,2026-09-01
NAR_DRG0BIQVN,ACTIVE,AZD-5335,,,,,,,,Phase2,Phase 2,PRESUMED_ADC,MULTISOURCE_CONFIRMED,3,nar_reference; clinicaltrials; conference_abstract_corpus,,2026-09-01
NAR_DRG0BJYDH,ACTIVE,LMB-12,LMB 12; SS1-dsFv-LRggs,,Mesothelin (MSLN),,,,,Investigative,Investigative,REFERENCE_UNCLASSIFIED,REFERENCE_CONFIRMED,1,nar_reference,,2026-09-01
NAR_DRG0BKLSW,ACTIVE,SLV-324,,,,,,,,Phase1,Phase 1,REFERENCE_UNCLASSIFIED,REFERENCE_CONFIRMED,1,nar_reference,NCT07108114,2026-09-01
NAR_DRG0BLINK,ACTIVE,ALT-Q5,ALT-Q5 ADC; ALT Q5 ADC; Q5-drug conjugate (Alteogen); ALT Q5; ALT-05; ALTQ5,,Folate receptor alpha (FOLR1),,,,"Alteogen, Inc",Investigative,Investigative,REFERENCE_UNCLASSIFIED,REFERENCE_CONFIRMED,1,nar_reference,,2026-09-01
NAR_DRG0BPIAV,ACTIVE,7MW-3711,7MW 3711; 7MW3711,,CD276 antigen (CD276),,,,"Mabwell (Shanghai) Bioscience Co., Ltd",Investigative,Investigative,PRESUMED_ADC,MULTISOURCE_CONFIRMED,3,nar_reference; conference_abstract_corpus; conference_crossref_search,,2026-09-01
NAR_DRG0BRHCV,ACTIVE,KM254-ADC,KM254 ADC; KM254ADC,,Receptor tyrosine-protein kinase erbB-2 (HER2),,,,"Xuanzhu Biopharmaceutical Co., Ltd",Investigative,Investigative,REFERENCE_UNCLASSIFIED,REFERENCE_CONFIRMED,1,nar_reference,,2026-09-01
NAR_DRG0BSQPI,ACTIVE,Sacituzumab tirumotecan,A-264; KL-A264; MK-2870; MK2870; SKB 264; SKB-264; SKB264; TROP-2-targeted antibody-drug conjugate; sacituzumab tirumotecan(MK-2870),,Tumor-associated calcium signal transducer 2 (TROP2),,,,"Sichuan Kelun Pharmaceutical Co., Ltd; KLUS Pharma, Inc; Merck & Co., Inc",Approved,"Approved (FDA): Nov, 2024",PRESUMED_ADC,MULTISOURCE_CONFIRMED,3,nar_reference; clinicaltrials; conference_abstract_corpus,NCT05347134; NCT05351788; NCT05445908; NCT05631262; NCT05642780,2026-09-01
NAR_DRG0BSWTQ,ACTIVE,QLS5316,,,,,,,,Phase1,Phase 1,REFERENCE_UNCLASSIFIED,REFERENCE_CONFIRMED,1,nar_reference,NCT07358884,2026-09-01
NAR_DRG0BWCTV,ACTIVE,ARX-305,ARX 305; ARX-305; ARX305; NCB-002,,CD70 antigen (CD70),,,,"Ambrx, Inc; Zhejiang Medicine Co., Ltd; Novocodex Biopharmaceuticals Co., Ltd",Phase1,Phase 1,PRESUMED_ADC,MULTISOURCE_CONFIRMED,3,nar_reference; conference_abstract_corpus; conference_crossref_search,,2026-09-01
NAR_DRG0BWWWF,ACTIVE,BL-M15D1,,,,,,,,Phase1,Phase 1,REFERENCE_UNCLASSIFIED,REFERENCE_CONFIRMED,1,nar_reference,,2026-09-01
NAR_DRG0BXRDQ,ACTIVE,Veltuzumab-SN-38,Vmab-SN-38,,B-lymphocyte antigen CD20 (MS4A1),,,,,Investigative,Investigative,REFERENCE_UNCLASSIFIED,REFERENCE_CONFIRMED,1,nar_reference,,2026-09-01
NAR_DRG0BZCIJ,ACTIVE,DAC-002,,,,,,,,Phase1,Phase 1,REFERENCE_UNCLASSIFIED,REFERENCE_CONFIRMED,1,nar_reference,,2026-09-01
NAR_DRG0BZEMH,ACTIVE,JAB-BX400,JAB BX400; JABBX400,,Receptor tyrosine-protein kinase erbB-2 (HER2),,,,"Jacobio Pharmaceuticals Group Co., Ltd",Investigative,Investigative,REFERENCE_UNCLASSIFIED,REFERENCE_CONFIRMED,1,nar_reference,,2026-09-01
NAR_DRG0CAEXH,ACTIVE,RC-118,"RC-118; RC118; RC118-ADC,YH005; Recombinant humanized IgG1 anti-Claudin18.2 monoclonal antibody conjugated to MMAE; YH-005; YH005; YH005-ADC",,Claudin-18.2 (CLDN18.2),,,,"RemeGen Co., Ltd; Biocytogen Pharmaceuticals (Beijing) Co., Ltd; Eucure (Beijing) Biopharma Co., Ltd",Phase2,Phase 1/2,PRESUMED_ADC,MULTISOURCE_CONFIRMED,2,nar_reference; conference_crossref_search,NCT03895112; NCT04914117; NCT05205850,2026-09-01
NAR_DRG0CBHSI,ACTIVE,MG1901,,,,,,,,Phase1,Phase 1,REFERENCE_UNCLASSIFIED,REFERENCE_CONFIRMED,1,nar_reference,,2026-09-01
NAR_DRG0CBLIJ,ACTIVE,BGB-C354,,,,,,,,Phase1,Phase 1,PRESUMED_ADC,MULTISOURCE_CONFIRMED,3,nar_reference; clinicaltrials; conference_abstract_corpus,NCT06422520,2026-09-01
NAR_DRG0CCEQO,ACTIVE,ABBV-400,ABBV-400; ABBV 400; ABBV400,,Hepatocyte growth factor receptor (MET),,,,"AbbVie, Inc",Phase3,Phase 3,PRESUMED_ADC,MULTISOURCE_CONFIRMED,3,nar_reference; conference_abstract_corpus; conference_crossref_search,,2026-09-01
NAR_DRG0CCQWD,ACTIVE,MM-310,MM 310; MM-310; MM310,,Ephrin type-A receptor 2 (EPHA2),,,,"Merrimack Pharmaceuticals, Inc",Phase1,Phase 1 (Terminated),REFERENCE_UNCLASSIFIED,REFERENCE_CONFIRMED,1,nar_reference,NCT03076372,2026-09-01
NAR_DRG0CDYJL,ACTIVE,MYTX-011,MYTX 011; MYTX-011; MYTX011,,Hepatocyte growth factor receptor (MET),,,,"Mythic Therapeutics, Inc",Phase1,Phase 1,PRESUMED_ADC,MULTISOURCE_CONFIRMED,4,nar_reference; clinicaltrials; conference_abstract_corpus; conference_crossref_search,NCT05652868,2026-09-01
NAR_DRG0CECRA,ACTIVE,Trastuzumab rezetecan,SHR A1811; SHR-A1811; SHRA1811,,Receptor tyrosine-protein kinase erbB-2 (HER2),,,,"Jiangsu Hengrui Pharmaceuticals Co., Ltd; Suzhou Suncadia Biopharmaceuticals Co., Ltd",Approved,"Approved (FDA): May, 2025",PRESUMED_ADC,MULTISOURCE_CONFIRMED,6,nar_reference; clinicaltrials; conference_abstract_corpus; conference_crossref_search; europe_pmc; pubmed,NCT04446260; NCT04513223; NCT04818333; NCT05349409; NCT05353361; NCT05424835; NCT05482568; NCT05582499; NCT05594095; NCT05635487; NCT05671822; NCT05749588; NCT05769010,2026-09-01
NAR_DRG0CEJDT,ACTIVE,DB-1317,,,,,,,,Phase1,Phase 1,PRESUMED_ADC,MULTISOURCE_CONFIRMED,2,nar_reference; conference_abstract_corpus,NCT07141706,2026-09-01
NAR_DRG0CESQS,ACTIVE,Recombinant humanized anti-Trop2 antibody,,,,,,,,Phase1,Phase 1,REFERENCE_UNCLASSIFIED,REFERENCE_CONFIRMED,1,nar_reference,,2026-09-01
NAR_DRG0CHZRH,ACTIVE,NEP1-40,1D9; 1H2; 2E10; 7E11; NEP1 40,,Tumor necrosis factor receptor superfamily member 16 (NGFR),,,,"Biogen, Inc",Investigative,Investigative,REFERENCE_UNCLASSIFIED,REFERENCE_CONFIRMED,1,nar_reference,,2026-09-01
NAR_DRG0CIZWI,ACTIVE,AMT-676,AMT 676; AMT-676; AMT676,,Cadherin-17 (CDH17),,,,"Multitude Therapeutics, Inc",Phase1,Phase 1,PRESUMED_ADC,MULTISOURCE_CONFIRMED,4,nar_reference; clinicaltrials; conference_abstract_corpus; conference_crossref_search,,2026-09-01
NAR_DRG0CKSWS,ACTIVE,CMG-901,CMG 901; CMG-901; CMG901; MRG005; Sonesitatug vedotin; AZD0901,,Claudin-18.2 (CLDN18.2),MMAE (monomethyl auristatin E),valine-citrulline cleavable linker (typical),Gastroesophageal Adenocarcinoma; Stomach Neoplasms,"Keymed Biosciences, Inc; Shanghai Miracogen Inc; Lepu Biopharma Co., Ltd; AstraZeneca PLC",Phase3,Phase 3,PRESUMED_ADC,MULTISOURCE_CONFIRMED,4,nar_reference; clinicaltrials; conference_abstract_corpus; europe_pmc,NCT04805307,2026-09-01
NAR_DRG0CKWNZ,ACTIVE,BA-3181,BA 3181; BA3181; CAB-EpCAM-ADC,,Epithelial cell adhesion molecule (EPCAM),,,,"BioAtla, Inc",Investigative,Investigative,REFERENCE_UNCLASSIFIED,REFERENCE_CONFIRMED,1,nar_reference,,2026-09-01
NAR_DRG0CLBRQ,ACTIVE,NNAS-Mc-Val-Cit-PABC-MMAE,NNAS-vcMMAE,,Receptor tyrosine-protein kinase erbB-2 (HER2),,,,Genzyme Corp,Investigative,Investigative,REFERENCE_UNCLASSIFIED,REFERENCE_CONFIRMED,1,nar_reference,,2026-09-01
NAR_DRG0CMPYD,ACTIVE,ADCX-020,,,,,,,,Phase1,Phase 1,REFERENCE_UNCLASSIFIED,REFERENCE_CONFIRMED,1,nar_reference,NCT07238075,2026-09-01
NAR_DRG0CMUPE,ACTIVE,BG-C0902,,,,,,,,Phase1,Phase 1,PRESUMED_ADC,MULTISOURCE_CONFIRMED,2,nar_reference; clinicaltrials,NCT07181681,2026-09-01
NAR_DRG0CNJHC,ACTIVE,JK-06,JK 06; JK-06; JK06,,Trophoblast glycoprotein (TPBG),,,,"Salubris Biotherapeutics, Inc",Phase2,Phase 1/2,REFERENCE_UNCLASSIFIED,REFERENCE_CONFIRMED,1,nar_reference,,2026-09-01
NAR_DRG0CNWMR,ACTIVE,ABBV-901,,,,,,,,Phase1,Phase 1,REFERENCE_UNCLASSIFIED,REFERENCE_CONFIRMED,1,nar_reference,NCT07278336,2026-09-01
NAR_DRG0COMTY,ACTIVE,Telisotuzumab vedotin,ABBV 399; ABBV-399; ABBV399; ABT 399; ABT-399; Teliso-V; Teliso-V (ABBV-399); Telisotuzumab vedotin,,Hepatocyte growth factor receptor (MET),MMAE (monomethyl auristatin E),valine-citrulline cleavable linker (typical),Advanced Solid Tumors Cancer,"AbbVie, Inc; BSP Pharmaceuticals SpA",Approved,"Approved (FDA): May, 2025",PRESUMED_ADC,MULTISOURCE_CONFIRMED,4,nar_reference; clinicaltrials; conference_abstract_corpus; europe_pmc,NCT00723359; NCT01001442; NCT01270698; NCT01472016; NCT01605318; NCT01638936; NCT01915472; NCT02099058,2026-09-01
NAR_DRG0CPNIE,ACTIVE,DS6-DM1,DS6DM1; DS6 DM1,,Mucin-1 (MUC1),,,,"ImmunoGen, Inc",Investigative,Investigative,REFERENCE_UNCLASSIFIED,REFERENCE_CONFIRMED,1,nar_reference,,2026-09-01
NAR_DRG0CRDKL,ACTIVE,HKT-288,"HKT 288; HKT-288; HKT28 8, NOV-13; HKT288; NOV-13",,Cadherin-6 (CDH6),,,,Novartis Pharma AG; Novartis AG,Phase1,Phase 1 (Terminated),PRESUMED_ADC,MULTISOURCE_CONFIRMED,2,nar_reference; europe_pmc,NCT02947152,2026-09-01
NAR_DRG0CRYVT,ACTIVE,DP-303c,DP 303c; DP-303c; DP303c,,Receptor tyrosine-protein kinase erbB-2 (HER2),,,,"CSPC Zhongqi Pharmaceutical Technology Shijiazhuang Co., Ltd; CSPC Pharmaceutical Group Ltd",Phase3,Phase 3,PRESUMED_ADC,MULTISOURCE_CONFIRMED,3,nar_reference; europe_pmc; pubmed,NCT04146610; NCT04826107; NCT04828616; NCT05334810,2026-09-01
NAR_DRG0CVTZD,ACTIVE,MG2011C,MG2011C (Shanghai MabGen Biotech); MG-2011C; MG 2011C,,Undisclosed,,,,Shanghai MabGen Biotech Ltd; Shanghai Meijing Science & Technology Co. Ltd,Investigative,Investigative,REFERENCE_UNCLASSIFIED,REFERENCE_CONFIRMED,1,nar_reference,,2026-09-01
NAR_DRG0CWADI,ACTIVE,AZD-9592,,,,,,,,Phase1,Phase 1,PRESUMED_ADC,MULTISOURCE_CONFIRMED,2,nar_reference; conference_abstract_corpus,,2026-09-01
NAR_DRG0CXFTH,ACTIVE,Serclutamab talirine,ABBV 321; ABBV-321; ABBV321; Serclutamab talirine,,Epidermal growth factor receptor (EGFR),,,,"AbbVie, Inc",Phase1,Phase 1 (Terminated),PRESUMED_ADC,MULTISOURCE_CONFIRMED,3,nar_reference; conference_abstract_corpus; europe_pmc,NCT03234712,2026-09-01
NAR_DRG0CXRVR,ACTIVE,JSKN022,,,,,,,,Phase1,Phase 1,PRESUMED_ADC,MULTISOURCE_CONFIRMED,2,nar_reference; conference_abstract_corpus,NCT07292402,2026-09-01
NAR_DRG0CXSNU,ACTIVE,SIBP-A19,,,,,,,,Phase1,Phase 1,REFERENCE_UNCLASSIFIED,REFERENCE_CONFIRMED,1,nar_reference,NCT06990464,2026-09-01
NAR_DRG0CYJSZ,ACTIVE,OGD-204,OGD 204; OGD204,,O-acetyl derivative of GD2 ganglioside (OAcGD2),,,,OGD2 Pharma SAS,Investigative,Investigative,REFERENCE_UNCLASSIFIED,REFERENCE_CONFIRMED,1,nar_reference,,2026-09-01
NAR_DRG0CYMEB,ACTIVE,Trastuzumab emtansine,PRO-132365; ADO-Trastuzumab Emtansine; R-3502; R3502; RG 3502; RG-3502; RO 5304020; RO-5304020; T-DM1; DM1-trastuzumab immunoconjugate; Herceptin-DM1; Trastuzu; Trastuzumab-DM1; Trastuzumab-DM1 immunoconjugate; Trastuzumab-MCC-DM1; Trastuzumab-MCC-DM1 antibody-drug conjugate,,Receptor tyrosine-protein kinase erbB-2 (HER2),DM1 (maytansinoid),SMCC non-cleavable linker (typical),"2L+ Cervical Cancer; Accelerated Phase Chronic Myelogenous Leukemia, BCR-ABL1 Positive; Advanced Breast Cancer; Advanced Breast Carcinoma; Advanced Cancer; Advanced Lymphoma; Advanced Malignant Solid Neoplasm; Advanced Ovarian Carcinoma; Advanced Pancreatic Carcinoma; Advanced Prostate Carcinoma; Advanced Sarcoma; Advanced Solid Tumor; Advanced Unresectable or Metastatic Solid Malignancy; Anatomic Stage I Breast Cancer AJCC v8; Anatomic Stage II Breast Cancer AJCC v8; Anatomic Stage IIA Breast Cancer AJCC v8; Anatomic Stage IIB Breast Cancer AJCC v8; Anatomic Stage III Breast Cancer AJCC v8; Anatomic Stage IIIA Breast Cancer AJCC v8; Anatomic Stage IV Breast Cancer AJCC v8; Anemia; Ann Arbor Stage III Hodgkin Lymphoma; Ann Arbor Stage III Non-Hodgkin Lymphoma; Ann Arbor Stage IV Hodgkin Lymphoma; Ann Arbor Stage IV Non-Hodgkin Lymphoma; Atypical Chronic Myeloid Leukemia, BCR-ABL1 Negative; Bladder Cancer; Bladder Carcinoma; Blast Phase Chronic Myelogenous Leukemia, BCR-ABL1 Positive; Bone Metastases; Brain Metastases; Breast Adenocarcinoma; Breast Cancer; Breast Cancer Early Stage Breast Cancer (Stage 1-3); Breast Cancer Female; Breast Cancer Invasive; Breast Cancer Metastatic; Breast Cancer, Metastatic; Breast Cancer; HER2-positive; Metastatic; Breast Carcinoma; Breast Neoplasm; Breast Neoplasms; Breast Tumors; Cancer; Carcinoma, Non-Small-Cell Lung; Castration-Resistant Prostate Carcinoma; Cervical Carcinoma; Cholangiocellular Carcinoma; Chronic Phase Chronic Myelogenous Leukemia, BCR-ABL1 Positive; Colo-rectal Cancer; Colon Carcinoma; Colorectal Cancer; Colorectal Carcinoma; ER-Negative Breast Cancer; Early Breast Cancer; Early-Stage Breast Carcinoma; Early-stage Breast Cancer; Endometrial Cancer; Endometrial Carcinoma; Esophageal Adenocarcinoma; Esophageal Cancer; Esophageal Carcinoma; Estrogen Receptor-positive Breast Cancer; Exocrine Pancreas Carcinoma; First-line Treatment; Gastric Cancer; Gastric Carcinoma; Gastroesophageal Junction Adenocarcinoma; Gastroesophageal Junction Cancer; Gastrointestinal Cancer; Glioma; HER-2 Positive Breast Cancer; HER2 Amplification; HER2 Gene Mutation; HER2 Mutant Non-small Cell Lung Cancer; HER2 Mutations Breast Neoplasms; HER2 Positive; HER2 Positive Breast Cancer; HER2 Positive Breast Cancer, Metastatic Breast Cancer, Locally Advanced Breast Cancer; HER2 Positive Breast Carcinoma; HER2 Positive Breast Neoplasms; HER2+ Advanced Breast Cancer Patients Progressing on TKI Therapy; HER2+ Breast Cancer; HER2-Negative Metastatic Breast Cancer; HER2-Positive Metastatic Breast Cancer; HER2-Positive Primary Breast Cancer Participants With Residual Invasive Disease Following Neoadjuvant Therapy; HER2-expressing Non-small Cell Lung Cancer; HER2-negative Breast Cancer; HER2-positive Advanced Breast Cancer; HER2-positive Breast Cancer; HER2-positive Colorectal Cancer; HER2-positive Early Breast Cancer; HER2-positive Gastric Cancer; HER2-positive Metastatic Breast Cancer; HER2/Neu Positive; HR Positive; Head and Neck Carcinoma; Heart Failure; Hematopoietic and Lymphoid Cell Neoplasm; Hematopoietic and Lymphoid System Neoplasm; Her 2 Positive Breast Cancer; Hormone Receptor Negative Breast Cancer; Hormone Receptor Negative Tumor; Hormone Receptor Positive Breast Neoplasms; Hormone Receptor Positive Tumor; Human Epidermal Growth Factor 2 Negative Carcinoma of Breast; Human Epidermal Growth Factor 2 Positive Carcinoma of Breast; Inflammatory Breast Cancer; Invasive Breast Carcinoma; Kidney Carcinoma; Left Ventricular Function Systolic Dysfunction; Liver Carcinoma; Liver Metastases; Locally Advanced Breast Cancer; Locally Advanced Pancreatic Adenocarcinoma; Locally Advanced Solid Tumor; Locally Advanced or Early Breast Cancer; Lung Cancer; Lung Cancer (Non-Small Cell); Lung Carcinoma; Lung Metastases; Lymphoma; Malignant Uterine Corpus Neoplasm; Malignant Uterine Neoplasm; Melanoma; Metastatic Breast Cancer; Metastatic Breast Cancer ( HER2 Negative); Metastatic Breast Cancer, HER2 Negative Primary Tumor; Metastatic Breast Carcinoma; Metastatic Cancer; Metastatic Colorectal Cancer; Metastatic Gastric Adenocarcinoma; Metastatic Gastric Cancer; Metastatic HER2 Positive Gastroesophageal Junction Cancer; Metastatic HER2+ Advanced Breast Cancer; Metastatic HER2-Positive Breast Carcinoma; Metastatic HER2-positive Breast Cancer; Metastatic HER2-positive Breast Cancer With Brain Metastasis; Metastatic Malignant Neoplasm in the Brain; Metastatic Malignant Solid Neoplasm; Metastatic Pancreatic Adenocarcinoma; Metastatic Salivary Gland Carcinoma; Metastatic Solid Tumor; Multifocal Breast Carcinoma; Multiple Myeloma; Myelodysplastic/Myeloproliferative Neoplasm With Ring Sideroblasts and Thrombocytosis; Myelodysplastic/Myeloproliferative Neoplasm, Unclassifiable; Neoadjuvant Melanoma; Neoadjuvant Non-Small Cell Lung Cancer; Neoplasia; Neoplasm Metastasis; Neoplasms; Node-negative Breast Cancer; Non Small Cell Lung Cancer; Non-Small Cell Lung Cancer; Non-small Cell Lung Cancer; Objective Response Rate; Oligometastatic Breast Carcinoma; Oligometastatic Disease; Other Cancer; Ovarian Cancer; Ovarian Carcinoma; PR-Negative Breast Cancer; Pancreas Cancer; Pancreas Cancer, Duct Cell Adenocarcinoma; Platinum-resistant Ovarian Cancer; Post Anti-PD-(L)1 Non-Small Cell Lung Cancer; Post Anti-PD-(L)1 Small Cell Lung Cancer; Post Anti-PD-1 Melanoma; Pregnancy; Primary Myelofibrosis; Prognostic Stage II Breast Cancer AJCC v8; Prognostic Stage IIA Breast Cancer AJCC v8; Prognostic Stage IIB Breast Cancer AJCC v8; Prognostic Stage IIIA Breast Cancer AJCC v8; Prognostic Stage IV Breast Cancer AJCC v8; Prostate Cancer Castration-resistant Prostate Cancer; Prostate Carcinoma; Rectal Carcinoma; Recurrent Acute Lymphoblastic Leukemia; Recurrent Acute Myeloid Leukemia; Recurrent Adult Soft Tissue Sarcoma; Recurrent Bladder Carcinoma; Recurrent Breast Cancer; Recurrent Breast Carcinoma; Recurrent Cervical Carcinoma; Recurrent Chronic Lymphocytic Leukemia; Recurrent Chronic Myelogenous Leukemia, BCR-ABL1 Positive; Recurrent Colon Carcinoma; Recurrent Colorectal Carcinoma; Recurrent Esophageal Carcinoma; Recurrent Gastric Carcinoma; Recurrent Glioma; Recurrent Head and Neck Carcinoma; Recurrent Hematologic Malignancy; Recurrent Hodgkin Lymphoma; Recurrent Liver Carcinoma; Recurrent Lung Carcinoma; Recurrent Lymphoma; Recurrent Malignant Solid Neoplasm; Recurrent Malignant Uterine Corpus Neoplasm; Recurrent Melanoma; Recurrent Multiple Myeloma; Recurrent Myelodysplastic Syndrome; Recurrent Myelodysplastic/Myeloproliferative Neoplasm; Recurrent Myeloproliferative Neoplasm; Recurrent Non-Hodgkin Lymphoma; Recurrent Ovarian Carcinoma; Recurrent Pancreatic Carcinoma; Recurrent Plasma Cell Myeloma; Recurrent Prostate Carcinoma; Recurrent Rectal Carcinoma; Recurrent Salivary Gland Carcinoma; Recurrent Skin Carcinoma; Recurrent Small Lymphocytic Lymphoma; Recurrent Thyroid Gland Carcinoma; Refractory Acute Lymphoblastic Leukemia; Refractory Acute Myeloid Leukemia; Refractory Chronic Lymphocytic Leukemia; Refractory Chronic Myelogenous Leukemia, BCR-ABL1 Positive; Refractory Chronic Myelomonocytic Leukemia; Refractory Hematologic Malignancy; Refractory Hodgkin Lymphoma; Refractory Lymphoma; Refractory Malignant Solid Neoplasm; Refractory Multiple Myeloma; Refractory Myelodysplastic Syndrome; Refractory Myelodysplastic/Myeloproliferative Neoplasm; Refractory Non-Hodgkin Lymphoma; Refractory Plasma Cell Myeloma; Refractory Primary Myelofibrosis; Refractory Small Lymphocytic Lymphoma; Second or Third Line (2L/3L) Cervical Cancer; Second-line Treatment; Skin Carcinoma; Soft Tissue Metastases; Solid Cancer; Solid Tumor; Solid Tumor Cancers; Solid Tumors; Stage II Breast Cancer AJCC v6 and v7; Stage II Pancreatic Cancer AJCC v8; Stage IIA Breast Cancer AJCC v6 and v7; Stage IIB Breast Cancer AJCC v6 and v7; Stage III Breast Cancer; Stage III Breast Cancer AJCC v7; Stage III Major Salivary Gland Cancer AJCC v8; Stage III Ovarian Cancer AJCC v8; Stage III Pancreatic Cancer AJCC v8; Stage IIIA Breast Cancer; Stage IIIA Breast Cancer AJCC v7; Stage IIIB Breast Cancer; Stage IIIB Breast Cancer AJCC v7; Stage IIIC Breast Cancer; Stage IIIC Breast Cancer AJCC v7; Stage IV Breast Cancer; Stage IV Major Salivary Gland Cancer AJCC v8; Stage IV Ovarian Cancer AJCC v8; Stage IV Pancreatic Cancer AJCC v8; Stage IV Prostate Cancer AJCC v8; Synchronous Bilateral Breast Carcinoma; Third Line or Later (3L+) HER2+ Breast Cancer; Third-line or Later (3L+) Platinum-resistant Ovarian Cancer (PROC); Thyroid Gland Carcinoma; Trastuzumab Emtansine; Triple Negative Breast Cancer; Triple Negative Breast Neoplasms; Triple-Negative Breast Cancer (TNBC); Tumors; Unresectable Breast Cancer; Unresectable Gastric Carcinoma; Unresectable Pancreatic Adenocarcinoma; Unresectable Salivary Gland Carcinoma; Unrespectable Locally Advanced and or Metastatic HER2 Positive Breast Cancer Participants; Upper Tract Urothelial Carcinoma; Urinary Tract Cancers; ctDNA","Genentech, Inc; Roche Holding AG; Chugai Pharmaceutical Co., Ltd; F. Hoffmann-La Roche Ltd",Approved,"Approved (FDA): Feb 22, 2013",STRICT_ADC,MULTISOURCE_CONFIRMED,3,nar_reference; configs/known_adc_assets.yaml; clinicaltrials,NCT01702571; NCT01966471; NCT02465060; NCT02924883; NCT02999672; NCT03032107,2026-09-01
NAR_DRG0DAKKB,ACTIVE,Patritumab deruxtecan,HER3-DXd; Patritumab deruxtecan; Patritumab-DX-8951 conjugate; U3-1402; U3-1402a,,Receptor tyrosine-protein kinase erbB-3 (HER3),an exatecan derivative (topoisomerase-1 inhibitor),cleavable GGFG peptide linker (typical),"Advanced Breast Cancer; Advanced Non-Small Cell Squamous Lung Cancer; Breast Cancer; Breast Cancer Metastatic; Breast Neoplasms; EGFR Gene Mutation; HER2 Low Breast Carcinoma; HER2-low or HER2-ultralow; HER2-positive Metastatic Breast Cancer; Hormone Receptor Positive; Malignant Neoplasm; Metastatic Breast Cancer; Metastatic Colorectal Cancer; Non-Small Cell Lung Carcinoma; Solid Tumor, Adult; Unresectable or Metastatic Breast Cancer","Daiichi Sankyo Co., Ltd; AstraZeneca PLC; Baxter Oncology GmbH; BSP Pharmaceuticals SpA",Phase3,Phase 3,PRESUMED_ADC,MULTISOURCE_CONFIRMED,5,nar_reference; clinicaltrials; conference_abstract_corpus; conference_crossref_search; europe_pmc,NCT03260491,2026-09-01
NAR_DRG0DCONA,ACTIVE,SHR-7631,,,,,,,,Phase1,Phase 1,REFERENCE_UNCLASSIFIED,REFERENCE_CONFIRMED,1,nar_reference,NCT06381050,2026-09-01
NAR_DRG0DDMKC,ACTIVE,A-410,A 410; A410,,Nectin-4 (NECTIN4),,,,"Sichuan Kelun Pharmaceutical Co., Ltd",Investigative,Investigative,REFERENCE_UNCLASSIFIED,REFERENCE_CONFIRMED,1,nar_reference,,2026-09-01
NAR_DRG0DDQHT,ACTIVE,XYD-9668-198,XYD 9668-198; XYD9668-198,,Undisclosed,,,,"Kunshan Xinyunda Biotechnology Co., Ltd",Investigative,Investigative,REFERENCE_UNCLASSIFIED,REFERENCE_CONFIRMED,1,nar_reference,,2026-09-01
NAR_DRG0DDTZB,ACTIVE,HLX-43,HLX 43; HLX-43; HLX43; YL222,,Programmed cell death 1 ligand 1 (CD274),,,,"Shanghai Henlius Biotech, Inc; Shanghai Fosun Pharmaceutical (Group) Co., Ltd",Phase2,Phase 2,REFERENCE_UNCLASSIFIED,REFERENCE_CONFIRMED,1,nar_reference,,2026-09-01
NAR_DRG0DDWPP,ACTIVE,CPO-301,CPO301; CPO 301,,Epidermal growth factor receptorn (EGFR C797S) (EGFR C797S),,,,CSPC Pharmaceutical Group Ltd,Investigative,Investigative,PRESUMED_ADC,MULTISOURCE_CONFIRMED,2,nar_reference; clinicaltrials,,2026-09-01
NAR_DRG0DEGEG,ACTIVE,Vobramitamab duocarmazine,AEX4089DC1; Anti-B7-H3 antibody drug conjugate; MGC 018; MGC-018; MGC018; Vobramitamab duocarmazine,,CD276 antigen (CD276),a duocarmycin analog (DNA minor-groove alkylating agent),cleavable linker (typical),"Advanced Solid Tumor; Advanced Solid Tumor, Adult; Castration-Resistant Prostatic Cancer; Epithelial Ovarian Cancer; Hepatocellular Cancer; Malignant Melanoma; Melanoma; Metastatic Castrate Resistant Prostate Cancer; Non Small Cell Lung Cancer; Pancreatic Ductal Carcinoma; Renal Cell Carcinoma; Squamous Cell Carcinoma of Head and Neck; Triple Negative Breast Cancer","MacroGenics, Inc",Phase2,Phase 2,PRESUMED_ADC,MULTISOURCE_CONFIRMED,5,nar_reference; clinicaltrials; conference_abstract_corpus; conference_crossref_search; europe_pmc,NCT03729596; NCT05293496; NCT05551117,2026-09-01
NAR_DRG0DIWSF,ACTIVE,Cantuzumab mertansine,C-242 DM1; C-242 May; C242 maytansinoid conjugate; Cantuzumab mertansine; Monoclonal antibody C-242 DM1 conjugate; Monoclonal antibody C-242 May conjugate; Monoclonal antibody huC242-May conjugate; SB-408075; huC242 maytansinoid conjugate; huC242-DM1,,Mucin-1 (MUC1),,,,"ImmunoGen, Inc",Phase1,Phase 1 (Terminated),REFERENCE_UNCLASSIFIED,REFERENCE_CONFIRMED,1,nar_reference,,2026-09-01
NAR_DRG0DJFNE,ACTIVE,IMAB362-Val-Cit-MMAE,IMAB362 vcMMAE; IMAB362-vc-MMAE; IMAB362 vc MMAE,,Claudin-18.2 (CLDN18.2),,,,"Ganymed Pharmaceuticals AG; Astellas Pharma, Inc",Investigative,Investigative,REFERENCE_UNCLASSIFIED,REFERENCE_CONFIRMED,1,nar_reference,,2026-09-01
NAR_DRG0DLKUH,ACTIVE,DB-1305,BNT325; DB 1305; DB-1305; DB1305,,Tumor-associated calcium signal transducer 2 (TROP2),,,,Duality Biologics,Phase2,Phase 1/2,REFERENCE_UNCLASSIFIED,REFERENCE_CONFIRMED,1,nar_reference,NCT05438329,2026-09-01
NAR_DRG0DLZVY,ACTIVE,SC-007,SC 007; SC-007; SC007,,Undisclosed,,,,"Stemcentrx, Inc; AbbVie, Inc",Phase1,Phase 1 (Terminated),REFERENCE_UNCLASSIFIED,REFERENCE_CONFIRMED,1,nar_reference,NCT03253185,2026-09-01
NAR_DRG0DNGPW,ACTIVE,RN765C,RN 765C; RN-765C,,Epidermal growth factor receptor (EGFR),,,,Rinat Neuroscience Corp,Investigative,Investigative,PRESUMED_ADC,MULTISOURCE_CONFIRMED,2,nar_reference; europe_pmc,,2026-09-01
NAR_DRG0DOBID,ACTIVE,GMA-305,GMA305; GMA 305,,Undisclosed,,,,Gmax Biopharm LLC,Investigative,Investigative,REFERENCE_UNCLASSIFIED,REFERENCE_CONFIRMED,1,nar_reference,,2026-09-01
NAR_DRG0DOTIX,ACTIVE,CUSP06,AMT 707; AMT-707; AMT707; CUSP 06; CUSP-06; CUSP06,,Cadherin-6 (CDH6),,,,"Multitude Therapeutics, Inc; OnCusp Therapeutics",Phase1,Phase 1,PRESUMED_ADC,MULTISOURCE_CONFIRMED,2,nar_reference; conference_abstract_corpus,,2026-09-01
NAR_DRG0DSMMR,ACTIVE,IMGS-501,STING-ISAC; IMGS 501; IMGS501,,Programmed cell death 1 ligand 1 (CD274); Programmed cell death 1 ligand 2 (PDCD1LG2),,,,"Immunogenesis, Inc",Investigative,Investigative,REFERENCE_UNCLASSIFIED,REFERENCE_CONFIRMED,1,nar_reference,,2026-09-01
NAR_DRG0DSOMP,ACTIVE,LY3343544,LY-3343544; LY 3343544,,Hepatocyte growth factor receptor (MET),,,,Eli Lilly & Co,Investigative,Investigative,REFERENCE_UNCLASSIFIED,REFERENCE_CONFIRMED,1,nar_reference,,2026-09-01
NAR_DRG0DVKJO,ACTIVE,LCB14-15nm,LCB14 15nm,,Undisclosed,,,,"LegoChem Biosciences, Inc",Investigative,Investigative,REFERENCE_UNCLASSIFIED,REFERENCE_CONFIRMED,1,nar_reference,,2026-09-01
NAR_DRG0DWHZY,ACTIVE,SIM 0686,,,,,,,,Phase1,Phase 1,REFERENCE_UNCLASSIFIED,REFERENCE_CONFIRMED,1,nar_reference,NCT07050459,2026-09-01
NAR_DRG0DXEAS,ACTIVE,CAT-03-106,CAT03106; CAT 03 106,,Undisclosed,,,,"Catalent, Inc",Investigative,Investigative,REFERENCE_UNCLASSIFIED,REFERENCE_CONFIRMED,1,nar_reference,,2026-09-01
NAR_DRG0DXROV,ACTIVE,Cetuximab sarotalocan,ASP-1929; RM-1929; Cetuximab-IR700; Cetuximab Sarotalocan Sodium,,Epidermal growth factor receptor (EGFR),,,,"Rakuten Medical, Inc",Approved,"Approved (FDA): Sep, 2020",REFERENCE_UNCLASSIFIED,REFERENCE_CONFIRMED,1,nar_reference,,2026-09-01
NAR_DRG0EBFGG,ACTIVE,IBI3009,,,,,,,,Phase1,Phase 1,REFERENCE_UNCLASSIFIED,REFERENCE_CONFIRMED,1,nar_reference,NCT06613009,2026-09-01
NAR_DRG0EDBXG,ACTIVE,Lintuzumab Ac-225,225Ac-HuM-195; 225Ac-HuM195; 225Ac-lintuzumab; AC225 MOAB M195; AC225-MOAB-M195; Ac-225-Lintuzumab; Ac225 monoclonal antibody M195; Actimab-A; Actimab-M; Actimab-MDS; Actinium (225ac) lintuzumab satetraxetan; Actinium AC 225 lintuzumab; Actinium AC-225 lintuzumab; Actinium-225 (225Ac)-Lintuzumab; Actinium-225-labeled humanized anti-cd33 monoclonal antibody HUM195; Actinium-225-labelled HuM195; HUM-195 AC-225; HuM195-Ac-225; Lintuzumab Ac-225; Lintuzumab actinium Ac-225; Lintuzumab satetraxetan AC-225,,Myeloid cell surface antigen CD33 (CD33),,,,"PDL BioPharma, Inc; Actinium Pharmaceuticals, Inc",Phase1,Phase 1 (Terminated),REFERENCE_UNCLASSIFIED,REFERENCE_CONFIRMED,1,nar_reference,NCT02575963; NCT02998047; NCT03441048; NCT03867682; NCT03932318,2026-09-01
NAR_DRG0EEDEE,ACTIVE,DXC-008,,,,,,,,Phase1,Phase 1,PRESUMED_ADC,MULTISOURCE_CONFIRMED,2,nar_reference; conference_abstract_corpus,NCT06926283,2026-09-01
NAR_DRG0EGQMP,ACTIVE,BAT-8006,,,,,,,,Phase1,Phase 1,PRESUMED_ADC,MULTISOURCE_CONFIRMED,2,nar_reference; conference_abstract_corpus,,2026-09-01
NAR_DRG0EGTVL,ACTIVE,DAC-005,,,,,,,,Phase1,Phase 1,REFERENCE_UNCLASSIFIED,REFERENCE_CONFIRMED,1,nar_reference,,2026-09-01
NAR_DRG0EGZQD,ACTIVE,SBT-8230,SBT8230; SBT 8230; Asgr1-Tlr8; Asgr1-Tlr8-S; ASGR1-TLR8 ImmunoTAC conjugate,,Asialoglycoprotein receptor 1 (ASGR1),,,,"Silverback Therapeutics, Inc; ARS Pharmaceuticals, Inc",Investigative,Investigative,REFERENCE_UNCLASSIFIED,REFERENCE_CONFIRMED,1,nar_reference,,2026-09-01
NAR_DRG0EHWIM,ACTIVE,CME-548,CME-548 (Oxford Biomedica Plc),,Trophoblast glycoprotein (TPBG),,,,Oxford Biomedica Plc; Pfizer Inc,Investigative,Investigative,REFERENCE_UNCLASSIFIED,REFERENCE_CONFIRMED,1,nar_reference,,2026-09-01
NAR_DRG0EJBII,ACTIVE,BL-M07D1,BL M07D1; BL-M07D1; BLM07D1,,Receptor tyrosine-protein kinase erbB-2 (HER2),,,,"Sichuan Baili Pharmaceutical Co., Ltd; Systimmune, Inc; Chengdu Bailidote Biological Pharmaceutical Co., Ltd",Phase3,Phase 3,REFERENCE_UNCLASSIFIED,REFERENCE_CONFIRMED,1,nar_reference,NCT05461768; NCT05631964,2026-09-01
NAR_DRG0EJZGZ,ACTIVE,SYN-101,SYN101; SYN 101,,Transforming growth factor beta-1 proprotein (TGFB1),,,,Synthis LLC,Investigative,Investigative,REFERENCE_UNCLASSIFIED,REFERENCE_CONFIRMED,1,nar_reference,,2026-09-01
NAR_DRG0EKTUN,ACTIVE,Sacituzumab govitecan,GS-0132; IMMU-132; IMMU0132; TROP-2-SN38; hRS7-SN38 antibody drug conjugate; Isactuzumab govitecan,,Tumor-associated calcium signal transducer 2 (TROP2),"SN-38 (topoisomerase-1 inhibitor, irinotecan metabolite)",cleavable CL2A linker (typical),"Advanced Breast Cancer; Advanced HR+/HER2- Breast Cancer; Advanced Malignant Solid Neoplasm; Advanced Solid Tumor; Advanced Solid Tumors; Advanced Triple Negative Breast Cancer; Advanced Triple-Negative Breast Cancer; Advanced or Metastatic Non-Small-Cell Lung Cancer; Advanced or Metastatic Solid Tumor; Anaplastic Thyroid Cancer; Anatomic Stage IV Breast Cancer AJCC v8; Bladder Cancer; Bladder Neoplasm; Bladder Urothelial Carcinoma; Brain Metastases From Breast Cancer; Brain Metastases, Adult; Brain Metastasis; Breast Cancer; Breast Cancer Female; Breast Cancer Metastatic; Breast Cancer Stage IV; Breast Neoplasms; CCNE1 Amplification; Cancer; Carcinoma Breast Stage IV; Carcinoma, Non-Small-Cell Lung; Cervical Cancer; Chemotherapy-induced Alopecia; Circulating Tumor DNA; Differentiated Thyroid Cancer; Drug-Related Side Effects and Adverse Reactions; ER-Negative Breast Cancer; Early-stage Breast Cancer; Endometrial Cancer; Endometrial Carcinoma; Epithelial Ovarian Cancer; Esophageal Cancer; Esophageal Squamous Cell Carcinoma; Esophagogastric Adenocarcinoma; Evaluating the Efficacy of Trop-2 ADC Combination Therapy in Advanced Triple-Negative Breast Cancer; Extensive Stage Small Cell Lung Cancer (ES-SCLC); Extensive-Stage Small Cell Lung Cancer; Extrapulmonary Neuroendocrine Carcinoma; Fallopian Tube Cancer; Fallopian Tube Cancers; Gastric Adenocarcinoma; Gland; Glioblastoma; Glioblastoma Multiforme; HER 2 Low-expressing Breast Cancer; HER2-negative Breast Cancer; HPV Positive Oropharyngeal Squamous Cell Carcinoma; HR+, HER2-, Advanced Breast Cancer; HR+/HER2- Breast Cancer; HR+/HER2- Metastatic Breast Cancer; HR-Positive Breast Cancer; HRD Cancer; Head and Neck Cancers- Squamous Cell; Hepatocellular Carcinoma; Her 2 Positive Breast Cancer; Hormone-receptor-positive Breast Cancer; Hormone-refractory Prostate Cancer; Human Epidermal Growth Factor 2 Low Breast Cancer; Hypopharynx Cancer; Hypopharynx Squamous Cell Carcinoma; Invasive Breast Cancer; Invasive Breast Carcinoma; Larynx Cancer; Larynx Squamous Cell Carcinoma; Leptomeningeal Metastases; Liver Failure; Localized Muscle Invasive Bladder Urothelial Carcinoma; Locally Advanced Cholangiocarcinoma; Locally Advanced Urothelial Carcinoma; Locally Advanced or Metastatic Breast Cancer; Locally Advanced or Metastatic Unresectable Urothelial Cancer; Locally Advanced or Metastatic Urothelial Carcinoma; Locally Advanced or Unresectable Metastatic Breast Cancer; Lung Cancer; Lung Diseases; Malignant Neoplasm of Uterus; Mesothelioma; Mesothelioma; Pleura; Mesotheliomas Pleural; Metastatic Bladder Urothelial Carcinoma; Metastatic Breast Cancer; Metastatic Breast Cancer ( HER2 Negative); Metastatic Cholangiocarcinoma; Metastatic Colorectal Cancer; Metastatic HER2 Negative Breast Carcinoma; Metastatic HER2-Negative Breast Carcinoma; Metastatic Malignant Neoplasm in the Brain; Metastatic Malignant Solid Neoplasm; Metastatic Solid Tumor; Metastatic Solid Tumors; Metastatic Triple Negative Breast Cancer; Metastatic Triple-Negative Breast Cancer; Metastatic Triple-Negative Breast Carcinoma; Metastatic Triple-negative Breast Cancer; Metastatic Urothelial Cancer; Metastatic Urothelial Carcinoma; Metastatic Urothelial Carcinoma of the Renal Pelvis and Ureter; Muscle Invasive Bladder Carcinoma; Muscle Invasive Bladder Urothelial Carcinoma; Muscle-Invasive Bladder Carcinoma; Muscle-invasive Bladder Cancer; Muscle-invasive Urothelial Carcinoma of the Bladder; NSCLC (Non-small Cell Lung Cancer); NSCLC Stage IV; Nasal Cavity Cancer; Neoplasm Metastasis; Non-Small Cell Lung Cancer; Non-small Cell Lung Cancer; Oral Cavity Cancer; Oral Squamous Cell Carcinoma; Oral Squamous Cell Carcinoma (OSCC); Oropharynx Cancer; Oropharynx Squamous Cell Carcinoma; Ovarian Cancer; Ovarian Carcinoma; Ovarian Epithelial Cancer; PD-L1 Negative; PD-L1 Positive; PDL-1 Positive; PR-Negative Breast Cancer; Pancreatic Cancer; Pharmacogenetic Variant; Precision Medicine; Primary; Primary Adenocarcinoma of the Bladder; Primary Adenocarcinoma of the Urinary Tract; Primary Peritoneal Cancer; Primary Peritoneal Carcinoma; Prognostic Stage IV Breast Cancer AJCC v8; Prostate Cancer; Recurrent Breast Carcinoma; Recurrent Cholangiocarcinoma; Recurrent Epithelial Cervical Carcinoma; Recurrent Epithelial Endometrial Carcinoma; Recurrent Glioblastoma; Recurrent Lung Non-Small Cell Carcinoma; Recurrent Platinum Resistant Epithelial Ovarian Carcinoma; Recurrent Platinum-Sensitive Fallopian Tube Endometrioid Adenocarcinoma; Recurrent Platinum-Sensitive Fallopian Tube High Grade Serous Adenocarcinoma; Recurrent Platinum-Sensitive Ovarian High Grade Endometrioid Adenocarcinoma; Recurrent Platinum-Sensitive Ovarian High Grade Serous Adenocarcinoma; Recurrent Platinum-Sensitive Primary Peritoneal Endometrioid Adenocarcinoma; Recurrent Platinum-Sensitive Primary Peritoneal High Grade Serous Adenocarcinoma; Refractory Bladder Urothelial Carcinoma; Refractory Urothelial Carcinoma; Renal Cell Cancer; Renal Medullary Carcinoma; Resectable Head and Neck Squamous Cell Carcinoma; Resectable Lung Non-Small Cell Carcinoma; Resectable Non-Small-Cell Lung Cancer; Residual Cancer; SCLC; Salivary Gland Cancer; Salivary Gland Cancers; Sinus Cancer; Small Cell Carcinoma; Small Cell Carcinoma of the Bladder; Small Cell Carcinoma of the Urinary Tract; Small Cell Lung Cancer; Small Cell Lung Cancer ( SCLC ); Solid Malignancies; Solid Tumor; Solid Tumor, Adult; Squamous Cell Carcinoma of Head and Neck; Squamous Cell Carcinoma of the Bladder; Squamous Cell Carcinoma of the Penis; Squamous Cell Carcinoma of the Urinary Tract; Stage II Bladder Cancer AJCC v8; Stage III Breast Cancer; Stage III Hilar Cholangiocarcinoma AJCC v8; Stage III Intrahepatic Cholangiocarcinoma AJCC v8; Stage IIIA Bladder Cancer AJCC v8; Stage IIIA Breast Cancer; Stage IIIB Breast Cancer; Stage IIIC Breast Cancer; Stage IV (Metastatic) Breast Cancer; Stage IV Bladder Cancer AJCC v8; Stage IV Breast Cancer; Stage IV Hilar Cholangiocarcinoma AJCC v8; Stage IV Intrahepatic Cholangiocarcinoma AJCC v8; Stage IV Lung Cancer AJCC v8; TNBC; TNBC - Triple-Negative Breast Cancer; Thymic Carcinoma; Thymoma; Thyroid Cancer; Triple Negative Breast Cancer; Triple Negative Breast Neoplasms; Triple Negative Locally Advanced Non-resectable Breast Cancer; Triple-Negative Breast Cancer; Triple-Negative Breast Carcinoma; Triple-negative Breast Cancer; Trop2; Unresectable Breast Carcinoma; Unresectable Urothelial Carcinoma; Urinary Bladder Neoplasms; Urothelial Bladder Carcinoma; Urothelial Cancer; Urothelial Carcinoma","Immunomedics, Inc; Gilead Sciences, Inc; BSP Pharmaceuticals SpA; Everest Medicines (Singapore) Pte. Ltd",Approved,"Approved (FDA): Apr, 2020",STRICT_ADC,MULTISOURCE_CONFIRMED,3,nar_reference; configs/known_adc_assets.yaml; clinicaltrials,NCT01631552; NCT02574455; NCT03901339; NCT04454437,2026-09-01
NAR_DRG0ELYWP,ACTIVE,Tusamitamab ravtansine,AR408701; IBI-126; Maytansin-loaded anti-CEACAM5 mAb; SAR 408701; SAR-408701; SAR408701; Tusamitamab ravtansine,,Carcinoembryonic antigen-related cell adhesion molecule 5 (CEACAM5),,,,"ImmunoGen, Inc; Sanofi; Innovent Biologics, Inc",Phase3,Phase 3,PRESUMED_ADC,MULTISOURCE_CONFIRMED,3,nar_reference; conference_abstract_corpus; europe_pmc,NCT02187848; NCT03324113; NCT04154956; NCT04524689; NCT04659603; NCT05071053; NCT05245071; NCT05429762; NCT05703555,2026-09-01
NAR_DRG0EMQPK,ACTIVE,SYD-1875,Anti-5T4 antibody drug conjugate; SYD 1875; SYD-1875; SYD18 75; SYD1875,,Trophoblast glycoprotein (TPBG),,,,Synthon BV; Byondis BV,Phase1,Phase 1 (Terminated),PRESUMED_ADC,MULTISOURCE_CONFIRMED,3,nar_reference; clinicaltrials; conference_abstract_corpus,NCT04202705,2026-09-01
NAR_DRG0ENSWF,ACTIVE,Cotinine-duocarmycin,Cotinine duocarmycin,,Epidermal growth factor receptor (EGFR),,,,,Investigative,Investigative,REFERENCE_UNCLASSIFIED,REFERENCE_CONFIRMED,1,nar_reference,,2026-09-01
NAR_DRG0ENYRQ,ACTIVE,DB-1303,BNT323; DB 1303; DB-1303; DB1303,,Receptor tyrosine-protein kinase erbB-2 (HER2),,,,Duality Biologics; BioNTech SE,Phase3,Phase 3,PRESUMED_ADC,MULTISOURCE_CONFIRMED,2,nar_reference; conference_abstract_corpus,NCT05150691,2026-09-01
NAR_DRG0ENYXZ,ACTIVE,MRG-002,MRG 002; MRG-002; MRG002,,Receptor tyrosine-protein kinase erbB-2 (HER2),,,,"Shanghai Miracogen Inc; Lepu Biopharma Co., Ltd",Phase2,Phase 2,PRESUMED_ADC,MULTISOURCE_CONFIRMED,4,nar_reference; conference_abstract_corpus; europe_pmc; pubmed,NCT04492488; NCT04742153; NCT04837508; NCT04839510; NCT04924699; NCT04941339; NCT05141747; NCT05141786; NCT05263869; NCT05338957; NCT05754853,2026-09-01
NAR_DRG0EOBLX,ACTIVE,HDM2017,,,,,,,,Phase1,Phase 1,PRESUMED_ADC,MULTISOURCE_CONFIRMED,2,nar_reference; conference_abstract_corpus,NCT07274085,2026-09-01
NAR_DRG0EOFTU,ACTIVE,PD-L1 ISA,Boltbody ISAC PD-L1 (Bolt Bio),,Programmed cell death 1 ligand 1 (CD274),,,,"Bolt Biotherapeutics, Inc",Investigative,Investigative,REFERENCE_UNCLASSIFIED,REFERENCE_CONFIRMED,1,nar_reference,,2026-09-01
NAR_DRG0EOMCN,ACTIVE,BL-M02D1,BL M02D1; BL-M02D1; BLM02D1,,Tumor-associated calcium signal transducer 2 (TROP2),,,,"Sichuan Baili Pharmaceutical Co., Ltd; Systimmune, Inc; Chengdu Bailidote Biological Pharmaceutical Co., Ltd",Phase2,Phase 1/2,REFERENCE_UNCLASSIFIED,REFERENCE_CONFIRMED,1,nar_reference,NCT05339685; NCT05385692,2026-09-01
NAR_DRG0EOWOQ,ACTIVE,KSI-501,,,,,,,,Phase1,Phase 1,REFERENCE_UNCLASSIFIED,REFERENCE_CONFIRMED,1,nar_reference,,2026-09-01
NAR_DRG0EPHMC,ACTIVE,Anetumab ravtansine,Anetumab ravtansine; Anti-mesothelin antibody-drug conjugate BAY 94-9343; Anti-mesothelin-ADC-BAY-94-9343; BAY 94-9343; BAY-94-9343; BAY-94-9343-SPDB-DM4; BAY94-9343,,Mesothelin (MSLN),DM4 (maytansinoid),SPDB-based cleavable linker (typical),Lung Neoplasms; Mesothelin Positive; Neoplasms; Ovarian Neoplasms; Pancreatic Cancer; Stage III Non-Small Cell Lung Cancer AJCC v7; Stage IIIA Non-Small Cell Lung Cancer AJCC v7; Stage IIIB Non-Small Cell Lung Cancer AJCC v7; Stage IV Non-Small Cell Lung Cancer AJCC v7,MorphoSys AG; Bayer AG,Phase2,Phase 2 (Terminated),PRESUMED_ADC,MULTISOURCE_CONFIRMED,3,nar_reference; clinicaltrials; conference_abstract_corpus,NCT01439152; NCT02485119; NCT02610140; NCT02639091; NCT02696642; NCT02751918; NCT02824042; NCT02839681; NCT03023722; NCT03102320; NCT03126630; NCT03455556; NCT03587311; NCT03816358; NCT03926143,2026-09-01
NAR_DRG0EPORB,ACTIVE,B-003,Anti-HER2 monoclonal antibody-MCC-DM1 conjugate; B 003; B-003; B003,,Receptor tyrosine-protein kinase erbB-2 (HER2),,,,"Shanghai Jiaolian Drug Development Co. Ltd; Shanghai Pharmaceuticals Holding Co., Ltd",Phase1,Phase 1,REFERENCE_UNCLASSIFIED,REFERENCE_CONFIRMED,1,nar_reference,NCT03953833,2026-09-01
NAR_DRG0EPYFC,ACTIVE,SAR-428926,SAR 428926; SAR-428926; SAR42 8926; SAR428926,,Lysosome-associated membrane glycoprotein 1 (LAMP1),,,,"ImmunoGen, Inc; Sanofi",Phase1,Phase 1 (Terminated),PRESUMED_ADC,MULTISOURCE_CONFIRMED,2,nar_reference; conference_abstract_corpus,NCT02575781,2026-09-01
NAR_DRG0EQEVI,ACTIVE,CBT-3112,DCLK1 targeting paclitaxel based ADC (Coare Biotechnology); CBT3112; CBT 3112,,Serine/threonine-protein kinase DCLK1 (DCLK1),,,,COARE Biotechnology Inc,Investigative,Investigative,REFERENCE_UNCLASSIFIED,REFERENCE_CONFIRMED,1,nar_reference,,2026-09-01
NAR_DRG0EQGNV,ACTIVE,MYK-3,MYK 3,,Epidermal growth factor receptor (EGFR),,,,Shanghai Miracogen Inc,Investigative,Investigative,REFERENCE_UNCLASSIFIED,REFERENCE_CONFIRMED,1,nar_reference,,2026-09-01
NAR_DRG0ERKBH,ACTIVE,Trastuzumab deruxtecan,DS-8201; DS-8201a; fam-trastuzumab deruxtecan-nxki; DS 8201; DS 8201a; Fam-trastuzumab deruxtecan; T-DXd; Trastuzumab Deruxtecan,,Receptor tyrosine-protein kinase erbB-2 (HER2),an exatecan derivative (topoisomerase-1 inhibitor),cleavable GGFG peptide linker (typical),"2L+ Cervical Cancer; Adenocarcinoma (NOS); Adenocarcinoma - GEJ; Adenocarcinoma Gastric Stage IV With Metastases; Adenocarcinoma of the Colon; Adenocarcinoma of the Rectum; Adenocarcinoma, Gastric; Advanced Breast Cancer; Advanced Breast Carcinoma; Advanced Cancer; Advanced Colon Carcinoma; Advanced Colorectal Cancer; Advanced Colorectal Carcinoma; Advanced Endometrial Carcinoma; Advanced Gastric Carcinoma; Advanced Gastroesophageal Junction Adenocarcinoma; Advanced Lymphoma; Advanced Malignant Solid Neoplasm; Advanced Ovarian Carcinoma; Advanced Pancreatic Carcinoma; Advanced Pancreatic Ductal Adenocarcinoma; Advanced Prostate Carcinoma; Advanced Salivary Gland Carcinoma; Advanced Sarcoma; Advanced Solid Malignancies; Advanced Solid Tumor; Advanced Solid Tumors; Advanced Solid Tumors (Excluding Gastric Cancer and Breast Cancer); Advanced Solid Tumors With HER2 Mutation,eg:Colorectal,Urothelial,Gastric, Hepatobiliary,Endometrial,Melanoma,Ovarian,Cervical,Salivary Gland,Pancreatic,Breast; Advanced Stage Breast Cancer; Advanced or Metastatic Breast Cancer; Advanced/Metastatic Breast Cancer; Anal Cancer; Anatomic Stage II Breast Cancer AJCC v8; Anatomic Stage IIA Breast Cancer AJCC v8; Anatomic Stage IIB Breast Cancer AJCC v8; Anatomic Stage III Breast Cancer AJCC v8; Anatomic Stage IIIA Breast Cancer AJCC v8; Anatomic Stage IV Breast Cancer AJCC v8; BREAST CANCER; Basal Like; Biliary Tract Cancer; Bladder Cancer; Bladder Carcinoma; Bone Metastases; Brain Cancer; Brain Metastases; Breast Adenocarcinoma; Breast Advanced Malignancies; Breast Cancer; Breast Cancer Early Stage Breast Cancer (Stage 1-3); Breast Cancer Female; Breast Cancer Invasive; Breast Cancer Metastatic; Breast Cancer Stage IV; Breast Cancer With Bone Metastasis; Breast Cancer With Brain Metastasis; Breast Cancer With Metastatic Bone Disease; Breast Cancer, Metastatic; Breast Cancer; HER2-positive; Metastatic; Breast Carcinoma; Breast Neoplasm; Breast Neoplasms; Breast Tumors; CRPC; Cancer; Cancer Metastatic; Cervical Cancer; Cervical Carcinoma; Chemotherapy-induced Alopecia; Clinical Stage III Gastric Cancer AJCC v8; Clinical Stage III Gastroesophageal Junction Adenocarcinoma AJCC v8; Clinical Stage IV Gastric Cancer AJCC v8; Clinical Stage IV Gastroesophageal Junction Adenocarcinoma AJCC v8; Colon Cancer Adenocarcinoma; Colon Cancer Metastatic; Colon Carcinoma; Colorectal Adenocarcinoma; Colorectal Cancer; Colorectal Cancer (CRC); Colorectal Carcinoma; Colorectal Neoplasm; Cutaneous Melanoma; Desmoplastic Small Round Cell Tumor; Drug-Related Side Effects and Adverse Reactions; Dynamic Tumor Resistance; ER Positive Breast Cancer; ER-positive Breast Cancer; Early Breast Cancer; Early-stage Breast Cancer; Endometrial Cancer; Endometrial Carcinoma; Esophageal Adenocarcinoma; Esophageal Cancer; Esophageal Carcinoma; Esophagogastric Adenocarcinoma; Estrogen Receptor Positive Tumor; Estrogen Receptor-positive Breast Cancer; Exocrine Pancreas Carcinoma; First-line Treatment; Gall Bladder Cancer; Gastric Adenocarcinoma; Gastric Cancer; Gastric Cancer, Adenocarcinoma; Gastric Carcinoma; Gastric or Gastroesophageal Junction (GEJ) Adenocarcinoma; Gastroesophageal Adenocarcinoma; Gastroesophageal Junction Adenocarcinoma; Gastroesophageal Junction Cancer; Gastroesophageal-junction Cancer; Gastrointestinal Cancer; Gastrointestinal Stromal Tumour; Gastrooesophageal Cancer; Glioblastoma; Glioma; HER 2 Low-expressing Breast Cancer; HER-2 Protein Overexpression; HER2; HER2 + Breast Cancer; HER2 Amplification; HER2 Gene Mutation; HER2 Low Breast Adenocarcinoma; HER2 Low Breast Cancer; HER2 Low Breast Carcinoma; HER2 Mutant Non-small Cell Lung Cancer; HER2 Mutation-Related Tumors; HER2 Mutations Breast Neoplasms; HER2 Negative Breast Cancer; HER2 Overexpression; HER2 Positive; HER2 Positive Breast Cancer; HER2 Positive Breast Carcinoma; HER2 Positive Breast Neoplasms; HER2 Positive Newly Diagnosed Metastatic Esophageal, Gastric, GEJ Cancer Patients With an ECOG Performance Status of 2; HER2+ Breast Cancer; HER2+, Low, or Ultralow Advanced/Metastatic Breast Cancer; HER2-(Ultra)Low Expressing Breast Cancer; HER2-Negative Metastatic Breast Cancer; HER2-Positive Breast Carcinoma; HER2-Positive Metastatic Breast Cancer; HER2-Positive Primary Breast Cancer; HER2-expressing Non-small Cell Lung Cancer; HER2-low Breast Cancer; HER2-low Expressing Breast Cancer; HER2-low Hormone Receptor Positive Breast Cancer; HER2-low or HER2-ultralow; HER2-mutant Non-Small Cell Lung Cancer; HER2-negative Breast Cancer; HER2-positive Advanced Gastric Cancer; HER2-positive Breast Cancer; HER2-positive Colorectal Cancer; HER2-positive Early Breast Cancer; HER2-positive Gastric Cancer; HER2-positive Gastroesophageal Junction; HER2-positive Gastroesophageal Junction Adenocarcinoma; HER2-positive Metastatic Breast Cancer; HER2/Neu-positive Breast Cancer; HR Positive; HRR Deficiency; Head and Neck Cancer; Head and Neck Carcinoma; Heart Failure; Hematopoietic and Lymphoid Cell Neoplasm; Hepatocellular Carcinoma (HCC); Her 2 Positive Breast Cancer; Her2 Enriched; Her2/Neu Positive Advanced Solid Tumors; Homologous Recombination Deficiency; Hormone Receptor Negative Breast Carcinoma; Hormone Receptor Negative Tumor; Hormone Receptor Positive; Hormone Receptor Positive Breast Carcinoma; Hormone Receptor Positive Breast Neoplasms; Hormone Receptor Positive Tumor; Hormone Receptor-positive Breast Cancer; Human Epidermal Growth Factor 2 Positive Carcinoma of Breast; Inflammatory Breast Cancer Stage III; Invasive Breast Cancer; Invasive Breast Carcinoma; Kidney Carcinoma; Left Ventricular Function Systolic Dysfunction; Leptomeningeal Metastasis; Liver Cancer; Liver Carcinoma; Liver Metastases; Locally Advanced Breast Cancer; Locally Advanced Breast Carcinoma; Locally Advanced Gastric Carcinoma; Locally Advanced Gastroesophageal Junction Adenocarcinoma; Locally Advanced Lung Non-Small Cell Carcinoma; Locally Advanced Malignant Solid Neoplasm; Locally Advanced Solid Tumor; Locally Advanced or Early Breast Cancer; Locally Advanced or Metastatic Non-Small Cell Lung Cancer; Low Expression of HER2; Luminal B; Lung Carcinoma; Lung Metastases; Lymphoma; Lymphoma, Non-Hodgkin; Malignant Hepatobiliary Neoplasm; Malignant Neoplasm of Breast; Malignant Uterine Corpus Neoplasm; Malignant Uterine Neoplasm; Melanoma; Metastatic; Metastatic Breast Cancer; Metastatic Breast Carcinoma; Metastatic Cancer; Metastatic Colon Carcinoma; Metastatic Colorectal Cancer; Metastatic Colorectal Carcinoma; Metastatic Endometrial Carcinoma; Metastatic Gastric Adenocarcinoma; Metastatic Gastric Cancer; Metastatic Gastric Carcinoma; Metastatic Gastroesophageal Junction Adenocarcinoma; Metastatic HER2 Positive Gastroesophageal Junction Cancer; Metastatic HER2+ Advanced Breast Cancer; Metastatic HER2-Low Breast Carcinoma; Metastatic HER2-Positive Breast Carcinoma; Metastatic HER2-positive Breast Cancer; Metastatic Hormone Receptor-Positive Breast Carcinoma; Metastatic Lung Non-Small Cell Carcinoma; Metastatic Malignant Neoplasm in the Brain; Metastatic Malignant Solid Neoplasm; Metastatic Pancreatic Adenocarcinoma; Metastatic Pancreatic Ductal Adenocarcinoma; Metastatic Salivary Gland Carcinoma; Metastatic Solid Tumor; Metastatic Triple-Negative Breast Carcinoma; Mouth Cancer; Multiple Myeloma; Nasopharangeal Cancer; Neoadjuvant Melanoma; Neoadjuvant Non-Small Cell Lung Cancer; Neoplasm Metastasis; Neoplasm, Breast; Neoplasm, Gastrointestinal; Neuroendocrine, Gastrointestinal Cancer; Non Small Cell Lung Cancer; Non-Small Cell Lung Cancer; Non-Small Cell Lung Cancer Stage IIIA; Non-Small Cell Lung Cancer Stage IIIB; Non-small Cell Lung Cancer; Non-small Cell Lung Cancer Stage II; Non-small Cell Lung Carcinoma; Oligometastatic Breast Carcinoma; Osteosarcoma; Other Cancer; Ovarian Cancer; Ovarian Carcinoma; PR-positive Breast Cancer; Pancreatic Cancer; Part 1: Bladder, Biliary Tract, Cervical, Endometrial, Ovarian, Pancreatic Cancer, Rare Tumors, Any Tumor Type Excluding Breast, Gastric, Colorectal Cancer; Part 2: HER2 Expressing/Amplified Solid Tumors Excluding Breast, Gastric, Colorectal Cancer; Pharmacogenetic Variant; Platinum-Resistant Ovarian High Grade Serous Adenocarcinoma; Platinum-resistant Ovarian Cancer; Platinum-resistant Ovarian Cancer (PROC); Post Anti-PD-(L)1 Non-Small Cell Lung Cancer; Post Anti-PD-(L)1 Small Cell Lung Cancer; Post Anti-PD-1 Melanoma; Precision Therapy; Pregnancy; Progesterone Receptor-positive Breast Cancer; Prognostic Stage II Breast Cancer AJCC v8; Prognostic Stage IIA Breast Cancer AJCC v8; Prognostic Stage IIB Breast Cancer AJCC v8; Prognostic Stage IIIA Breast Cancer AJCC v8; Prostate Cancer; Prostate Cancer Metastatic; Prostate Carcinoma; Radiomic; Radiomics; Rectal Adenocarcinoma; Rectal Cancer, Adenocarcinoma; Rectal Cancer, Metastatic; Rectal Carcinoma; Recurrent Adult Soft Tissue Sarcoma; Recurrent Bladder Carcinoma; Recurrent Breast Cancer; Recurrent Breast Carcinoma; Recurrent Cervical Carcinoma; Recurrent Colon Carcinoma; Recurrent Colorectal Carcinoma; Recurrent Desmoplastic Small Round Cell Tumor; Recurrent Esophageal Carcinoma; Recurrent Gastric Carcinoma; Recurrent Glioblastoma; Recurrent Glioma; Recurrent Head and Neck Carcinoma; Recurrent Kidney Wilms Tumor; Recurrent Liver Carcinoma; Recurrent Lung Carcinoma; Recurrent Lymphoma; Recurrent Malignant Solid Neoplasm; Recurrent Malignant Uterine Corpus Neoplasm; Recurrent Melanoma; Recurrent Multiple Myeloma; Recurrent Osteosarcoma; Recurrent Ovarian Carcinoma; Recurrent Pancreatic Carcinoma; Recurrent Prostate Carcinoma; Recurrent Rectal Carcinoma; Recurrent Salivary Gland Carcinoma; Recurrent Skin Carcinoma; Recurrent Thyroid Gland Carcinoma; Recurrent or Metastatic Solid Tumors; Refractory Desmoplastic Small Round Cell Tumor; Refractory Lymphoma; Refractory Malignant Solid Neoplasm; Refractory Multiple Myeloma; Refractory Wilms Tumor; Renal Cell Carcinoma; Renal Cell Carcinoma (RCC); Resectable Colorectal Carcinoma; Residual Invasive Breast Cancer; Salivary Gland Cancer; Salivary Gland Carcinoma; Sarcoma; Second or Third Line (2L/3L) Cervical Cancer; Skin Carcinoma; Small Cell Lung Cancer; Soft Tissue Metastases; Soft Tissue Sarcoma (STS); Solid Cancer; Solid Carcinoma; Solid Tumor; Solid Tumor, Adult; Stage II Breast Cancer; Stage II Breast Cancer AJCC v6 and v7; Stage II Pancreatic Cancer AJCC v8; Stage IIA Breast Cancer; Stage IIA Breast Cancer AJCC v6 and v7; Stage IIB Breast Cancer; Stage IIB Breast Cancer AJCC v6 and v7; Stage III Breast Cancer; Stage III Breast Cancer AJCC v7; Stage III Colon Cancer AJCC v8; Stage III Colorectal Cancer AJCC v8; Stage III Lung Cancer AJCC v8; Stage III Major Salivary Gland Cancer AJCC v8; Stage III Ovarian Cancer AJCC v8; Stage III Pancreatic Cancer AJCC v8; Stage III Uterine Corpus Carcinoma or Carcinosarcoma AJCC v8; Stage IIIA Breast Cancer; Stage IIIA Breast Cancer AJCC v7; Stage IIIB Breast Cancer; Stage IIIB Breast Cancer AJCC v7; Stage IIIC Breast Cancer; Stage IIIC Breast Cancer AJCC v7; Stage IV Breast Cancer; Stage IV Colon Cancer AJCC v8; Stage IV Colorectal Cancer AJCC v8; Stage IV Lung Cancer AJCC v8; Stage IV Major Salivary Gland Cancer AJCC v8; Stage IV Ovarian Cancer AJCC v8; Stage IV Pancreatic Cancer AJCC v8; Stage IV Uterine Corpus Carcinoma or Carcinosarcoma AJCC v8; Stomach Neoplasm; Stomach Neoplasms; Testicular Cancer; Third Line or Later (3L+) HER2+ Breast Cancer; Third-line or Later (3L+) Platinum-resistant Ovarian Cancer (PROC); Throat Cancer; Thyroid Cancer; Thyroid Gland Carcinoma; Trastuzumab; Triple Negative Breast Cancer; Triple Negative Breast Neoplasms; Triple-Negative Breast Cancer; Triple-Negative Breast Cancer (TNBC); Unresectable Breast Cancer; Unresectable Breast Carcinoma; Unresectable Colon Carcinoma; Unresectable Colorectal Carcinoma; Unresectable Endometrial Carcinoma; Unresectable Gastric Carcinoma; Unresectable Gastroesophageal Junction Adenocarcinoma; Unresectable HER2-Low Breast Carcinoma; Unresectable HER2-Positive Breast Carcinoma; Unresectable Hormone Receptor-Positive Breast Carcinoma; Unresectable Locally Metastatic Breast Cancer; Unresectable Locally Recurrent Breast Cancer; Unresectable Malignant Solid Neoplasm; Unresectable Pancreatic Adenocarcinoma; Unresectable Pancreatic Ductal Adenocarcinoma; Unresectable Salivary Gland Carcinoma; Unresectable Triple-Negative Breast Carcinoma; Unresectable or Metastatic Breast Cancer; Ureteral Neoplasms; Urethral Cancer; Urinary Bladder Neoplasms; Urothelial Carcinoma; Vaginal Cancer; Vulvar Cancer; Wilms Tumor",Daiichi Sankyo Inc; AstraZeneca PLC; Baxter Oncology GmbH,Approved,"Approved (FDA): Dec 05, 2019",STRICT_ADC,MULTISOURCE_CONFIRMED,3,nar_reference; configs/known_adc_assets.yaml; clinicaltrials,NCT02564900; NCT03248492; NCT03329690; NCT03505710; NCT03529110; NCT03734029; NCT04644237; NCT04744831; NCT04752059,2026-09-01
NAR_DRG0ERYUF,ACTIVE,SGN-B7H4V,PF-08046048; SGN-B7H4V; SGNB 7H4V; SGNB7H4V,,V-set domain-containing T-cell activation inhibitor 1 (VTCN1),,,,Seagen Inc,Phase1,Phase 1,REFERENCE_UNCLASSIFIED,REFERENCE_CONFIRMED,1,nar_reference,NCT05194072,2026-09-01
NAR_DRG0ESGFZ,ACTIVE,RG-7986,,,,,,,,Phase1,Phase 1,REFERENCE_UNCLASSIFIED,REFERENCE_CONFIRMED,1,nar_reference,,2026-09-01
NAR_DRG0EUGGJ,ACTIVE,ICAM1-DM1 ADC,ICAM1-DM1 ADC (Boston Children's Hospital); anti-ICAM1-SMCC-DM1 (Boston Children's Hospital),,Intercellular adhesion molecule 1 (ICAM1),,,,Boston Children's Hospital,Investigative,Investigative,REFERENCE_UNCLASSIFIED,REFERENCE_CONFIRMED,1,nar_reference,,2026-09-01
NAR_DRG0EUQQY,ACTIVE,MBC-301,MBC 301; MBC301,,Undisclosed,,,,Medigen Biotechnology Corp,Investigative,Investigative,REFERENCE_UNCLASSIFIED,REFERENCE_CONFIRMED,1,nar_reference,,2026-09-01
NAR_DRG0EWNZL,ACTIVE,HLX-41,HLX41; HLX 41,,Zinc transporter ZIP6 (SLC39A6),,,,"Shanghai Henlius Biotech, Inc; Shanghai Fosun Pharmaceutical (Group) Co., Ltd",Investigative,Investigative,REFERENCE_UNCLASSIFIED,REFERENCE_CONFIRMED,1,nar_reference,,2026-09-01
NAR_DRG0EWQKX,ACTIVE,Ozuriftamab vedotin,BA3021; Ba-3021; CAB Ror2-ADC; CAB-ADC; CAB-ROR2; CAB-ROR2-ADC; HTBA3021; Ozuriftamab vedotin,,Tyrosine-protein kinase transmembrane receptor ROR2 (ROR2),MMAE (monomethyl auristatin E),valine-citrulline cleavable linker (typical),Head and Neck Cancer; Metastatic Cancer; Metastatic Squamous Cell Carcinoma of the Head and Neck; Recurrent Squamous Cell Carcinoma of the Head and Neck; Squamous Cell Carcinoma of Head and Neck,"BioAtla, Inc; Kaibos (Shanghai) Biomedical Co., Ltd",Phase2,Phase 2,PRESUMED_ADC,MULTISOURCE_CONFIRMED,4,nar_reference; clinicaltrials; conference_abstract_corpus; conference_crossref_search,,2026-09-01
NAR_DRG0EWYVN,ACTIVE,ADCE-B05,,,,,,,,Phase1,Phase 1,PRESUMED_ADC,MULTISOURCE_CONFIRMED,2,nar_reference; clinicaltrials,NCT07362888,2026-09-01
NAR_DRG0EZVZS,ACTIVE,BYON-4413,BYON 4413; BYON-4413; BYON4413,,Interleukin-3 receptor subunit alpha (IL3RA),,,,Byondis BV,Phase1,Phase 1,PRESUMED_ADC,MULTISOURCE_CONFIRMED,4,nar_reference; clinicaltrials; conference_abstract_corpus; conference_crossref_search,,2026-09-01
NAR_DRG0EZYUP,ACTIVE,JAB-X1800,JABX1800; JAB X1800,,5'-nucleotidase (NT5E),,,,"Jacobio Pharmaceuticals Group Co., Ltd",Investigative,Investigative,REFERENCE_UNCLASSIFIED,REFERENCE_CONFIRMED,1,nar_reference,,2026-09-01
NAR_DRG0FAKKA,ACTIVE,AVP10,AVP 10; AVP-10; PV10-MMAF,,Tumor necrosis factor receptor superfamily member 8 (TNFRSF8),,,,Avipep Pty Ltd,Investigative,Investigative,REFERENCE_UNCLASSIFIED,REFERENCE_CONFIRMED,1,nar_reference,,2026-09-01
NAR_DRG0FBKIO,ACTIVE,ABBV-3373,ABBV 3373; ABBV-3373; ABBV3773; anti-TNF-GRM-antibody-drug-conjugate; glucocorticoid receptor modulator (GRM) linked to adalimumab,,Tumor necrosis factor receptor superfamily member 1A (TNFRSF1A),,,,"AbbVie, Inc",Phase2,Phase 2 (Terminated),PRESUMED_ADC,MULTISOURCE_CONFIRMED,2,nar_reference; europe_pmc,NCT03823391,2026-09-01
NAR_DRG0FBPCP,ACTIVE,TGW-101,TGW101; TGW 101,,Tumor-associated glycoprotein 72 (TAG-72),,,,Tagworks Pharmaceuticals BV,Investigative,Investigative,PRESUMED_ADC,MULTISOURCE_CONFIRMED,2,nar_reference; conference_abstract_corpus,,2026-09-01
NAR_DRG0FCYCB,ACTIVE,BMT-125961,BMT125961; BMT 125961,,Undisclosed,,,,Bristol Myers Squibb Co,Investigative,Investigative,REFERENCE_UNCLASSIFIED,REFERENCE_CONFIRMED,1,nar_reference,,2026-09-01
NAR_DRG0FGCQK,ACTIVE,RC-168,RC168; RC 168,,Undisclosed,,,,"RemeGen Co., Ltd",Investigative,Investigative,REFERENCE_UNCLASSIFIED,REFERENCE_CONFIRMED,1,nar_reference,,2026-09-01
NAR_DRG0FGJBT,ACTIVE,P38B-DM1,P38B DM1; P38B DBCO-HSA-DM-1,,Podoplanin (PDPN),,,,,Investigative,Investigative,REFERENCE_UNCLASSIFIED,REFERENCE_CONFIRMED,1,nar_reference,,2026-09-01
NAR_DRG0FGLFW,ACTIVE,ATG-022,ATG 022; ATG-022; ATG-022 ADC; ATG022,,Claudin-18.2 (CLDN18.2),,,,"Antengene Corporation Co., Ltd",Phase1,Phase 1,PRESUMED_ADC,MULTISOURCE_CONFIRMED,3,nar_reference; conference_abstract_corpus; conference_crossref_search,NCT05718895,2026-09-01
NAR_DRG0FIYMR,ACTIVE,NBT-568,NBT 568; NBT568,,Undisclosed,,,,NewBio Therapeutics,Investigative,Investigative,REFERENCE_UNCLASSIFIED,REFERENCE_CONFIRMED,1,nar_reference,,2026-09-01
NAR_DRG0FJYPL,ACTIVE,MP-EV-20,MP-EV20; MP EV 20,,Receptor tyrosine-protein kinase erbB-3 (HER3),,,,MediaPharma Srl,Investigative,Investigative,REFERENCE_UNCLASSIFIED,REFERENCE_CONFIRMED,1,nar_reference,,2026-09-01
NAR_DRG0FKHUJ,ACTIVE,MP-ENDOS-ADC,,,,,,,,Phase1,Phase 1,REFERENCE_UNCLASSIFIED,REFERENCE_CONFIRMED,1,nar_reference,,2026-09-01
NAR_DRG0FKQPI,ACTIVE,LM-001,LM-001 (LaNova Medicines); LM001; LM 001,,Undisclosed,,,,LaNova Medicines Ltd,Investigative,Investigative,REFERENCE_UNCLASSIFIED,REFERENCE_CONFIRMED,1,nar_reference,,2026-09-01
NAR_DRG0FKZGF,ACTIVE,XNW-27011,XNW 27011; XNW-27011; XNW27011,,Claudin-18.2 (CLDN18.2),,,,"Suzhou Sinovent Pharmaceuticals Co.,Ltd; Shanghai Sinovent Biopharmaceutical Co., Ltd",Phase2,Phase 1/2,PRESUMED_ADC,MULTISOURCE_CONFIRMED,2,nar_reference; conference_abstract_corpus,,2026-09-01
NAR_DRG0FLLMW,ACTIVE,Omalizumab-amanitin 3,Omalizumab Amanitin3,,High affinity immunoglobulin epsilon receptor subunit alpha (FCER1A),,,,Heidelberg Pharma AG,Investigative,Investigative,REFERENCE_UNCLASSIFIED,REFERENCE_CONFIRMED,1,nar_reference,,2026-09-01
NAR_DRG0FMCLF,ACTIVE,JSKN-003,JSKN 003; JSKN-003; JSKN003,,Receptor tyrosine-protein kinase erbB-2 (HER2 ECD2); Receptor tyrosine-protein kinase erbB-2 (HER2 ECD4),,,,Alphamab Oncology; Alphamab Australia Co. Pty Ltd,Phase3,Phase 3,PRESUMED_ADC,MULTISOURCE_CONFIRMED,4,nar_reference; conference_abstract_corpus; conference_crossref_search; europe_pmc,,2026-09-01
NAR_DRG0FOOJX,ACTIVE,LCB-71,,,,,,,,Phase1,Phase 1,REFERENCE_UNCLASSIFIED,REFERENCE_CONFIRMED,1,nar_reference,,2026-09-01
NAR_DRG0FPQOM,ACTIVE,XMT-1660,XMT 1660; XMT-1660; XMT1660,,V-set domain-containing T-cell activation inhibitor 1 (VTCN1),,,,"Mersana Therapeutics, Inc",Phase1,Phase 1,PRESUMED_ADC,MULTISOURCE_CONFIRMED,3,nar_reference; conference_abstract_corpus; europe_pmc,,2026-09-01
NAR_DRG0FQZSZ,ACTIVE,JSKN027,,,,,,,,Phase1,Phase 1,REFERENCE_UNCLASSIFIED,REFERENCE_CONFIRMED,1,nar_reference,NCT07391644,2026-09-01
NAR_DRG0FRFEQ,ACTIVE,TAA-013,Anti-HER2 ADC (TOT Biopharm); TAA 013; TAA-013; TAA013; Trastuzumab antibody drug conjugate (TOT Biopharm),,Receptor tyrosine-protein kinase erbB-2 (HER2),,,,Tot Biopharm Co. Ltd,Phase3,Phase 3 (Terminated),REFERENCE_UNCLASSIFIED,REFERENCE_CONFIRMED,1,nar_reference,,2026-09-01
NAR_DRG0FSHWJ,ACTIVE,Indusatumab vedotin,"GCC antibody drug conjugate; Indusatumab vedotin; MLN 0264; MLN-0264; MLN0264; TAK 264; TAK-264; TAK-264, MLN02 64; TAK264",,Guanylyl cyclase C (GUCY2C),,,,"Millennium Pharmaceuticals, Inc; Takeda Pharmaceutical Co., Ltd; Seagen Inc",Phase2,Phase 2 (Terminated),PRESUMED_ADC,MULTISOURCE_CONFIRMED,3,nar_reference; conference_abstract_corpus; europe_pmc,NCT01577758; NCT02202759; NCT02202785; NCT02391038,2026-09-01
NAR_DRG0FTDBR,ACTIVE,LCB-73,LCB73; LCB 73,,B-lymphocyte antigen CD19 (CD19),,,,"LegoChem Biosciences, Inc",Investigative,Investigative,REFERENCE_UNCLASSIFIED,REFERENCE_CONFIRMED,1,nar_reference,,2026-09-01
NAR_DRG0FUAVD,ACTIVE,BC5084,BC-50084; BC 50084,,Undisclosed,,,,"Wuxi Biocity Biopharmaceutics Co., Ltd",Investigative,Investigative,REFERENCE_UNCLASSIFIED,REFERENCE_CONFIRMED,1,nar_reference,,2026-09-01
NAR_DRG0FUFBP,ACTIVE,Camidanlumab tesirine,ADCT-301; Cami; Camidanlumab tesirine; HuMax-TAC-ADC,,Interleukin-2 receptor subunit alpha (IL2RA),a PBD (pyrrolobenzodiazepine) dimer,cleavable linker (typical),Hodgkin Lymphoma; Non-Hodgkin Lymphoma; Refractory Hodgkin Lymphoma; Relapsed Hodgkin Lymphoma,ADC Therapeutics SA,Phase2,Phase 2,PRESUMED_ADC,MULTISOURCE_CONFIRMED,5,nar_reference; clinicaltrials; conference_abstract_corpus; europe_pmc; pubmed,NCT02432235; NCT02588092,2026-09-01
NAR_DRG0FWMPN,ACTIVE,YL202,,,,,,,,Phase1,Phase 1,PRESUMED_ADC,MULTISOURCE_CONFIRMED,2,nar_reference; conference_abstract_corpus,,2026-09-01
NAR_DRG0FWSXF,ACTIVE,BG-C0979,,,,,,,,Phase1,Phase 1,REFERENCE_UNCLASSIFIED,REFERENCE_CONFIRMED,1,nar_reference,NCT07414836,2026-09-01
NAR_DRG0FWYLZ,ACTIVE,Zanidatamab zovodotin,ZW 49; ZW-49; ZW49; Zanidatamab zovodotin; anti-HER2 x HER2 ADC,,Receptor tyrosine-protein kinase erbB-2 (HER2 ECD2); Receptor tyrosine-protein kinase erbB-2 (HER2 ECD4),,,,"Zymeworks BC, Inc; BeiGene Ltd",Phase1,Phase 1 (Terminated),REFERENCE_UNCLASSIFIED,REFERENCE_CONFIRMED,1,nar_reference,,2026-09-01
NAR_DRG0FZFYY,ACTIVE,SMD-5033,SMD 5033; SMD5033,,Undisclosed,,,,Sirenas Marine Discovery LLC,Investigative,Investigative,REFERENCE_UNCLASSIFIED,REFERENCE_CONFIRMED,1,nar_reference,,2026-09-01
NAR_DRG0FZNCB,ACTIVE,HLX48,,,,,,,,Phase1,Phase 1,REFERENCE_UNCLASSIFIED,REFERENCE_CONFIRMED,1,nar_reference,NCT07473726,2026-09-01
NAR_DRG0GAYQK,ACTIVE,SBO-154,,,,,,,,Phase1,Phase 1,REFERENCE_UNCLASSIFIED,REFERENCE_CONFIRMED,1,nar_reference,NCT07042100,2026-09-01
NAR_DRG0GBXLR,ACTIVE,<sup>131</sup>I-ImmuRAIT-HCG,,,,,,,,Investigative,Investigative,REFERENCE_UNCLASSIFIED,REFERENCE_CONFIRMED,1,nar_reference,,2026-09-01
NAR_DRG0GCCJJ,ACTIVE,LM-302,BMS-986476; LM 302; LM-302; TPX-4589; TPX 4589; TPX4589,,Claudin-18.2 (CLDN18.2),,,,"LaNova Medicines Ltd; Turning Point Therapeutics, Inc",Phase3,Phase 3,REFERENCE_UNCLASSIFIED,REFERENCE_CONFIRMED,1,nar_reference,,2026-09-01
NAR_DRG0GCHQJ,ACTIVE,PF-08046033,,,,,,,,Phase1,Phase 1,REFERENCE_UNCLASSIFIED,REFERENCE_CONFIRMED,1,nar_reference,NCT07519655,2026-09-01
NAR_DRG0GCTYJ,ACTIVE,Cymac-001,Cymac001; Cymac 001; Anti-CD163-dexamethasone,,Scavenger receptor cysteine-rich type 1 protein M130 (CD163),,,,Affinicon ApS,Investigative,Investigative,REFERENCE_UNCLASSIFIED,REFERENCE_CONFIRMED,1,nar_reference,,2026-09-01
NAR_DRG0GDKSW,ACTIVE,TT-01,Mtt-01; TT01; TT 01; TT-01 (Topmunnity therapeutics),,Undisclosed,,,,Topmunnity Therapeutics,Investigative,Investigative,REFERENCE_UNCLASSIFIED,REFERENCE_CONFIRMED,1,nar_reference,,2026-09-01
NAR_DRG0GDLEY,ACTIVE,STI-6129,LNDS-1001; LNDS1001; STI 6129; STI-6129,,ADP-ribosyl cyclase/cyclic ADP-ribose hydrolase 1 (CD38),,,,"Sorrento Therapeutics, Inc; Zhejiang ACEA Pharmaceutical Co., Ltd",Phase2,Phase 1/2 (Terminated),PRESUMED_ADC,MULTISOURCE_CONFIRMED,3,nar_reference; clinicaltrials; conference_abstract_corpus,NCT04316442; NCT05308225; NCT05519527; NCT05565807; NCT05584709; NCT05692908,2026-09-01
NAR_DRG0GEOJG,ACTIVE,NBT-508,,,,,,,,Phase1,Phase 1,REFERENCE_UNCLASSIFIED,REFERENCE_CONFIRMED,1,nar_reference,,2026-09-01
NAR_DRG0GGFRA,ACTIVE,DpADC,Trop-2 dp-ADC; dp ADC,,Tumor-associated calcium signal transducer 2 (TROP2),,,,GeneQuantum Healthcare (Suzhou) Co. Ltd,Investigative,Investigative,REFERENCE_UNCLASSIFIED,REFERENCE_CONFIRMED,1,nar_reference,,2026-09-01
NAR_DRG0GGKEV,ACTIVE,NBE-002,BI-3702025; NBE 002; NBE-002; NBE-002; PNU-159682-anti-ROR1 antibody drug conjugate; huXBR1-402-PNU,,Inactive tyrosine-protein kinase transmembrane receptor ROR1 (ROR1),,,,NBE-Therapeutics AG,Phase2,Phase 1/2 (Terminated),PRESUMED_ADC,MULTISOURCE_CONFIRMED,4,nar_reference; clinicaltrials; conference_abstract_corpus; europe_pmc,,2026-09-01
NAR_DRG0GHMKS,ACTIVE,VLS-301,VLS 301; VLS301,,Undisclosed,,,,"VelosBio, Inc; Merck & Co., Inc",Investigative,Investigative,REFERENCE_UNCLASSIFIED,REFERENCE_CONFIRMED,1,nar_reference,,2026-09-01
NAR_DRG0GHMXV,ACTIVE,ARC-02,Anti-CD79b-MMAE ADC; Anti-CD79b-MMAE ADC (Araris Biotech); ARC 02; ARC02,,B-cell antigen receptor complex-associated protein beta chain (CD79B),,,,Araris Biotech AG,Investigative,Investigative,REFERENCE_UNCLASSIFIED,REFERENCE_CONFIRMED,1,nar_reference,,2026-09-01
NAR_DRG0GJXHJ,ACTIVE,HS-20122,,,,,,,,Phase1,Phase 1,REFERENCE_UNCLASSIFIED,REFERENCE_CONFIRMED,1,nar_reference,NCT06927570,2026-09-01
NAR_DRG0GKOZH,ACTIVE,Mirvetuximab soravtansine,IMGN853; M9346A-sulfo-SPDB-DM4; Anti-FOLR1 monoclonal antibody-maytansinoid conjugate; MIRV; HDM2002; IMGN-853; M9346-Asulfo-SPDB-DM4; M9346A-sSPDB-DM4; M9346A-sulfo-SPDB-DM4; Anti-FOLR1-monoclonal-antibody-maytansinoid-conjugate-IMGN-853; Mirvetuximab soravtansine-gynx,,Folate receptor alpha (FOLR1),DM4 (maytansinoid),SPDB-based cleavable linker (typical),"Advanced High-Grade Epithelial Ovarian Cancer; Anatomic Stage II Breast Cancer AJCC v8; Anatomic Stage IIA Breast Cancer AJCC v8; Anatomic Stage IIB Breast Cancer AJCC v8; Anatomic Stage III Breast Cancer AJCC v8; Anatomic Stage IIIA Breast Cancer AJCC v8; Anatomic Stage IIIB Breast Cancer AJCC v8; Anatomic Stage IIIC Breast Cancer AJCC v8; Anatomic Stage IV Breast Cancer AJCC v8; BRCA1 Gene Mutation; BRCA2 Gene Mutation; Breast Cancer Triple Negative; Endometrial Adenocarcinoma; Endometrial Cancer; Endometrial Clear Cell Adenocarcinoma; Endometrial Serous Adenocarcinoma; Epithelial Ovarian Cancer; Estrogen Receptor Negative; Fallopian Tube; Fallopian Tube Cancer; Fallopian Tube Cancers; Fallopian Tube Neoplasms; Folate Receptor Alpha Positive; Folate Receptor-Alpha Positive; HER2/Neu Negative; High Grade Ovarian Cancer; Neoadjuvant; Neoplasm Metastasis; Ovarian Cancer; Ovarian Neoplasms; Ovary Cancer; PROC; Peritoneal Cancer; Peritoneal Neoplasms; Platinum Resistant Ovarian Cancer; Primary Peritoneal Cancer; Primary Peritoneal Carcinoma; Progesterone Receptor Negative; Prognostic Stage II Breast Cancer AJCC v8; Prognostic Stage IIA Breast Cancer AJCC v8; Prognostic Stage IIB Breast Cancer AJCC v8; Prognostic Stage III Breast Cancer AJCC v8; Prognostic Stage IIIA Breast Cancer AJCC v8; Prognostic Stage IIIB Breast Cancer AJCC v8; Prognostic Stage IIIC Breast Cancer AJCC v8; Prognostic Stage IV Breast Cancer AJCC v8; Recurrent Breast Carcinoma; Recurrent Epithelial Ovarian, Fallopian or Peritoneal Carcinoma; Recurrent Fallopian Tube Carcinoma; Recurrent Ovarian Cancer; Recurrent Ovarian Carcinoma; Recurrent Primary Peritoneal Carcinoma; Recurrent Uterine Carcinosarcoma; Recurrent Uterine Corpus Carcinoma; Recurrent Uterine Serous Carcinoma; Triple-Negative Breast Carcinoma; Tumors","ImmunoGen, Inc; Hangzhou Zhongmeihuadong Pharmaceutical Co., Ltd",Approved,"Approved (FDA): Nov, 2022",STRICT_ADC,MULTISOURCE_CONFIRMED,3,nar_reference; configs/known_adc_assets.yaml; clinicaltrials,NCT02606305; NCT02631876; NCT04296890,2026-09-01
NAR_DRG0GMNXB,ACTIVE,WTX-231,WTX 231; WTX231,,Undisclosed,,,,"Westlake Therapeutics (Hangzhou) Co., Ltd",Investigative,Investigative,REFERENCE_UNCLASSIFIED,REFERENCE_CONFIRMED,1,nar_reference,,2026-09-01
NAR_DRG0GMWTW,ACTIVE,BL-M24D1,,,,,,,,Phase1,Phase 1,REFERENCE_UNCLASSIFIED,REFERENCE_CONFIRMED,1,nar_reference,NCT07232420; NCT07232524; NCT07255898; NCT07279428,2026-09-01
NAR_DRG0GNFMC,ACTIVE,LMB-7,B3 (Fv) PE 38; LMB 7; LMB-7; LMB7; NSC 658931,,Poly [ADP-ribose] polymerase 1 (PARP1),,,,National Cancer Institute,Phase1,Phase 1 (Terminated),REFERENCE_UNCLASSIFIED,REFERENCE_CONFIRMED,1,nar_reference,NCT00003020,2026-09-01
NAR_DRG0GONLK,ACTIVE,MRX-23,MRX 23; MRX23,,Undisclosed,,,,"Shanghai MicuRx Pharmaceutical Co., Ltd",Investigative,Investigative,REFERENCE_UNCLASSIFIED,REFERENCE_CONFIRMED,1,nar_reference,,2026-09-01
NAR_DRG0GQWJI,ACTIVE,M7437,,,,,,,,Phase1,Phase 1,PRESUMED_ADC,MULTISOURCE_CONFIRMED,3,nar_reference; clinicaltrials; conference_abstract_corpus,NCT07311603; NCT07360314,2026-09-01
NAR_DRG0GWFGY,ACTIVE,Obexelimab-amanitin,Obexelimab amanitin,,B-lymphocyte antigen CD19 (CD19),,,,"LegoChem Biosciences, Inc",Investigative,Investigative,REFERENCE_UNCLASSIFIED,REFERENCE_CONFIRMED,1,nar_reference,,2026-09-01
NAR_DRG0GXGXB,ACTIVE,GenSci139,,,,,,,,Phase1,Phase 1,REFERENCE_UNCLASSIFIED,REFERENCE_CONFIRMED,1,nar_reference,NCT07230977,2026-09-01
NAR_DRG0GYCJG,ACTIVE,XB-002,ICON-2; XB 002; XB- 002; XB-002; XB002; XB002 Tissue Factor ADC,,Tissue factor (F3),,,,"Iconic Therapeutics, Inc; Exelixis, Inc; Exelis, Inc",Phase1,Phase 1 (Terminated),PRESUMED_ADC,MULTISOURCE_CONFIRMED,3,nar_reference; conference_crossref_search; europe_pmc,,2026-09-01
NAR_DRG0GYGUI,ACTIVE,FDA022-BB05,,,,,,,,Phase1,Phase 1,PRESUMED_ADC,MULTISOURCE_CONFIRMED,2,nar_reference; europe_pmc,,2026-09-01
NAR_DRG0GYMEE,ACTIVE,ESG406,,,,,,,,Phase1,Phase 1,REFERENCE_UNCLASSIFIED,REFERENCE_CONFIRMED,1,nar_reference,NCT06979674,2026-09-01
NAR_DRG0GYNBS,ACTIVE,XMT-1522,"TAK 522; TAK-522; TAK522; XMT 1522; XMT-1522; XMT-1522, TAK-522; XMT1522",,Receptor tyrosine-protein kinase erbB-2 (HER2),,,,"Mersana Therapeutics, Inc; Adimab LLC; Takeda Pharmaceutical Co., Ltd",Phase1,Phase 1 (Terminated),PRESUMED_ADC,MULTISOURCE_CONFIRMED,5,nar_reference; clinicaltrials; conference_abstract_corpus; europe_pmc; pubmed,,2026-09-01
NAR_DRG0GZGHN,ACTIVE,SAR-566658,Anti-CA6-DM4-immunoconjugate-SAR566658; Anti-CA6-antibody-drug-conjugate; HuDS6-DM4; SAR 566658; SAR-566658; SAR56 6658; SAR566658; huDS6-DM4,,Carbonic anhydrase 6 (CA6),,,,"Sanofi; ImmunoGen, Inc",Phase2,Phase 2 (Terminated),REFERENCE_UNCLASSIFIED,REFERENCE_CONFIRMED,1,nar_reference,NCT01156870; NCT02984683,2026-09-01
NAR_DRG0GZPSF,ACTIVE,JY-023,JY 023; JY023,,Undisclosed,,,,"Beijing Eastern Biotech Co., Ltd",Investigative,Investigative,REFERENCE_UNCLASSIFIED,REFERENCE_CONFIRMED,1,nar_reference,,2026-09-01
NAR_DRG0HBGGX,ACTIVE,LNL-008,LNL008; LNL 008,,Claudin-18.2 (CLDN18.2),,,,"L&L Biopharma Co., LTD",Investigative,Investigative,REFERENCE_UNCLASSIFIED,REFERENCE_CONFIRMED,1,nar_reference,,2026-09-01
NAR_DRG0HCDAC,ACTIVE,ATRC-301,ATRC301; ATRC 301,,Ephrin type-A receptor 2 (EPHA2),,,,"Atreca, Inc",Investigative,Investigative,REFERENCE_UNCLASSIFIED,REFERENCE_CONFIRMED,1,nar_reference,,2026-09-01
NAR_DRG0HDUGB,ACTIVE,BAT-8010,,,,,,,,Phase1,Phase 1,PRESUMED_ADC,MULTISOURCE_CONFIRMED,2,nar_reference; conference_abstract_corpus,,2026-09-01
NAR_DRG0HEAGN,ACTIVE,DB-1202,DB 1202; DB-1202; DB1202,,Undisclosed,,,,Duality Biologics,Phase2,Phase 1/2,REFERENCE_UNCLASSIFIED,REFERENCE_CONFIRMED,1,nar_reference,NCT05785728,2026-09-01
NAR_DRG0HEJWD,ACTIVE,SC-011,,,,,,,,Phase1,Phase 1,REFERENCE_UNCLASSIFIED,REFERENCE_CONFIRMED,1,nar_reference,,2026-09-01
NAR_DRG0HGHXE,ACTIVE,MHB088C,,,,,,,,Phase2,Phase 2,PRESUMED_ADC,MULTISOURCE_CONFIRMED,2,nar_reference; conference_abstract_corpus,,2026-09-01
NAR_DRG0HHXRF,ACTIVE,AR081,AR 081; AR081,,Undisclosed,,,,"YBiologics, Inc",Investigative,Investigative,REFERENCE_UNCLASSIFIED,REFERENCE_CONFIRMED,1,nar_reference,,2026-09-01
NAR_DRG0HKEBI,ACTIVE,ANT-045,ANT045; ANT 045,,Insulin-like growth factor 1 receptor (IGF1R),,,,Antikor Biopharma Ltd,Investigative,Investigative,REFERENCE_UNCLASSIFIED,REFERENCE_CONFIRMED,1,nar_reference,,2026-09-01
NAR_DRG0HMQMZ,ACTIVE,KTN0182A,KTN-0182A; KTN 0182A,,Mast/stem cell growth factor receptor Kit (KIT),,,,"Kolltan Pharmaceuticals, Inc; Celldex Therapeutics, Inc",Investigative,Investigative,REFERENCE_UNCLASSIFIED,REFERENCE_CONFIRMED,1,nar_reference,,2026-09-01
NAR_DRG0HOBUN,ACTIVE,OMTX-705,MTX5-CYT; OMTX 705; OMTX-705; OMTX705,,Prolyl endopeptidase FAP (FAP),,,,"Oncomatryx Biopharma SL; Inxmed (Nanjing) Co., Ltd; InxMed (Hong Kong) Limited",Phase1,Phase 1,PRESUMED_ADC,MULTISOURCE_CONFIRMED,5,nar_reference; clinicaltrials; conference_abstract_corpus; conference_crossref_search; europe_pmc,,2026-09-01
NAR_DRG0HPEHO,ACTIVE,BL-B029A1,BL-B029; BLB029; BL B029,,Undisclosed,,,,"Systimmune, Inc; Sichuan Baili Pharmaceutical Co., Ltd",Investigative,Investigative,REFERENCE_UNCLASSIFIED,REFERENCE_CONFIRMED,1,nar_reference,,2026-09-01
NAR_DRG0HPUIL,ACTIVE,Farletuzumab ecteribulin,ER-001159569; Eribulin/farletuzumab antibody drug conjugate; Farletuzumab ecteribulin; Farletuzumab/eribulin ADC; MORAb 202; MORAb-202; VCP-Eribulin,,Folate receptor alpha (FOLR1),,,,"Eisai Co., Ltd; Bristol Myers Squibb Co",Phase2,Phase 1/2,PRESUMED_ADC,MULTISOURCE_CONFIRMED,4,nar_reference; clinicaltrials; conference_abstract_corpus; europe_pmc,,2026-09-01
NAR_DRG0HQVXQ,ACTIVE,TORL-3-600,TORL-3-600; TORL-3-600 ADC; TORL-3-600-ADC,,Cadherin-17 (CDH17),,,,"TORL Biotherapeutics LLC; Translational Research In Oncology US, Inc",Phase1,Phase 1,REFERENCE_UNCLASSIFIED,REFERENCE_CONFIRMED,1,nar_reference,,2026-09-01
NAR_DRG0HTJXN,ACTIVE,TQB2103,TQB 2103; TQB-2103; TQB2103,,Claudin-18.2 (CLDN18.2),,,,"Nanjing Shunxin Pharmaceutical Co., Ltd; Sino Biopharmaceutical Ltd",Phase1,Phase 1,PRESUMED_ADC,MULTISOURCE_CONFIRMED,2,nar_reference; conference_abstract_corpus,,2026-09-01
NAR_DRG0HVSBG,ACTIVE,BDC-1001,BDC 1001; BDC-1001; Boltbody ISAC BDC-1001,,Receptor tyrosine-protein kinase erbB-2 (HER2),,,,"Bolt Biotherapeutics, Inc",Phase2,Phase 2 (Terminated),REFERENCE_UNCLASSIFIED,REFERENCE_CONFIRMED,1,nar_reference,NCT04278144,2026-09-01
NAR_DRG0HWAWD,ACTIVE,Zapadcine-1,Zapadcine 1; DR5 mAb-Py-VC-PAB-MMAD,,Tumor necrosis factor receptor superfamily member 10B (TNFRSF10B),,,,,Investigative,Investigative,REFERENCE_UNCLASSIFIED,REFERENCE_CONFIRMED,1,nar_reference,,2026-09-01
NAR_DRG0HWLAE,ACTIVE,T320-ADC,,,,,,,,Phase1,Phase 1,REFERENCE_UNCLASSIFIED,REFERENCE_CONFIRMED,1,nar_reference,,2026-09-01
NAR_DRG0HXUZU,ACTIVE,MBK-101,MBK 101; MBK101,,Undisclosed,,,,Mablink Bioscience,Investigative,Investigative,REFERENCE_UNCLASSIFIED,REFERENCE_CONFIRMED,1,nar_reference,,2026-09-01
NAR_DRG0HYRZD,ACTIVE,BAY-1862864,BAY 1862864; BAY-1862864; BAY1862864; CD22-Thorium-conjugate; Epratuzumab Th-227 conjugate; epratuzumab-227Th-conjugate; epratuzumab-Th227-conjugate,,B-cell receptor CD22 (CD22),,,,Bayer AG,Phase1,Phase 1 (Terminated),REFERENCE_UNCLASSIFIED,REFERENCE_CONFIRMED,1,nar_reference,,2026-09-01
NAR_DRG0IBMMG,ACTIVE,IOG-101,Fusion proteins (ioGenetics); IOG101; IOG 101,,Undisclosed,,,,Iogenetics LLC,Investigative,Investigative,REFERENCE_UNCLASSIFIED,REFERENCE_CONFIRMED,1,nar_reference,,2026-09-01
NAR_DRG0ICCWP,ACTIVE,Elatatug vedotin,,,,,,,,Phase1,Phase 1,REFERENCE_UNCLASSIFIED,REFERENCE_CONFIRMED,1,nar_reference,NCT05156866,2026-09-01
NAR_DRG0ICRYT,ACTIVE,Oportuzumab monatox,4D5MOCB-ETA; Anti-ECAM exotoxin A fusion protein; B-4845; Oportuzumab monatox; Proxinium; VB-4847; VB-845; VB4-845; Vicineum; Vicinium; Vysyneum; oportuzumab monatox-qqrs,,Epithelial cell adhesion molecule (EPCAM),,,,"Sesen Bio; Qilu Pharmaceutical Co., Ltd; Baxter Oncology GmbH; Viventia Bio, Inc",Phase3,Phase 3,REFERENCE_UNCLASSIFIED,REFERENCE_CONFIRMED,1,nar_reference,NCT00462488,2026-09-01
NAR_DRG0ICSRW,ACTIVE,CHB-111,,,,,,,,Phase1,Phase 1,REFERENCE_UNCLASSIFIED,REFERENCE_CONFIRMED,1,nar_reference,,2026-09-01
NAR_DRG0IDOUS,ACTIVE,MK-6204,,,,,,,,Phase1,Phase 1,REFERENCE_UNCLASSIFIED,REFERENCE_CONFIRMED,1,nar_reference,NCT06726369,2026-09-01
NAR_DRG0IDRYV,ACTIVE,LCB-67,Anti-DLK1 ADC; MMAE-anti-DLK1; PYX 202; DLK1-MMAE; LCB67; LCB 67; PAY-202; PAY202,,Protein delta homolog 1 (DLK1),,,,"LegoChem Biosciences, Inc",Investigative,Investigative,REFERENCE_UNCLASSIFIED,REFERENCE_CONFIRMED,1,nar_reference,,2026-09-01
NAR_DRG0IITIR,ACTIVE,EX107,EX 107; EX-107,,T-cell surface glycoprotein CD3 delta chain (CD3D); Programmed cell death protein 1 (PDCD1),,,,Excelmab Inc,Investigative,Investigative,REFERENCE_UNCLASSIFIED,REFERENCE_CONFIRMED,1,nar_reference,,2026-09-01
NAR_DRG0IJSIT,ACTIVE,MG2106E,MG2106E (Shanghai MabGen Biotech); MG-2106E; MG 2106E,,Undisclosed,,,,Shanghai MabGen Biotech Ltd; Shanghai Meijing Science & Technology Co. Ltd,Investigative,Investigative,REFERENCE_UNCLASSIFIED,REFERENCE_CONFIRMED,1,nar_reference,,2026-09-01
NAR_DRG0IMAKZ,ACTIVE,Mecbotamab vedotin,BA 3011; BA3011; CAB-AXL-ADC; CAB-Axl antibody-drug conjugates; HTBA-3011; HTBA3011; Mecbotamab Vedotin; Mecbotamab vedotin,,Tyrosine-protein kinase receptor UFO (AXL),,,,"BioAtla, Inc",Phase2,Phase 1/2,PRESUMED_ADC,MULTISOURCE_CONFIRMED,2,nar_reference; conference_abstract_corpus,NCT03425279; NCT04681131,2026-09-01
NAR_DRG0INCQV,ACTIVE,DXC-003,DXC003; DXC 003,,Tumor-associated calcium signal transducer 2 (TROP2),,,,"Hangzhou DAC Biotech Co., Ltd",Investigative,Investigative,REFERENCE_UNCLASSIFIED,REFERENCE_CONFIRMED,1,nar_reference,,2026-09-01
NAR_DRG0INYKO,ACTIVE,BCMA-077,BCMA 077; BCMA077,,Tumor necrosis factor receptor superfamily member 17 (TNFRSF17),,,,"Sorrento Therapeutics, Inc",Investigative,Investigative,REFERENCE_UNCLASSIFIED,REFERENCE_CONFIRMED,1,nar_reference,,2026-09-01
NAR_DRG0IOMGE,ACTIVE,JNJ-89862175,,,,,,,,Phase1,Phase 1,REFERENCE_UNCLASSIFIED,REFERENCE_CONFIRMED,1,nar_reference,NCT07223125,2026-09-01
NAR_DRG0IOSTB,ACTIVE,PLB-002,,,,,,,,Phase1,Phase 1,PRESUMED_ADC,MULTISOURCE_CONFIRMED,2,nar_reference; clinicaltrials,NCT07304128,2026-09-01
NAR_DRG0IPCHO,ACTIVE,TAK-164,TAK 164; TAK-164; TAK164,,Guanylyl cyclase C (GUCY2C),,,,"ImmunoGen, Inc; Takeda Pharmaceutical Co., Ltd",Phase1,Phase 1 (Terminated),PRESUMED_ADC,MULTISOURCE_CONFIRMED,4,nar_reference; clinicaltrials; conference_abstract_corpus; europe_pmc,NCT03449030,2026-09-01
NAR_DRG0IQKOR,ACTIVE,CON-4619,Aurixim; CON-4619; Rituximab conjugate (BioIntegrator LLC),,B-lymphocyte antigen CD20 (MS4A1),,,,BioIntegrator LLC,Phase1,Phase 1 (Terminated),REFERENCE_UNCLASSIFIED,REFERENCE_CONFIRMED,1,nar_reference,NCT03057418,2026-09-01
NAR_DRG0IQNVH,ACTIVE,PRO-1102,PRO 1102; PRO1102,,Receptor tyrosine-protein kinase erbB-2 (HER2),,,,"ProfoundBio (Suzhou) Co., Ltd",Investigative,Investigative,PRESUMED_ADC,MULTISOURCE_CONFIRMED,2,nar_reference; conference_abstract_corpus,,2026-09-01
NAR_DRG0IRZIB,ACTIVE,Glembatumumab vedotin,,,,MMAE (monomethyl auristatin E),valine-citrulline cleavable linker (typical),Advanced Malignant Solid Neoplasm; Estrogen Receptor Negative; GPNMB Positive; HER2/Neu Negative; Melanoma; Metastatic Malignant Solid Neoplasm; Metastatic Melanoma; Progesterone Receptor Negative; Recurrent Osteosarcoma; Recurrent Uveal Melanoma; Stage III Breast Cancer AJCC v7; Stage III Cutaneous Melanoma AJCC v7; Stage III Uveal Melanoma AJCC v7; Stage IIIA Cutaneous Melanoma AJCC v7; Stage IIIB Cutaneous Melanoma AJCC v7; Stage IIIC Cutaneous Melanoma AJCC v7; Stage IV Breast Cancer AJCC v6 and v7; Stage IV Cutaneous Melanoma AJCC v6 and v7; Stage IV Uveal Melanoma AJCC v7; Triple Negative Breast Cancer; Triple-Negative Breast Carcinoma; Unresectable Solid Neoplasm,,Phase2,Phase 2,PRESUMED_ADC,MULTISOURCE_CONFIRMED,4,nar_reference; clinicaltrials; conference_abstract_corpus; europe_pmc,,2026-09-01
NAR_DRG0IRZPG,ACTIVE,AB-160,AB 160; AB-160; AB160; nab-paclitaxel/bevacizumab complex,,Vascular endothelial growth factor A (VEGFA),,,,Mayo Clinic,Phase1,Phase 1,REFERENCE_UNCLASSIFIED,REFERENCE_CONFIRMED,1,nar_reference,,2026-09-01
NAR_DRG0ISFPP,ACTIVE,Anti-B7-2-gelonin immunotoxin,AntiB72 monoclonal antibodygelonin immunotoxin conjugate; B72 targeted immunotoxin,,T-lymphocyte activation antigen CD86 (CD86),,,,Bologna University,Investigative,Investigative,REFERENCE_UNCLASSIFIED,REFERENCE_CONFIRMED,1,nar_reference,,2026-09-01
NAR_DRG0ITBMZ,ACTIVE,HD-101,Amanitin-CD269 antibody drug conjugate; CD269-ATAC; anti-CD269-30.1699; anti-CD269-30.2115; anti-CD269-Thiomab-30.1699; anti-CD269-Thiomab-30.2115,,Tumor necrosis factor receptor superfamily member 17 (TNFRSF17),,,,Heidelberg Pharma AG,Investigative,Investigative,REFERENCE_UNCLASSIFIED,REFERENCE_CONFIRMED,1,nar_reference,,2026-09-01
NAR_DRG0IUXVP,ACTIVE,ABBV-324,,,,,,,,Phase1,Phase 1,REFERENCE_UNCLASSIFIED,REFERENCE_CONFIRMED,1,nar_reference,NCT06858813,2026-09-01
NAR_DRG0IVDIV,ACTIVE,TQB2102,TQB 2102; TQB-2102; TQB2102,,Receptor tyrosine-protein kinase erbB-2 (HER2 ECD2); Receptor tyrosine-protein kinase erbB-2 (HER2 ECD4),,,,"Nanjing Shunxin Pharmaceutical Co., Ltd; Sino Biopharmaceutical Ltd",Phase2,Phase 2,PRESUMED_ADC,MULTISOURCE_CONFIRMED,3,nar_reference; conference_abstract_corpus; europe_pmc,NCT05735496,2026-09-01
NAR_DRG0IWQWQ,ACTIVE,DXC-014,,,,,,,,Phase1,Phase 1,PRESUMED_ADC,MULTISOURCE_CONFIRMED,2,nar_reference; conference_abstract_corpus,NCT07177937,2026-09-01
NAR_DRG0IYBRT,ACTIVE,ADCT-602,ADCT-602; Epratuzumab-cys-SG3249; Epratuzumab-cys-tesirine; hLL2-cys-PBD; hLL2-cys-SG3249,,B-cell receptor CD22 (CD22),,,,ADC Therapeutics SA,Phase2,Phase 1/2,PRESUMED_ADC,MULTISOURCE_CONFIRMED,3,nar_reference; conference_crossref_search; europe_pmc,NCT03698552,2026-09-01
NAR_DRG0JBKMD,ACTIVE,Labetuzumab govitecan,"Anti-CEA monoclonal antibody; Anti-carcinoembryonic antigen monoclonal antibody; HMN-14-SN38; IMMU-130; IMMU-130, hMN14-SN38; Labetuzumab govitecan; Labetuzumab-SN38 conjugate; SN38-labetuzumab conjugate; anti-CEACAM5-SN38; hMN-14-SN38 antibody-drug conjugate",,Carcinoembryonic antigen-related cell adhesion molecule 5 (CEACAM5),"SN-38 (topoisomerase-1 inhibitor, irinotecan metabolite)",cleavable CL2A linker (typical),Colon Cancer; Metastatic Colorectal Cancer; Rectal Cancer,"Immunomedics, Inc; IBC Pharmaceuticals, Inc; Gilead Sciences, Inc",Phase2,Phase 2 (Terminated),PRESUMED_ADC,MULTISOURCE_CONFIRMED,3,nar_reference; clinicaltrials; conference_abstract_corpus,NCT01605318,2026-09-01
NAR_DRG0JCGJZ,ACTIVE,ABBV-291,,,,,,,,Phase1,Phase 1,PRESUMED_ADC,MULTISOURCE_CONFIRMED,2,nar_reference; conference_abstract_corpus,NCT06667687,2026-09-01
NAR_DRG0JCWGF,ACTIVE,TRPH-222,CAT-02-106; CD22 ADC; CD22 antibody drug conjugate; CD22-4AP; TRPH 222; TRPH-222; TRPH222,,B-cell receptor CD22 (CD22),,,,"Catalent, Inc; Triphase Accelerator Corp; Triphase Research and Development III Corp",Phase1,Phase 1 (Terminated),PRESUMED_ADC,MULTISOURCE_CONFIRMED,3,nar_reference; clinicaltrials; conference_abstract_corpus,NCT03682796,2026-09-01
NAR_DRG0JDDLS,ACTIVE,GF-2014,GF 2014; GF2014,,Undisclosed,,,,"GenFleet Therapeutics (Shanghai) Co., Ltd",Investigative,Investigative,REFERENCE_UNCLASSIFIED,REFERENCE_CONFIRMED,1,nar_reference,,2026-09-01
NAR_DRG0JEJPW,ACTIVE,YH-013,YH 013; YH013,,Epidermal growth factor receptor (EGFR); Hepatocyte growth factor receptor (MET),,,,"Biocytogen Pharmaceuticals (Beijing) Co., Ltd; Eucure (Beijing) Biopharma Co., Ltd",Investigative,Investigative,PRESUMED_ADC,MULTISOURCE_CONFIRMED,2,nar_reference; conference_abstract_corpus,,2026-09-01
NAR_DRG0JEUPG,ACTIVE,Sacituzumab-Deruxtecan,WO2022068878A1,,Tumor-associated calcium signal transducer 2 (TROP2),,,,Duality Biologics,Investigative,Investigative,REFERENCE_UNCLASSIFIED,REFERENCE_CONFIRMED,1,nar_reference,,2026-09-01
NAR_DRG0JEVIM,ACTIVE,Disitamab vedotin,RC48; RC 48-ADC; RC-48; RC-48-ADC; RC48-ADC; Aidixi; Recombinant Humanized anti-HER2 Monoclonal Antibody-MMAE Conjugate,,Receptor tyrosine-protein kinase erbB-2 (HER2),MMAE (monomethyl auristatin E),valine-citrulline cleavable linker (typical),"Advanced Breast Cancer; Advanced Cancer; Advanced Gastric Cancer; Advanced Gastroesophageal Adenocarcinoma; Advanced Gastroesophageal Junction Adenocarcinoma; Advanced Melanoma; Advanced Solid Tumor; Advanced Solid Tumors; Advanced Urothelial Carcinoma; Antibody-drug Conjugates; Bile Duct Adenocarcinoma Non-Resectable; Biliary Carcinoma; Biliary Tract Cancer; Bladder (Urothelial, Transitional Cell) Cancer; Bladder Cancer; Bladder Urothelial Carcinoma; Breast Cancer; Breast Diseases; Breast Neoplasms; CDK12 Gene Mutation; Capecitabine; Carcinoma; Carcinoma, Non-Small-Cell Lung; Castration-resistant Prostate Cancer; Cervical Cancer; Colo-rectal Cancer; Colorectal Cancer; Colorectal Neoplasms; Disitamab Vedotin; ERBB2 Gene Duplication; ERBB2 Mutation-Related Tumors; Endometrial Neoplasms; Extramammary Paget Disease; First-line Treatment; GC/GEJC; Gastric Cancer; Gastric Cancer/Gastroesophageal Junction Adenocarcinoma; Gastric Carcinoma; Gastroesophageal Junction Adenocarcinoma; Gynecological Malignancy; HER-2 Protein Overexpression; HER2; HER2 + Breast Cancer; HER2 Expression; HER2 Gene Mutation; HER2 Low Breast Neoplasms; HER2 Overexpressing Gastric Carcinoma; HER2 Positive Breast Carcinoma; HER2 Positive Breast Neoplasms; HER2+ Breast Cancer; HER2-Positive Solid Tumors; HER2-expressing; HER2-expressing High-risk or Very High-risk NMIBC Without Visible Foci of Disease After TURBT; HER2-low Breast Cancer; HER2-low-expressing Gastric Cancer; HER2-positive; HER2-positive Advanced Breast With Liver Metastases; HER2-positive Advanced Gastric Cancer or Gastroesophageal Junction Adenocarcinoma; HER2-positive Breast Cancer; HER2-positive Gastric Cancer; HER2-positive Gastroesophageal Junction Adenocarcinoma; HER2-positive Metastatic Breast Cancer; HR Positive/HER2 Low Expression Metastatic Breast Cancer; Head and Neck Neoplasms; Her2 Overexpressing High-Risk Non-Muscle Invasive Bladder Urothelial Carcinoma; High-risk Non-muscle Invasive Bladder Cancer; Immune Checkpoint Inhibitors; Immunotherapy; Lenvatinib; Lung Cancer; Lung Cancer (Non-Small Cell); MIBC; Mammary or Extramammary Paget's Disease; Melanoma, Stage II; Metastatic Breast Cancer; Metastatic Breast Cancer ( HER2 Negative); Metastatic Castration-resistant Prostate Cancer; Metastatic Gastric Cancer; Metastatic HER2 Positive Gastroesophageal Junction Cancer; Muscle Invasive Bladder Cancer; Muscle Invasive Bladder Cancer (MIBC); Muscle Invasive Bladder Carcinoma; Muscle-Invasive Bladder Carcinoma; Muscle-invasive Bladder Cancer; Muscle-invasive Bladder Urothelial Carcinoma; NMIBC; Neoadjuvant Immunotherapy; Neoadjuvant Therapy; Neoadjuvant Treatment of Her2-positive Muscle-invasive Bladder Cance; Non Small Cell Lung Cancer; Non-Muscle Invasive Bladder Cancer; Non-Muscle-Invasive Bladder Cancer (NMIBC); Non-muscle Invasive Bladder Cancer; Non-small Cell Lung Cancer; Ovarian Cancer Recurrent; Ovarian Neoplasms; Ovary Cancer; PD-1; Paget Disease, Extramammary; Pancreas Cancer, Duct Cell Adenocarcinoma; Pancreatic Cancer; Precision Therapy; Probiotics; Prostate Cancer; Prostate Cancer Castration-resistant Prostate Cancer; Radical Cystectomy; Radiotherapy; Rectal Cancer; Recurrent Cervical Cancer; Salivary Gland Carcinoma; Salivary Gland Tumors; Scrotum Disease; Sebaceous Gland Carcinoma; Solid Tumor; Solid Tumors; Stomach Neoplasms; Triple Negative Breast Neoplasms; UTUC; Unresectable Gastric Carcinoma; Upper Tract Urothelial Carcinoma; Upper Urinary Tract Urothelial Carcinoma; Urinary Bladder Neoplasms; Urothelial Carcinoma; Uterine Cervical Neoplasms; ctDNA; mCRPC","RemeGen Co., Ltd; RemeGen Co., Ltd; Merck Sharp & Dohme LLC",Approved,"Approved (FDA): Jun, 2021",STRICT_ADC,MULTISOURCE_CONFIRMED,3,nar_reference; configs/known_adc_assets.yaml; clinicaltrials,NCT02881190; NCT03556345; NCT04264936; NCT04714190,2026-09-01
NAR_DRG0JFYCH,ACTIVE,KK2845,,,,,,,,Phase1,Phase 1,PRESUMED_ADC,MULTISOURCE_CONFIRMED,2,nar_reference; europe_pmc,NCT06812104,2026-09-01
NAR_DRG0JGJDN,ACTIVE,HBM9033,HBM 9033; HBM-9033; HBM9033; PF-08052666; PF 08052666; PF08052666; SGN-MesoC2,,Mesothelin (MSLN),,,,Harbour Biomed Therapeutics Ltd,Phase1,Phase 1,REFERENCE_UNCLASSIFIED,REFERENCE_CONFIRMED,1,nar_reference,,2026-09-01
NAR_DRG0JJEUT,ACTIVE,Aprutumab ixadotin,Aprutumab ixadotin; BAY 1187982; BAY-1187982; BAY1187982; FGFR2-ADC,,Fibroblast growth factor receptor 2 (FGFR2),,,,Bayer AG,Phase1,Phase 1 (Terminated),PRESUMED_ADC,MULTISOURCE_CONFIRMED,2,nar_reference; clinicaltrials,NCT02368951,2026-09-01
NAR_DRG0JJONS,ACTIVE,HS-20124,,,,,,,,Phase1,Phase 1,REFERENCE_UNCLASSIFIED,REFERENCE_CONFIRMED,1,nar_reference,NCT06763159,2026-09-01
NAR_DRG0JKQOU,ACTIVE,HB0052,HB 0052; HB-0052,,5'-nucleotidase (NT5E),,,,"Huabo Biopharm Co., Ltd",Investigative,Investigative,REFERENCE_UNCLASSIFIED,REFERENCE_CONFIRMED,1,nar_reference,,2026-09-01
NAR_DRG0JLDZY,ACTIVE,SIBP-A13,SIBP A13; SIBPA13,,Receptor tyrosine-protein kinase erbB-3 (HER3),,,,Sino Biopharmaceutical Ltd,Investigative,Investigative,REFERENCE_UNCLASSIFIED,REFERENCE_CONFIRMED,1,nar_reference,,2026-09-01
NAR_DRG0JLIZJ,ACTIVE,CD38 ADC,,,,,,,,Phase1,Phase 1,REFERENCE_UNCLASSIFIED,REFERENCE_CONFIRMED,1,nar_reference,,2026-09-01
NAR_DRG0JMVCQ,ACTIVE,ONC-784,ONC 784; ONC784,,Signal transducer CD24 (CD24),,,,Oncoc4 Inc; Oncoimmune-Guangzhou,Investigative,Investigative,REFERENCE_UNCLASSIFIED,REFERENCE_CONFIRMED,1,nar_reference,,2026-09-01
NAR_DRG0JMXQX,ACTIVE,HDM2012,,,,,,,,Phase1,Phase 1,PRESUMED_ADC,MULTISOURCE_CONFIRMED,2,nar_reference; conference_abstract_corpus,NCT07100249,2026-09-01
NAR_DRG0JNCVK,ACTIVE,YL217,,,,,,,,Phase1,Phase 1,REFERENCE_UNCLASSIFIED,REFERENCE_CONFIRMED,1,nar_reference,NCT06859762,2026-09-01
NAR_DRG0JNMAT,ACTIVE,SIBP-A17,,,,,,,,Phase1,Phase 1,REFERENCE_UNCLASSIFIED,REFERENCE_CONFIRMED,1,nar_reference,NCT06512116,2026-09-01
NAR_DRG0JNXDB,ACTIVE,XMT-1592,XMT 1592; XMT1592; XMT-1592,,Sodium-dependent phosphate transport protein 2B (SLC34A2),,,,"Mersana Therapeutics, Inc",Phase1,Phase 1 (Terminated),PRESUMED_ADC,MULTISOURCE_CONFIRMED,2,nar_reference; conference_abstract_corpus,NCT04396340,2026-09-01
NAR_DRG0JNZLF,ACTIVE,PCA-062,"NOV-10; PCA 062; PCA-062; PCA-pCAD; PCA06 2, NOV-10; PCA062",,Cadherin-3 (CDH3),,,,MorphoSys AG; Novartis AG,Phase1,Phase 1 (Terminated),PRESUMED_ADC,MULTISOURCE_CONFIRMED,3,nar_reference; conference_abstract_corpus; europe_pmc,NCT02375958,2026-09-01
NAR_DRG0JOHND,ACTIVE,Gemtuzumab ozogamicin,CDP-771; CL-555201; CMA-676; WAY-CMA-676; Anti-CD33-monoclonal-antibody-calicheamicin; Anti-CD33-monoclonal-antibody-p67-6-calicheamicin-conjugate; HP67-6-N-acetyl-gamma-dimethyl-acbut; hP67.6-calicheamicin; Human-anti-CD33-monoclonal-antibody-P67-6-calicheamicin-conjugate,,Myeloid cell surface antigen CD33 (CD33),calicheamicin,acid-cleavable AcBut linker (typical),"AML; AML, Childhood; Acute Myeloblastic Leukemia; Acute Myelogenous Leukemia; Acute Myeloid Leukaemia; Acute Myeloid Leukemia; Acute Myeloid Leukemia Arising From Previous Myelodysplastic Syndrome; Acute Myeloid Leukemia Arising From Previous Myelodysplastic/Myeloproliferative Neoplasm; Acute Myeloid Leukemia Post Cytotoxic Therapy; Acute Myeloid Leukemia Recurrent; Acute Myeloid Leukemia With Inv(16)(p13.1q22); CBFB-MYH11; Acute Myeloid Leukemia With t(16;16)(p13.1;q22); CBFB-MYH11; Acute Myeloid Leukemia With t(8;21); (q22; q22.1); RUNX1-RUNX1T1; Acute Myeloid Leukemia, Adult; Acute Myeloid Leukemia, Myelodysplasia-Related; Acute Myeloid Leukemia, Relapsed, Adult; Acute Promyelocytic Leukemia; Acute Promyelocytic Leukemia With PML-RARA; Adult Acute Megakaryoblastic Leukemia; Adult Acute Megakaryoblastic Leukemia (M7); Adult Acute Minimally Differentiated Myeloid Leukemia (M0); Adult Acute Monoblastic Leukemia; Adult Acute Monoblastic Leukemia (M5a); Adult Acute Monocytic Leukemia; Adult Acute Monocytic Leukemia (M5b); Adult Acute Myeloblastic Leukemia With Maturation (M2); Adult Acute Myeloblastic Leukemia Without Maturation (M1); Adult Acute Myeloid Leukemia With 11q23 (MLL) Abnormalities; Adult Acute Myeloid Leukemia With Del(5q); Adult Acute Myeloid Leukemia With Inv(16)(p13.1q22); CBFB-MYH11; Adult Acute Myeloid Leukemia With Inv(16)(p13;q22); Adult Acute Myeloid Leukemia With Maturation; Adult Acute Myeloid Leukemia With t(15;17)(q22;q12); Adult Acute Myeloid Leukemia With t(16;16)(p13.1;q22); CBFB-MYH11; Adult Acute Myeloid Leukemia With t(16;16)(p13;q22); Adult Acute Myeloid Leukemia With t(8;21)(q22;q22); Adult Acute Myeloid Leukemia With t(8;21)(q22;q22.1); RUNX1-RUNX1T1; Adult Acute Myeloid Leukemia With t(9;11)(p21.3;q23.3); MLLT3-KMT2A; Adult Acute Myeloid Leukemia Without Maturation; Adult Acute Myelomonocytic Leukemia; Adult Acute Myelomonocytic Leukemia (M4); Adult Acute Promyelocytic Leukemia (M3); Adult Erythroleukemia; Adult Erythroleukemia (M6a); Adult Pure Erythroid Leukemia; Adult Pure Erythroid Leukemia (M6b); Allogeneic Transplantation; Blast Phase Chronic Myelogenous Leukemia, BCR-ABL1 Positive; Blasts 10 Percent or More of Bone Marrow Nucleated Cells; Childhood Acute Promyelocytic Leukemia (M3); Chronic Lymphocytic Leukemia; Chronic Myelomonocytic Leukemia; Core Binding Factor Acute Myeloid Leukemia; ECG; High Risk Myelodysplastic Syndrome; Infusions, Intravenous; Inv(16); Juvenile Myelomonocytic Leukemia; Leukaemia (Acute Myeloid); Leukemia; Leukemia, Myelocytic, Acute; Leukemia, Myeloid; Leukemia, Myeloid, Acute; Lymphoblastic Leukemia, Acute; Myelodysplastic Syndrome; Myelodysplastic Syndrome With Excess Blasts; Myelodysplastic Syndromes; Myeloid Sarcoma; Myeloproliferative Neoplasm; Novo Acute Myeloid Leukemia; Pharmacokinetics; Philadelphia Chromosome Positive; Recurrent Acute Myeloid Leukemia; Recurrent Adult Acute Myeloid Leukemia; Recurrent Childhood Acute Myeloid Leukemia; Refractory Acute Myeloid Leukemia; Relapsed Adult AML; Relapsed/Refractory Acute Myeloid Leukemia (AML); Safety; Secondary Acute Myeloid Leukemia; Untreated Adult Acute Myeloid Leukemia; de Novo Myelodysplastic Syndrome; t(16;16); t(8;21)",Pfizer Inc; Wyeth Pharmaceuticals LLC,Approved,"Approved (FDA): Mar, 2000",STRICT_ADC,MULTISOURCE_CONFIRMED,3,nar_reference; configs/known_adc_assets.yaml; clinicaltrials,NCT00893399; NCT00909168,2026-09-01
NAR_DRG0JOMGD,ACTIVE,NC18,,,,,,,,Phase1,Phase 1,REFERENCE_UNCLASSIFIED,REFERENCE_CONFIRMED,1,nar_reference,,2026-09-01
NAR_DRG0JPJDT,ACTIVE,RN927C,RN-927C; RN 927C,,Tumor-associated calcium signal transducer 2 (TROP2),,,,Rinat Neuroscience Corp,Investigative,Investigative,PRESUMED_ADC,MULTISOURCE_CONFIRMED,2,nar_reference; europe_pmc,,2026-09-01
NAR_DRG0JQAJB,ACTIVE,MGTA-117,Anti-CD117 amanitin ADC; Anti-CD117 amanitin antibody drug conjugate; CD117-amanitin antibody drug conjugate; MGTA 117; MGTA-117; anti-CD117 (c-KIT)-amanitin antibody-drug conjugate; CD117-ADC,,Mast/stem cell growth factor receptor Kit (KIT),,,,Heidelberg Pharma AG,Phase1,Phase 1 (Terminated),PRESUMED_ADC,MULTISOURCE_CONFIRMED,3,nar_reference; conference_abstract_corpus; conference_crossref_search,,2026-09-01
NAR_DRG0JQHJW,ACTIVE,AGX101,AGX 101; AGX-101; AGX101; Anti-TM4SF1 ADC (Angiex),,Transmembrane 4 L6 family member 1 (TM4SF1),,,,"Angiex, Inc",Phase1,Phase 1,PRESUMED_ADC,MULTISOURCE_CONFIRMED,2,nar_reference; clinicaltrials,,2026-09-01
NAR_DRG0JQWJI,ACTIVE,BG-C137,,,,,,,,Phase1,Phase 1,PRESUMED_ADC,MULTISOURCE_CONFIRMED,3,nar_reference; clinicaltrials; conference_abstract_corpus,NCT06625593,2026-09-01
NAR_DRG0JSPJR,ACTIVE,ZL-1310,YL 212; YL-212; YL212; ZL-1310; ZL 1310; ZL1310,,Delta-like protein 3 (DLL3),,,,Zai Lab Ltd,Phase1,Phase 1,PRESUMED_ADC,MULTISOURCE_CONFIRMED,4,nar_reference; clinicaltrials; conference_abstract_corpus; europe_pmc,,2026-09-01
NAR_DRG0JTQDR,ACTIVE,FS-1502,FS-1502; Herceptin-LC-LBG-MMAF; IKS 014; IKS-014; IKS014; LCB14; LCB14-0110; Trastuzumab-LC-LBG-MMAF,,Receptor tyrosine-protein kinase erbB-2 (HER2),,,,Iksuda Therapeutics; Shanghai Fosun Pharmaceutical,Phase1,Phase 3,PRESUMED_ADC,MULTISOURCE_CONFIRMED,5,nar_reference; europe_pmc; conference_crossref_search; clinicaltrials; conference_abstract_corpus,,2026-09-01
NAR_DRG0JUOJJ,ACTIVE,MHB036C,,,,,,,,Phase2,Phase 2,PRESUMED_ADC,MULTISOURCE_CONFIRMED,2,nar_reference; conference_abstract_corpus,,2026-09-01
NAR_DRG0JUOLN,ACTIVE,MDX-1203,"BMS 936561; BMS-936561; BMS-936561, MDX-1203; BMS936561; MDX 1203; MDX-1203; MDX1203",,CD70 antigen (CD70),,,,"Medarex, Inc; Bristol Myers Squibb Co",Phase1,Phase 1 (Terminated),PRESUMED_ADC,MULTISOURCE_CONFIRMED,2,nar_reference; europe_pmc,NCT00944905,2026-09-01
NAR_DRG0JVAJA,ACTIVE,Rosopatamab tetraxetan,DOTA-HUJ-591-GS; DOTA-HUJ-591; HuJ591-DOTA; Rosopatamab Y-90 conjugation,,Glutamate carboxypeptidase 2 (FOLH1),,,,Weill Cornell Medical Center,Investigative,Investigative,REFERENCE_UNCLASSIFIED,REFERENCE_CONFIRMED,1,nar_reference,NCT00052000; NCT00070837; NCT02576548,2026-09-01
NAR_DRG0JVDPQ,ACTIVE,AG 02 saporin conjugate,AG02; AG02 saporin; AG02-saporin; AG02-ADC; AG02 ADC,,Cell surface protein 1 (CSP-1),,,,"A&G Pharmaceutical, Inc",Investigative,Investigative,REFERENCE_UNCLASSIFIED,REFERENCE_CONFIRMED,1,nar_reference,,2026-09-01
NAR_DRG0JWBNH,ACTIVE,Brentuximab vedotin,CAC10-vcMMAE; cAC-10. SGD-1010; SGN-30; SGN-35; cAC10-Val-Cit-MMAE; Moab chimeric SGN-30 to CD30 antigen,,Tumor necrosis factor receptor superfamily member 8 (TNFRSF8),MMAE (monomethyl auristatin E),valine-citrulline cleavable linker (typical),"AIDS-Related Hodgkin Lymphoma; ALK+ Anaplastic Large Cell Lymphoma; Acute Lymphoid Leukemia; Acute Myelogenous Leukemia; Acute Myeloid Leukemia; Adolescent; Adult Grade III Lymphomatoid Granulomatosis; Adult Lymphocyte Depletion Hodgkin Lymphoma; Adult Lymphocyte Predominant Hodgkin Lymphoma; Adult Mixed Cellularity Hodgkin Lymphoma; Adult Nasal Type Extranodal NK/T-cell Lymphoma; Adult Nodular Sclerosis Hodgkin Lymphoma; Adult T-Cell Leukemia/Lymphoma; Adult T-cell Leukemia/Lymphoma; Advanced Classical Hodgkin Lymphoma; Advanced Hodgkin Lymphoma; Aggressive Systemic Mastocytosis; Anaplastic Large Cell Lymphoma; Anaplastic Large Cell Lymphoma, ALK-Negative; Anaplastic Large Cell Lymphoma, ALK-Positive; Anaplastic Large-Cell Lymphoma; Anaplastic Large-cell Lymphoma; Anemia, Refractory, With Excess of Blasts; Angioimmunoblastic T-Cell Lymphoma; Angioimmunoblastic T-cell Lymphoma; Ann Arbor Stage I Hodgkin Lymphoma; Ann Arbor Stage I Lymphocyte-Depleted Classic HL; Ann Arbor Stage I Mixed Cellularity Classic Hodgkin Lymphoma; Ann Arbor Stage I Nodular Sclerosis Classic Hodgkin Lymphoma; Ann Arbor Stage I Primary Mediastinal (Thymic) Large B-Cell Lymphoma; Ann Arbor Stage IA Hodgkin Lymphoma; Ann Arbor Stage IB Hodgkin Lymphoma; Ann Arbor Stage II Hodgkin Lymphoma; Ann Arbor Stage II Lymphocyte-Depleted Classic HL; Ann Arbor Stage II Mixed Cellularity Classic HL; Ann Arbor Stage II Nodular Sclerosis Classic HL; Ann Arbor Stage II Noncutaneous Anaplastic Large Cell Lymphoma; Ann Arbor Stage II Noncutaneous Childhood Anaplastic Large Cell Lymphoma; Ann Arbor Stage II Primary Mediastinal (Thymic) Large B-Cell Lymphoma; Ann Arbor Stage IIA Hodgkin Lymphoma; Ann Arbor Stage IIB Hodgkin Lymphoma; Ann Arbor Stage III Hodgkin Lymphoma; Ann Arbor Stage III Lymphocyte-Depleted Classic Hodgkin Lymphoma; Ann Arbor Stage III Mixed Cellularity Classic Hodgkin Lymphoma; Ann Arbor Stage III Nodular Sclerosis Classic Hodgkin Lymphoma; Ann Arbor Stage III Noncutaneous Anaplastic Large Cell Lymphoma; Ann Arbor Stage III Noncutaneous Childhood Anaplastic Large Cell Lymphoma; Ann Arbor Stage III Primary Mediastinal (Thymic) Large B-Cell Lymphoma; Ann Arbor Stage IIIA Hodgkin Lymphoma; Ann Arbor Stage IIIB Hodgkin Lymphoma; Ann Arbor Stage IV Hodgkin Lymphoma; Ann Arbor Stage IV Lymphocyte-Depleted Classic Hodgkin Lymphoma; Ann Arbor Stage IV Mixed Cellularity Classic Hodgkin Lymphoma; Ann Arbor Stage IV Nodular Sclerosis Classic Hodgkin Lymphoma; Ann Arbor Stage IV Noncutaneous Anaplastic Large Cell Lymphoma; Ann Arbor Stage IV Noncutaneous Childhood Anaplastic Large Cell Lymphoma; Ann Arbor Stage IV Primary Mediastinal (Thymic) Large B-Cell Lymphoma; Ann Arbor Stage IVA Hodgkin Lymphoma; Ann Arbor Stage IVB Hodgkin Lymphoma; Anti-CD30; Bladder Cancer; Breast Cancer; Brentuximab; Brentuximab Vedotin; CD30 Positive Primary Mediastinal Large B-cell Lymphoma; CD30+ Peripheral T-cell Lymphoma; CD30-Positive Diffuse Large B-Cell Lymphoma; CD30-Positive Gray Zone Lymphoma; CD30-Positive Neoplastic Cells Present; CD30-Positive Peripheral T-Cell Lymphoma; CD30-positive Lymphoma; CD30-positive Solid Tumor; CLASSICAL HODGKIN LYMPHOMA; Carcinomas; Cervical Cancer; Child; Childhood Hodgkin Lymphoma; Classic Hodgkin Lymphoma; Classical Hodgkin Lymphoma; Classical Hodgkin Lymphoma Type PTLD; Clinical Efficacy; Colo-rectal Cancer; Contiguous Stage II Adult Burkitt Lymphoma; Contiguous Stage II Adult Diffuse Large Cell Lymphoma; Contiguous Stage II Adult Diffuse Mixed Cell Lymphoma; Contiguous Stage II Adult Diffuse Small Cleaved Cell Lymphoma; Contiguous Stage II Adult Immunoblastic Large Cell Lymphoma; Contiguous Stage II Adult Lymphoblastic Lymphoma; Contiguous Stage II Grade 1 Follicular Lymphoma; Contiguous Stage II Grade 2 Follicular Lymphoma; Contiguous Stage II Grade 3 Follicular Lymphoma; Contiguous Stage II Mantle Cell Lymphoma; Contiguous Stage II Marginal Zone Lymphoma; Contiguous Stage II Small Lymphocytic Lymphoma; Cutaneous B-cell Non-Hodgkin Lymphoma; Cutaneous Lymphoma; Cutaneous Melanoma; Cutaneous T Cell Lymphoma; Cutaneous T Cell Lymphoma (CTCL); Cutaneous T-Cell Lymphoma; Cutaneous T-Cell Lymphoma/Mycosis Fungoides; Cutaneous T-cell Lymphoma (CTCL); DLBCL; Dacarbazine; Diffuse Cutaneous Systemic Sclerosis; Diffuse Large B Cell Lymphoma; Diffuse Large B-Cell Lymphoma; Diffuse Large B-cell Lymphoma; Diffuse Large B-cell Lymphoma Refractory; Diffuse Large B-cell-lymphoma; Disease, Hodgkin; Doxorubicin; Embryonal Carcinoma; Enteropathy Associated T-cell Lymphoma; Enteropathy-Associated T-Cell Lymphoma; Epstein-Barr Virus Infection; Extranodal Marginal Zone B-cell Lymphoma of Mucosa-associated Lymphoid Tissue; Florid Follicular Hyperplasia PTLD; Follicular B-cell Non-Hodgkin's Lymphoma; Follicular Lymphoma; Folliculotropic Mycosis Fungoides; Frontline; GVHD; Gastric Carcinoma; Gastroesophageal Junction Carcinoma; Germ Cell Cancer; Germ Cell Tumor; Germ Cell Tumors; Graft Versus Host Disease; Graft vs. Host Disease; Graft-vs-Host Disease; Grey Zone Lymphoma; HIV Infection; Head and Neck Squamous Cell Carcinoma; Hematopoietic/Lymphoid Cancer; Hepato-splenic T-cell Lymphoma; Hepatosplenic T-Cell Lymphoma; Hepatosplenic T-cell Lymphoma; High Grade B Cell Lymphoma; Hodgkin Disease; Hodgkin Lymphoma; Hodgkin Lymphoma (Category); Hodgkin Lymphoma, Adult; Hodgkin's Disease; Hodgkin's Lymphoma; Human Immunodeficiency Virus; Ineligible Or Refused Transplant Patients With Classical Hodgkin Lymphoma; Infectious Mononucleosis; Intraocular Lymphoma; Leukemia; Leukemia, Acute Myeloid; Leukemia, Lymphoblastic,Acute; Lugano Classification Limited Stage Hodgkin Lymphoma AJCC v8; Lung Cancer (Non-Small Cell); Lymphatic Diseases; Lymphocyte-Rich Classic Hodgkin Lymphoma; Lymphoid Tumor; Lymphoma; Lymphoma, B-Cell; Lymphoma, B-cell; Lymphoma, Large B-Cell, Diffuse; Lymphoma, Large B-cell, Diffuse; Lymphoma, Large-Cell, Anaplastic; Lymphoma, NK-cell; Lymphoma, Non-Hodgkin; Lymphoma, T-Cell; Lymphoma, T-Cell, Cutaneous; Lymphoma, T-Cell, Peripheral; Lymphoma, T-cell; Lymphomatoid Papulosis; Malignant Mesothelioma; Malignant Neoplasms Stated as Primary Lymphoid Haematopoietic; Marginal Zone Lymphoma; Mast Cell Leukemia; Mature T-Cell and NK-Cell Non-Hodgkin Lymphoma; Mediastinal Large B-cell Lymphoma; Melanoma; Metabolic Response; Metastatic Breast Cancer ( HER2 Negative); Monomorphic PTLD; Mycosis Fungoides; Myelodysplastic Syndromes; NK T-cell Lymphoma; NK-Cell Leukemia; NK-Cell Lymphoma; NK/T Cell Lymphoma Nos; Neoplasms; Nodal Marginal Zone B-cell Lymphoma; Non-Hodgkin Lymphoma; Non-Hodgkin Lymphoma (NHL); Non-Hodgkin's Disease; Non-hodgkin's Lymphoma; Non-small Cell Lung Cancer; Noncontiguous Stage II Adult Burkitt Lymphoma; Noncontiguous Stage II Adult Diffuse Large Cell Lymphoma; Noncontiguous Stage II Adult Diffuse Mixed Cell Lymphoma; Noncontiguous Stage II Adult Diffuse Small Cleaved Cell Lymphoma; Noncontiguous Stage II Adult Immunoblastic Large Cell Lymphoma; Noncontiguous Stage II Adult Lymphoblastic Lymphoma; Noncontiguous Stage II Grade 1 Follicular Lymphoma; Noncontiguous Stage II Grade 2 Follicular Lymphoma; Noncontiguous Stage II Grade 3 Follicular Lymphoma; Noncontiguous Stage II Mantle Cell Lymphoma; Noncontiguous Stage II Marginal Zone Lymphoma; Noncontiguous Stage II Small Lymphocytic Lymphoma; Noncutaneous Extranodal Lymphoma; Nonseminomatous Germ Cell Tumor; Ovarian Cancer; PET Scan; PTLD; Pancreas Cancer, Duct Cell Adenocarcinoma; Pediatric Hodgkin Lymphoma; Peripheral T Cell Lymphoma; Peripheral T-Cell Lymphoma; Peripheral T-Cell Lymphoma, Not Otherwise Specified; Peripheral T-cell Lymphoma; Plasmacytic Hyperplasia PTLD; Polymorphic PTLD; Post-transplant Lymphoproliferative Disorder; Primary Cutaneous Anaplastic Large Cell Lymphoma; Primary Mediastinal Large B Cell Lymphoma; Progressive Hairy Cell Leukemia, Initial Treatment; Prostate Cancer Castration-resistant Prostate Cancer; Recurrent Adult Burkitt Lymphoma; Recurrent Adult Diffuse Mixed Cell Lymphoma; Recurrent Adult Diffuse Small Cleaved Cell Lymphoma; Recurrent Adult Grade III Lymphomatoid Granulomatosis; Recurrent Adult Hodgkin Lymphoma; Recurrent Adult Immunoblastic Large Cell Lymphoma; Recurrent Adult Lymphoblastic Lymphoma; Recurrent Adult T-cell Leukemia/Lymphoma; Recurrent Angioimmunoblastic T-Cell Lymphoma; Recurrent Childhood Hodgkin Lymphoma; Recurrent Classic Hodgkin Lymphoma; Recurrent Cutaneous T-cell Non-Hodgkin Lymphoma; Recurrent Enteropathy-Associated T-Cell Lymphoma; Recurrent Follicular Lymphoma; Recurrent Follicular T-Cell Lymphoma; Recurrent Grade 1 Follicular Lymphoma; Recurrent Grade 2 Follicular Lymphoma; Recurrent Grade 3 Follicular Lymphoma; Recurrent Hepatosplenic T-Cell Lymphoma; Recurrent Hodgkin Lymphoma; Recurrent Mantle Cell Lymphoma; Recurrent Marginal Zone Lymphoma; Recurrent Mycosis Fungoides; Recurrent Mycosis Fungoides/Sezary Syndrome; Recurrent Nodal Peripheral T-Cell Lymphoma With TFH Phenotype; Recurrent Non-Hodgkin Lymphoma; Recurrent Peripheral T-Cell Lymphoma, Not Otherwise Specified; Recurrent Primary Cutaneous T-Cell Non-Hodgkin Lymphoma; Recurrent Small Lymphocytic Lymphoma; Recurrent Subcutaneous Panniculitis-Like T-Cell Lymphoma; Recurrent T-Cell Non-Hodgkin Lymphoma; Refractory; Refractory Angioimmunoblastic T-Cell Lymphoma; Refractory Childhood Hodgkin Lymphoma; Refractory Classic Hodgkin Lymphoma; Refractory Enteropathy-Associated T-Cell Lymphoma; Refractory Follicular Lymphoma; Refractory Follicular T-Cell Lymphoma; Refractory Hairy Cell Leukemia; Refractory Hepatosplenic T-Cell Lymphoma; Refractory Hodgkin Lymphoma; Refractory Mycosis Fungoides; Refractory Nodal Peripheral T-Cell Lymphoma With TFH Phenotype; Refractory Non-Hodgkin Lymphoma; Refractory Peripheral T-Cell Lymphoma; Refractory Peripheral T-Cell Lymphoma, Not Otherwise Specified; Refractory Primary Cutaneous T-Cell Non-Hodgkin Lymphoma; Refractory Subcutaneous Panniculitis-Like T-Cell Lymphoma; Relapse; Relapsed Classic Hodgkin Lymphoma; Relapsed Hodgkin's Disease, Adult; Relapsed Peripheral T-Cell Lymphoma; Relapsed or Refractory Anaplastic Large-cell Lymphoma; Relapsed or Refractory CD30+ Hodgkin's Lymphoma or Anaplastic Large Cell Lymphoma; Relapsed or Refractory EBV-and CD30-positive Lymphomas; Relapsed or Refractory Hodgkin Lymphoma; Relapsed or Refractory Hodgkin's Lymphoma; Relapsed/Refractory Classical Hodgkin Lymphoma; Relapsed/Refractory Hodgkin's Lymphoma; Safety; Scleroderma; Sezary Syndrome; Small Intestine Lymphoma; Small Lymphocytic Lymphoma; Solid Tumors; Splenic Marginal Zone Lymphoma; Squamous Cell Carcinoma of the Head and Neck; Stage I Adult Burkitt Lymphoma; Stage I Adult Diffuse Large Cell Lymphoma; Stage I Adult Diffuse Mixed Cell Lymphoma; Stage I Adult Diffuse Small Cleaved Cell Lymphoma; Stage I Adult Hodgkin Lymphoma; Stage I Adult Immunoblastic Large Cell Lymphoma; Stage I Adult Lymphoblastic Lymphoma; Stage I Adult T-cell Leukemia/Lymphoma; Stage I Cutaneous T-Cell Non-Hodgkin Lymphoma; Stage I Cutaneous T-cell Non-Hodgkin Lymphoma; Stage I Grade 1 Follicular Lymphoma; Stage I Grade 2 Follicular Lymphoma; Stage I Grade 3 Follicular Lymphoma; Stage I Mantle Cell Lymphoma; Stage I Marginal Zone Lymphoma; Stage I Small Lymphocytic Lymphoma; Stage IA Mycosis Fungoides/Sezary Syndrome; Stage IB Mycosis Fungoides/Sezary Syndrome; Stage II Adult Hodgkin Lymphoma; Stage II Adult T-cell Leukemia/Lymphoma; Stage II Childhood Hodgkin Lymphoma; Stage II Cutaneous T-Cell Non-Hodgkin Lymphoma; Stage II Cutaneous T-cell Non-Hodgkin Lymphoma; Stage IIA Mycosis Fungoides/Sezary Syndrome; Stage IIB Mycosis Fungoides/Sezary Syndrome; Stage III Adult Burkitt Lymphoma; Stage III Adult Diffuse Large Cell Lymphoma; Stage III Adult Diffuse Mixed Cell Lymphoma; Stage III Adult Diffuse Small Cleaved Cell Lymphoma; Stage III Adult Hodgkin Lymphoma; Stage III Adult Immunoblastic Large Cell Lymphoma; Stage III Adult Lymphoblastic Lymphoma; Stage III Adult T-cell Leukemia/Lymphoma; Stage III Childhood Hodgkin Lymphoma; Stage III Cutaneous T-Cell Non-Hodgkin Lymphoma; Stage III Cutaneous T-cell Non-Hodgkin Lymphoma; Stage III Grade 1 Follicular Lymphoma; Stage III Grade 2 Follicular Lymphoma; Stage III Grade 3 Follicular Lymphoma; Stage III Mantle Cell Lymphoma; Stage III Marginal Zone Lymphoma; Stage III Small Lymphocytic Lymphoma; Stage IIIA Mycosis Fungoides/Sezary Syndrome; Stage IIIB Mycosis Fungoides/Sezary Syndrome; Stage IV Adult Burkitt Lymphoma; Stage IV Adult Diffuse Large Cell Lymphoma; Stage IV Adult Diffuse Mixed Cell Lymphoma; Stage IV Adult Diffuse Small Cleaved Cell Lymphoma; Stage IV Adult Hodgkin Lymphoma; Stage IV Adult Immunoblastic Large Cell Lymphoma; Stage IV Adult Lymphoblastic Lymphoma; Stage IV Adult T-cell Leukemia/Lymphoma; Stage IV Childhood Hodgkin Lymphoma; Stage IV Cutaneous T-Cell Non-Hodgkin Lymphoma; Stage IV Cutaneous T-cell Non-Hodgkin Lymphoma; Stage IV Grade 1 Follicular Lymphoma; Stage IV Grade 2 Follicular Lymphoma; Stage IV Grade 3 Follicular Lymphoma; Stage IV Mantle Cell Lymphoma; Stage IV Marginal Zone Lymphoma; Stage IV Small Lymphocytic Lymphoma; Stage IVA Mycosis Fungoides/Sezary Syndrome; Stage IVB Mycosis Fungoides/Sezary Syndrome; Survival; Systemic Anaplastic Large Cell Lymphoma; Systemic Lupus Erythematosus; Systemic Mastocytosis; Sézary Syndrome; T Cell Lymphoma; T-Cell Lymphoma; T-cell Large Granular Lymphocyte Leukemia; T-cell Lymphoma; Testicular Cancer; Testicular Lymphoma; Testis Cancer; Treatment; Triple Negative Breast Cancer; Untreated CD30-Positive Hodgkin's Lymphoma; Untreated Hairy Cell Leukemia; Upper Tract Urothelial Carcinoma; Vinblastine; Waldenström Macroglobulinemia; Young Adult; ctDNA; dcSSc","Seagen Inc; BSP Pharmaceuticals SpA; Takeda Pharmaceutical Co., Ltd",Approved,"Approved (FDA): Aug, 2011",STRICT_ADC,MULTISOURCE_CONFIRMED,3,nar_reference; configs/known_adc_assets.yaml; clinicaltrials,NCT00430846; NCT00848926; NCT00866047; NCT00947856; NCT01060904; NCT01100502; NCT01309789; NCT01352520; NCT01393717; NCT01421667; NCT01461538; NCT01578499; NCT01657331; NCT01712490; NCT01716806; NCT01777152; NCT01780662; NCT01807598; NCT01940796; NCT01979536; NCT01994850; NCT02086604; NCT02166463; NCT02227199; NCT02227433; NCT02280785; NCT02292979; NCT02388490; NCT02423291; NCT02505269; NCT02572167; NCT02581631; NCT02684292; NCT02686346; NCT02758717; NCT02927769; NCT03057795; NCT04404283,2026-09-01
NAR_DRG0JXYIZ,ACTIVE,DS-9606,,,,,,,,Phase1,Phase 1,REFERENCE_UNCLASSIFIED,REFERENCE_CONFIRMED,1,nar_reference,,2026-09-01
NAR_DRG0JYFQF,ACTIVE,ZPC-21,,,,,,,,Phase1,Phase 1,REFERENCE_UNCLASSIFIED,REFERENCE_CONFIRMED,1,nar_reference,NCT06823167,2026-09-01
NAR_DRG0JYKFE,ACTIVE,BSI-712,BSI 712; BSI712,,Zinc transporter ZIP6 (SLC39A6),,,,"Biosion, Inc; ImmunoGen, Inc",Investigative,Investigative,REFERENCE_UNCLASSIFIED,REFERENCE_CONFIRMED,1,nar_reference,,2026-09-01
NAR_DRG0JYNCF,ACTIVE,CX-2029,"ABBV-2029; ABBV-2029,CX-2029; CD71 probody drug conjugate; CX 2029; CX-2029",,Transferrin receptor protein 1 (TFRC),,,,"CytomX Therapeutics, Inc; AbbVie, Inc",Phase2,Phase 1/2,REFERENCE_UNCLASSIFIED,REFERENCE_CONFIRMED,1,nar_reference,NCT03543813,2026-09-01
NAR_DRG0KAGOH,ACTIVE,PLBA-001,PLBA 001; PLBA001,,Undisclosed,,,,"PrimeLink BioTherapeutics (Suzhou) Co., Ltd",Investigative,Investigative,REFERENCE_UNCLASSIFIED,REFERENCE_CONFIRMED,1,nar_reference,,2026-09-01
NAR_DRG0KBCEN,ACTIVE,M3554,,,,,,,,Phase1,Phase 1,PRESUMED_ADC,MULTISOURCE_CONFIRMED,3,nar_reference; clinicaltrials; conference_abstract_corpus,NCT06641908,2026-09-01
NAR_DRG0KDTFA,ACTIVE,F0002-ADC,"Anti-CD30-MCC-DM1; CD30-MCC-DM1; F-0002-ADC; F0002 ADC; F0002-ADC; F0002-ADC, Anti-CD30-MCC-DM1",,Tumor necrosis factor receptor superfamily member 8 (TNFRSF8),,,,"Shanghai Fudan Zhangjiang Bio Pharmaceutical Co., Ltd",Phase1,Phase 1,REFERENCE_UNCLASSIFIED,REFERENCE_CONFIRMED,1,nar_reference,,2026-09-01
NAR_DRG0KFMAB,ACTIVE,DXC-009,DXC 009; DXC-009; DXC009,,Undisclosed,,,,"Hangzhou DAC Biotech Co., Ltd",Phase1,Phase 1,REFERENCE_UNCLASSIFIED,REFERENCE_CONFIRMED,1,nar_reference,,2026-09-01
NAR_DRG0KGFDM,ACTIVE,Zt/g4-Maytansinoid,,,,,,,,Investigative,Investigative,REFERENCE_UNCLASSIFIED,REFERENCE_CONFIRMED,1,nar_reference,,2026-09-01
NAR_DRG0KHDFE,ACTIVE,BAT-8007,,,,,,,,Phase1,Phase 1,PRESUMED_ADC,MULTISOURCE_CONFIRMED,2,nar_reference; conference_abstract_corpus,,2026-09-01
NAR_DRG0KHFFZ,ACTIVE,PF-06263507,"A1-mafodotin; A1-mcMMAF; MMAF ADC; PF 6263507; PF-06263507; PF-06263507, A1mc MMAF; PF06263507",,Trophoblast glycoprotein (TPBG),,,,Oxford Biomedica Plc; Pfizer Inc,Phase1,Phase 1 (Terminated),REFERENCE_UNCLASSIFIED,REFERENCE_CONFIRMED,1,nar_reference,,2026-09-01
NAR_DRG0KJHHN,ACTIVE,IMGN-779,IMGN 779; IMGN-779; IMGN7 79; IMGN779,,Myeloid cell surface antigen CD33 (CD33),,,,"ImmunoGen, Inc",Phase1,Phase 1 (Terminated),PRESUMED_ADC,MULTISOURCE_CONFIRMED,3,nar_reference; europe_pmc; pubmed,,2026-09-01
NAR_DRG0KKATK,ACTIVE,SHR-A2102,SHR A2102; SHR-A2102; SHRA2102,,Nectin-4 (NECTIN4),,,,"Shanghai Hengrui Pharmaceutical Co., Ltd",Phase3,Phase 3,PRESUMED_ADC,MULTISOURCE_CONFIRMED,5,nar_reference; clinicaltrials; conference_abstract_corpus; conference_crossref_search; europe_pmc,NCT05701709; NCT05735275,2026-09-01
NAR_DRG0KKBKT,ACTIVE,BBT-001,BBT 001; BBT001; long-acting GCSF-IgG-Fc immunofusion protein,,Granulocyte colony-stimulating factor receptor (CSF3R),,,,"Bolder BioTechnology, Inc",Investigative,Investigative,REFERENCE_UNCLASSIFIED,REFERENCE_CONFIRMED,1,nar_reference,,2026-09-01
NAR_DRG0KKQDW,ACTIVE,SRB19,SRB-19; SRB 19,,Epidermal growth factor receptor (EGFR); Receptor tyrosine-protein kinase erbB-3 (HER3),,,,Sunrock Biopharma SL,Investigative,Investigative,REFERENCE_UNCLASSIFIED,REFERENCE_CONFIRMED,1,nar_reference,,2026-09-01
NAR_DRG0KMHHU,ACTIVE,TRS-005,TRS-005; TRS005,,B-lymphocyte antigen CD20 (MS4A1),,,,Zhejiang Teruisi Pharmaceutical Inc,Phase1,Phase 1,REFERENCE_UNCLASSIFIED,REFERENCE_CONFIRMED,1,nar_reference,NCT05395533,2026-09-01
NAR_DRG0KNAHQ,ACTIVE,BL-M14D1,,,,,,,,Phase1,Phase 1,REFERENCE_UNCLASSIFIED,REFERENCE_CONFIRMED,1,nar_reference,NCT06505824; NCT07080242,2026-09-01
NAR_DRG0KNAKC,ACTIVE,QBK249-G,QBK249G; QBK249 G,,Receptor tyrosine-protein kinase erbB-2 (HER2),,,,Quadira Biosciences AG,Investigative,Investigative,REFERENCE_UNCLASSIFIED,REFERENCE_CONFIRMED,1,nar_reference,,2026-09-01
NAR_DRG0KRSBQ,ACTIVE,IKS-012,IKS 012; IKS012,,Folate receptor alpha (FOLR1),,,,Iksuda Therapeutics Ltd,Investigative,Investigative,REFERENCE_UNCLASSIFIED,REFERENCE_CONFIRMED,1,nar_reference,,2026-09-01
NAR_DRG0KSBCU,ACTIVE,EP-400,EP 400; EP400,,Undisclosed,,,,"Esperance Pharmaceuticals, Inc",Investigative,Investigative,REFERENCE_UNCLASSIFIED,REFERENCE_CONFIRMED,1,nar_reference,,2026-09-01
NAR_DRG0KSTYX,ACTIVE,CLR-180099,CLR 180099; CLR180099,,Lipid rafts (LR),,,,"Cellectar Biosciences, Inc",Investigative,Investigative,REFERENCE_UNCLASSIFIED,REFERENCE_CONFIRMED,1,nar_reference,,2026-09-01
NAR_DRG0KTRKE,ACTIVE,PF-06664178,PF 6664178; PF-06664178; PF06664178; PF6664178,,Tumor-associated calcium signal transducer 2 (TROP2),,,,Pfizer Inc,Phase1,Phase 1 (Terminated),REFERENCE_UNCLASSIFIED,REFERENCE_CONFIRMED,1,nar_reference,NCT02122146,2026-09-01
NAR_DRG0KTTFS,ACTIVE,XMT-2056,XMT 2056; XMT-2056; XMT2056,,Receptor tyrosine-protein kinase erbB-2 (HER2),,,,"Mersana Therapeutics, Inc",Phase1,Phase 1,PRESUMED_ADC,MULTISOURCE_CONFIRMED,4,nar_reference; conference_abstract_corpus; europe_pmc; pubmed,,2026-09-01
NAR_DRG0KWGRK,ACTIVE,IMMU-140,IMMU140; IMMU 140,,"HLA class II histocompatibility antigen, DR alpha chain (HLA-DRA)",,,,"Immunomedics, Inc; Gilead Sciences, Inc",Investigative,Investigative,PRESUMED_ADC,MULTISOURCE_CONFIRMED,2,nar_reference; europe_pmc,,2026-09-01
NAR_DRG0KWKQC,ACTIVE,DX126-262,DAC-001; DX126 262; DX126-262; Recombinant anti-HER2 antibody-Tub 114,,Receptor tyrosine-protein kinase erbB-2 (HER2),,,,"Hangzhou DAC Biotech Co., Ltd",Phase2,Phase 2,PRESUMED_ADC,MULTISOURCE_CONFIRMED,3,nar_reference; europe_pmc; pubmed,,2026-09-01
NAR_DRG0KXLGG,ACTIVE,MK-6837,,,,,,,,Phase1,Phase 1,REFERENCE_UNCLASSIFIED,REFERENCE_CONFIRMED,1,nar_reference,NCT06460961,2026-09-01
NAR_DRG0KYHQN,ACTIVE,CMB-401,Anti-PEM monoclonal antibody calicheamicin; CDP 671; CDP-671; CMB 401; CMB-401; LLE 33288; hCTMO1-calicheamicin; hcT.MO1 calicheamicin,,Mucin-1 (MUC1),,,,Celltech Oy,Phase2,Phase 2 (Terminated),REFERENCE_UNCLASSIFIED,REFERENCE_CONFIRMED,1,nar_reference,,2026-09-01
NAR_DRG0KYOBC,ACTIVE,TORL-1-23,TORL 1 23; TORL 1-23; TORL-1-23; TORL1-23,,Claudin-6 (CLDN6),,,,TORL Biotherapeutics LLC,Phase1,Phase 1,REFERENCE_UNCLASSIFIED,REFERENCE_CONFIRMED,1,nar_reference,NCT05103683,2026-09-01
NAR_DRG0LBQXO,ACTIVE,PA-368A,PA368A; PA 368A,,Cadherin-17 (CDH17),,,,Protein Alternatives SL,Investigative,Investigative,REFERENCE_UNCLASSIFIED,REFERENCE_CONFIRMED,1,nar_reference,,2026-09-01
NAR_DRG0LCOWD,ACTIVE,MRG-004A,MRG 004A; MRG-004A; MRG004A,,Tissue factor (F3),,,,"Shanghai Miracogen Inc; Lepu Biopharma Co., Ltd",Phase2,Phase 1/2,PRESUMED_ADC,MULTISOURCE_CONFIRMED,2,nar_reference; conference_abstract_corpus,,2026-09-01
NAR_DRG0LDEJY,ACTIVE,ITC-6146RO,,,,,,,,Phase1,Phase 1,REFERENCE_UNCLASSIFIED,REFERENCE_CONFIRMED,1,nar_reference,NCT07423117,2026-09-01
NAR_DRG0LFBZI,ACTIVE,ALK202,,,,,,,,Phase1,Phase 1,REFERENCE_UNCLASSIFIED,REFERENCE_CONFIRMED,1,nar_reference,NCT06707610,2026-09-01
NAR_DRG0LFGHB,ACTIVE,HTI-1511,HTI 1511; HTI1511,,Epidermal growth factor receptor (EGFR),,,,"Halozyme Therapeutics, Inc",Investigative,Investigative,PRESUMED_ADC,MULTISOURCE_CONFIRMED,2,nar_reference; conference_abstract_corpus,,2026-09-01
NAR_DRG0LFZFX,ACTIVE,ABBV-319,ABBV 319; ABBV-319; ABBV319,,B-lymphocyte antigen CD19 (CD19),,,,"AbbVie, Inc",Phase1,Phase 1,PRESUMED_ADC,MULTISOURCE_CONFIRMED,2,nar_reference; conference_crossref_search,,2026-09-01
NAR_DRG0LGBME,ACTIVE,Ispectamab tazide,Ispectamab tazide,,Tumor necrosis factor receptor superfamily member 17 (TNFRSF17),,,,,Investigative,Investigative,REFERENCE_UNCLASSIFIED,REFERENCE_CONFIRMED,1,nar_reference,,2026-09-01
NAR_DRG0LHLWT,ACTIVE,LR-DM1,LR DM1,,Epidermal growth factor receptor (EGFR),,,,Chinese Academy of Medical Science and Peking Union Medical College,Investigative,Investigative,REFERENCE_UNCLASSIFIED,REFERENCE_CONFIRMED,1,nar_reference,,2026-09-01
NAR_DRG0LHZWB,ACTIVE,ASN-004,ASN 004; ASN-004; ASN004,,Trophoblast glycoprotein (TPBG),,,,Asana BioSciences LLC,Phase1,Phase 1,PRESUMED_ADC,MULTISOURCE_CONFIRMED,2,nar_reference; conference_abstract_corpus,,2026-09-01
NAR_DRG0LIPUK,ACTIVE,GL-231,GL231; GL 231,,Undisclosed,,,,Genisphere LLC,Investigative,Investigative,REFERENCE_UNCLASSIFIED,REFERENCE_CONFIRMED,1,nar_reference,,2026-09-01
NAR_DRG0LJGJX,ACTIVE,IBI3028,,,,,,,,Phase1,Phase 1,REFERENCE_UNCLASSIFIED,REFERENCE_CONFIRMED,1,nar_reference,,2026-09-01
NAR_DRG0LJSQF,ACTIVE,Sacituzumab-SN-38,Smab-SN-38,,Tumor-associated calcium signal transducer 2 (TROP2),,,,,Investigative,Investigative Drug-to-Antibody Ratio 6 3D,REFERENCE_UNCLASSIFIED,REFERENCE_CONFIRMED,1,nar_reference,,2026-09-01
NAR_DRG0LKZJZ,ACTIVE,CS-5002,CS5002; CS 5002,,Undisclosed,,,,CStone Pharmaceuticals Co. Ltd,Investigative,Investigative,REFERENCE_UNCLASSIFIED,REFERENCE_CONFIRMED,1,nar_reference,,2026-09-01
NAR_DRG0LLSDP,ACTIVE,9MW-2921,9MW 2921; 9MW-2921; 9MW2921,,Tumor-associated calcium signal transducer 2 (TROP2),,,,"Mabwell (Shanghai) Bioscience Co., Ltd",Phase2,Phase 1/2,PRESUMED_ADC,MULTISOURCE_CONFIRMED,2,nar_reference; conference_abstract_corpus,,2026-09-01
NAR_DRG0LNARP,ACTIVE,MEDI-0641,MEDI0641; MEDI 0641; 5T4-PBD,,Trophoblast glycoprotein (TPBG),,,,MedImmune LLC; AstraZeneca PLC,Investigative,Investigative,PRESUMED_ADC,MULTISOURCE_CONFIRMED,2,nar_reference; europe_pmc,,2026-09-01
NAR_DRG0LNBQO,ACTIVE,PHN-012,,,,,,,,Phase1,Phase 1,PRESUMED_ADC,MULTISOURCE_CONFIRMED,2,nar_reference; clinicaltrials,NCT07127874,2026-09-01
NAR_DRG0LNVKG,ACTIVE,ARX-788,ARX 788; ARX-788; ARX788,,Receptor tyrosine-protein kinase erbB-2 (HER2),,,,"Ambrx, Inc; Zhejiang Medicine Co., Ltd; Novocodex Biopharmaceuticals Co., Ltd",Phase2,Phase 2,PRESUMED_ADC,MULTISOURCE_CONFIRMED,6,nar_reference; clinicaltrials; conference_abstract_corpus; conference_crossref_search; europe_pmc; pubmed,NCT01042379; NCT02512237; NCT03255070; NCT04829604; NCT04983121; NCT05018676; NCT05018702; NCT05041972; NCT05426486,2026-09-01
NAR_DRG0LQZSE,ACTIVE,Naratuximab emtansine,"DEBIO 1562; Debio 1562, K7153 A, IMGN5 29; IMGN 529; IMGN-529; IMGN529; K7153A-SMCC-DM1; Naratuximab emtansine",,Leukocyte antigen CD37 (CD37),,,,"ImmunoGen, Inc; Debiopharm International SA",Phase2,Phase 2 (Terminated),PRESUMED_ADC,MULTISOURCE_CONFIRMED,3,nar_reference; conference_abstract_corpus; europe_pmc,NCT01534715,2026-09-01
NAR_DRG0LRYYB,ACTIVE,HS630,,,,,,,,Phase1,Phase 1,REFERENCE_UNCLASSIFIED,REFERENCE_CONFIRMED,1,nar_reference,,2026-09-01
NAR_DRG0LSAKO,ACTIVE,PF-06888667,PF 06888667; PF06888667,,Receptor tyrosine-protein kinase erbB-2 (HER2),,,,,Investigative,Investigative,REFERENCE_UNCLASSIFIED,REFERENCE_CONFIRMED,1,nar_reference,,2026-09-01
NAR_DRG0LSXKR,ACTIVE,JS107,JS 107; JS-107; JS107,,Claudin-18.2 (CLDN18.2),,,,"Shanghai Junshi Biosciences Co., Ltd",Phase1,Phase 1,REFERENCE_UNCLASSIFIED,REFERENCE_CONFIRMED,1,nar_reference,,2026-09-01
NAR_DRG0LTMPJ,ACTIVE,GBM-12401,Gbm 12401; Gbm12401,,Undisclosed,,,,Great Novel Therapeutics Biotech & Medicals Corp,Investigative,Investigative,REFERENCE_UNCLASSIFIED,REFERENCE_CONFIRMED,1,nar_reference,,2026-09-01
NAR_DRG0LTXQB,ACTIVE,YBL-015,YBL 015; YBL015,,CD276 antigen (CD276),,,,"YBiologics, Inc",Investigative,Investigative,REFERENCE_UNCLASSIFIED,REFERENCE_CONFIRMED,1,nar_reference,,2026-09-01
NAR_DRG0LUQSH,ACTIVE,RG-7861,,,,,,,,Phase1,Phase 1,REFERENCE_UNCLASSIFIED,REFERENCE_CONFIRMED,1,nar_reference,,2026-09-01
NAR_DRG0LUTMF,ACTIVE,ELN-11,ELN 11; ELN11; ADP-c165,,Inactive tyrosine-protein kinase transmembrane receptor ROR1 (ROR1),,,,Elasmogen Ltd; Almac Discovery Ltd,Investigative,Investigative,REFERENCE_UNCLASSIFIED,REFERENCE_CONFIRMED,1,nar_reference,,2026-09-01
NAR_DRG0LVUGT,ACTIVE,PCG-N003,PCG N003; PCG N003,,Undisclosed,,,,"Epinogen Co., Ltd",Investigative,Investigative,REFERENCE_UNCLASSIFIED,REFERENCE_CONFIRMED,1,nar_reference,,2026-09-01
NAR_DRG0LVYMB,ACTIVE,DEC006,,,,,,,,Phase1,Phase 1,REFERENCE_UNCLASSIFIED,REFERENCE_CONFIRMED,1,nar_reference,NCT07444814,2026-09-01
NAR_DRG0LWEMD,ACTIVE,SY-0625,SY0625; SY 0625,,Undisclosed,,,,"Shanghai Symray Biopharma Co., Ltd",Investigative,Investigative,REFERENCE_UNCLASSIFIED,REFERENCE_CONFIRMED,1,nar_reference,,2026-09-01
NAR_DRG0LYIPC,ACTIVE,Inebilizumab-amanitin,Inebilizumab amanitin,,B-lymphocyte antigen CD19 (CD19),,,,"LegoChem Biosciences, Inc",Investigative,Investigative,REFERENCE_UNCLASSIFIED,REFERENCE_CONFIRMED,1,nar_reference,,2026-09-01
NAR_DRG0MBBBD,ACTIVE,Anti-CD22-SN36248,Thio-hu antiCD22- (LC:K149C)-SN36248,,B-cell receptor CD22 (CD22),,,,,Investigative,Investigative,REFERENCE_UNCLASSIFIED,REFERENCE_CONFIRMED,1,nar_reference,,2026-09-01
NAR_DRG0MCPAF,ACTIVE,SIM-005A,SIM-005A; SIM 005A,,Undisclosed,,,,"Systimmune, Inc; Sichuan Baili Pharmaceutical Co., Ltd",Investigative,Investigative,REFERENCE_UNCLASSIFIED,REFERENCE_CONFIRMED,1,nar_reference,,2026-09-01
NAR_DRG0MCWQA,ACTIVE,Enapotamab vedotin,"AXL-107-MMAE; Enapotamab vedotin; HuMax-AXL; HuMax-AXL-ADC; HuMax-Axl-ADC, AXL-107-MMAE; Humax axl adc",,Tyrosine-protein kinase receptor UFO (AXL),MMAE (monomethyl auristatin E),valine-citrulline cleavable linker (typical),Cervical Cancer; Endometrial Cancer; Melanoma; Non Small Cell Lung Cancer (NSCLC); Ovarian Cancer; Sarcoma; Solid Tumors; Thyroid Cancer,Seagen Inc; Genmab A/S,Phase2,Phase 1/2 (Terminated),PRESUMED_ADC,MULTISOURCE_CONFIRMED,3,nar_reference; clinicaltrials; conference_abstract_corpus,,2026-09-01
NAR_DRG0MELRN,ACTIVE,BC2027,,,,,,,,Phase1,Phase 1,REFERENCE_UNCLASSIFIED,REFERENCE_CONFIRMED,1,nar_reference,NCT07368478,2026-09-01
NAR_DRG0MGBXM,ACTIVE,CD38-077,CD38 077; CD38077,,ADP-ribosyl cyclase/cyclic ADP-ribose hydrolase 1 (CD38),,,,Concortis Biosystems Corp,Investigative,Investigative,REFERENCE_UNCLASSIFIED,REFERENCE_CONFIRMED,1,nar_reference,,2026-09-01
NAR_DRG0MGUUX,ACTIVE,FDA-022,FDA 022; FDA-022; FDA022,,Receptor tyrosine-protein kinase erbB-2 (HER2),,,,"Shanghai Fudan Zhangjiang Bio Pharmaceutical Co., Ltd",Phase1,Phase 1,REFERENCE_UNCLASSIFIED,REFERENCE_CONFIRMED,1,nar_reference,NCT05564858,2026-09-01
NAR_DRG0MHAHZ,ACTIVE,Coltuximab ravtansine,"Anti-CD19 humanized monoclonal antibody conjugated to DM4; Anti-CD19-DM4 immunoconjugate; Coltuximab ravtansine; HUB4-DM4, SAR34 19; HuB4-DM4; Maytansin-loaded anti-CD19 mAb; SAR-3419; SAR3419",,B-lymphocyte antigen CD19 (CD19),,,,"ImmunoGen, Inc; Sanofi",Phase2,Phase 2 (Terminated),PRESUMED_ADC,MULTISOURCE_CONFIRMED,2,nar_reference; europe_pmc,,2026-09-01
NAR_DRG0MKREW,ACTIVE,SIM0505,,,,,,,,Phase1,Phase 1,PRESUMED_ADC,MULTISOURCE_CONFIRMED,2,nar_reference; conference_abstract_corpus,NCT06792552,2026-09-01
NAR_DRG0MKSMI,ACTIVE,CRB-2107,CRB2107; CRB 2107,,Undisclosed,,,,"China Resources Biopharmaceutical Co., Ltd",Investigative,Investigative,REFERENCE_UNCLASSIFIED,REFERENCE_CONFIRMED,1,nar_reference,,2026-09-01
NAR_DRG0MKVBS,ACTIVE,A1801,A 1801; A-1801,,Transmembrane glycoprotein NMB (GPNMB),,,,"Protheragen, Inc",Investigative,Investigative,REFERENCE_UNCLASSIFIED,REFERENCE_CONFIRMED,1,nar_reference,,2026-09-01
NAR_DRG0MLOQN,ACTIVE,NI-2201,NI 2201; NI2201,,B-lymphocyte antigen CD19 (CD19),,,,"Novimmune SA; LegoChem Biosciences, Inc; Berta Holding AG; Iksuda Therapeutics Ltd",Investigative,Investigative,REFERENCE_UNCLASSIFIED,REFERENCE_CONFIRMED,1,nar_reference,,2026-09-01
NAR_DRG0MMRSA,ACTIVE,DAN-222,,,,,,,,Phase1,Phase 1,REFERENCE_UNCLASSIFIED,REFERENCE_CONFIRMED,1,nar_reference,NCT05261269,2026-09-01
NAR_DRG0MOGWD,ACTIVE,Anvatabart pactil,Anvatabart pactil,,Receptor tyrosine-protein kinase erbB-2 (HER2),,,,,Investigative,Investigative,REFERENCE_UNCLASSIFIED,REFERENCE_CONFIRMED,1,nar_reference,,2026-09-01
NAR_DRG0MPDIB,ACTIVE,ABBV-154,ABBV 154; ABBV-154; ABBV154,,Tumor necrosis factor (TNF),,,,"AbbVie, Inc",Phase2,Phase 2 (Terminated),PRESUMED_ADC,MULTISOURCE_CONFIRMED,3,nar_reference; europe_pmc; pubmed,NCT04888585; NCT04972968; NCT05068284; NCT05556226,2026-09-01
NAR_DRG0MPTSO,ACTIVE,Trastuzumab-amanitin 1,Trastuzumab Amanitin1,,Receptor tyrosine-protein kinase erbB-2 (HER2),,,,Heidelberg Pharma AG,Investigative,Investigative,REFERENCE_UNCLASSIFIED,REFERENCE_CONFIRMED,1,nar_reference,,2026-09-01
NAR_DRG0MRJEG,ACTIVE,REGN5093-M114,METxMET ADC - Regeneron Pharmaceuticals; REGN 5093 M114; REGN5093- M114; REGN5093-M114; REGN5093M114,,Hepatocyte growth factor receptor (MET),,,,"Regeneron Pharmaceuticals, Inc",Phase2,Phase 1/2,PRESUMED_ADC,MULTISOURCE_CONFIRMED,4,nar_reference; clinicaltrials; conference_abstract_corpus; europe_pmc,,2026-09-01
NAR_DRG0MRYEL,ACTIVE,IKS-04,IKS 04; IKS04,,Undisclosed,,,,Iksuda Therapeutics Ltd,Investigative,Investigative,REFERENCE_UNCLASSIFIED,REFERENCE_CONFIRMED,1,nar_reference,,2026-09-01
NAR_DRG0MSOOX,ACTIVE,KH815,,,,,,,,Phase1,Phase 1,PRESUMED_ADC,MULTISOURCE_CONFIRMED,3,nar_reference; conference_abstract_corpus; conference_crossref_search,NCT06885645,2026-09-01
NAR_DRG0MSZBZ,ACTIVE,BB-1709,BB 1709; BB-1709; BB1709,,5'-nucleotidase (NT5E),,,,"Baili Sikang Biomedicine (Hangzhou) Co., Ltd",Phase1,Phase 1,REFERENCE_UNCLASSIFIED,REFERENCE_CONFIRMED,1,nar_reference,,2026-09-01
NAR_DRG0MSZNJ,ACTIVE,SHR-3792,,,,,,,,Phase1,Phase 1,REFERENCE_UNCLASSIFIED,REFERENCE_CONFIRMED,1,nar_reference,NCT06907628,2026-09-01
NAR_DRG0MTMQA,ACTIVE,M-1231,M 1231; M-1231; M1231,,Epidermal growth factor receptor (EGFR); Mucin-1 (MUC1),,,,"EMD Serono Research & Development Institute, Inc; The University of Texas MD Anderson Cancer Center; Sutro Biopharma, Inc",Phase1,Phase 1,PRESUMED_ADC,MULTISOURCE_CONFIRMED,2,nar_reference; clinicaltrials,,2026-09-01
NAR_DRG0MTUPD,ACTIVE,CytSCA208,Monoclonal antibody CA208-cytorhodin-S conjugate,,Pregnancy-specific beta-1-glycoprotein 2 (PSG2),,,,Aventis SA; Sanofi,Investigative,Investigative,REFERENCE_UNCLASSIFIED,REFERENCE_CONFIRMED,1,nar_reference,,2026-09-01
NAR_DRG0MUIQK,ACTIVE,LFD-200,,,,,,,,Phase1,Phase 1,REFERENCE_UNCLASSIFIED,REFERENCE_CONFIRMED,1,nar_reference,NCT07207954,2026-09-01
NAR_DRG0MWSEV,ACTIVE,NN-3201,NN 3201; NN-3201; NN3201,,Mast/stem cell growth factor receptor Kit (KIT),,,,"Novelty Nobility, Inc",Phase1,Phase 1,PRESUMED_ADC,MULTISOURCE_CONFIRMED,4,nar_reference; clinicaltrials; conference_abstract_corpus; europe_pmc,,2026-09-01
NAR_DRG0MXUQM,ACTIVE,MYX2449,MYX 2449; MYX2449,,Receptor tyrosine-protein kinase erbB-2 (HER2),,,,Myricx Pharma Ltd,Investigative,Investigative,REFERENCE_UNCLASSIFIED,REFERENCE_CONFIRMED,1,nar_reference,,2026-09-01
NAR_DRG0MYSHH,ACTIVE,Thio-Tmab-BMPEO-DM1,Thio-Tmab BMPEO DM1,,Receptor tyrosine-protein kinase erbB-2 (HER2),,,,"Genentech, Inc",Investigative,Investigative,REFERENCE_UNCLASSIFIED,REFERENCE_CONFIRMED,1,nar_reference,,2026-09-01
NAR_DRG0MZYPU,ACTIVE,Telimomab aritox,T101-RTA; T101RTA; T101 RTA,,T-cell surface glycoprotein CD5 (CD5),,,,,Investigative,Investigative,REFERENCE_UNCLASSIFIED,REFERENCE_CONFIRMED,1,nar_reference,,2026-09-01
NAR_DRG0NATHY,ACTIVE,LP-A18,Antibody drug conjugate Lantern Pharma; LPA18; LP A18,,Undisclosed,,,,"Lantern Pharma, Inc",Investigative,Investigative,REFERENCE_UNCLASSIFIED,REFERENCE_CONFIRMED,1,nar_reference,,2026-09-01
NAR_DRG0NDFLP,ACTIVE,OXS-1650,,,,,,,,Phase1,Phase 1,REFERENCE_UNCLASSIFIED,REFERENCE_CONFIRMED,1,nar_reference,,2026-09-01
NAR_DRG0NDSLT,ACTIVE,DYNE-301,DYNE301; DYNE 301; Facioscapulohumeral muscular dystrophy therapy-Dyne Therapeutics; FORCE-FM10,,Double homeobox protein 4 (DUX4),,,,"Dyne Therapeutics, Inc",Investigative,Investigative,REFERENCE_UNCLASSIFIED,REFERENCE_CONFIRMED,1,nar_reference,,2026-09-01
NAR_DRG0NDXRU,ACTIVE,Belantamab mafodotin,GSK-2857916; GSK'916; GSK2857916; J6M0-mcMMAF; anti-BCMA-ADC; Belamaf; belantamab mafodotin-blmf,,Tumor necrosis factor receptor superfamily member 17 (TNFRSF17),MMAF (monomethyl auristatin F),maleimidocaproyl non-cleavable linker (typical),"AL Amyloidosis; Amyloidosis; Anaplastic Lymphoma Kinase Positive Large B-Cell Lymphoma; Autoimmune Diseases; Blood Protein Disorders; Corneal Cyst; Corneal Disease; Corneal Diseases; Gammopathy, Monoclonal; Haematologic Disease; Multiple Myeloma; Multiple Myeloma in Relapse; Multiple Myeloma, Refractory; Myeloma; Myeloma Multiple; Neoplasm, Plasma Cell; Neoplasms; Neoplasms, Plasma Cell; Newly Diagnosed Multiple Myeloma; Paraproteinemias; Plasma Cell Myeloma; Plasma Cell Myeloma Refractory; Primary Immune Thrombocytopenia (ITP); RELAPSED AND/OR REFRACTORY MULTIPLE MYELOMA; Recurrent Multiple Myeloma; Recurrent Plasma Cell Myeloma; Refractory Multiple Myeloma; Refractory Plasma Cell Myeloma; Refractory Plasmablastic Lymphoma; Relapse Multiple Myeloma; Relapsed / Refractory Multiple Myeloma; Relapsed Cancer; Relapsed Multiple Myeloma; Relapsed Plasmablastic Lymphoma; Relapsed Refractory Multiple Myeloma; Relapsed and/or Refractory Multiple Myeloma; Relapsed/ Refractory Multiple Myeloma; Relapsed/Refractory Multiple Myeloma",GSK Plc; GlaxoSmithKline (Ireland) Ltd; Glaxosmithkline Intellectual Property Development Ltd,Approved,"Approved (FDA): Aug, 2020",STRICT_ADC,MULTISOURCE_CONFIRMED,3,nar_reference; configs/known_adc_assets.yaml; clinicaltrials,NCT02064387; NCT03769506,2026-09-01
NAR_DRG0NELLD,ACTIVE,<sup>111</sup>In-DTPA-D2B-DAR4-MMAE,,,,,,,,Investigative,Investigative,REFERENCE_UNCLASSIFIED,REFERENCE_CONFIRMED,1,nar_reference,,2026-09-01
NAR_DRG0NEMOV,ACTIVE,Losatuxizumab vedotin,ABBV 224; ABBV-221; ABBV221; Losatuxizumab vedotin,,Epidermal growth factor receptor (EGFR),,,,"AbbVie, Inc",Phase1,Phase 1 (Terminated),PRESUMED_ADC,MULTISOURCE_CONFIRMED,3,nar_reference; conference_abstract_corpus; europe_pmc,NCT02365662,2026-09-01
NAR_DRG0NFTVD,ACTIVE,APN-959038,APN959038; APN 959038,,Transmembrane protein (novel epitope),,,,"Atreca, Inc",Investigative,Investigative,REFERENCE_UNCLASSIFIED,REFERENCE_CONFIRMED,1,nar_reference,,2026-09-01
NAR_DRG0NGDCM,ACTIVE,SKB445,,,,,,,,Phase1,Phase 1,REFERENCE_UNCLASSIFIED,REFERENCE_CONFIRMED,1,nar_reference,NCT06826040,2026-09-01
NAR_DRG0NKUQA,ACTIVE,JS114,JS 114; JS-114,,Nectin-4 (NECTIN4),,,,"Shanghai Junshi Biosciences Co., Ltd",Investigative,Investigative,REFERENCE_UNCLASSIFIED,REFERENCE_CONFIRMED,1,nar_reference,,2026-09-01
NAR_DRG0NLEYN,ACTIVE,Tra-IR700,Trastuzumab-IR700,,Receptor tyrosine-protein kinase erbB-2 (HER2),,,,"Rakuten Medical, Inc",Investigative,Investigative,REFERENCE_UNCLASSIFIED,REFERENCE_CONFIRMED,1,nar_reference,,2026-09-01
NAR_DRG0NMCNK,ACTIVE,ZV0203,Recombinant anti-EGFR monoclonal antibody- DUO5 conjugate; ZV 0201; ZV 0203; ZV-0201; ZV-0203; ZV0201; ZV0203; ZV0203-ADC; ADC-2122; ADC 2122; ADC2122,,Receptor tyrosine-protein kinase erbB-2 (HER2),,,,"Zhejiang Hisun Pharmaceutical Co., Ltd; Zhejiang Zova Biotherapeutics Inc",Phase1,Phase 1,REFERENCE_UNCLASSIFIED,REFERENCE_CONFIRMED,1,nar_reference,,2026-09-01
NAR_DRG0NMCNN,ACTIVE,SGN-CD48A,,,,,,,,Phase1,Phase 1,REFERENCE_UNCLASSIFIED,REFERENCE_CONFIRMED,1,nar_reference,,2026-09-01
NAR_DRG0NMRNE,ACTIVE,KSI-601,KSI 601; KSI601,,Vascular endothelial growth factor A (VEGFA),,,,"Kodiak Sciences, Inc",Investigative,Investigative,REFERENCE_UNCLASSIFIED,REFERENCE_CONFIRMED,1,nar_reference,,2026-09-01
NAR_DRG0NNKAQ,ACTIVE,Ifinatamab deruxtecan,DS 7300; DS-7300; DS-7300a; DS7300; Ifinatamab deruxtecan; I-DXd,,CD276 antigen (CD276),an exatecan derivative (topoisomerase-1 inhibitor),cleavable GGFG peptide linker (typical),"Carcinoma, Non-Small-Cell Lung; Extensive Stage-small Cell Lung Cancer; Extensive-stage Small-cell Lung Cancer; Malignant Neoplasm; Neuroendocrine Carcinoma; Small Cell Lung Cancer; Small-Cell Lung Cancer","Daiichi Sankyo Co., Ltd",Phase3,Phase 3,PRESUMED_ADC,MULTISOURCE_CONFIRMED,5,nar_reference; clinicaltrials; conference_abstract_corpus; europe_pmc; pubmed,NCT04145622; NCT05280470,2026-09-01
NAR_DRG0NNNWR,ACTIVE,EX108,EX 108; EX-108,,Undisclosed,,,,Excelmab Inc,Investigative,Investigative,REFERENCE_UNCLASSIFIED,REFERENCE_CONFIRMED,1,nar_reference,,2026-09-01
NAR_DRG0NOFEI,ACTIVE,BB-1712,,,,,,,,Phase1,Phase 1,PRESUMED_ADC,MULTISOURCE_CONFIRMED,2,nar_reference; conference_abstract_corpus,,2026-09-01
NAR_DRG0NOYME,ACTIVE,NW-001,NW001; NW 001,,Undisclosed,,,,"Shenzhen Chipscreen Biosciences Co., Ltd",Investigative,Investigative,REFERENCE_UNCLASSIFIED,REFERENCE_CONFIRMED,1,nar_reference,,2026-09-01
NAR_DRG0NTFBR,ACTIVE,MEDI-3726,ADCT 401; ADCT-401; MEDI 3726; MEDI-3726; MEDI3 726 (forme rly ADCT-401); MEDI3726,,Glutamate carboxypeptidase 2 (FOLH1),,,,MedImmune LLC; AstraZeneca PLC,Phase1,Phase 1 (Terminated),PRESUMED_ADC,MULTISOURCE_CONFIRMED,3,nar_reference; conference_abstract_corpus; europe_pmc,NCT02991911,2026-09-01
NAR_DRG0NWBIQ,ACTIVE,HY-0001,HY 0001; HY0001,,Undisclosed,,,,"Sichuan Huiyu Pharmaceutical Co., Ltd",Investigative,Investigative,REFERENCE_UNCLASSIFIED,REFERENCE_CONFIRMED,1,nar_reference,,2026-09-01
NAR_DRG0NXVNX,ACTIVE,PNU-159682-P1C1TM,,,,,,,,Phase1,Phase 1,REFERENCE_UNCLASSIFIED,REFERENCE_CONFIRMED,1,nar_reference,,2026-09-01
NAR_DRG0NZUKF,ACTIVE,WTX-212,,,,,,,,Phase1,Phase 1,REFERENCE_UNCLASSIFIED,REFERENCE_CONFIRMED,1,nar_reference,,2026-09-01
NAR_DRG0NZUZJ,ACTIVE,CX-2051,CX 2051; CX2051,,Epithelial cell adhesion molecule (EPCAM),,,,"CytomX Therapeutics, Inc",Phase1,Phase 1,REFERENCE_UNCLASSIFIED,REFERENCE_CONFIRMED,1,nar_reference,,2026-09-01
NAR_DRG0OAWRK,ACTIVE,SHR-A1403,"HTI 1066; HTI-1066; SHR A1403; SHR-A1403; SHR-A1403, HTI-1066; SHRA1403",,Hepatocyte growth factor receptor (MET),,,,"Jiangsu Hengrui Pharmaceuticals Co., Ltd; Shanghai Hengrui Pharmaceutical Co., Ltd",Phase1,Phase 1 (Terminated),PRESUMED_ADC,MULTISOURCE_CONFIRMED,2,nar_reference; europe_pmc,NCT03856541,2026-09-01
NAR_DRG0ODFEJ,ACTIVE,EGFR-EDV-RRM1,,,,,,,,Phase1,Phase 1,REFERENCE_UNCLASSIFIED,REFERENCE_CONFIRMED,1,nar_reference,,2026-09-01
NAR_DRG0OGZEE,ACTIVE,Mirzotamab clezutoclax,ABBV-155; ABBV 155; ABBV155,,CD276 antigen (CD276),,,,"AbbVie, Inc",Phase1,Phase 1,PRESUMED_ADC,MULTISOURCE_CONFIRMED,2,nar_reference; conference_crossref_search,,2026-09-01
NAR_DRG0OJHEN,ACTIVE,AVID-100,AVID 100; AVID-100; AVID100,,Epidermal growth factor receptor (EGFR),,,,Bristol Myers Squibb Co; Formation Biologics,Phase2,Phase 1/2 (Terminated),PRESUMED_ADC,MULTISOURCE_CONFIRMED,2,nar_reference; conference_abstract_corpus,NCT03094169,2026-09-01
NAR_DRG0OMIWX,ACTIVE,BA1301,,,,,,,,Phase1,Phase 1,PRESUMED_ADC,MULTISOURCE_CONFIRMED,2,nar_reference; conference_abstract_corpus,,2026-09-01
NAR_DRG0OMORU,ACTIVE,FZ-AD004,FZ AD004; FZ-AD004; FZAD004,,Tumor-associated calcium signal transducer 2 (TROP2),,,,"Shanghai Fudan Zhangjiang Bio Pharmaceutical Co., Ltd",Phase1,Phase 1,REFERENCE_UNCLASSIFIED,REFERENCE_CONFIRMED,1,nar_reference,,2026-09-01
NAR_DRG0OMVBK,ACTIVE,Azintuxizumab vedotin,ABBV 838; ABBV-838; ABBV838; Azintuxizumab vedotin,,SLAM family member 7 (SLAMF7),,,,"AbbVie, Inc",Phase1,Phase 1 (Terminated),PRESUMED_ADC,MULTISOURCE_CONFIRMED,3,nar_reference; clinicaltrials; europe_pmc,NCT02462525; NCT02951117,2026-09-01
NAR_DRG0ONAEP,ACTIVE,BRY811,BRY-811; BRY 811,,Undisclosed,,,,"BioRay Biopharmaceutical Co., Ltd",Investigative,Investigative,REFERENCE_UNCLASSIFIED,REFERENCE_CONFIRMED,1,nar_reference,,2026-09-01
NAR_DRG0ONNVN,ACTIVE,PSM-101,PSM 101; PSM101,,Undisclosed,,,,"PrecisemAb Biotech Co., Ltd",Investigative,Investigative,REFERENCE_UNCLASSIFIED,REFERENCE_CONFIRMED,1,nar_reference,,2026-09-01
NAR_DRG0OOMJM,ACTIVE,Basiliximab sarotalocan,Basiliximab sarotalocan,,Interferon-stimulated gene 20 kDa protein (ISG20),,,,,Investigative,Investigative,REFERENCE_UNCLASSIFIED,REFERENCE_CONFIRMED,1,nar_reference,,2026-09-01
NAR_DRG0OOXRC,ACTIVE,XNW-28012,XNW 28012; XNW28012,,Undisclosed,,,,"Suzhou Sinovent Pharmaceuticals Co.,Ltd; Shanghai Sinovent Biopharmaceutical Co., Ltd",Investigative,Investigative,PRESUMED_ADC,MULTISOURCE_CONFIRMED,2,nar_reference; conference_abstract_corpus,,2026-09-01
NAR_DRG0OPFVY,ACTIVE,Samrotamab vedotin,ABBV 085; ABBV-085; ABBV085; PR-1498487-MMAE; Samrotamab vedotin,,Leucine-rich repeat-containing protein 15 (LRRC15),,,,"AbbVie, Inc",Phase1,Phase 1 (Terminated),PRESUMED_ADC,MULTISOURCE_CONFIRMED,4,nar_reference; clinicaltrials; conference_abstract_corpus; europe_pmc,NCT02565758,2026-09-01
NAR_DRG0OPGMW,ACTIVE,Recombinant chimeric anti-CD30 mAb-MCC-DM1,,,,,,,,Phase1,Phase 1,REFERENCE_UNCLASSIFIED,REFERENCE_CONFIRMED,1,nar_reference,,2026-09-01
NAR_DRG0ORDYU,ACTIVE,LIN-002,AF-Lx-trastuzumab; Auristatin-F-Lx-trastuzumab; trastuzumab-Lx-AF; LIN 002; LIN002,,Receptor tyrosine-protein kinase erbB-2 (HER2),,,,LinXis B.V,Investigative,Investigative,REFERENCE_UNCLASSIFIED,REFERENCE_CONFIRMED,1,nar_reference,,2026-09-01
NAR_DRG0OTOJV,ACTIVE,IKS-03,IKS 03; IKS-03; IKS03; LCB-73; LCB 73; LCB73; NI-2201; NI 2201; NI2201,,B-lymphocyte antigen CD19 (CD19),,,,Iksuda Therapeutics Ltd,Phase1,Phase 1,REFERENCE_UNCLASSIFIED,REFERENCE_CONFIRMED,1,nar_reference,,2026-09-01
NAR_DRG0OUXWT,ACTIVE,Rolinsatamab talirine,ABBV 176; ABBV-176; ABV176; DC-1630993; Rolinsatamab talirine; h16f,,Prolactin receptor (PRLR),,,,"AbbVie, Inc",Phase1,Phase 1 (Terminated),PRESUMED_ADC,MULTISOURCE_CONFIRMED,2,nar_reference; europe_pmc,NCT03145909,2026-09-01
NAR_DRG0OVMJM,ACTIVE,PRN 222,PRN-222; PRN222,,Epidermal growth factor receptor (EGFR); Receptor tyrosine-protein kinase erbB-3 (HER3),,,,ProEn Therapeutics Inc,Investigative,Investigative,REFERENCE_UNCLASSIFIED,REFERENCE_CONFIRMED,1,nar_reference,,2026-09-01
NAR_DRG0OVQWP,ACTIVE,HDM2024,,,,,,,,Phase1,Phase 1,REFERENCE_UNCLASSIFIED,REFERENCE_CONFIRMED,1,nar_reference,,2026-09-01
NAR_DRG0OWHOL,ACTIVE,<sup>89</sup>Zr-DFO-T-DM1,,,,,,,,Investigative,Investigative,REFERENCE_UNCLASSIFIED,REFERENCE_CONFIRMED,1,nar_reference,,2026-09-01
NAR_DRG0OYGNU,ACTIVE,KIVU-107,,,,,,,,Phase1,Phase 1,PRESUMED_ADC,MULTISOURCE_CONFIRMED,2,nar_reference; conference_abstract_corpus,NCT07229313,2026-09-01
NAR_DRG0OZSZX,ACTIVE,Upifitamab rilsodotin,UpRi; Upifitamab rilsodotin; XMT 1536; XMT-1536; XMT1536,,Sodium-dependent phosphate transport protein 2B (SLC34A2),,,,"Mersana Therapeutics, Inc",Phase3,Phase 3,PRESUMED_ADC,MULTISOURCE_CONFIRMED,3,nar_reference; conference_abstract_corpus; europe_pmc,NCT03319628; NCT04907968; NCT05329545,2026-09-01
NAR_DRG0PCDHO,ACTIVE,LY4175408,,,,,,,,Phase1,Phase 1,PRESUMED_ADC,MULTISOURCE_CONFIRMED,2,nar_reference; clinicaltrials,NCT07046923,2026-09-01
NAR_DRG0PCGKN,ACTIVE,hu5B1-TCO,,,,,,,,Phase1,Phase 1,REFERENCE_UNCLASSIFIED,REFERENCE_CONFIRMED,1,nar_reference,NCT05737615,2026-09-01
NAR_DRG0PDZSX,ACTIVE,3-NAntC,3-NAnTc-sdAb; 3 NAntC; 3NAntC,,Undisclosed,,,,,Investigative,Investigative,REFERENCE_UNCLASSIFIED,REFERENCE_CONFIRMED,1,nar_reference,,2026-09-01
NAR_DRG0PEVVH,ACTIVE,FDA-018,FDA-018; FDA018; FDA018 Antibody Drug Cojugate; F0024,,Tumor-associated calcium signal transducer 2 (TROP2),,,,"Shanghai Fudan Zhangjiang Bio Pharmaceutical Co., Ltd",Phase3,Phase 3,PRESUMED_ADC,MULTISOURCE_CONFIRMED,4,nar_reference; europe_pmc; pubmed; conference_abstract_corpus,NCT05174637,2026-09-01
NAR_DRG0PFKFR,ACTIVE,Pinatuzumab vedotin,"ACD22-VCMMAE; Anti-CD22-ADC; Anti-CD22-MCC-DM1; DCDT 2980S ADC; DCDT 2980S antibody-drug conjugate; DCDT-2980S; DCDT2980S; FCU-2703; Pinatuzumab vedotin; RG-7593; RG7593, DCDT2 980S; RO-5541072; RO-5541072-000",,B-cell receptor CD22 (CD22),MMAE (monomethyl auristatin E),valine-citrulline cleavable linker (typical),Diffuse Large B-Cell Lymphoma; Follicular Lymphoma,"Genentech, Inc",Phase1,Phase 1 (Terminated),PRESUMED_ADC,MULTISOURCE_CONFIRMED,3,nar_reference; clinicaltrials; europe_pmc,NCT01209130; NCT01691898,2026-09-01
NAR_DRG0PFQKN,ACTIVE,EDC-2,EDC2; EDC 2; extracellular drug conjugate-2; extracellular drug conjugate-2 (Centrose),,Basigin (BSG),,,,Centrose LLC,Investigative,Investigative,REFERENCE_UNCLASSIFIED,REFERENCE_CONFIRMED,1,nar_reference,,2026-09-01
NAR_DRG0PGRFM,ACTIVE,BCG-011,BCG011; BCG 011,,Tumor-associated calcium signal transducer 2 (TROP2); Epidermal growth factor receptor (EGFR),,,,"Biocytogen Pharmaceuticals (Beijing) Co., Ltd",Investigative,Investigative,REFERENCE_UNCLASSIFIED,REFERENCE_CONFIRMED,1,nar_reference,,2026-09-01
NAR_DRG0PGYJL,ACTIVE,IPH43,IPH-43; IPH 43,,MHC class I polypeptide-related sequence A (MICA),,,,Innate Pharma SA; AstraZeneca PLC,Investigative,Investigative,REFERENCE_UNCLASSIFIED,REFERENCE_CONFIRMED,1,nar_reference,,2026-09-01
NAR_DRG0PHKMG,ACTIVE,TORL-4-500,TORL-4-500; TORL 4 500; TORL4500,,Protein delta homolog 1 (DLK1),,,,TORL Biotherapeutics LLC,Phase1,Phase 1,REFERENCE_UNCLASSIFIED,REFERENCE_CONFIRMED,1,nar_reference,,2026-09-01
NAR_DRG0PKYBF,ACTIVE,N01-OX2,N01 OX2; N01OX2; IN-N01-OX2; IN N01 OX2,,Melatonin receptor type 1A (MTNR1A),,,,"Intellect Neurosciences, Inc",Investigative,Investigative,REFERENCE_UNCLASSIFIED,REFERENCE_CONFIRMED,1,nar_reference,,2026-09-01
NAR_DRG0PLPNX,ACTIVE,SGN-ALPV,SGN-ALPV; SGN ALPV; SGNALPV,,"Alkaline phosphatase, germ cell type (ALPG); Alkaline phosphatase, placental type (ALPP)",,,,Seagen Inc,Phase1,Phase 1 (Terminated),REFERENCE_UNCLASSIFIED,REFERENCE_CONFIRMED,1,nar_reference,NCT05229900,2026-09-01
NAR_DRG0PNJIT,ACTIVE,Tisotumab vedotin,HuMax-TF-ADC; Tisotumab vedotin; GCT1015-04; IGG1-1015-011-1006; TF-011-MMAE; WHO 10148; Humax TF ADC; HuMax-TF; HuMax-TF-ADC,,Tissue factor (F3),MMAE (monomethyl auristatin E),valine-citrulline cleavable linker (typical),"Bladder Cancer; Breast Cancer; Carcinoma, Non-Small-Cell Lung; Carcinoma, Squamous Cell of Head and Neck; Cervical Cancer; Cervix Cancer; Colo-rectal Cancer; Colorectal Neoplasms; Endometrium Cancer; Esophagus Cancer; Exocrine Pancreatic Cancer; Fallopian Tube Cancer; Lung Cancer (NSCLC); Lung Cancer (Non-Small Cell); Lung Cancer(NSCLC); Lung Cancer, Nonsmall Cell; Metastatic Breast Cancer ( HER2 Negative); Ovarian Cancer; Ovary Cancer; Pancreas Cancer, Duct Cell Adenocarcinoma; Peritoneal Cancer; Prostate Cancer; Prostate Cancer (CRPC); Prostate Cancer Castration-resistant Prostate Cancer; Recurrent or Metastatic Vulvar Cancer; Solid Malignancies; Solid Tumor; Squamous Cell Carcinoma Vulva; Squamous Cell Carcinoma of the Head and Neck; Squamous Cell Carcinoma of the Head and Neck (SCCHN); Upper Tract Urothelial Carcinoma; Vulvar Carcinoma; ctDNA","Seagen Inc; Genmab A/S; Zai Lab Ltd; Rps Medical Technology (Beijing) Co., Ltd",Approved,"Approved (FDA): Sep 22, 2021",STRICT_ADC,MULTISOURCE_CONFIRMED,3,nar_reference; configs/known_adc_assets.yaml; clinicaltrials,NCT02001623; NCT02552121; NCT03245736; NCT03438396; NCT03485209; NCT03657043; NCT03786081; NCT03913741; NCT04697628,2026-09-01
NAR_DRG0PPLJW,ACTIVE,Y-TR1 SPDP,Y-TR1-SPDP,,Dipeptidyl peptidase 4 (DPP4),,,,,Investigative,Investigative,REFERENCE_UNCLASSIFIED,REFERENCE_CONFIRMED,1,nar_reference,,2026-09-01
NAR_DRG0PPLRQ,ACTIVE,GENA-111-AF,GENA-111 AF; GENA-111AF; GENA-111-ADC; GENA-111 ADC,,Tumor necrosis factor receptor superfamily member 17 (TNFRSF17),,,,Genome & Co,Investigative,Investigative,REFERENCE_UNCLASSIFIED,REFERENCE_CONFIRMED,1,nar_reference,,2026-09-01
NAR_DRG0PQJDH,ACTIVE,MEDI-2228,MEDI 2228; MEDI-2228; MEDI2 228; MEDI2228,,Tumor necrosis factor receptor superfamily member 17 (TNFRSF17),,,,MedImmune LLC; AstraZeneca PLC,Phase1,Phase 1 (Terminated),PRESUMED_ADC,MULTISOURCE_CONFIRMED,2,nar_reference; europe_pmc,NCT03489525,2026-09-01
NAR_DRG0PRKPN,ACTIVE,VL-DAB31-SN38,VL DAB31 SN38,,Undisclosed,,,,,Investigative,Investigative,REFERENCE_UNCLASSIFIED,REFERENCE_CONFIRMED,1,nar_reference,,2026-09-01
NAR_DRG0PSWNN,ACTIVE,SIBP-A18,,,,,,,,Phase1,Phase 1,REFERENCE_UNCLASSIFIED,REFERENCE_CONFIRMED,1,nar_reference,NCT06985368,2026-09-01
NAR_DRG0PULZQ,ACTIVE,YL201,,,,,,,,Phase3,Phase 3,PRESUMED_ADC,MULTISOURCE_CONFIRMED,3,nar_reference; conference_crossref_search; europe_pmc,,2026-09-01
NAR_DRG0PWAOJ,ACTIVE,SGN-CD228A,Anti-CD228-MMAE; SGN CD228A; SGN-CD228A; anti-CD228 antibody-drug conjugate,,Melanotransferrin (MELTF),,,,Seagen Inc,Phase1,Phase 1 (Terminated),REFERENCE_UNCLASSIFIED,REFERENCE_CONFIRMED,1,nar_reference,NCT04042480,2026-09-01
NAR_DRG0PXBVI,ACTIVE,RC68-PY-Val-Cit-PABC-MMAE,RC68 PY VC PAB MMAE,,Epidermal growth factor receptor (EGFR),,,,"RemeGen Co., Ltd",Investigative,Investigative,REFERENCE_UNCLASSIFIED,REFERENCE_CONFIRMED,1,nar_reference,,2026-09-01
NAR_DRG0PXQWR,ACTIVE,Depatuxizumab mafodotin,ABT-414; ABT-414/806; Depatux-M; Depatuxizumab mafodotin,,Epidermal growth factor receptor (EGFR),MMAF (monomethyl auristatin F),maleimidocaproyl non-cleavable linker (typical),Glioblastoma; Glioblastoma Multiforme; Gliosarcoma,"AbbVie, Inc",Phase2,Phase 1/2 (Terminated),PRESUMED_ADC,MULTISOURCE_CONFIRMED,4,nar_reference; clinicaltrials; conference_abstract_corpus; europe_pmc,,2026-09-01
NAR_DRG0QAHFT,ACTIVE,DS3610,,,,,,,,Phase1,Phase 1,REFERENCE_UNCLASSIFIED,REFERENCE_CONFIRMED,1,nar_reference,NCT07159126,2026-09-01
NAR_DRG0QBQKB,ACTIVE,EBC-129,EBC 129; EBC-129; EBC129,,Carcinoembryonic antigen-related cell adhesion molecule 5 (CEACAM5); Carcinoembryonic antigen-related cell adhesion molecule 6 (CEACAM6),,,,"Experimental Drug Development Centre, PAREXEL International Corp",Phase1,Phase 1,REFERENCE_UNCLASSIFIED,REFERENCE_CONFIRMED,1,nar_reference,,2026-09-01
NAR_DRG0QCCTW,ACTIVE,KM501,KM 501; KM-501; KM501; Recombinant anti-HER2 domain II and domain IV bispecific antibody-MMAE conjugate (Xuanzhu); XZP-KM501,,Receptor tyrosine-protein kinase erbB-2 (HER2 ECD2); Receptor tyrosine-protein kinase erbB-2 (HER2 ECD4),,,,"Xuanzhu Biopharmaceutical Co., Ltd",Phase1,Phase 1,REFERENCE_UNCLASSIFIED,REFERENCE_CONFIRMED,1,nar_reference,,2026-09-01
NAR_DRG0QDCHN,ACTIVE,PRO-1160,PRO 1160; PRO-1160; PRO1160,,CD70 antigen (CD70),,,,"ProfoundBio (Suzhou) Co., Ltd",Phase2,Phase 1/2,PRESUMED_ADC,MULTISOURCE_CONFIRMED,3,nar_reference; conference_abstract_corpus; europe_pmc,NCT05721222,2026-09-01
NAR_DRG0QEAUM,ACTIVE,RG7787,RG 7787; RG-7787,,Mesothelin (MSLN),,,,,Investigative,Investigative,REFERENCE_UNCLASSIFIED,REFERENCE_CONFIRMED,1,nar_reference,,2026-09-01
NAR_DRG0QEUVQ,ACTIVE,BSC-4201,BSC4201; BSC 4201,,Undisclosed,,,,BiSiChem Co. Ltd,Investigative,Investigative,REFERENCE_UNCLASSIFIED,REFERENCE_CONFIRMED,1,nar_reference,,2026-09-01
NAR_DRG0QFDKM,ACTIVE,RAD-502,RAD 502; RAD502; Lutetium-177 labeled humanized monoclonal antibody targeting leucine rich repeat containing 15 (LRRC15),,Leucine-rich repeat-containing protein 15 (LRRC15),,,,Radiopharm Theranostics Ltd,Investigative,Investigative,REFERENCE_UNCLASSIFIED,REFERENCE_CONFIRMED,1,nar_reference,,2026-09-01
NAR_DRG0QIJRR,ACTIVE,IMB-201,Antibody-drug conjugates (ImmunoBiochem); IMB 201; IMB201,,"HLA class I histocompatibility antigen, alpha chain G (HLA-G)",,,,ImmunoBiochem Corp,Investigative,Investigative,PRESUMED_ADC,MULTISOURCE_CONFIRMED,2,nar_reference; conference_abstract_corpus,,2026-09-01
NAR_DRG0QMIBK,ACTIVE,FOR-46,Anti-CD46 antibody drug conjugate; FOR 46; FOR-46; FOR46; FG-3246; FG 3246; FG3246,,Membrane cofactor protein (CD46),,,,"University of California San Diego; Fortis Therapeutics, Inc",Phase2,Phase 2,PRESUMED_ADC,MULTISOURCE_CONFIRMED,2,nar_reference; clinicaltrials,NCT03575819; NCT03650491; NCT05011188,2026-09-01
NAR_DRG0QNWFH,ACTIVE,CBP-1609,CBP1609; CBP 1609,,Undisclosed,,,,Coherent Biopharma Suzhou Co. Ltd,Investigative,Investigative,REFERENCE_UNCLASSIFIED,REFERENCE_CONFIRMED,1,nar_reference,,2026-09-01
NAR_DRG0QODVX,ACTIVE,16A5-MCC-DM1,,,,,,,,Phase1,Phase 1,REFERENCE_UNCLASSIFIED,REFERENCE_CONFIRMED,1,nar_reference,,2026-09-01
NAR_DRG0QOWCK,ACTIVE,NV101,BV101; NV 101; anti-CD99-doxorubicin ADC (Nanovalent); Dox-anti-CD99; NV-101,,CD99 antigen (CD99),,,,"NanoValent Pharmaceuticals, Inc",Investigative,Investigative,REFERENCE_UNCLASSIFIED,REFERENCE_CONFIRMED,1,nar_reference,,2026-09-01
NAR_DRG0QQETS,ACTIVE,BDB-101,BDB101; BDB 101,,Programmed cell death 1 ligand 1 (CD274),,,,Seven And Eight Biopharmaceuticals Inc,Investigative,Investigative,REFERENCE_UNCLASSIFIED,REFERENCE_CONFIRMED,1,nar_reference,,2026-09-01
NAR_DRG0QQSDO,ACTIVE,SGN-PDL1V,PF-08046054; SGN PDL1V; SGN-PDL1V; SGNPDL1V,,Programmed cell death 1 ligand 1 (CD274),,,,Seagen Inc,Phase3,Phase 3,REFERENCE_UNCLASSIFIED,REFERENCE_CONFIRMED,1,nar_reference,NCT05208762,2026-09-01
NAR_DRG0QQUXG,ACTIVE,SMP-656,SMP 656; SMP-656; SMP656,,Receptor tyrosine-protein kinase erbB-2 (HER2),,,,"Xiling Lab Pharmaceutical Co., Ltd",Phase1,Phase 1,PRESUMED_ADC,MULTISOURCE_CONFIRMED,2,nar_reference; conference_abstract_corpus,,2026-09-01
NAR_DRG0QRDUT,ACTIVE,AGS-16C3F,AGS 16C3F; AGS-16C3F; AGS-16F; AGS-16M8F; AGS16C3F; Anti-ENPP3-MMAF,,Ectonucleotide pyrophosphatase/phosphodiesterase family member 3 (ENPP3),,,,"Agensys, Inc; Astellas Pharma, Inc",Phase2,Phase 2 (Terminated),REFERENCE_UNCLASSIFIED,REFERENCE_CONFIRMED,1,nar_reference,NCT01672775; NCT02639182,2026-09-01
NAR_DRG0QRLPU,ACTIVE,LCB17-0877,,,,,,,,Phase1,Phase 1,REFERENCE_UNCLASSIFIED,REFERENCE_CONFIRMED,1,nar_reference,,2026-09-01
NAR_DRG0QRTNX,ACTIVE,BioLink018,,,,,,,,Phase1,Phase 1,REFERENCE_UNCLASSIFIED,REFERENCE_CONFIRMED,1,nar_reference,,2026-09-01
NAR_DRG0QTTET,ACTIVE,BSA01,BSA 01; BSA-01,,Epidermal growth factor receptor (EGFR); Mucin-1 (MUC1),,,,"Biocytogen Pharmaceuticals (Beijing) Co., Ltd",Investigative,Investigative,REFERENCE_UNCLASSIFIED,REFERENCE_CONFIRMED,1,nar_reference,,2026-09-01
NAR_DRG0QTTWI,ACTIVE,Praluzatamab ravtansine,Anti-CD166-DM4-CX-2009; Anti-cd166 probody-drug conjugate cx-2009; CD166 Probody Drug Conjugate; CD166 probody drug conjugate; CX-2009; Praluzatamab ravtansine,,CD166 antigen (ALCAM),,,,"ImmunoGen, Inc; CytomX Therapeutics, Inc",Phase2,Phase 2,PRESUMED_ADC,MULTISOURCE_CONFIRMED,2,nar_reference; europe_pmc,NCT03149549,2026-09-01
NAR_DRG0QWZIT,ACTIVE,Polatuzumab vedotin,Polatuzumab vedotin-piic; DCDS4501A; DCDS4501S; FCU-2711; RG-7596; RO-5541077-000; RO5541077; 1313206-42-6; anti-CD79b-VC-MMAE,,B-cell antigen receptor complex-associated protein beta chain (CD79B),MMAE (monomethyl auristatin E),valine-citrulline cleavable linker (typical),"ALK-Positive Large B-Cell Lymphoma; Aggressive B-Cell Lymphoma; Aggressive Non-Hodgkin Lymphoma; Ann Arbor Stage II Diffuse Large B-Cell Lymphoma; Ann Arbor Stage II Follicular Lymphoma; Ann Arbor Stage II Marginal Zone Lymphoma; Ann Arbor Stage III Diffuse Large B-Cell Lymphoma; Ann Arbor Stage III Follicular Lymphoma; Ann Arbor Stage III Marginal Zone Lymphoma; Ann Arbor Stage IV Diffuse Large B-Cell Lymphoma; Ann Arbor Stage IV Follicular Lymphoma; Ann Arbor Stage IV Marginal Zone Lymphoma; B-Cell Lymphoma; B-Cell Non-Hodgkin Lymphoma; B-cell Lymphoma; B-cell Non-Hodgkin Lymphoma; Bispecific Antibody; Burkitt Lymphoma; CNS Lymphoma; Cardiotoxicity; Chemo-free Therapy; Chronic Lymphocytic Leukemia; DLBCL; DLBCL - Diffuse Large B Cell Lymphoma; Diffuse Large B Cell Lymphoma; Diffuse Large B Cell Lymphoma (DLBCL); Diffuse Large B-Cell Lymphoma; Diffuse Large B-Cell Lymphoma (DLBCL); Diffuse Large B-Cell Lymphoma Unclassifiable; Diffuse Large B-Cell Lymphoma, Not Otherwise Specified; Diffuse Large B-cell Lymphoma; Diffuse Large B-cell Lymphoma (DLBCL); Diffuse, Large B-Cell, Lymphoma; Double Expressor DLBCL; Double Expressor Lymphoma; EBV-Positive Diffuse Large B-Cell Lymphoma, Not Otherwise Specified; Effects of Chemotherapy; Follicular Lymphoma; Grade 1 Follicular Lymphoma; Grade 2 Follicular Lymphoma; Grade 3a Follicular Lymphoma; Grade 3b Follicular Lymphoma; Gray-Zone Lymphoma; High Grade B Cell Lymphoma; High Grade B-Cell Lymphoma; High Grade B-Cell Lymphoma With MYC and BCL2 and/or BCL6 Rearrangements; High Grade B-Cell Lymphoma With MYC and BCL2 or BCL6 Rearrangements; High Grade B-Cell Lymphoma With MYC, BCL2, and BCL6 Rearrangements; High Grade B-Cell Lymphoma w/MYC & BCL2 or BCL6 Rearrangements; High Grade B-Cell Lymphoma w/MYC, BCL2 & BCL6 Rearrangements; High Grade B-Cell Lymphoma, Not Otherwise Specified; High-grade B-cell Lymphoma; Hodgkin Lymphoma; Indolent B-Cell Non-Hodgkin Lymphoma; Indolent Non-Hodgkin Lymphoma; Large B-Cell Lymphoma; Large B-Cell Lymphoma (LBCL); Large B-cell Lymphoma; Lymphoma; Lymphoma, B-Cell; Lymphoma, Follicular; Lymphoma, Large B-Cell, Diffuse; Lymphoma, Mantle-Cell; Lymphoma, Non Hodgkin; Mantle Cell Lymphoma; Marginal Zone Lymphoma; Non-Hodgkin Lymphoma; Non-Hodgkin's Lymphoma; Non-Hodgkins Lymphoma; Post-transplant Lymphoproliferative Disorder; Primary Mediastinal (Thymic) Large B-Cell Lymphoma; Primary Mediastinal Large B-Cell Lymphoma; Recurrent B-Cell Non-Hodgkin Lymphoma; Recurrent Diffuse Large B-Cell Lymphoma; Recurrent Extranodal Marginal Zone Lymphoma of Mucosa-Associated Lymphoid Tissue; Recurrent Grade 1 Follicular Lymphoma; Recurrent Grade 2 Follicular Lymphoma; Recurrent Grade 3a Follicular Lymphoma; Recurrent Mantle Cell Lymphoma; Recurrent Marginal Zone Lymphoma; Recurrent Nodal Marginal Zone Lymphoma; Recurrent Primary Mediastinal (Thymic) Large B-Cell Cell Lymphoma; Recurrent Small Lymphocytic Lymphoma; Recurrent Splenic Marginal Zone Lymphoma; Recurrent Transformed B-Cell Non-Hodgkin Lymphoma; Refractory B-Cell Non-Hodgkin Lymphoma; Refractory Diffuse Large B-Cell Lymphoma; Refractory Extranodal Marginal Zone Lymphoma of Mucosa-Associated Lymphoid Tissue; Refractory Grade 1 Follicular Lymphoma; Refractory Grade 2 Follicular Lymphoma; Refractory Grade 3a Follicular Lymphoma; Refractory Mantle Cell Lymphoma; Refractory Marginal Zone Lymphoma; Refractory Nodal Marginal Zone Lymphoma; Refractory Non-Hodgkin Lymphoma; Refractory Primary Mediastinal (Thymic) Large B-Cell Cell Lymphoma; Refractory Small Lymphocytic Lymphoma; Refractory Splenic Marginal Zone Lymphoma; Refractory Transformed B-Cell Non-Hodgkin Lymphoma; Refractory or Relapsed Diffuse Large B Cell Lymphoma; Relapsed B-Cell Non-Hodgkin Lymphoma; Relapsed B-cell NHL; Relapsed Diffuse Large B-cell Lymphoma; Relapsed Non Hodgkin Lymphoma; Relapsed and Refractory DLBCL; Relapsed or Refractory Diffuse Large B-Cell Lymphoma; Relapsed or Refractory Follicular Lymphoma, Relapsed or Refractory Diffuse Large B-Cell Lymphoma; Richter Syndrome; Richter's Transformation; Safety Issues; T-Cell/Histiocyte-Rich Large B-Cell Lymphoma; Transformed Follic Lymph to Diff Large B-Cell Lymphoma; Transformed Indolent B-Cell Non-Hodgkin Lymphoma to Diffuse Large B-Cell Lymphoma; Transformed Marg Zone Lymph to Diff Large B-Cell Lymphoma; Transformed Marginal Zone Lymphoma to Diffuse Large B-Cell Lymphoma; Transformed Non-Hodgkin Lymphoma","Genentech, Inc; Chugai Pharmaceutical Co., Ltd; F. Hoffmann-La Roche Ltd; Roche Holding AG",Approved,"Approved (FDA): Jun, 2019",STRICT_ADC,MULTISOURCE_CONFIRMED,3,nar_reference; configs/known_adc_assets.yaml; clinicaltrials,NCT01287741; NCT01290549; NCT01691898; NCT02257567; NCT02600897; NCT02611323; NCT02729896; NCT03274492,2026-09-01
NAR_DRG0QWZSI,ACTIVE,VAL-0620,VAL 0620; VAL0620,,Myotubularin (MTM1),,,,Valerion Therapeutics LLC,Investigative,Investigative,REFERENCE_UNCLASSIFIED,REFERENCE_CONFIRMED,1,nar_reference,,2026-09-01
NAR_DRG0QXDTN,ACTIVE,R4702,R 4702; R-4702,,Tumor-associated calcium signal transducer 2 (TROP2),,,,"OBI Pharma, Inc",Investigative,Investigative,REFERENCE_UNCLASSIFIED,REFERENCE_CONFIRMED,1,nar_reference,,2026-09-01
NAR_DRG0QYTLQ,ACTIVE,IN30728,IN-30728; IN 30728,,Undisclosed,,,,"Inxmed (Nanjing) Co., Ltd",Investigative,Investigative,REFERENCE_UNCLASSIFIED,REFERENCE_CONFIRMED,1,nar_reference,,2026-09-01
NAR_DRG0QYUVZ,ACTIVE,MI-130004,MI130004; MI 130004,,Receptor tyrosine-protein kinase erbB-2 (HER2),,,,Pharma Mar SA,Investigative,Investigative,PRESUMED_ADC,MULTISOURCE_CONFIRMED,2,nar_reference; europe_pmc,,2026-09-01
NAR_DRG0QZHYU,ACTIVE,Sirtratumab vedotin,AGS-15E; AGS15CSGD-1006; ASG 15E; ASG 15ME; ASG-15ME; Ha15-10ac.1vcMMAE; Ha15-10ac12vcMMAE; Sirtratumab vedotin; sirtratumab vedotin,,SLIT and NTRK-like protein 6 (SLITRK6),,,,"Agensys, Inc; Astellas Pharma Global Development, Inc; Seagen Inc",Phase1,Phase 1 (Terminated),PRESUMED_ADC,MULTISOURCE_CONFIRMED,2,nar_reference; europe_pmc,NCT01963052,2026-09-01
NAR_DRG0RARRJ,ACTIVE,MEN-1309,"MEN 1309; MEN-1309; MEN1309; MEN1309, OBT076; MEN1309/OBT076; OBT 076; OBT-076; OBT076",,Lymphocyte antigen 75 (LY75),,,,Oxford BioTherapeutics Ltd; A. Menarini Industrie Farmaceutiche Riunite SRL,Phase1,Phase 1,PRESUMED_ADC,MULTISOURCE_CONFIRMED,4,nar_reference; conference_abstract_corpus; europe_pmc; clinicaltrials,NCT03403725; NCT04064359,2026-09-01
NAR_DRG0RBGQK,ACTIVE,MHB118C,,,,,,,,Phase1,Phase 1,REFERENCE_UNCLASSIFIED,REFERENCE_CONFIRMED,1,nar_reference,NCT07045454,2026-09-01
NAR_DRG0RCFPY,ACTIVE,BL-M11D1,BL M11D1; BL-M11D1; BLM11D1,,Myeloid cell surface antigen CD33 (CD33),,,,"Sichuan Baili Pharmaceutical Co., Ltd; Chengdu Bailidote Biological Pharmaceutical Co., Ltd; Sichuan Biokin Pharmaceutical Co., Ltd",Phase1,Phase 1,REFERENCE_UNCLASSIFIED,REFERENCE_CONFIRMED,1,nar_reference,,2026-09-01
NAR_DRG0RCHSE,ACTIVE,SKB-315,A315; SKB 315; SKB-315; SKB315,,Claudin-18.2 (CLDN18.2),,,,"KLUS Pharma, Inc; Sichuan Kelun-Biotech Biopharmaceutical Co., Ltd",Phase1,Phase 1,REFERENCE_UNCLASSIFIED,REFERENCE_CONFIRMED,1,nar_reference,NCT05367635,2026-09-01
NAR_DRG0RDZIH,ACTIVE,SAB-Y27,SAB Y27; SABY27,,Phosphatidylserine synthase 1 (PTDSS1),,,,Syntab Therapeutics GmbH,Investigative,Investigative,REFERENCE_UNCLASSIFIED,REFERENCE_CONFIRMED,1,nar_reference,,2026-09-01
NAR_DRG0RFWQY,ACTIVE,ADRX-0706,ADRX 0706; ADRX-0706; ADRX0706,,Nectin-4 (NECTIN4),,,,"Adcentrx Therapeutics, Inc",Phase1,Phase 1,PRESUMED_ADC,MULTISOURCE_CONFIRMED,2,nar_reference; conference_abstract_corpus,,2026-09-01
NAR_DRG0RHAZG,ACTIVE,Ladiratuzumab vedotin,"Ladiratuzumab vedotin; MK-6440; SGN-LIV1A; SGN-LIV1A, MK-6440",,Zinc transporter ZIP6 (SLC39A6),MMAE (monomethyl auristatin E),valine-citrulline cleavable linker (typical),"Esophageal Squamous Cell Carcinoma; Gastric Adenocarcinoma; Gastroesophageal Junction Adenocarcinoma; HER2 Mutations Breast Neoplasms; HER2 Positive Breast Neoplasms; Head and Neck Squamous Cell Carcinoma; Hormone Receptor Positive Breast Neoplasms; Melanoma; Non-small Cell Lung Cancer, Non-squamous; Non-small Cell Lung Cancer, Squamous; Prostate Cancer; Small Cell Lung Cancer; Triple Negative Breast Neoplasms",Seagen Inc; F. Hoffmann-La Roche Ltd; Merck Sharp & Dohme Corp,Phase2,Phase 2,PRESUMED_ADC,MULTISOURCE_CONFIRMED,3,nar_reference; clinicaltrials; conference_abstract_corpus,NCT01969643; NCT03310957; NCT04032704,2026-09-01
NAR_DRG0RIPVI,ACTIVE,Becotatug vedotin,MRG 003; MRG-003; MRG003,,Epidermal growth factor receptor (EGFR),MMAE (monomethyl auristatin E),valine-citrulline cleavable linker (typical),Adenoid Cystic Carcinoma; Adenoid Cystic Carcinoma of the Head and Neck; Antibody-drug Conjugates; Atypical Teratoid/Rhabdoid Tumors; Becotatug Vedotin; Chemotherapy; Diffuse Intrinsic Pontine Gliomas; EGFR ADC; ESCC; Head and Neck Squamous Cell Carcinoma; Head and Neck Squamous Cell Carcinoma (HNSCC) - Recurrent/Metastatic (R/M); Lymphoepithelial Carcinoma; Medulloblastoma; Nasopharyngeal Cancer; Nasopharyngeal Cancinoma (NPC); Nasopharyngeal Carcinoma; Neuroblastoma; Oligo-metastatic Cancer; Other EGFR-positive Pediatric Solid Tumors Deemed Eligible by the Investigator; PD-1 Inhibitor; Penile Cancer; Rhabdomyosarcoma; SBRT; Sinonasal Carcinoma; Tislelizumab; Wilms Tumor,"Shanghai Miracogen Inc; Lepu Biopharma Co., Ltd",Approved,"Approved (FDA): Oct, 2025",PRESUMED_ADC,MULTISOURCE_CONFIRMED,6,nar_reference; clinicaltrials; conference_abstract_corpus; conference_crossref_search; europe_pmc; pubmed,NCT04868344,2026-09-01
NAR_DRG0RJKWE,ACTIVE,STRO-001,BN301; SP-7219; SP-7675; SP-7676; STRO 001; STRO- 001; STRO-001,,HLA class II histocompatibility antigen gamma chain (CD74),,,,"Sutro Biopharma, Inc; BioNova Pharmaceuticals (Shanghai) Ltd; Piramal Pharma Solutions, Inc",Phase2,Phase 1/2 (Terminated),PRESUMED_ADC,MULTISOURCE_CONFIRMED,4,nar_reference; clinicaltrials; conference_abstract_corpus; europe_pmc,,2026-09-01
NAR_DRG0RLKMU,ACTIVE,IBI343,,,,,,,,Phase3,Phase 3,PRESUMED_ADC,MULTISOURCE_CONFIRMED,3,nar_reference; conference_abstract_corpus; europe_pmc,,2026-09-01
NAR_DRG0RMBUN,ACTIVE,IMGC-936,AEX6003 (S442C)-DGN549; IMGC 936; IMGC-936; IMGC936,,Disintegrin and metalloproteinase domain-containing protein 9 (ADAM9),,,,"ImmunoGen, Inc; MacroGenics, Inc",Phase2,Phase 1/2,PRESUMED_ADC,MULTISOURCE_CONFIRMED,4,nar_reference; clinicaltrials; conference_abstract_corpus; europe_pmc,NCT04622774,2026-09-01
NAR_DRG0RMWCH,ACTIVE,SOT-102,"SO- N102; SO-N102; SOT 102; SOT-102; SOT102; SOT102, SO- N102",,Claudin-18.2 (CLDN18.2),,,,SCTbio as,Phase2,Phase 1/2 (Terminated),PRESUMED_ADC,MULTISOURCE_CONFIRMED,3,nar_reference; clinicaltrials; europe_pmc,NCT05525286,2026-09-01
NAR_DRG0RNICE,ACTIVE,BIO104,BIO 104; BIO-104,,Undisclosed,,,,"Boostimmune, Inc",Investigative,Investigative,REFERENCE_UNCLASSIFIED,REFERENCE_CONFIRMED,1,nar_reference,,2026-09-01
NAR_DRG0RONXP,ACTIVE,SIM0609,,,,,,,,Phase1,Phase 1,REFERENCE_UNCLASSIFIED,REFERENCE_CONFIRMED,1,nar_reference,NCT07265921,2026-09-01
NAR_DRG0RRDEF,ACTIVE,Luveltamab tazevibulin,DBCO-Alexa647-conjugated SP7219; Luveltamab Tazevibulin; Luveltamab tazevibulin; STRO 002; STRO-002; anti-FolRa ADC STRO-002; luvelta,,Folate receptor alpha (FOLR1),,,,"Sutro Biopharma, Inc; Tasly Biopharmaceuticals Co., Ltd",Phase3,Phase 2/3,PRESUMED_ADC,MULTISOURCE_CONFIRMED,5,nar_reference; clinicaltrials; conference_abstract_corpus; conference_crossref_search; europe_pmc,,2026-09-01
NAR_DRG0RRORA,ACTIVE,AK138D1,,,,,,,,Phase1,Phase 1,REFERENCE_UNCLASSIFIED,REFERENCE_CONFIRMED,1,nar_reference,NCT06730386; NCT07281326,2026-09-01
NAR_DRG0RSBMJ,ACTIVE,Sofituzumab vedotin,"Anti-MUC16 ADC MMAE; Anti-MUC16 MMAE ADC; Anti-MUC16 mAb MMAE; Anti-MUC16 monoclonal antibody MMAE; Anti-MUC16 monoclonal antibody monomethyl auristatin E conjugate; Anti-MUC16 monoclonal antibody vedotin; DMUC-5754A; DMUC5754A; MMAE anti-MUC16; MMAE anti-MUC16 mAb; RG-7458; RG7458, DMUC 5754A; Sofituzumab vedotin",,Mucin-16 (MUC16),,,,"Genentech, Inc; Roche Holding AG",Phase1,Phase 1 (Terminated),PRESUMED_ADC,MULTISOURCE_CONFIRMED,2,nar_reference; europe_pmc,,2026-09-01
NAR_DRG0RUAXZ,ACTIVE,DS001,,,,,,,,Phase1,Phase 1,PRESUMED_ADC,MULTISOURCE_CONFIRMED,2,nar_reference; europe_pmc,,2026-09-01
NAR_DRG0RVNRW,ACTIVE,J58-PE24,J58 PE24; J58PE24,,Glypican-3 (GPC3),,,,,Investigative,Investigative,REFERENCE_UNCLASSIFIED,REFERENCE_CONFIRMED,1,nar_reference,,2026-09-01
NAR_DRG0RVOYG,ACTIVE,GenSci140,,,,,,,,Phase1,Phase 1,REFERENCE_UNCLASSIFIED,REFERENCE_CONFIRMED,1,nar_reference,NCT07251166,2026-09-01
NAR_DRG0RWFIB,ACTIVE,SG3-Val-Cit-MMAF8,SG3 vcMMAF8,,Tumor necrosis factor receptor superfamily member 17 (TNFRSF17),,,,Seagen Inc,Investigative,Investigative,REFERENCE_UNCLASSIFIED,REFERENCE_CONFIRMED,1,nar_reference,,2026-09-01
NAR_DRG0RWVUF,ACTIVE,V-DOS47,V DOS47; VDOS47,,Vascular endothelial growth factor receptor 2 (KDR),,,,Helix BioPharma Corp,Investigative,Investigative,REFERENCE_UNCLASSIFIED,REFERENCE_CONFIRMED,1,nar_reference,,2026-09-01
NAR_DRG0RYBMQ,ACTIVE,SHR-A1201,SHR A1201; SHR-A1201; SHRA1201,,Receptor tyrosine-protein kinase erbB-2 (HER2),,,,"Jiangsu Hengrui Pharmaceuticals Co., Ltd; Shanghai Hengrui Pharmaceutical Co., Ltd",Phase1,Phase 1 (Terminated),PRESUMED_ADC,MULTISOURCE_CONFIRMED,3,nar_reference; europe_pmc; pubmed,,2026-09-01
NAR_DRG0RZJIL,ACTIVE,Tamrintamab pamozirine,SC 003; SC-003; SC003; Tamrintamab pamozirine,,Dipeptidase 3 (DPEP3),,,,"AbbVie, Inc; Stemcentrx, Inc",Phase1,Phase 1 (Terminated),REFERENCE_UNCLASSIFIED,REFERENCE_CONFIRMED,1,nar_reference,NCT02539719,2026-09-01
NAR_DRG0SACUI,ACTIVE,BB-1705,BB-1705; BB 1705; BB1705,,Epidermal growth factor receptor (EGFR),,,,"Baili Sikang Biomedicine (Hangzhou) Co., Ltd",Phase2,Phase 1/2,PRESUMED_ADC,MULTISOURCE_CONFIRMED,2,nar_reference; conference_abstract_corpus,NCT05217693,2026-09-01
NAR_DRG0SALIN,ACTIVE,SHR-7782,,,,,,,,Phase1,Phase 1,REFERENCE_UNCLASSIFIED,REFERENCE_CONFIRMED,1,nar_reference,NCT07123129,2026-09-01
NAR_DRG0SARIF,ACTIVE,HDM2020,,,,,,,,Phase1,Phase 1,PRESUMED_ADC,MULTISOURCE_CONFIRMED,2,nar_reference; conference_abstract_corpus,NCT07098052,2026-09-01
NAR_DRG0SAXJE,ACTIVE,IN30705,IN 30705; IN-30705,,Prolyl endopeptidase FAP (FAP),,,,"Inxmed (Nanjing) Co., Ltd",Investigative,Investigative,REFERENCE_UNCLASSIFIED,REFERENCE_CONFIRMED,1,nar_reference,,2026-09-01
NAR_DRG0SBFHC,ACTIVE,GR1017,,,,,,,,Phase1,Phase 1,PRESUMED_ADC,MULTISOURCE_CONFIRMED,2,nar_reference; conference_abstract_corpus,NCT06874335,2026-09-01
NAR_DRG0SBYGM,ACTIVE,Blinatumomab-amanitin,Blinatumomab amanitin,,B-lymphocyte antigen CD19 (CD19); T-cell surface glycoprotein CD3 delta chain (CD3D),,,,"LegoChem Biosciences, Inc",Investigative,Investigative,REFERENCE_UNCLASSIFIED,REFERENCE_CONFIRMED,1,nar_reference,,2026-09-01
NAR_DRG0SCLSY,ACTIVE,GB-251,GB 251; GB-251; NBT 828; NBT-828; NBT828,,Receptor tyrosine-protein kinase erbB-2 (HER2),,,,NewBio Therapeutics,Phase1,Phase 1 (Terminated),REFERENCE_UNCLASSIFIED,REFERENCE_CONFIRMED,1,nar_reference,,2026-09-01
NAR_DRG0SDGDV,ACTIVE,C6vcMMAD,C6-vc-MMAD,,Tumor-associated calcium signal transducer 2 (TROP2),,,,Pfizer Inc,Investigative,Investigative,REFERENCE_UNCLASSIFIED,REFERENCE_CONFIRMED,1,nar_reference,,2026-09-01
NAR_DRG0SDZSF,ACTIVE,Lorvotuzumab mertansine,"BB-10901; IMGN-901; IMGN-901, N901-DM1, BB-10901; IMGN-901-TAP; IMGN901 TAP; Lorvotuzumab mertansine; Monoclonal antibody huN901-DM1 conjugate; huN-901-DM1; huN-901-SPP-DM1; huN901-DM1; huN901-DM1 antibody; huN901-SPP-DM1",,Neural cell adhesion molecule 1 (NCAM1),DM1 (maytansinoid),disulfide-based cleavable linker (typical for earlier -mertansine-class conjugates),Pleuropulmonary Blastoma; Recurrent Malignant Peripheral Nerve Sheath Tumor; Recurrent Neuroblastoma; Recurrent Rhabdomyosarcoma; Recurrent Synovial Sarcoma; Wilms Tumor,"ImmunoGen, Inc",Phase2,Phase 2 (Terminated),PRESUMED_ADC,MULTISOURCE_CONFIRMED,3,nar_reference; clinicaltrials; europe_pmc,NCT00346255,2026-09-01
NAR_DRG0SEAFV,ACTIVE,PYX-201,PYX 201; PYX-201; PYX201,,Fibronectin (FN1),,,,"Pfizer Inc; Pyxis Oncology, Inc",Phase1,Phase 1,PRESUMED_ADC,MULTISOURCE_CONFIRMED,3,nar_reference; conference_abstract_corpus; europe_pmc,NCT05720117,2026-09-01
NAR_DRG0SEZFV,ACTIVE,DhuVHH6-PE38,Anti-CD7 nanobody based immunotoxins; Anti-CD7 nanobody based immunotoxins (Soochow University/PersonGen Biomedicine),,T-cell antigen CD7 (CD7),,,,"Medical College of Soochow University; PersonGen Biomedicine (Suzhou) Co., Ltd",Investigative,Investigative,REFERENCE_UNCLASSIFIED,REFERENCE_CONFIRMED,1,nar_reference,,2026-09-01
NAR_DRG0SGCAF,ACTIVE,BG-C477,,,,,,,,Phase1,Phase 1,PRESUMED_ADC,MULTISOURCE_CONFIRMED,2,nar_reference; conference_abstract_corpus,NCT06596473,2026-09-01
NAR_DRG0SGUGL,ACTIVE,Ispectamab debotansine,"Anti-BCMA antibody drug conjugate; BMS-986352; BMS-986352, CC-99712, SP8919; CC 99712; CC-99712; Ispectamab debotansine; SP8919",,Tumor necrosis factor receptor superfamily member 17 (TNFRSF17),,,,"Sutro Biopharma, Inc; Celgene Corp; Bristol Myers Squibb Co",Phase1,Phase 1 (Terminated),PRESUMED_ADC,MULTISOURCE_CONFIRMED,2,nar_reference; clinicaltrials,,2026-09-01
NAR_DRG0SGXZO,ACTIVE,huHEA125-amanitin4,huHEA125 Amanitin4,,Epithelial cell adhesion molecule (EPCAM),,,,Heidelberg Pharma AG,Investigative,Investigative,REFERENCE_UNCLASSIFIED,REFERENCE_CONFIRMED,1,nar_reference,,2026-09-01
NAR_DRG0SHGPV,ACTIVE,PF-06647263,Anti-EFNA4-ADC; Anti-EFNA4-monoclonal-antibody-calicheamicin-conjugate; PF 6647263; PF-06647263; PF06647263; PF-0667263; PF 0667263; PF0667263,,Ephrin-A4 (EFNA4),,,,Pfizer Inc,Phase1,Phase 1 (Terminated),REFERENCE_UNCLASSIFIED,REFERENCE_CONFIRMED,1,nar_reference,NCT02078752,2026-09-01
NAR_DRG0SHZAQ,ACTIVE,BCG034,,,,,,,,Phase1,Phase 1,REFERENCE_UNCLASSIFIED,REFERENCE_CONFIRMED,1,nar_reference,NCT07503808,2026-09-01
NAR_DRG0SIMLV,ACTIVE,ESG-401,ESG 401; ESG-401; Humanized anti-Trop2-SN38 antibody conjugate; Humanized mAb anti-TROP-2 program; STI- 3258; STI-3258,,Tumor-associated calcium signal transducer 2 (TROP2),,,,Shanghai Escugen Biotechnology,Phase3,Phase 3,PRESUMED_ADC,MULTISOURCE_CONFIRMED,5,nar_reference; conference_abstract_corpus; conference_crossref_search; europe_pmc; clinicaltrials,NCT04892342,2026-09-01
NAR_DRG0SIURJ,ACTIVE,CPO-204,CPO 204; CPO-204; CPO204,,Undisclosed,,,,CSPC Pharmaceutical Group Ltd,Phase1,Phase 1,REFERENCE_UNCLASSIFIED,REFERENCE_CONFIRMED,1,nar_reference,,2026-09-01
NAR_DRG0SJVKP,ACTIVE,<sup>111</sup>In-DTPA-D2B-DAR2-MMAE,,,,,,,,Investigative,Investigative,REFERENCE_UNCLASSIFIED,REFERENCE_CONFIRMED,1,nar_reference,,2026-09-01
NAR_DRG0SLLFJ,ACTIVE,BCG022,BCG 022; BCG-022,,Receptor tyrosine-protein kinase erbB-3 (ERBB3); Hepatocyte growth factor receptor (MET),,,,"Biocytogen Pharmaceuticals (Beijing) Co., Ltd",Investigative,Investigative,REFERENCE_UNCLASSIFIED,REFERENCE_CONFIRMED,1,nar_reference,,2026-09-01
NAR_DRG0SMAPS,ACTIVE,PF-08052667,,,,,,,,Phase1,Phase 1,REFERENCE_UNCLASSIFIED,REFERENCE_CONFIRMED,1,nar_reference,NCT07206225,2026-09-01
NAR_DRG0SMTQN,ACTIVE,MG2002A,,,,,,,,Phase1,Phase 1,REFERENCE_UNCLASSIFIED,REFERENCE_CONFIRMED,1,nar_reference,,2026-09-01
NAR_DRG0SNPYJ,ACTIVE,PBX-001,PBX 001; PBX001,,Tumor-associated calcium signal transducer 2 (TROP2),,,,Pinotbio,Investigative,Investigative,REFERENCE_UNCLASSIFIED,REFERENCE_CONFIRMED,1,nar_reference,,2026-09-01
NAR_DRG0SNURI,ACTIVE,OBI-999,Globo H ADC; OBI 999; OBI-999; OBI999,,Globo H (globotriaosylceramide),,,,"OBI Pharma, Inc",Phase2,Phase 1/2 (Terminated),PRESUMED_ADC,MULTISOURCE_CONFIRMED,4,nar_reference; conference_abstract_corpus; europe_pmc; pubmed,NCT04084366,2026-09-01
NAR_DRG0SPYZJ,ACTIVE,TST013,TST 013; TST-013,,Undisclosed,,,,"TST-013 Mabspace Biosciences Co., Ltd",Investigative,Investigative,REFERENCE_UNCLASSIFIED,REFERENCE_CONFIRMED,1,nar_reference,,2026-09-01
NAR_DRG0SQAHG,ACTIVE,Septuximab vedotin,Septuximab vedotin,,Frizzled-7 (FZD7),,,,University of California San Diego,Investigative,Investigative,REFERENCE_UNCLASSIFIED,REFERENCE_CONFIRMED,1,nar_reference,,2026-09-01
NAR_DRG0SQAQX,ACTIVE,AMB-101,AMB101; AMB 101; AMB-101 (AmMax Bio),,Undisclosed,,,,"AmMax Bio, Inc",Investigative,Investigative,REFERENCE_UNCLASSIFIED,REFERENCE_CONFIRMED,1,nar_reference,,2026-09-01
NAR_DRG0SQXAL,ACTIVE,ARX-517,ARX 517; ARX-517; ARX517,,Glutamate carboxypeptidase 2 (FOLH1),,,,"Ambrx, Inc",Phase1,Phase 1,PRESUMED_ADC,MULTISOURCE_CONFIRMED,3,nar_reference; conference_abstract_corpus; europe_pmc,NCT04662580,2026-09-01
NAR_DRG0SSFSR,ACTIVE,DM001,DM 001; DM-001; DM001,,Tumor-associated calcium signal transducer 2 (TROP2); Epidermal growth factor receptor (EGFR),,,,"Xadcera Biopharmaceutical (Suzhou) Co., Ltd; Biocytogen Pharmaceuticals (Beijing) Co., Ltd",Phase1,Phase 1,PRESUMED_ADC,MULTISOURCE_CONFIRMED,2,nar_reference; conference_abstract_corpus,,2026-09-01
NAR_DRG0SSTBB,ACTIVE,HS-20108,,,,,,,,Phase1,Phase 1,REFERENCE_UNCLASSIFIED,REFERENCE_CONFIRMED,1,nar_reference,NCT06936735,2026-09-01
NAR_DRG0STCNY,ACTIVE,OX-002,OX 002; OX002,,Lymphocyte antigen 75 (LY75),,,,Oxford BioTherapeutics Ltd,Investigative,Investigative,REFERENCE_UNCLASSIFIED,REFERENCE_CONFIRMED,1,nar_reference,,2026-09-01
NAR_DRG0SURHR,ACTIVE,PF-08046031,,,,,,,,Phase1,Phase 1,REFERENCE_UNCLASSIFIED,REFERENCE_CONFIRMED,1,nar_reference,NCT06799533,2026-09-01
NAR_DRG0SUYIT,ACTIVE,G-100,,,,,,,,Investigative,Investigative,REFERENCE_UNCLASSIFIED,REFERENCE_CONFIRMED,1,nar_reference,,2026-09-01
NAR_DRG0SVXYY,ACTIVE,RC-188,RC188; RC 188,,Undisclosed,,,,"RemeGen Co., Ltd",Investigative,Investigative,REFERENCE_UNCLASSIFIED,REFERENCE_CONFIRMED,1,nar_reference,,2026-09-01
NAR_DRG0SWCOG,ACTIVE,ADC2122,,,,,,,,Phase1,Phase 1,REFERENCE_UNCLASSIFIED,REFERENCE_CONFIRMED,1,nar_reference,NCT05423977,2026-09-01
NAR_DRG0SXFSY,ACTIVE,Inotuzumab ozogamicin,CMC-544; PF-05208773; PF-5208773; WAY-207294; INO,,B-cell receptor CD22 (CD22),calicheamicin,acid-cleavable AcBut linker (typical),"ACUTE LYMPHOBLASTIC LEUKEMIA; ALL; Acute Leukemias of Ambiguous Lineage; Acute Lymphoblastic Leukaemia; Acute Lymphoblastic Leukaemias (ALL); Acute Lymphoblastic Leukemia; Acute Lymphoblastic Leukemia (ALL) - Philadelphia Chromosome (Ph)-Negative CD22+ B-cell Precursor (BCP); Acute Lymphoblastic Leukemia in Remission; Acute Lymphocytic Leukemia; Acute Lymphoid Leukemia; Acute Myeloid Leukemia; Adult Relapsed/Refractory B Cell Acute Lymphoblastic Leukemia; Allogeneic Hematopoietic Stem Cell Transplantation Recipient; B Acute Lymphoblastic Leukemia; B Acute Lymphoblastic Leukemia With t(9;22)(q34.1;q11.2); BCR-ABL1; B Acute Lymphoblastic Leukemia, Philadelphia Chromosome Negative; B Lymphoblastic Lymphoma; B-Cell Acute Lymphoblastic Leukaemia; B-Cell Lymphoma; B-cell Acute Lymphoblastic Leukemia; B-cell Acute Lymphocytic Leukemia; B-cell Adult Acute Lymphoblastic Leukemia; B-cell Lymphoma Refractory; Blast Phase Chronic Myelogenous Leukemia, BCR-ABL1 Positive; Blasts 5 Percent or More of Bone Marrow Nucleated Cells; Blasts 5 Percent or More of Peripheral Blood White Cells; Blasts More Than 5 Percent of Bone Marrow Nucleated Cells; Blinatumomab; Bone Marrow Transplant; Burkitt-Like Lymphoma With 11q Aberration; CD22 Positive; Central Nervous System Leukemia; Diffuse Large B Cell Lymphoma; Diffuse Large B-Cell Lymphoma; Hematologic Malignancy; Hematopoietic Stem Cell Transplantation; Hematopoietic and Lymphoid Cell Neoplasm; High Grade B-Cell Lymphoma With MYC and BCL2 and/or BCL6 Rearrangements; High Grade B-Cell Lymphoma, Not Otherwise Specified; Immunotherapy; Inotuzumab Ozogamicin; Leukemia; Leukemia, Acute Lymphoblastic; Leukemia, Lymphocytic, Acute; Lymphoblastic Leukemia; Lymphoblastic Lymphoma; Lymphoblasts 20 Percent or More of Bone Marrow Nucleated Cells; Lymphoblasts 20 Percent or More of Peripheral Blood White Cells; Lymphocytic Neoplasm; Lymphoma; Lymphoma, B-Cell; Lymphoma, Follicular; Lymphoma, Non-Hodgkin; MRD-positive; Minimal Residual Disease; Mixed Phenotype Acute Leukemia; Pediatric ALL; Pediatric ALL, B Cell; Pediatric ALL, Relapsed; Pediatric AML; Pediatric Cancer; Ph+ ALL; Ph- Acute Lymphoblastic Leukemia (Ph-ALL); Philadelphia Chromosome Positive Adult Precursor Acute Lymphoblastic Leukemia; Philadelphia Chromosome Positive, BCR-ABL1 Positive Chronic Myelogenous Leukemia; Precursor B-Cell Lymphoblastic Leukemia; Precursor Cell Lymphoblastic Leukemia; Precursor Cell Lymphoblastic Leukemia-Lymphoma; Precursor b-Cell Lymphoblastic Leukemia-Lymphoma; R/R AML; R/R B-cell ALL; Recurrent Acute Lymphoblastic Leukemia; Recurrent Adult Acute Lymphoblastic Leukemia; Recurrent Adult Burkitt Lymphoma; Recurrent B Acute Lymphoblastic Leukemia; Recurrent B Lymphoblastic Lymphoma; Recurrent Burkitt Lymphoma; Recurrent Chronic Myelogenous Leukemia, BCR-ABL1 Positive; Refractory Acute Lymphoblastic Leukemia; Refractory Acute Myeloid Leukemia; Refractory B Acute Lymphoblastic Leukemia; Refractory B Lymphoblastic Lymphoma; Refractory Burkitt Lymphoma; Refractory Chronic Myelogenous Leukemia, BCR-ABL1 Positive; Relapsed Acute Myeloid Leukemia; Relapsed/Refractory; Testicular Leukemia; Venetoclax; ph+ Acute Lymphoblastic Leukemia",Pfizer Inc; Wyeth Pharmaceuticals LLC,Approved,"Approved (FDA): Aug, 2017",STRICT_ADC,MULTISOURCE_CONFIRMED,3,nar_reference; configs/known_adc_assets.yaml; clinicaltrials,NCT00073749; NCT00299494; NCT00717925; NCT00724971; NCT01134575; NCT01535989; NCT01564784; NCT02981628,2026-09-01
NAR_DRG0SYLKC,ACTIVE,B7H3-MMAE,B7H3MMAE; B7H3 MMAE,,CD276 antigen (CD276),,,,"Anwita Biosciences, Inc",Investigative,Investigative,REFERENCE_UNCLASSIFIED,REFERENCE_CONFIRMED,1,nar_reference,,2026-09-01
NAR_DRG0SZERO,ACTIVE,Lonigutamab ugodotin,F50085-hz208F2-4-F556311; Lonigutamab ugodotin; W 0101; W-0101; W0101,,Insulin-like growth factor 1 receptor (IGF1R),,,,"Pierre Fabre SA,",Phase2,Phase 1/2 (Terminated),PRESUMED_ADC,MULTISOURCE_CONFIRMED,2,nar_reference; europe_pmc,NCT03316638,2026-09-01
NAR_DRG0SZKXH,ACTIVE,BYON-3521,BYON 3521; BYON-3521; BYON3521,,Hepatocyte growth factor receptor (MET),,,,Syntarga BV; Byondis BV,Phase1,Phase 1,PRESUMED_ADC,MULTISOURCE_CONFIRMED,3,nar_reference; clinicaltrials; conference_abstract_corpus,NCT05261269; NCT05323045,2026-09-01
NAR_DRG0SZXVK,ACTIVE,PF-08046032,,,,,,,,Phase1,Phase 1,REFERENCE_UNCLASSIFIED,REFERENCE_CONFIRMED,1,nar_reference,NCT06870487,2026-09-01
NAR_DRG0TAOLW,ACTIVE,LY203725,,,,,,,,Phase1,Phase 1,REFERENCE_UNCLASSIFIED,REFERENCE_CONFIRMED,1,nar_reference,,2026-09-01
NAR_DRG0TBCEQ,ACTIVE,HS-20093,HS 20093; HS-20093; HS20093,,CD276 antigen (CD276),,,,Shanghai Hansoh Biomedical Co. Ltd,Phase3,Phase 3,PRESUMED_ADC,MULTISOURCE_CONFIRMED,2,nar_reference; europe_pmc,NCT05276609,2026-09-01
NAR_DRG0TCBEP,ACTIVE,Hertuzumab vedotin,Hertuzumab-vc-MMAE,,Receptor tyrosine-protein kinase erbB-2 (HER2),,,,Rongchang Pharmaceuticals Ltd,Investigative,Investigative,REFERENCE_UNCLASSIFIED,REFERENCE_CONFIRMED,1,nar_reference,,2026-09-01
NAR_DRG0TCKKR,ACTIVE,XMT-2175,XMT2175; XMT 2175,,Undisclosed,,,,"Mersana Therapeutics, Inc",Investigative,Investigative,REFERENCE_UNCLASSIFIED,REFERENCE_CONFIRMED,1,nar_reference,,2026-09-01
NAR_DRG0TDXML,ACTIVE,Epratuzumab-SN38,,,,,,,,Phase1,Phase 1,REFERENCE_UNCLASSIFIED,REFERENCE_CONFIRMED,1,nar_reference,,2026-09-01
NAR_DRG0TEQRI,ACTIVE,MP-LGS-ADC,,,,,,,,Phase1,Phase 1,REFERENCE_UNCLASSIFIED,REFERENCE_CONFIRMED,1,nar_reference,,2026-09-01
NAR_DRG0TEQTA,ACTIVE,CM-09,CM-09 (Curemeta); CM09; CM 09,,Undisclosed,,,,"Curemetrix, Inc",Investigative,Investigative,REFERENCE_UNCLASSIFIED,REFERENCE_CONFIRMED,1,nar_reference,,2026-09-01
NAR_DRG0TEUSB,ACTIVE,ANG-101,ANG101; ANG 101,,Undisclosed,,,,"Angiex, Inc",Investigative,Investigative,REFERENCE_UNCLASSIFIED,REFERENCE_CONFIRMED,1,nar_reference,,2026-09-01
NAR_DRG0TGZKY,ACTIVE,AMT-151,AMT 151; AMT-151; AMT151,,Folate receptor alpha (FOLR1),,,,"Multitude Therapeutics, Inc",Phase1,Phase 1,PRESUMED_ADC,MULTISOURCE_CONFIRMED,2,nar_reference; clinicaltrials,NCT05498597,2026-09-01
NAR_DRG0THGAW,ACTIVE,Trastuzumab duocarmazine,(vic-)trastuzumab-duocarmazine; Anti-HER2 ADC (Byondis); SYD 985; SYD-985; SYD985; Trastuzumab duocarmazine; Trastuzumab vc-seco-DUBA; Trastuzumab-SYD980; humanized monoclonal antibody conjugated to the pro-drug seco-duocarmycinhydroxyb,,Receptor tyrosine-protein kinase erbB-2 (HER2),a duocarmycin analog (DNA minor-groove alkylating agent),cleavable linker (typical),Angiosarcoma; Bladder Cancer; Breast Cancer; Breast Neoplasms; Breast Tumors; Early-stage Breast Cancer; Endometrial Cancer; Endometrium Tumor; Estrogen Receptor Positive Tumor; GastroEsophageal Cancer; Gastroesophageal Adenocarcinoma; HER-2 Protein Overexpression; HER2 Low; HER2 Low Breast Cancer; HER2 Low HR Positive; HER2 Mutation-Related Tumors; HER2-negative Breast Cancer; HER2-positive Breast Cancer; HER2-positive Gastric Cancer; HER2-positive Metastatic Breast Cancer; HR Positive; Hormone Receptor Negative Breast Carcinoma; Hormone Receptor Negative Tumor; Hormone Receptor Positive Tumor; Hormone Receptor-positive Breast Cancer; Locally Advanced Breast Cancer; Metastatic; Metastatic Breast Cancer; Metastatic Cancer; Metastatic Gastrointestinal Carcinoid Tumor; Ovarian Cancer; Ovarian Carcinoma; Progesterone Receptor-positive Breast Cancer; SYD-985; SYD985; TNBC - Triple-Negative Breast Cancer; Triple Negative Breast Cancer; Vic-trastuzumab Duocarmazine,Synthon BV; Byondis BV,Phase3,Phase 3,PRESUMED_ADC,MULTISOURCE_CONFIRMED,5,nar_reference; clinicaltrials; conference_abstract_corpus; europe_pmc; pubmed,NCT01042379; NCT02277717; NCT03262935; NCT04205630; NCT04235101; NCT04602117; NCT04983238,2026-09-01
NAR_DRG0TIZXC,ACTIVE,Trastuzumab botidotin,A 166; A-166; A166; KL-A166,,Receptor tyrosine-protein kinase erbB-2 (HER2),,,,"Sichuan Kelun Pharmaceutical Co., Ltd; Fudan University; KLUS Pharma, Inc; Levena Biopharma US, Inc",Approved,"Approved (FDA): Oct, 2025",PRESUMED_ADC,MULTISOURCE_CONFIRMED,3,nar_reference; conference_abstract_corpus; europe_pmc,NCT03602079; NCT05311397; NCT05346328,2026-09-01
NAR_DRG0TJYIW,ACTIVE,ORM-6151,ORM 6151; ORM6151,,Myeloid cell surface antigen CD33 (CD33),,,,"Orum Therapeutics, Inc",Phase3,Phase 3,REFERENCE_UNCLASSIFIED,REFERENCE_CONFIRMED,1,nar_reference,,2026-09-01
NAR_DRG0TKVCB,ACTIVE,Loncastuximab tesirine,ADCT 402; ADCT-402; MT-2111; Anti-CD19-PBD-conjugate-ADC; Immunoglobulin g1-kappa; Lonca; Lonca-T; loncastuximab tesirine-lpyl,,B-lymphocyte antigen CD19 (CD19),a PBD (pyrrolobenzodiazepine) dimer,cleavable linker (typical),"Acute Lymphoblastic Leukemia; Aggressive Diffuse Large B-cell Lymphoma; B-Cell Lymphoma Treatment; B-Cell Non-Hodgkin Lymphoma; B-cell Lymphoma; B-cell Non Hodgkin Lymphoma; Breast Cancer; Burkitt Lymphoma; Burkitt's Lymphoma; Central Nervous System Lymphoma; Chronic Lymphocytic Leukemia; Colo-rectal Cancer; Diffuse Large B-Cell Lymphoma; Diffuse Large B-Cell Lymphoma Refractory; Diffuse Large B-cell Lymphoma; Diffuse Large B-cell Lymphoma Recurrent; Double-Expressor Lymphoma; Follicular Lymphoma; Follicular Lymphoma (FL) Grade 3B; High Grade B-Cell Lymphoma With MYC and BCL2 and/or BCL6 Rearrangements; High Grade B-Cell Lymphoma With MYC and BCL2 or BCL6 Rearrangements; High Grade B-Cell Lymphoma With MYC, BCL2, and BCL6 Rearrangements; High-grade B-cell Lymphoma; High-grade B-cell Lymphoma (HGBCL); High-grade B-cell Lymphoma (HGBL); Large B-cell Lymphoma; Lung Cancer (Non-Small Cell); Lymphoma; Lymphoma, Follicular; Lymphoma, Large B-Cell, Diffuse; Lymphoma, Mantle-Cell; Lymphoma, Marginal Zone; Mantle Cell Lymphoma; Marginal Zone Lymphoma; Metastatic Breast Cancer ( HER2 Negative); Non-Hodgkin Lymphoma; Pancreas Cancer, Duct Cell Adenocarcinoma; Post-transplant Lymphoproliferative Disorder; Primary Mediastinal B-cell Lymphoma; Prostate Cancer Castration-resistant Prostate Cancer; Recurrent B-Cell Non-Hodgkin Lymphoma; Recurrent Diffuse Large B-Cell Lymphoma; Recurrent Diffuse Large B-Cell Lymphoma, Not Otherwise Specified; Recurrent Follicular Lymphoma; Recurrent Grade 3b Follicular Lymphoma; Recurrent High Grade B-Cell Lymphoma; Recurrent High Grade B-Cell Lymphoma With MYC and BCL2 or BCL6 Rearrangements; Recurrent Mantle Cell Lymphoma; Recurrent Primary Mediastinal (Thymic) Large B-Cell Lymphoma; Recurrent Transformed Chronic Lymphocytic Leukemia; Recurrent Transformed Follicular Lymphoma to Diffuse Large B-Cell Lymphoma; Recurrent Transformed Indolent B-Cell Non-Hodgkin Lymphoma to Diffuse Large B-Cell Lymphoma; Refractory B-Cell Non-Hodgkin Lymphoma; Refractory Diffuse Large B-Cell Lymphoma; Refractory Diffuse Large B-Cell Lymphoma, Not Otherwise Specified; Refractory Follicular Lymphoma; Refractory Grade 3b Follicular Lymphoma; Refractory High Grade B-Cell Lymphoma; Refractory High Grade B-Cell Lymphoma With MYC and BCL2 or BCL6 Rearrangements; Refractory Mantle Cell Lymphoma; Refractory Non-Hodgkin Lymphoma; Refractory Primary Mediastinal (Thymic) Large B-Cell Lymphoma; Refractory Transformed Chronic Lymphocytic Leukemia; Refractory Transformed Follicular Lymphoma to Diffuse Large B-Cell Lymphoma; Refractory Transformed Indolent B-Cell Non-Hodgkin Lymphoma to Diffuse Large B-Cell Lymphoma; Relapse; Relapsed B-Cell Non-Hodgkin Lymphoma; Relapsed Diffuse Large B-Cell Lymphoma; Relapsed Diffuse Large B-cell Lymphoma; Relapsed Follicular Lymphoma; Relapsed Mantle Cell Lymphoma; Relapsed Non Hodgkin Lymphoma; Relapsed or Refractory Diffuse Large B-Cell Lymphoma (R/R DLBCL); Relapsed or Refractory Large B-cell Lymphoma; Relapsed or Refractory Lymphoma; Upper Tract Urothelial Carcinoma; Waldenstrom Macroglobulinemia; ctDNA","ADC Therapeutics SA; BSP Pharmaceuticals SpA; Overland Pharmaceutical (Shanghai) Co., Ltd",Approved,"Approved (FDA):Apr, 2021",STRICT_ADC,MULTISOURCE_CONFIRMED,3,nar_reference; configs/known_adc_assets.yaml; clinicaltrials,NCT02669017; NCT02669264; NCT03589469,2026-09-01
NAR_DRG0TMDEU,ACTIVE,AMT-754,,,,,,,,Phase1,Phase 1,REFERENCE_UNCLASSIFIED,REFERENCE_CONFIRMED,1,nar_reference,NCT06597721,2026-09-01
NAR_DRG0TMDKY,ACTIVE,AOC 1044,Antibody-targeted exon-skipping siRNA (Avidity Biosciences); Antibody-targeted exon-skipping siRNA (Avidity Biosciences),,Dystrophin (DMD),,,,"Avidity Biosciences, Inc",Investigative,Investigative,REFERENCE_UNCLASSIFIED,REFERENCE_CONFIRMED,1,nar_reference,,2026-09-01
NAR_DRG0TMPMK,ACTIVE,PHN-010,PHN 010; PHN-010; PHN010,,Undisclosed,,,,Pheon Therapeutics Ltd,Phase1,Phase 1,PRESUMED_ADC,MULTISOURCE_CONFIRMED,2,nar_reference; clinicaltrials,,2026-09-01
NAR_DRG0TNQTB,ACTIVE,DXC1002,,,,,,,,Phase1,Phase 1,PRESUMED_ADC,MULTISOURCE_CONFIRMED,2,nar_reference; conference_abstract_corpus,,2026-09-01
NAR_DRG0TOMLD,ACTIVE,GB7008-01-Val-Cit-MMAE,Anti-CLDN6 antibody drug conjugate (cancer); GB-7008-01 vcMMAE,,Claudin-6 (CLDN6),,,,"Shanghai Genechem Co., Ltd",Investigative,Investigative,REFERENCE_UNCLASSIFIED,REFERENCE_CONFIRMED,1,nar_reference,,2026-09-01
NAR_DRG0TPQUN,ACTIVE,9MW-2821,9MW 2821; 9MW-2821; 9MW2821,,Nectin-4 (NECTIN4),,,,"Jiangsu Maiweikang New Drug R & D Co., Ltd; Mabwell (Shanghai) Bioscience Co., Ltd",Phase2,Phase 1/2,REFERENCE_UNCLASSIFIED,REFERENCE_CONFIRMED,1,nar_reference,,2026-09-01
NAR_DRG0TSLDF,ACTIVE,SHR-A1921,SHR A1921; SHR-A1921; SHRA1921; SHR-1921; SHR 1921; SHR1921,,Tumor-associated calcium signal transducer 2 (TROP2),,,,"Suzhou Suncadia Biopharmaceuticals Co., Ltd; Shanghai Hengrui Pharmaceutical Co., Ltd",Phase2,Phase 2,PRESUMED_ADC,MULTISOURCE_CONFIRMED,5,nar_reference; clinicaltrials; conference_abstract_corpus; conference_crossref_search; europe_pmc,NCT05154604; NCT05594875; NCT05765032,2026-09-01
NAR_DRG0TTTUA,ACTIVE,SHR-A2009,SHR A2009; SHR-A2009; SHRA2009,,Receptor tyrosine-protein kinase erbB-3 (HER3),,,,"Suzhou Suncadia Biopharmaceuticals Co., Ltd",Phase3,Phase 3,PRESUMED_ADC,MULTISOURCE_CONFIRMED,3,nar_reference; clinicaltrials; conference_crossref_search,NCT05114759; NCT05394818,2026-09-01
NAR_DRG0TUKTY,ACTIVE,PRO-1184,,,,,,,,Phase3,Phase 3,PRESUMED_ADC,MULTISOURCE_CONFIRMED,2,nar_reference; conference_abstract_corpus,,2026-09-01
NAR_DRG0TWLXC,ACTIVE,SBT-6290,SBT 6290; SBT-6290; SBT6290,,Nectin-4 (NECTIN4),,,,"Silverback Therapeutics, Inc; ARS Pharmaceuticals, Inc",Phase2,Phase 1/2 (Terminated),REFERENCE_UNCLASSIFIED,REFERENCE_CONFIRMED,1,nar_reference,,2026-09-01
NAR_DRG0TZVTS,ACTIVE,SYS6040,,,,,,,,Phase1,Phase 1,REFERENCE_UNCLASSIFIED,REFERENCE_CONFIRMED,1,nar_reference,NCT06970795,2026-09-01
NAR_DRG0TZZNJ,ACTIVE,Mipasetamab uzoptirine,ADCT 601; ADCT-601; ADCT601; BGB 601; BGB-601; BGB601; Mipasetamab uzoptirine,,Tyrosine-protein kinase receptor UFO (AXL),,,,"ADC Therapeutics SA; Overland Pharmaceutical (Shanghai) Co., Ltd",Phase1,Phase 1,PRESUMED_ADC,MULTISOURCE_CONFIRMED,3,nar_reference; conference_abstract_corpus; europe_pmc,,2026-09-01
NAR_DRG0UBSWW,ACTIVE,SIM0610,,,,,,,,Phase1,Phase 1,REFERENCE_UNCLASSIFIED,REFERENCE_CONFIRMED,1,nar_reference,NCT07348211,2026-09-01
NAR_DRG0UCTSX,ACTIVE,RG-7600,,,,,,,,Phase1,Phase 1,REFERENCE_UNCLASSIFIED,REFERENCE_CONFIRMED,1,nar_reference,,2026-09-01
NAR_DRG0UEGSE,ACTIVE,33B7-Saporin,Anti-PTGFRN antibody-drug conjugate (A&G Pharmaceutical); Anti-PTGFRN antibody-drug conjugate,,Prostaglandin F2 receptor negative regulator (PTGFRN),,,,"A&G Pharmaceutical, Inc",Investigative,Investigative,REFERENCE_UNCLASSIFIED,REFERENCE_CONFIRMED,1,nar_reference,,2026-09-01
NAR_DRG0UEVLW,ACTIVE,TGW101,,,,,,,,Phase1,Phase 1,REFERENCE_UNCLASSIFIED,REFERENCE_CONFIRMED,1,nar_reference,NCT06959706,2026-09-01
NAR_DRG0UFAIG,ACTIVE,SBE303,,,,,,,,Phase1,Phase 1,REFERENCE_UNCLASSIFIED,REFERENCE_CONFIRMED,1,nar_reference,NCT07524348,2026-09-01
NAR_DRG0UFZLI,ACTIVE,NBE-001,NBE 001; NBE001,,Undisclosed,,,,NBE-Therapeutics AG,Investigative,Investigative,REFERENCE_UNCLASSIFIED,REFERENCE_CONFIRMED,1,nar_reference,,2026-09-01
NAR_DRG0UGQRX,ACTIVE,Enlimomab pegol,,,,,,,,Phase1,Phase 1,REFERENCE_UNCLASSIFIED,REFERENCE_CONFIRMED,1,nar_reference,,2026-09-01
NAR_DRG0UHEOR,ACTIVE,HS-20089,HS 20089; HS-20089; HS20089,,V-set domain-containing T-cell activation inhibitor 1 (VTCN1),,,,Shanghai Hansoh Biomedical Co. Ltd,Phase3,Phase 3,PRESUMED_ADC,MULTISOURCE_CONFIRMED,2,nar_reference; conference_crossref_search,NCT05263479,2026-09-01
NAR_DRG0UHUMZ,ACTIVE,IBI-354,IBI 354; IBI-354; IBI354,,Receptor tyrosine-protein kinase erbB-2 (HER2),,,,Innovent Biologics (Suzhou) Co. Ltd,Phase3,Phase 3,PRESUMED_ADC,MULTISOURCE_CONFIRMED,2,nar_reference; conference_abstract_corpus,,2026-09-01
NAR_DRG0UHXQK,ACTIVE,SYS6041,,,,,,,,Phase1,Phase 1,PRESUMED_ADC,MULTISOURCE_CONFIRMED,2,nar_reference; conference_abstract_corpus,,2026-09-01
NAR_DRG0UIDCY,ACTIVE,NJH-395,Immune stimulator antibody conjugate; NJH 395; NJH-395; NJH395,,Receptor tyrosine-protein kinase erbB-2 (HER2),,,,Novartis Pharma AG,Phase1,Phase 1 (Terminated),REFERENCE_UNCLASSIFIED,REFERENCE_CONFIRMED,1,nar_reference,NCT03696771,2026-09-01
NAR_DRG0UIZFH,ACTIVE,XB3-001,Melanotransferrin-trastuzumab conjugate (biOasis); MTf-TZM; MTfp-TZM; p97-trastuzumab conjugate (T),,Receptor tyrosine-protein kinase erbB-2 (HER2),,,,"Bioasis Technologies, Inc",Investigative,Investigative,REFERENCE_UNCLASSIFIED,REFERENCE_CONFIRMED,1,nar_reference,,2026-09-01
NAR_DRG0UJALJ,ACTIVE,MSLN MMAE,MSLNMMAE; MSLN MMAE (Anwita Biosciences); MSLN-MMAE,,Mesothelin (MSLN),,,,"Anwita Biosciences, Inc",Investigative,Investigative,REFERENCE_UNCLASSIFIED,REFERENCE_CONFIRMED,1,nar_reference,,2026-09-01
NAR_DRG0UJMPA,ACTIVE,BA-1302,BA 1302; BA-1302; BA1302,,Melanotransferrin (MELTF),,,,"Shandong Boan Biotechnology Co., Ltd; Luye Pharma Group Ltd",Phase1,Phase 1,REFERENCE_UNCLASSIFIED,REFERENCE_CONFIRMED,1,nar_reference,,2026-09-01
NAR_DRG0UJUZQ,ACTIVE,GQ-1007,GQ 1007; GQ-1007; GQ1007,,Receptor tyrosine-protein kinase erbB-2 (HER2),,,,"GeneQuantum Healthcare (Suzhou) Co. Ltd; Borui Biomedical Technology (Suzhou) Co., Ltd",Phase1,Phase 1 (Terminated),REFERENCE_UNCLASSIFIED,REFERENCE_CONFIRMED,1,nar_reference,,2026-09-01
NAR_DRG0ULCEQ,ACTIVE,Rovalpituzumab tesirine,P256HB60FF; Rova-T; Rovalpituzumab tesirine; SC-0002; SC0001-SCX; SC0001SCX; SC16LD6.5,,Delta-like protein 3 (DLL3),a PBD (pyrrolobenzodiazepine) dimer,cleavable linker (typical),Recurrent Small Cell Lung Cancer; Small Cell Lung Cancer; Small Cell Lung Carcinoma,"AbbVie, Inc",Phase3,Phase 3 (Terminated),PRESUMED_ADC,MULTISOURCE_CONFIRMED,3,nar_reference; clinicaltrials; conference_abstract_corpus,NCT02674568; NCT02709889; NCT02819999; NCT03000257; NCT03033511,2026-09-01
NAR_DRG0ULJQN,ACTIVE,OBT207,OBT-207; OBT 207,,Undisclosed,,,,Oxford BioTherapeutics Ltd,Investigative,Investigative,REFERENCE_UNCLASSIFIED,REFERENCE_CONFIRMED,1,nar_reference,,2026-09-01
NAR_DRG0UPZCS,ACTIVE,MGC026,,,,,,,,Phase1,Phase 1,PRESUMED_ADC,MULTISOURCE_CONFIRMED,2,nar_reference; conference_abstract_corpus,NCT06242470,2026-09-01
NAR_DRG0UQTJG,ACTIVE,Lifastuzumab vedotin,"Anti-NaPi2b ADC; DNIB-0600A; DNIB0600A; LIFA; Lifastuzumab vedotin; NaPi2b-ADC; NaPi3b; RG-7599; RG7599, DNIB-0600A; RO-5541081",,Sodium-dependent phosphate transport protein 2B (SLC34A2),,,,"Genentech, Inc; Roche Holding AG; Roche Holding AG",Phase2,Phase 2 (Terminated),PRESUMED_ADC,MULTISOURCE_CONFIRMED,2,nar_reference; conference_abstract_corpus,NCT01363947; NCT01911598; NCT01991210; NCT01995188,2026-09-01
NAR_DRG0UQXWB,ACTIVE,BI-CON-02,BI-CON-02; BI CON 02; BICON02,,Receptor tyrosine-protein kinase erbB-2 (HER2),,,,BioIntegrator LLC,Phase1,Phase 1 (Terminated),REFERENCE_UNCLASSIFIED,REFERENCE_CONFIRMED,1,nar_reference,NCT03062007,2026-09-01
NAR_DRG0USADY,ACTIVE,DXC004,,,,,,,,Phase1,Phase 1,REFERENCE_UNCLASSIFIED,REFERENCE_CONFIRMED,1,nar_reference,,2026-09-01
NAR_DRG0USIEY,ACTIVE,DA-3501,,,,,,,,Phase1,Phase 1,REFERENCE_UNCLASSIFIED,REFERENCE_CONFIRMED,1,nar_reference,NCT07481357,2026-09-01
NAR_DRG0USILO,ACTIVE,TAC-001,CD22 targeting TRAAC-Tallac Therapeutics; TAAC-001; TAC 001; TAC-001,,B-cell receptor CD22 (CD22),,,,"Tallac Therapeutics, Inc",Phase2,Phase 1/2,REFERENCE_UNCLASSIFIED,REFERENCE_CONFIRMED,1,nar_reference,NCT05399654,2026-09-01
NAR_DRG0UTRTT,ACTIVE,<sup>124</sup>I-scFvD2B,,,,,,,,Investigative,Investigative,REFERENCE_UNCLASSIFIED,REFERENCE_CONFIRMED,1,nar_reference,,2026-09-01
NAR_DRG0UTYGF,ACTIVE,Trastuzumab-deBouganin,Anti-HER2 single-chain Fv dimer-deBouganin ADC (Sesen Bio/AviPep); T-deB,,Receptor tyrosine-protein kinase erbB-2 (HER2),,,,"Viventia Bio, Inc; Avipep Pty Ltd; Sesen Bio, Inc",Investigative,Investigative,REFERENCE_UNCLASSIFIED,REFERENCE_CONFIRMED,1,nar_reference,,2026-09-01
NAR_DRG0UUEEH,ACTIVE,SC-002,SC 002; SC-002; SC002,,Delta-like protein 3 (DLL3),,,,"Stemcentrx, Inc; AbbVie, Inc",Phase1,Phase 1 (Terminated),PRESUMED_ADC,MULTISOURCE_CONFIRMED,2,nar_reference; europe_pmc,NCT02500914,2026-09-01
NAR_DRG0UUFIR,ACTIVE,SYD998,WO2015177360A1_ADC-wt; SYD 998; SYD-998,,Glutamate carboxypeptidase 2 (FOLH1),,,,Byodes Private Ltd,Investigative,Investigative,REFERENCE_UNCLASSIFIED,REFERENCE_CONFIRMED,1,nar_reference,,2026-09-01
NAR_DRG0UUOGO,ACTIVE,TORL-2-307-ADC,"TORL-2-307 ADC; TORL-2-307- ADC; TORL-2-307- ADC, TORL-2-307-MAB; TORL-2-307-ADC; TORL-2-307-MAB",,Claudin-18.2 (CLDN18.2),,,,TORL Biotherapeutics LLC,Phase1,Phase 1,REFERENCE_UNCLASSIFIED,REFERENCE_CONFIRMED,1,nar_reference,NCT05156866,2026-09-01
NAR_DRG0UVYLY,ACTIVE,SYS6005,,,,,,,,Phase1,Phase 1,REFERENCE_UNCLASSIFIED,REFERENCE_CONFIRMED,1,nar_reference,NCT06958679,2026-09-01
NAR_DRG0UWYXJ,ACTIVE,ALTA-002,ALTA 002; ALTA-002; Anti-SIRPa antibody conjugated toll-like receptor 9 agonists-ALX Oncology/Tallac Therapeutics; TAC002,,Leukocyte surface antigen CD47 (CD47),,,,"ALX Oncology, Inc; Tallac Therapeutics, Inc",Phase1,Phase 1,REFERENCE_UNCLASSIFIED,REFERENCE_CONFIRMED,1,nar_reference,,2026-09-01
NAR_DRG0UYIOG,ACTIVE,YL-212,YL212; YL 212,,Delta-like protein 3 (DLL3),,,,Suzhou Medilink Therapeutics Ltd; Zai Lab Ltd,Investigative,Investigative,REFERENCE_UNCLASSIFIED,REFERENCE_CONFIRMED,1,nar_reference,,2026-09-01
NAR_DRG0UZQBB,ACTIVE,NOV0712-DXd,NOV0712 DXd,,Cadherin-6 (CDH6),,,,"Daiichi Sankyo Co., Ltd",Investigative,Investigative,REFERENCE_UNCLASSIFIED,REFERENCE_CONFIRMED,1,nar_reference,,2026-09-01
NAR_DRG0VFBIW,ACTIVE,AMG-224,AMG 224; AMG-224; AMG22 4; AMG224,,Tumor necrosis factor receptor superfamily member 17 (TNFRSF17),,,,"Amgen, Inc",Phase1,Phase 1 (Terminated),REFERENCE_UNCLASSIFIED,REFERENCE_CONFIRMED,1,nar_reference,NCT02561962,2026-09-01
NAR_DRG0VFEIE,ACTIVE,BR111,,,,,,,,Phase1,Phase 1,PRESUMED_ADC,MULTISOURCE_CONFIRMED,2,nar_reference; conference_abstract_corpus,NCT06937957,2026-09-01
NAR_DRG0VFTUI,ACTIVE,LY256787,,,,,,,,Phase1,Phase 1,REFERENCE_UNCLASSIFIED,REFERENCE_CONFIRMED,1,nar_reference,,2026-09-01
NAR_DRG0VGXGH,ACTIVE,CD4-BFFI,AntiCD mAb 6314+T561; CD4 BFFI; CD4BFFI,,T-cell surface glycoprotein CD4 (CD4),,,,Roche Holding AG,Investigative,Investigative,REFERENCE_UNCLASSIFIED,REFERENCE_CONFIRMED,1,nar_reference,,2026-09-01
NAR_DRG0VHHWJ,ACTIVE,OBI-998,OBI 998; OBI998,,Stage-specific embryonic antigen-4 (SSEA-4),,,,"OBI Pharma, Inc",Investigative,Investigative,PRESUMED_ADC,MULTISOURCE_CONFIRMED,2,nar_reference; conference_abstract_corpus,,2026-09-01
NAR_DRG0VHRBL,ACTIVE,RC-88,RC 88; RC-88; RC-88 ADC; RC88,,Mesothelin (MSLN),,,,"RemeGen Co., Ltd",Phase2,Phase 1/2,REFERENCE_UNCLASSIFIED,REFERENCE_CONFIRMED,1,nar_reference,NCT04175847; NCT05508334,2026-09-01
NAR_DRG0VHVOA,ACTIVE,TUB-030,TUB 030; TUB-030; TUB030,,Trophoblast glycoprotein (TPBG),,,,Tubulis GmbH,Phase2,Phase 1/2,PRESUMED_ADC,MULTISOURCE_CONFIRMED,3,nar_reference; clinicaltrials; conference_abstract_corpus,,2026-09-01
NAR_DRG0VHXYA,ACTIVE,GQ-1005,GQ 1005; GQ-1005; GQ1005,,Receptor tyrosine-protein kinase erbB-2 (HER2),,,,GeneQuantum Healthcare (Suzhou) Co. Ltd,Phase3,Phase 3,REFERENCE_UNCLASSIFIED,REFERENCE_CONFIRMED,1,nar_reference,,2026-09-01
NAR_DRG0VIMVV,ACTIVE,ALX2004,,,,,,,,Phase1,Phase 1,PRESUMED_ADC,MULTISOURCE_CONFIRMED,2,nar_reference; clinicaltrials,NCT07085091,2026-09-01
NAR_DRG0VIUMF,ACTIVE,M-9140,M 9140; M-9140; M9140,,Carcinoembryonic antigen-related cell adhesion molecule 5 (CEACAM5),,,,"Merck KGaA; EMD Serono Research & Development Institute, Inc",Phase2,Phase 1/2,PRESUMED_ADC,MULTISOURCE_CONFIRMED,4,nar_reference; clinicaltrials; conference_abstract_corpus; conference_crossref_search,,2026-09-01
NAR_DRG0VJOET,ACTIVE,Moxetumomab pasudotox,HA22; CAT- 8015; GCR-8015; R490A,,B-cell receptor CD22 (CD22),,,,AstraZeneca PLC,Approved,"Approved (FDA): Sep, 2018",REFERENCE_UNCLASSIFIED,REFERENCE_CONFIRMED,1,nar_reference,NCT00462189; NCT00586924; NCT00659425; NCT01829711; NCT01891981; NCT02227108,2026-09-01
NAR_DRG0VJROY,ACTIVE,SGN-B6A,PF-08046047; SGN-B6A; SGNB6A; Sigvotatug Vedotin; humanized IgG1 beta-6 monoclonal antibody conjugated to monomethyl auristatin E,,Integrin beta-6 (ITGB6),MMAE (monomethyl auristatin E),valine-citrulline cleavable linker (typical),"Carcinoma, Non-Small Cell Lung; Carcinoma, Non-Small-Cell Lung; Carcinoma, Non-Small-Cell Lung (NSCLC); Esophageal Adenocarcinoma; Esophageal Squamous Cell Carcinoma; Gastric Adenocarcinoma; Gastroesophageal Junction Adenocarcinoma; Non-Small Cell Lung Cancer; Squamous Cell Carcinoma of Head and Neck",Seagen Inc,Phase3,Phase 3,PRESUMED_ADC,MULTISOURCE_CONFIRMED,4,nar_reference; clinicaltrials; conference_abstract_corpus; conference_crossref_search,NCT04389632,2026-09-01
NAR_DRG0VKEZC,ACTIVE,BL-M005,BLM005; BL M005,,Undisclosed,,,,"Sichuan Biokin Pharmaceutical Co., Ltd",Investigative,Investigative,REFERENCE_UNCLASSIFIED,REFERENCE_CONFIRMED,1,nar_reference,,2026-09-01
NAR_DRG0VNZZZ,ACTIVE,PF-06688992,GD3 ADC; PF 06688992; PF-06688992; PF06688992,,Ganglioside GD3,,,,Pfizer Inc; Memorial Sloan-Kettering Cancer Center,Phase1,Phase 1 (Terminated),REFERENCE_UNCLASSIFIED,REFERENCE_CONFIRMED,1,nar_reference,NCT03159117,2026-09-01
NAR_DRG0VOIMW,ACTIVE,BSI-709,BSI 709; BSI709,,Cadherin-6 (CDH6),,,,"Biosion, Inc; ImmunoGen, Inc",Investigative,Investigative,REFERENCE_UNCLASSIFIED,REFERENCE_CONFIRMED,1,nar_reference,,2026-09-01
NAR_DRG0VSEXE,ACTIVE,MG2001,,,,,,,,Phase1,Phase 1,REFERENCE_UNCLASSIFIED,REFERENCE_CONFIRMED,1,nar_reference,,2026-09-01
NAR_DRG0VSGFV,ACTIVE,BRKB-28,BRKB28; BRKB 28,,Undisclosed,,,,"Brickbio, Inc",Investigative,Investigative,REFERENCE_UNCLASSIFIED,REFERENCE_CONFIRMED,1,nar_reference,,2026-09-01
NAR_DRG0VULUJ,ACTIVE,TQB2101,,,,,,,,Phase1,Phase 1,REFERENCE_UNCLASSIFIED,REFERENCE_CONFIRMED,1,nar_reference,NCT06948539; NCT07113925,2026-09-01
NAR_DRG0VURPQ,ACTIVE,NC-6201,E-7974+NCAB-001 (Nanocarrier); E-7974/NCAB-001 (Nanocarrier); NC6201; NC 6201,,Epidermal growth factor receptor (EGFR),,,,"NanoCarrier Co., Ltd",Investigative,Investigative,REFERENCE_UNCLASSIFIED,REFERENCE_CONFIRMED,1,nar_reference,,2026-09-01
NAR_DRG0VVKYV,ACTIVE,FZ-AD005,,,,,,,,Phase1,Phase 1,REFERENCE_UNCLASSIFIED,REFERENCE_CONFIRMED,1,nar_reference,NCT06424665; NCT07455045,2026-09-01
NAR_DRG0VWNGX,ACTIVE,BIO-201,BIO201; BIO 201; BIO-201 (BiOneCure Therapeutics),,Undisclosed,,,,"BiOneCure Therapeutics, Inc",Investigative,Investigative,PRESUMED_ADC,MULTISOURCE_CONFIRMED,2,nar_reference; conference_abstract_corpus,,2026-09-01
NAR_DRG0VWODF,ACTIVE,Anetumab corixetan,BAY 2287409; BAY-2287409; BAY2287409,,Mesothelin (MSLN),,,,Bayer AG,Investigative,Investigative,REFERENCE_UNCLASSIFIED,REFERENCE_CONFIRMED,1,nar_reference,,2026-09-01
NAR_DRG0VXXXS,ACTIVE,BIO105,BIO-105; BIO 105,,Undisclosed,,,,"Boostimmune, Inc",Investigative,Investigative,REFERENCE_UNCLASSIFIED,REFERENCE_CONFIRMED,1,nar_reference,,2026-09-01
NAR_DRG0VYGBA,ACTIVE,Araris ADC,Anti-Nectin-4 ADC(Araris Biotech); ArarisADC; Araris-ADC,,Nectin-4 (NECTIN4),,,,Araris Biotech AG,Investigative,Investigative,REFERENCE_UNCLASSIFIED,REFERENCE_CONFIRMED,1,nar_reference,,2026-09-01
NAR_DRG0VYGGK,ACTIVE,BMS-986148,BMS 986148; BMS-986148; Mesothelin-ADC,,Mesothelin (MSLN),,,,Bristol Myers Squibb Co,Phase2,Phase 1/2 (Terminated),PRESUMED_ADC,MULTISOURCE_CONFIRMED,3,nar_reference; clinicaltrials; europe_pmc,NCT02341625; NCT02884726,2026-09-01
NAR_DRG0VYKSA,ACTIVE,LM-305,LM 305; LM-305; LM305; AZD-0305; AZD 0305; AZD0305,,G-protein coupled receptor family C group 5 member D (GPRC5D),,,,LaNova Medicines Ltd; AstraZeneca PLC,Phase2,Phase 1/2,PRESUMED_ADC,MULTISOURCE_CONFIRMED,2,nar_reference; conference_crossref_search,,2026-09-01
NAR_DRG0WBCEJ,ACTIVE,Vas-201,Vas 201; Vas201,,Undisclosed,,,,"VasGene Therapeutics, Inc",Investigative,Investigative,REFERENCE_UNCLASSIFIED,REFERENCE_CONFIRMED,1,nar_reference,,2026-09-01
NAR_DRG0WCBFK,ACTIVE,Cirmtuzumab vedotin,UC-961ADC3,,Inactive tyrosine-protein kinase transmembrane receptor ROR1 (ROR1),,,,"University of California; Oncternal Therapeutics, Inc",Investigative,Investigative,REFERENCE_UNCLASSIFIED,REFERENCE_CONFIRMED,1,nar_reference,,2026-09-01
NAR_DRG0WCTHL,ACTIVE,Pivekimab sunirine,IMGN 632; IMGN-632; IMGN632; Pivekimab sunirine,,Interleukin-3 receptor subunit alpha (IL3RA),,,,"ImmunoGen, Inc",Phase2,Phase 1/2,PRESUMED_ADC,MULTISOURCE_CONFIRMED,4,nar_reference; conference_abstract_corpus; conference_crossref_search; europe_pmc,,2026-09-01
NAR_DRG0WCYUM,ACTIVE,Lupartumab amadotin,Anti-C4.4a antibody-drug conjugates; Anti-LY6-PLAUR domain containing 3 antibody-drug conjugates; Anti-LYPD3 antibody-drug conjugates; BAY 1129980; BAY-1129980; BAY1129980; LYPD3 protein-directed antibody-drug conjugates; Lupartumab amadotin,,Ly6/PLAUR domain-containing protein 3 (LYPD3),,,,Bayer AG,Phase1,Phase 1 (Terminated),REFERENCE_UNCLASSIFIED,REFERENCE_CONFIRMED,1,nar_reference,,2026-09-01
NAR_DRG0WEEMU,ACTIVE,AT-03,,,,,,,,Phase1,Phase 1,REFERENCE_UNCLASSIFIED,REFERENCE_CONFIRMED,1,nar_reference,NCT06809114,2026-09-01
NAR_DRG0WEGRW,ACTIVE,MGTA-C100,MGTAC100; MGTA C100; Anti-CD45 antibody-drug conjugate (Magenta Therapeutics); anti-CD45 antibody-drug conjugate (Magenta Therapeutics),,Receptor-type tyrosine-protein phosphatase C (PTPRC),,,,"Magenta Therapeutics, Inc",Investigative,Investigative,REFERENCE_UNCLASSIFIED,REFERENCE_CONFIRMED,1,nar_reference,,2026-09-01
NAR_DRG0WFJHW,ACTIVE,BAT-8009,,,,,,,,Phase1,Phase 1,REFERENCE_UNCLASSIFIED,REFERENCE_CONFIRMED,1,nar_reference,,2026-09-01
NAR_DRG0WGVKF,ACTIVE,FS-1502,FS-1502; Herceptin-LC-LBG-MMAF; IKS 014; IKS-014; IKS014; LCB14; LCB14-0110; Trastuzumab-LC-LBG-MMAF,,Receptor tyrosine-protein kinase erbB-2 (HER2),,,,Iksuda Therapeutics; Shanghai Fosun Pharmaceutical,Phase3,Phase 3,REFERENCE_UNCLASSIFIED,REFERENCE_CONFIRMED,1,nar_reference,,2026-09-01
NAR_DRG0WIBDT,ACTIVE,HDP-101,HDP 101; HDP-101; HDP101,,Tumor necrosis factor receptor superfamily member 17 (TNFRSF17),,,,"Heidelberg Pharma AG; Huadong Medicine Co., Ltd; Hangzhou Zhongmeihuadong Pharmaceutical Co., Ltd; Heidelberg Pharma Research GmbH",Phase2,Phase 1/2,PRESUMED_ADC,MULTISOURCE_CONFIRMED,5,nar_reference; conference_abstract_corpus; conference_crossref_search; europe_pmc; pubmed,,2026-09-01
NAR_DRG0WIVJB,ACTIVE,SYD1035,WO2015177360A1_ADC-HC120; SYD 1035; SYD-1035,,Glutamate carboxypeptidase 2 (FOLH1),,,,Byodes Private Ltd,Investigative,Investigative,REFERENCE_UNCLASSIFIED,REFERENCE_CONFIRMED,1,nar_reference,,2026-09-01
NAR_DRG0WJKRI,ACTIVE,DS-6157a,DS 6157a; DS-6157; DS-6157a; DS6157a,,G-protein coupled receptor 20 (GPR20),,,,Daiichi Sankyo Inc,Phase1,Phase 1 (Terminated),PRESUMED_ADC,MULTISOURCE_CONFIRMED,3,nar_reference; conference_abstract_corpus; europe_pmc,NCT04276415,2026-09-01
NAR_DRG0WJWEG,ACTIVE,AGS-67E,AGS 67E; AGS-67E; AGS67E,,Leukocyte antigen CD37 (CD37),,,,"Agensys, Inc",Phase1,Phase 1 (Terminated),REFERENCE_UNCLASSIFIED,REFERENCE_CONFIRMED,1,nar_reference,NCT02175433; NCT02610062,2026-09-01
NAR_DRG0WLYOR,ACTIVE,MLN2704,,,,,,,,Phase2,Phase 2,PRESUMED_ADC,MULTISOURCE_CONFIRMED,2,nar_reference; europe_pmc,,2026-09-01
NAR_DRG0WMPDO,ACTIVE,<sup>111</sup>In-DOTA-5D3,,,,,,,,Investigative,Investigative,REFERENCE_UNCLASSIFIED,REFERENCE_CONFIRMED,1,nar_reference,,2026-09-01
NAR_DRG0WNUZE,ACTIVE,IMB-213I,IMB 213I; IMB213I,,Undisclosed,,,,ImmunoBiochem Corp,Investigative,Investigative,REFERENCE_UNCLASSIFIED,REFERENCE_CONFIRMED,1,nar_reference,,2026-09-01
NAR_DRG0WNVBV,ACTIVE,ICP-B794,,,,,,,,Phase1,Phase 1,PRESUMED_ADC,MULTISOURCE_CONFIRMED,2,nar_reference; conference_abstract_corpus,NCT07136558,2026-09-01
NAR_DRG0WOBTH,ACTIVE,DS-3939,,,,,,,,Phase2,Phase 2,REFERENCE_UNCLASSIFIED,REFERENCE_CONFIRMED,1,nar_reference,,2026-09-01
NAR_DRG0WOJVL,ACTIVE,BB-1701,BB 1701; BB-1701; BB1701,,Receptor tyrosine-protein kinase erbB-2 (HER2 exon 20),,,,"Baili Sikang Biomedicine (Hangzhou) Co., Ltd",Phase2,Phase 2,PRESUMED_ADC,MULTISOURCE_CONFIRMED,5,nar_reference; clinicaltrials; conference_abstract_corpus; conference_crossref_search; europe_pmc,NCT04257110,2026-09-01
NAR_DRG0WOUMV,ACTIVE,RG-7841,,,,,,,,Phase1,Phase 1,REFERENCE_UNCLASSIFIED,REFERENCE_CONFIRMED,1,nar_reference,,2026-09-01
NAR_DRG0WPYAS,ACTIVE,BSI-04702,,,,,,,,Phase2,Phase 2,REFERENCE_UNCLASSIFIED,REFERENCE_CONFIRMED,1,nar_reference,,2026-09-01
NAR_DRG0WRFYU,ACTIVE,PF-06650808,PF 6650808; PF-06650808; PF-6650808,,Neurogenic locus notch homolog protein 3 (NOTCH3),,,,Pfizer Inc,Phase1,Phase 1 (Terminated),REFERENCE_UNCLASSIFIED,REFERENCE_CONFIRMED,1,nar_reference,NCT02129205,2026-09-01
NAR_DRG0WVXVY,ACTIVE,DK-410,DK410; DK 410,,Mucosal vascular addressin cell adhesion molecule 1 (MADCAM1),,,,"Deka Biosciences, Inc",Investigative,Investigative,REFERENCE_UNCLASSIFIED,REFERENCE_CONFIRMED,1,nar_reference,,2026-09-01
NAR_DRG0WWBVZ,ACTIVE,BC3195,BC-3195; BC 3195; BC3195,,Cadherin-3 (CDH3),,,,"Wuxi Biocity Biopharmaceutics Co., Ltd",Phase1,Phase 1,PRESUMED_ADC,MULTISOURCE_CONFIRMED,4,nar_reference; conference_abstract_corpus; conference_crossref_search; europe_pmc,,2026-09-01
NAR_DRG0WWZAS,ACTIVE,SYS6010,SYS 6010; SYS-6010; SYS6010; CPO 301; CPO-301; CPO301,,Epidermal growth factor receptor (EGFR),,,,CSPC Pharmaceutical Group Ltd,Phase3,Phase 3,PRESUMED_ADC,MULTISOURCE_CONFIRMED,3,nar_reference; conference_abstract_corpus; europe_pmc,,2026-09-01
NAR_DRG0WXNKG,ACTIVE,JBH-492,Anti-CCR7 antibody-drug conjugate - Novartis Pharmaceuticals; JBH 492; JBH-492; JBH492,,C-C chemokine receptor type 7 (CCR7),,,,Novartis Pharmaceuticals Corp,Phase1,Phase 1 (Terminated),PRESUMED_ADC,MULTISOURCE_CONFIRMED,2,nar_reference; conference_abstract_corpus,,2026-09-01
NAR_DRG0WXQJL,ACTIVE,Vadastuximab talirine,33-A; 33A; Anti-CD33A targeted ADC; SGN CD33A; SGN-CD33A; Vadastuximab talirine,,Myeloid cell surface antigen CD33 (CD33),a PBD (pyrrolobenzodiazepine) dimer,cleavable linker (typical),Acute Myeloid Leukemia; Myelodysplastic Syndrome,Seagen Inc,Phase3,Phase 3 (Terminated),PRESUMED_ADC,MULTISOURCE_CONFIRMED,3,nar_reference; clinicaltrials; conference_abstract_corpus,NCT01902329; NCT02326584; NCT02614560; NCT02785900,2026-09-01
NAR_DRG0WXTQM,ACTIVE,APEC-1,APEC1; APEC 1,,B-lymphocyte antigen CD20 (MS4A1),,,,"Revitope Oncology, Inc",Investigative,Investigative,REFERENCE_UNCLASSIFIED,REFERENCE_CONFIRMED,1,nar_reference,,2026-09-01
NAR_DRG0WYSHT,ACTIVE,RC-178,RC178; RC 178,,Undisclosed,,,,"RemeGen Co., Ltd",Investigative,Investigative,REFERENCE_UNCLASSIFIED,REFERENCE_CONFIRMED,1,nar_reference,,2026-09-01
NAR_DRG0XBJHU,ACTIVE,LY-3076226,Anti-FGFR3 Ab IMC-D11; LY 3076226; LY-3076226; LY3076 226; LY3076226,,Fibroblast growth factor receptor 3 (FGFR3),,,,Eli Lilly & Co,Phase1,Phase 1 (Terminated),PRESUMED_ADC,MULTISOURCE_CONFIRMED,4,nar_reference; clinicaltrials; conference_abstract_corpus; europe_pmc,,2026-09-01
NAR_DRG0XCSOA,ACTIVE,ST8176AA1,ST 8176AA1; Trastuzumab-HDACi ADC,,Receptor tyrosine-protein kinase erbB-2 (HER2),,,,Alfasigma SpA,Investigative,Investigative,REFERENCE_UNCLASSIFIED,REFERENCE_CONFIRMED,1,nar_reference,,2026-09-01
NAR_DRG0XCWMD,ACTIVE,Cantuzumab ravtansine,C-242 DM4; C242 DM4 immunoconjugate; C242 maytansinoid-4 conjugate; Cantuzumab ravtansine; IMGN-242; Maytasinoid DM4-conjugated humanised monoclonal antibody huC242; Monoclonal antibody C-242 DM4 conjugate; huC242-DM4,,Mucin-1 (MUC1),,,,"ImmunoGen, Inc",Phase2,Phase 2 (Terminated),PRESUMED_ADC,MULTISOURCE_CONFIRMED,2,nar_reference; conference_abstract_corpus,NCT00352131; NCT00620607,2026-09-01
NAR_DRG0XEXPT,ACTIVE,SGN-STNV,SGN STNV; SGN-STNV; SGNSTNV,,Onco-foetal sialyl-Tn,,,,Seagen Inc,Phase1,Phase 1 (Terminated),REFERENCE_UNCLASSIFIED,REFERENCE_CONFIRMED,1,nar_reference,NCT04665921,2026-09-01
NAR_DRG0XFQVE,ACTIVE,SYSA-1801,CPO 102; CPO-102; CPO102; Claudin 18.2-MMAE ADC; SYSA1801; EO 3021; EO-3021; EO3021,,Claudin-18.2 (CLDN18.2),,,,"CSPC Pharmaceutical Group Ltd; Elevation Oncology, Inc",Phase1,Phase 1 (Terminated),PRESUMED_ADC,MULTISOURCE_CONFIRMED,3,nar_reference; conference_abstract_corpus; clinicaltrials,NCT05009966,2026-09-01
NAR_DRG0XFTRM,ACTIVE,Bevacizumab vedotin,Bevacizumab-Val-Cit-PABC-MMAE; Bevacizumab Val Cit PABC MMAE,,Vascular endothelial growth factor A (VEGFA),,,,,Investigative,Investigative,REFERENCE_UNCLASSIFIED,REFERENCE_CONFIRMED,1,nar_reference,,2026-09-01
NAR_DRG0XGLSR,ACTIVE,NOV0712-DM4,NOV0712 DM4,,Cadherin-6 (CDH6),,,,"Daiichi Sankyo Co., Ltd",Investigative,Investigative,REFERENCE_UNCLASSIFIED,REFERENCE_CONFIRMED,1,nar_reference,,2026-09-01
NAR_DRG0XHLKM,ACTIVE,C6vc0101,C6-vc0101,,Tumor-associated calcium signal transducer 2 (TROP2),,,,Pfizer Inc,Investigative,Investigative,REFERENCE_UNCLASSIFIED,REFERENCE_CONFIRMED,1,nar_reference,,2026-09-01
NAR_DRG0XHZLG,ACTIVE,Cofetuzumab pelidotin,"ABBV-647; Cofetuzumab pelidotin; PF-06523435; PF-06647020; PF-06647020, PTK7-ADC, ABBV-647, PTK7-Aur0101; PF-6647020; PF-7020; PTK7-ADC; PTK7-Aur0101; hu-24",,Inactive tyrosine-protein kinase 7 (PTK7),,,,"AbbVie, Inc; Stemcentrx, Inc; Pfizer Inc",Phase1,Phase 1 (Terminated),REFERENCE_UNCLASSIFIED,REFERENCE_CONFIRMED,1,nar_reference,NCT02222922; NCT03243331; NCT04189614,2026-09-01
NAR_DRG0XIERX,ACTIVE,P-1000,P1000; P 1000,,Undisclosed,,,,"German Cancer Research Center (Deutsches Krebsforschungszentrum, DKFZ)",Investigative,Investigative,REFERENCE_UNCLASSIFIED,REFERENCE_CONFIRMED,1,nar_reference,,2026-09-01
NAR_DRG0XJLTL,ACTIVE,JNJ-95298177,,,,,,,,Phase1,Phase 1,REFERENCE_UNCLASSIFIED,REFERENCE_CONFIRMED,1,nar_reference,NCT04662580,2026-09-01
NAR_DRG0XKMVA,ACTIVE,SYS6002,,,,,,,,Phase2,Phase 2,REFERENCE_UNCLASSIFIED,REFERENCE_CONFIRMED,1,nar_reference,,2026-09-01
NAR_DRG0XKZBO,ACTIVE,AZD-8205,,,,,,,,Phase2,Phase 2,PRESUMED_ADC,MULTISOURCE_CONFIRMED,3,nar_reference; conference_abstract_corpus; europe_pmc,,2026-09-01
NAR_DRG0XLJJW,ACTIVE,IMGN-388,,,,,,,,Phase1,Phase 1,REFERENCE_UNCLASSIFIED,REFERENCE_CONFIRMED,1,nar_reference,,2026-09-01
NAR_DRG0XLKYQ,ACTIVE,IKS-01,IKS01; IKS 01,,Folate receptor alpha (FOLR1),,,,"Iontas, Inc; Iksuda Therapeutics Ltd; Femtogenix Ltd",Investigative,Investigative,REFERENCE_UNCLASSIFIED,REFERENCE_CONFIRMED,1,nar_reference,,2026-09-01
NAR_DRG0XLSWN,ACTIVE,SC-006,SC 006; SC-006; SC006,,E3 ubiquitin-protein ligase RNF43 (RNF43),,,,"AbbVie, Inc",Phase1,Phase 1 (Terminated),PRESUMED_ADC,MULTISOURCE_CONFIRMED,2,nar_reference; conference_abstract_corpus,NCT03035279,2026-09-01
NAR_DRG0XOUNW,ACTIVE,SDV-1001,SDV 1001; SDV1001,,Undisclosed,,,,Syndivia SAS,Investigative,Investigative,REFERENCE_UNCLASSIFIED,REFERENCE_CONFIRMED,1,nar_reference,,2026-09-01
NAR_DRG0XOZXZ,ACTIVE,SIB-029A,SIB-029A; SIB 029A,,Epidermal growth factor receptor (EGFR); Receptor tyrosine-protein kinase erbB-3 (HER3),,,,"Systimmune, Inc; Sichuan Baili Pharmaceutical Co., Ltd",Investigative,Investigative,REFERENCE_UNCLASSIFIED,REFERENCE_CONFIRMED,1,nar_reference,,2026-09-01
NAR_DRG0XPPOZ,ACTIVE,Vorsetuzumab mafodotin,SGN 75; SGN-75; SGN75; Vorsetuzumab mafodotin,,CD70 antigen (CD70),,,,Seagen Inc,Phase1,Phase 1 (Terminated),PRESUMED_ADC,MULTISOURCE_CONFIRMED,2,nar_reference; europe_pmc,,2026-09-01
NAR_DRG0XRAON,ACTIVE,LOP-628,Anti-c-kit humanised IgG1 kappa antibody-maitansine conjugate (Novartis Pharma AG); Anti-c-kit humanised IgG1 kappa antibody-maytansine conjugate; Anti-c-kit humanised IgG1kappa antibody-maitansine conjugate; Anti-proto-oncogene protein; Anti-proto-oncogene protein c-kit IgG1 kappa antibody-maitansine conjugate; LOP 628; LOP-628; LOP62 8; LOP628,,Mast/stem cell growth factor receptor Kit (KIT),,,,Novartis Pharma AG; Novartis AG,Phase1,Phase 1 (Terminated),PRESUMED_ADC,MULTISOURCE_CONFIRMED,2,nar_reference; europe_pmc,,2026-09-01
NAR_DRG0XRBCK,ACTIVE,DAN-405,DAN405; DAN 405,,Glutamate carboxypeptidase 2 (FOLH1),,,,Dantari,Investigative,Investigative,REFERENCE_UNCLASSIFIED,REFERENCE_CONFIRMED,1,nar_reference,,2026-09-01
NAR_DRG0XRDLA,ACTIVE,S3F-CL-MMAE,SIA-01; SIA-101; SIA-102; SIA-103; SIA-104; Anti-SialylTn mAbs (Siamab Therapeutics),,Onco-foetal sialyl-Tn,,,,"Siamab Therapeutics, Inc",Investigative,Investigative,REFERENCE_UNCLASSIFIED,REFERENCE_CONFIRMED,1,nar_reference,,2026-09-01
NAR_DRG0XSBGL,ACTIVE,PF-08046876,,,,,,,,Phase1,Phase 1,REFERENCE_UNCLASSIFIED,REFERENCE_CONFIRMED,1,nar_reference,NCT07090499,2026-09-01
NAR_DRG0XTOSR,ACTIVE,STRO-004,STRO 004; STRO004,,Tissue factor (F3),,,,"Sutro Biopharma, Inc",Investigative,Investigative,PRESUMED_ADC,MULTISOURCE_CONFIRMED,2,nar_reference; conference_abstract_corpus,,2026-09-01
NAR_DRG0XUVMS,ACTIVE,CBT-005,CBT005; CBT 005,,Vascular endothelial growth factor A (VEGFA),,,,Cloudbreak Therapeutics LLC,Investigative,Investigative,REFERENCE_UNCLASSIFIED,REFERENCE_CONFIRMED,1,nar_reference,,2026-09-01
NAR_DRG0XVPES,ACTIVE,LM-306,LM 306; LM306,,Interleukin-13 receptor subunit alpha-2 (IL13RA2),,,,LaNova Medicines Ltd,Investigative,Investigative,REFERENCE_UNCLASSIFIED,REFERENCE_CONFIRMED,1,nar_reference,,2026-09-01
NAR_DRG0XWNPK,ACTIVE,AK0406,,,,,,,,Phase1,Phase 1,REFERENCE_UNCLASSIFIED,REFERENCE_CONFIRMED,1,nar_reference,,2026-09-01
NAR_DRG0XWTYJ,ACTIVE,DXC-005,DXC 005; DXC-005; DXC005; DAC 005; DAC-005; DAC005; Recombinant humanized anti-Muc1 antibody conjugated to Tub201; Recombinant humanized anti-Muc1 antibody conjugated to Tub201(Hangzhou DAC Biotechnology),,Mucin-1 (MUC1),,,,"Hangzhou DAC Biotech Co., Ltd",Phase1,Phase 1,REFERENCE_UNCLASSIFIED,REFERENCE_CONFIRMED,1,nar_reference,,2026-09-01
NAR_DRG0XXDCJ,ACTIVE,ABL-202,,,,,,,,Phase1,Phase 1,REFERENCE_UNCLASSIFIED,REFERENCE_CONFIRMED,1,nar_reference,,2026-09-01
NAR_DRG0YAEPQ,ACTIVE,TGM-005,TGM 005; TGM005,,Undisclosed,,,,Targetome NV,Investigative,Investigative,REFERENCE_UNCLASSIFIED,REFERENCE_CONFIRMED,1,nar_reference,,2026-09-01
NAR_DRG0YANSF,ACTIVE,BL-B01D1,BL B01D1; BL-B01D1; BLB01D1,,Receptor tyrosine-protein kinase erbB-3 (HER3); Epidermal growth factor receptor (EGFR),,,,"Sichuan Baili Pharmaceutical Co., Ltd; Systimmune, Inc; Chengdu Bailidote Biological Pharmaceutical Co., Ltd",Phase3,Phase 3,REFERENCE_UNCLASSIFIED,REFERENCE_CONFIRMED,1,nar_reference,NCT05194982; NCT05262491; NCT05393427; NCT05470348; NCT05785039,2026-09-01
NAR_DRG0YAZBQ,ACTIVE,RM-1995,RM 1995; RM-1995; RM1995,,Interleukin-2 receptor subunit alpha (IL2RA),,,,"Rakuten Medical, Inc",Phase1,Phase 1 (Terminated),REFERENCE_UNCLASSIFIED,REFERENCE_CONFIRMED,1,nar_reference,NCT05220748,2026-09-01
NAR_DRG0YBNRC,ACTIVE,GQ-1003,GQ 1003; GQ1003,,Tumor-associated calcium signal transducer 2 (TROP2),,,,"GeneQuantum Healthcare (Suzhou) Co. Ltd; SAMSUNG BIOLOGICS Co., Ltd",Investigative,Investigative,REFERENCE_UNCLASSIFIED,REFERENCE_CONFIRMED,1,nar_reference,,2026-09-01
NAR_DRG0YBSML,ACTIVE,AK146D1,,,,,,,,Phase1,Phase 1,REFERENCE_UNCLASSIFIED,REFERENCE_CONFIRMED,1,nar_reference,NCT06929663; NCT07067567,2026-09-01
NAR_DRG0YDBZU,ACTIVE,SHR-4602,SHR 4602; SHR-4602; SHR4602,,Receptor tyrosine-protein kinase erbB-2 (HER2),,,,"Jiangsu Hengrui Pharmaceuticals Co., Ltd",Phase2,Phase 2,PRESUMED_ADC,MULTISOURCE_CONFIRMED,2,nar_reference; conference_abstract_corpus,,2026-09-01
NAR_DRG0YFOJD,ACTIVE,SGN-35C,,,,,,,,Phase1,Phase 1,REFERENCE_UNCLASSIFIED,REFERENCE_CONFIRMED,1,nar_reference,NCT06254495,2026-09-01
NAR_DRG0YFVYF,ACTIVE,ST1,ST-1; ST 1,,Onco-foetal sialyl-Tn,,,,"Siamab Therapeutics, Inc",Investigative,Investigative,REFERENCE_UNCLASSIFIED,REFERENCE_CONFIRMED,1,nar_reference,,2026-09-01
NAR_DRG0YGXLF,ACTIVE,CPO-102,,,,,,,,Phase1,Phase 1,REFERENCE_UNCLASSIFIED,REFERENCE_CONFIRMED,1,nar_reference,,2026-09-01
NAR_DRG0YHHWC,ACTIVE,N501-SN38,N501 SN38,,Trophoblast glycoprotein (TPBG),,,,,Investigative,Investigative,REFERENCE_UNCLASSIFIED,REFERENCE_CONFIRMED,1,nar_reference,,2026-09-01
NAR_DRG0YHPUE,ACTIVE,RC-108,RC 108; RC-108; RC108,,Hepatocyte growth factor receptor (MET),,,,"RemeGen Co., Ltd",Phase2,Phase 2,PRESUMED_ADC,MULTISOURCE_CONFIRMED,3,nar_reference; clinicaltrials; conference_abstract_corpus,,2026-09-01
NAR_DRG0YHPYG,ACTIVE,RGX-019,RGX019; RGX 019,,Tyrosine-protein kinase Mer (MERTK),,,,"The Rockefeller University; Inspirna, Inc",Investigative,Investigative,PRESUMED_ADC,MULTISOURCE_CONFIRMED,4,nar_reference; conference_abstract_corpus; conference_crossref_search; europe_pmc,,2026-09-01
NAR_DRG0YHRUZ,ACTIVE,BP-A102,BPA102; BP A102,,Undisclosed,,,,"Tinfa Biopharmaceuticals Co., Ltd",Investigative,Investigative,REFERENCE_UNCLASSIFIED,REFERENCE_CONFIRMED,1,nar_reference,,2026-09-01
NAR_DRG0YKHCA,ACTIVE,AbGn-107,"AbGn 107; AbGn-107; AbGn-107, Ab1-18Hr1; AbGn107",,AG7,,,,"AbGenomics International, Inc",Phase1,Phase 1 (Terminated),PRESUMED_ADC,MULTISOURCE_CONFIRMED,3,nar_reference; conference_abstract_corpus; europe_pmc,NCT02908451,2026-09-01
NAR_DRG0YKTME,ACTIVE,OXS-1750,Antibody-drug conjugate containing OXS-4235; OXS 1750; OXS1750,,Sequestosome-1 (SQSTM1),,,,"OXIS Biotech, Inc; GT Biopharma, Inc; MultiCell Technologies, Inc",Investigative,Investigative,REFERENCE_UNCLASSIFIED,REFERENCE_CONFIRMED,1,nar_reference,,2026-09-01
NAR_DRG0YKZGZ,ACTIVE,cHD37-amanitin,cHD37 amanitin,,B-lymphocyte antigen CD19 (CD19),,,,"LegoChem Biosciences, Inc",Investigative,Investigative,REFERENCE_UNCLASSIFIED,REFERENCE_CONFIRMED,1,nar_reference,,2026-09-01
NAR_DRG0YLNPN,ACTIVE,BRY-812,BRY 812; BRY-812; BRY812,,Zinc transporter ZIP6 (SLC39A6),,,,"BioRay Biopharmaceutical Co., Ltd",Phase1,Phase 1,PRESUMED_ADC,MULTISOURCE_CONFIRMED,2,nar_reference; conference_abstract_corpus,,2026-09-01
NAR_DRG0YMRIE,ACTIVE,JSKN016,JSKN-016; JSKN 016; JSKN016,,Receptor tyrosine-protein kinase erbB-3 (HER3); Tumor-associated calcium signal transducer 2 (TROP2),,,,Suzhou Alphamab Co. Ltd,Phase2,Phase 2,PRESUMED_ADC,MULTISOURCE_CONFIRMED,2,nar_reference; conference_abstract_corpus,,2026-09-01
NAR_DRG0YNUEK,ACTIVE,XB371,XB-371; XB 371,,Tissue factor (F3),,,,"Exelixis, Inc",Investigative,Investigative,PRESUMED_ADC,MULTISOURCE_CONFIRMED,2,nar_reference; conference_abstract_corpus,,2026-09-01
NAR_DRG0YODKD,ACTIVE,BIO-106,BIO 106; BIO-106; BIO106,,Tumor-associated calcium signal transducer 2 (TROP2),,,,"BiOneCure Therapeutics, Inc",Phase2,Phase 1/2,REFERENCE_UNCLASSIFIED,REFERENCE_CONFIRMED,1,nar_reference,NCT05320588,2026-09-01
NAR_DRG0YPVKH,ACTIVE,Pertuzumab zuvotolimod,Pertuzumab zuvotolimod; SBT6050; pertuzumab zuvotolimod,,Receptor tyrosine-protein kinase erbB-2 (HER2),,,,"Silverback Therapeutics, Inc; ARS Pharmaceuticals, Inc",Phase1,Phase 1 (Terminated),REFERENCE_UNCLASSIFIED,REFERENCE_CONFIRMED,1,nar_reference,NCT04460456; NCT05091528,2026-09-01
NAR_DRG0YQAIX,ACTIVE,SHR-A1904,SHR A1904; SHR-A1904; SHRA1904,,Claudin-18.2 (CLDN18.2),,,,"Jiangsu Hengrui Pharmaceuticals Co., Ltd; Shanghai Hengrui Pharmaceutical Co., Ltd",Phase3,Phase 3,PRESUMED_ADC,MULTISOURCE_CONFIRMED,2,nar_reference; europe_pmc,NCT04877717; NCT04928625; NCT05277168,2026-09-01
NAR_DRG0YRJDY,ACTIVE,ALT-P7,,,,,,,,Phase1,Phase 1,REFERENCE_UNCLASSIFIED,REFERENCE_CONFIRMED,1,nar_reference,,2026-09-01
NAR_DRG0YSIDA,ACTIVE,Xl-250,Xl 250; xl250,,Receptor tyrosine-protein kinase erbB-2 (HER2),,,,XL-protein GmbH; Heidelberg Pharma AG,Investigative,Investigative,REFERENCE_UNCLASSIFIED,REFERENCE_CONFIRMED,1,nar_reference,,2026-09-01
NAR_DRG0YTJTJ,ACTIVE,APH-0912,APH0912; APH 0912; 10-alpha-GAG-DT,,Undisclosed,,,,Sanofi,Investigative,Investigative,REFERENCE_UNCLASSIFIED,REFERENCE_CONFIRMED,1,nar_reference,,2026-09-01
NAR_DRG0YTMFF,ACTIVE,VIS-705,VIS 705; VIS705,,Undisclosed,,,,"Visterra, Inc",Investigative,Investigative,REFERENCE_UNCLASSIFIED,REFERENCE_CONFIRMED,1,nar_reference,,2026-09-01
NAR_DRG0YTRFZ,ACTIVE,Vandortuzumab vedotin,"89Zr-DFO-MSTP2 109A (diagno stic); Anti-STEAP1-vc-MMAE; DSTP-3086S; DSTP3086S; RG-7450; RG7450, DSTP3 086S; Vandortuzumab vedotin",,Metalloreductase STEAP1 (STEAP1),,,,"Genentech, Inc; Roche Holding AG; Agensys, Inc; Astellas Pharma, Inc",Phase1,Phase 1 (Terminated),PRESUMED_ADC,MULTISOURCE_CONFIRMED,2,nar_reference; europe_pmc,NCT01283373,2026-09-01
NAR_DRG0YUCNA,ACTIVE,BL-M08D1,BL M19D1; BL-M08D1; BL-M19D1; BLM19D1,,Tumor-associated calcium signal transducer 2 (TROP2),,,,"Sichuan Baili Pharmaceutical Co., Ltd",Phase1,Phase 1,REFERENCE_UNCLASSIFIED,REFERENCE_CONFIRMED,1,nar_reference,,2026-09-01
NAR_DRG0YVBCV,ACTIVE,REGN-3124-PBD,REGN 3124 PBD; REGN3124-PBD,,Epidermal growth factor receptor variant III (EGFRvIII),,,,"Regeneron Pharmaceuticals, Inc",Investigative,Investigative,REFERENCE_UNCLASSIFIED,REFERENCE_CONFIRMED,1,nar_reference,,2026-09-01
NAR_DRG0YWAHM,ACTIVE,DS-6000,DS 6000; DS-6000; DS-6000a; DS6000; Raludotatug deruxtecan,,Cadherin-6 (CDH6),,,,"Daiichi Sankyo Co., Ltd",Phase3,Phase 2/3,REFERENCE_UNCLASSIFIED,REFERENCE_CONFIRMED,1,nar_reference,NCT04707248,2026-09-01
NAR_DRG0YWPJC,ACTIVE,TARG-9,Alpha10antibody drug conjugate Targinta; TARG9; TARG 9,,Integrin alpha-10 (ITGA10),,,,Targinta AB; Xintela AB,Investigative,Investigative,REFERENCE_UNCLASSIFIED,REFERENCE_CONFIRMED,1,nar_reference,,2026-09-01
NAR_DRG0YWYJJ,ACTIVE,IMGN151,IMGN 151; IMGN-151; IMGN151; Opugotamig olatansine,,Folate receptor alpha (FOLR1),,,,"ImmunoGen, Inc",Phase1,Phase 1,PRESUMED_ADC,MULTISOURCE_CONFIRMED,2,nar_reference; clinicaltrials,,2026-09-01
NAR_DRG0YXBEH,ACTIVE,SHR-A1912,SHR A1912; SHR-A1912; SHRA1912,,B-cell antigen receptor complex-associated protein beta chain (CD79B),,,,"Jiangsu Hengrui Pharmaceuticals Co., Ltd; Shanghai Hengrui Pharmaceutical Co., Ltd",Phase1,Phase 1,PRESUMED_ADC,MULTISOURCE_CONFIRMED,2,nar_reference; conference_abstract_corpus,NCT05113069,2026-09-01
NAR_DRG0YXJPS,ACTIVE,Veltuzumab-CL2E-SN-38,Vmab-CL2E-SN-38,,B-lymphocyte antigen CD20 (MS4A1),,,,,Investigative,Investigative Drug-to-Antibody Ratio 6 3D,REFERENCE_UNCLASSIFIED,REFERENCE_CONFIRMED,1,nar_reference,,2026-09-01
NAR_DRG0YXZQL,ACTIVE,SGN-15,BMS-182248; BMS-182248-01; BR96-DAPDOX; BR96-DOX; CBR96-Doxorubicin Immunoconjugate; SGN 15; SGN-15; SGN15; hBR96,,Lewis Y,,,,Seagen Inc; Bristol Myers Squibb Co,Phase2,Phase 2 (Terminated),PRESUMED_ADC,MULTISOURCE_CONFIRMED,3,nar_reference; conference_abstract_corpus; europe_pmc,,2026-09-01
NAR_DRG0YZEVV,ACTIVE,MT-5111,MT 5111; MT-5111; MT5111,,Receptor tyrosine-protein kinase erbB-2 (HER2),,,,"Molecular Templates, Inc",Phase1,Phase 1 (Terminated),REFERENCE_UNCLASSIFIED,REFERENCE_CONFIRMED,1,nar_reference,,2026-09-01
NAR_DRG0YZGPN,ACTIVE,CDX-014,CDX 014; CDX-014; CR 014-vcMMAE,,Hepatitis A virus cellular receptor 1 (HAVCR1),,,,"CuraGen Corp; Celldex Therapeutics, Inc; Amgen, Inc",Phase1,Phase 1 (Terminated),PRESUMED_ADC,MULTISOURCE_CONFIRMED,3,nar_reference; clinicaltrials; europe_pmc,NCT02837991,2026-09-01
NAR_DRG0YZPWM,ACTIVE,SGN-CD352A,SGN CD352A; SGN-CD352 A; SGN-CD352A; SGNCD352A,,SLAM family member 6 (SLAMF6),,,,"Seagen Inc; Ligand Pharmaceuticals, Inc",Phase1,Phase 1 (Terminated),REFERENCE_UNCLASSIFIED,REFERENCE_CONFIRMED,1,nar_reference,,2026-09-01
NAR_DRG0ZAECD,ACTIVE,AGS-16M8F,,,,,,,,Phase1,Phase 1,REFERENCE_UNCLASSIFIED,REFERENCE_CONFIRMED,1,nar_reference,NCT01114230,2026-09-01
NAR_DRG0ZAFBL,ACTIVE,IBI129,,,,,,,,Phase2,Phase 2,REFERENCE_UNCLASSIFIED,REFERENCE_CONFIRMED,1,nar_reference,,2026-09-01
NAR_DRG0ZAJGM,ACTIVE,BL-M09D1,,,,,,,,Phase1,Phase 1,REFERENCE_UNCLASSIFIED,REFERENCE_CONFIRMED,1,nar_reference,NCT06954077; NCT07056556,2026-09-01
NAR_DRG0ZBCCA,ACTIVE,MGC028,,,,,,,,Phase1,Phase 1,PRESUMED_ADC,MULTISOURCE_CONFIRMED,2,nar_reference; europe_pmc,NCT06723236,2026-09-01
NAR_DRG0ZBXTV,ACTIVE,TJ101,,,,,,,,Phase1,Phase 1,PRESUMED_ADC,MULTISOURCE_CONFIRMED,2,nar_reference; conference_abstract_corpus,NCT07181473,2026-09-01
NAR_DRG0ZGWBV,ACTIVE,JY201,JY-201; JY 201,,Receptor tyrosine-protein kinase erbB-2 (HER2 ECD2); Receptor tyrosine-protein kinase erbB-2 (HER2 ECD4),,,,"Shenzhen Enduring Biotech, Ltd",Investigative,Investigative,REFERENCE_UNCLASSIFIED,REFERENCE_CONFIRMED,1,nar_reference,,2026-09-01
NAR_DRG0ZGWEK,ACTIVE,XB010,,,,,,,,Phase1,Phase 1,REFERENCE_UNCLASSIFIED,REFERENCE_CONFIRMED,1,nar_reference,,2026-09-01
NAR_DRG0ZIFBH,ACTIVE,GenSci143,,,,,,,,Phase1,Phase 1,PRESUMED_ADC,MULTISOURCE_CONFIRMED,3,nar_reference; europe_pmc; pubmed,NCT07252414,2026-09-01
NAR_DRG0ZIJNR,ACTIVE,Milatuzumab doxorubicin,,,,,,,,Phase2,Phase 2,REFERENCE_UNCLASSIFIED,REFERENCE_CONFIRMED,1,nar_reference,,2026-09-01
NAR_DRG0ZLJPV,ACTIVE,SKB-410,SKB 410; SKB-410; SKB410,,Nectin-4 (NECTIN4),,,,"Sichuan Kelun-Biotech Biopharmaceutical Co., Ltd",Phase2,Phase 1/2,REFERENCE_UNCLASSIFIED,REFERENCE_CONFIRMED,1,nar_reference,,2026-09-01
NAR_DRG0ZMRYF,ACTIVE,HMBD-501,HMBD 501; HMBD501,,Receptor tyrosine-protein kinase erbB-3 (HER3),,,,Hummingbird Bioscience Pte Ltd,Investigative,Investigative,PRESUMED_ADC,MULTISOURCE_CONFIRMED,2,nar_reference; conference_abstract_corpus,,2026-09-01
NAR_DRG0ZMZUD,ACTIVE,Zilovertamab vedotin,MK 2140; MK- 2140; MK-2140; VLS-101; Zilovertamab vedotin,,Inactive tyrosine-protein kinase transmembrane receptor ROR1 (ROR1),MMAE (monomethyl auristatin E),valine-citrulline cleavable linker (typical),"B-cell Acute Lymphoblastic Leukemia; Burkitt Lymphoma; Diffuse Large B-cell Lymphoma; Ewing Sarcoma; Lymphoma, Large B-Cell, Diffuse; Neuroblastoma","Merck & Co., Inc",Phase2,Phase 2,PRESUMED_ADC,MULTISOURCE_CONFIRMED,4,nar_reference; clinicaltrials; conference_abstract_corpus; europe_pmc,NCT03833180; NCT04504916; NCT05139017; NCT05144841; NCT05406401; NCT05458297; NCT05562830,2026-09-01
NAR_DRG0ZNAID,ACTIVE,SHR-A1307,SHR A1307; SHRA1307,,Epidermal growth factor receptor (EGFR),,,,"Jiangsu Hengrui Pharmaceuticals Co., Ltd",Investigative,Investigative,PRESUMED_ADC,MULTISOURCE_CONFIRMED,2,nar_reference; europe_pmc,,2026-09-01
NAR_DRG0ZNUYD,ACTIVE,Pab-001-MMAE,PAb001-ADC,,Mucin-1 (MUC1),,,,"Peptron; Qilu Pharmaceutical Co., Ltd",Investigative,Investigative,REFERENCE_UNCLASSIFIED,REFERENCE_CONFIRMED,1,nar_reference,,2026-09-01
NAR_DRG0ZODWK,ACTIVE,M-DGN549,M DGN549,,Folate receptor alpha (FOLR1),,,,"ImmunoGen, Inc",Investigative,Investigative,REFERENCE_UNCLASSIFIED,REFERENCE_CONFIRMED,1,nar_reference,,2026-09-01
NAR_DRG0ZOMIJ,ACTIVE,OMTX-505,OMTX 505; OMTX505,,Prolyl endopeptidase FAP (FAP),,,,Oncomatryx Biopharma SL,Investigative,Investigative,REFERENCE_UNCLASSIFIED,REFERENCE_CONFIRMED,1,nar_reference,,2026-09-01
NAR_DRG0ZOYQV,ACTIVE,Datopotamab deruxtecan,"DS 1062a; DS-1062; DS-1062, Dato-DXd; DS-1062a; Dato-DXd; Datopotamab deruxtecan",,Tumor-associated calcium signal transducer 2 (TROP2),an exatecan derivative (topoisomerase-1 inhibitor),cleavable GGFG peptide linker (typical),"Additional Indications Below for Module 4 and 5; Advanced Gastroesophageal Adenocarcinoma; Advanced Non Small Cell Lung Cancer; Advanced Solid Malignancies; Advanced Solid Tumor; Advanced Solid Tumors That Are MTAP Deficient; Advanced or Metastatic NSCLC; Angiosarcoma; Biliary Cancer; Biliary Tract Cancer; Bladder Cancer; Brain Metastases; Breast Cancer; Breast Cancer (Locally Advanced or Metastatic); Breast Cancer Female; Breast Cancer Stage IV; Breast Neoplasms; Breast Tumors; Carcinoma, Non-Small-Cell Lung; Cervical Cancer; Colorectal Cancer; Drug-Related Side Effects and Adverse Reactions; EGFRm Advanced Non-Small Cell Lung Cancer; EGFRm Metastatic Non-Small Cell Lung Cancer; ER Positive Breast Cancer; ER-negative Breast Cancer; Early-stage Breast Cancer; Endometrial Cancer; Gastric Cancer; Gastric Cancer/Gastroesophageal Junction Adenocarcinoma; HER2 Negative Breast Carcinoma; HER2-low Breast Cancer; HER2-negative Breast Cancer; HER2-positive Breast Cancer; HER2-positive Gastric Cancer; High-risk Muscle Invasive Urothelial Carcinoma; Hormone Receptor Negative Tumor; Hormone Receptor Positive Breast Cancer; Hormone Receptor Positive Tumor; Locally Advanced Breast Cancer; Lung Cancer; Metastatic Breast Cancer; Metastatic Breast Cancer ( HER2 Negative); Metastatic Castration-resistant Prostate Cancer; Metastatic Gastric Cancer; Metastatic Lung Cancer; Metastatic Non Small Cell Lung Cancer; Metastatic Non-small Cell Lung Cancer; Metastatic Triple-Negative Breast Carcinoma; NSCLC; Non Small Cell Lung Cancer; Non-Small Cell Lung Cancer; Non-small Cell Lung Cancer; Non-small Cell Lung Cancer (NSCLC); Ovarian Cancer; Pancreatic Cancer; Pharmacogenetic Variant; Prostate Cancer; Residual Disease; Small Cell Lung Cancer Only in Module 5; Stage II/III; Stomatitis; TNBC - Triple-Negative Breast Cancer; Triple Negative Breast Cancer; Triple Negative Breast Cancer (TNBC); Triple Negative Breast Neoplasms; Unresectable Gastric Carcinoma; Unresectable Non-small Lung Cancer; Urothelial Cancer","Daiichi Sankyo Co., Ltd; AstraZeneca PLC; Baxter Oncology GmbH",Approved,"Approved (FDA): Jan, 2025",STRICT_ADC,MULTISOURCE_CONFIRMED,3,nar_reference; configs/known_adc_assets.yaml; clinicaltrials,NCT01042379; NCT03401385; NCT03742102; NCT03944772; NCT04484142; NCT04526691; NCT04612751; NCT04644068; NCT04656652; NCT04940325; NCT05061550; NCT05104866; NCT05215340; NCT05374512; NCT05460273; NCT05489211; NCT05555732; NCT05629585; NCT05687266,2026-09-01
NAR_DRG0ZQBSG,ACTIVE,MRG-001,MRG 001; MRG-001; MRG001,,B-lymphocyte antigen CD20 (MS4A1),,,,"Shanghai Miracogen Inc; Lepu Biopharma Co., Ltd",Phase2,Phase 2,REFERENCE_UNCLASSIFIED,REFERENCE_CONFIRMED,1,nar_reference,NCT05155839; NCT05844527,2026-09-01
NAR_DRG0ZQLZD,ACTIVE,TR1801-ADC,"MT-8633; TR 1801 ADC; TR1801-ADC; TR1801-ADC, MT-8633; TR1801-antibody drug conjugate",,Hepatocyte growth factor receptor (MET),,,,"Tanabe Research Laboratories U.S.A., Inc",Phase1,Phase 1,REFERENCE_UNCLASSIFIED,REFERENCE_CONFIRMED,1,nar_reference,NCT03859752,2026-09-01
NAR_DRG0ZQORV,ACTIVE,DEC008,,,,,,,,Phase1,Phase 1,REFERENCE_UNCLASSIFIED,REFERENCE_CONFIRMED,1,nar_reference,NCT07470853,2026-09-01
NAR_DRG0ZSNLV,ACTIVE,KGX201,KGX-201; KGX 201,,Undisclosed,,,,"KangaBio Co., Ltd",Investigative,Investigative,REFERENCE_UNCLASSIFIED,REFERENCE_CONFIRMED,1,nar_reference,,2026-09-01
NAR_DRG0ZSVBZ,ACTIVE,<sup>111</sup>In-1849,,,,,,,,Investigative,Investigative,REFERENCE_UNCLASSIFIED,REFERENCE_CONFIRMED,1,nar_reference,,2026-09-01
NAR_DRG0ZTZMD,ACTIVE,BAY-943,BAY 943; BAY943; VIP-943; IL3RA-KSPi-ADC,,Interleukin-3 receptor subunit alpha (IL3RA),,,,Bayer AG,Investigative,Investigative,PRESUMED_ADC,MULTISOURCE_CONFIRMED,3,nar_reference; conference_abstract_corpus; europe_pmc,,2026-09-01
NAR_DRG0ZUQNL,ACTIVE,BAT-8001,,,,,,,,Phase3,Phase 3,PRESUMED_ADC,MULTISOURCE_CONFIRMED,3,nar_reference; conference_abstract_corpus; europe_pmc,,2026-09-01
NAR_DRG0ZXRLG,ACTIVE,SLV-154,,,,,,,,Phase1,Phase 1,REFERENCE_UNCLASSIFIED,REFERENCE_CONFIRMED,1,nar_reference,NCT06771219,2026-09-01
NAR_DRG0ZYLBB,ACTIVE,ZW-33,ZW 33; ZW33,,Receptor tyrosine-protein kinase erbB-2 (HER2 ECD2); Receptor tyrosine-protein kinase erbB-2 (HER2 ECD4),,,,"Zymeworks Biopharmaceuticals, Inc; Zymeworks BC, Inc",Investigative,Investigative,REFERENCE_UNCLASSIFIED,REFERENCE_CONFIRMED,1,nar_reference,,2026-09-01
OURS_ADC_CANDIDATE_ADC_SUFFIX_4e000bdcb848,ACTIVE,denintuzumab mafodotin,,,,MMAF (monomethyl auristatin F),maleimidocaproyl non-cleavable linker (typical),"Diffuse, Large B-Cell, Lymphoma; Follicular Lymphoma, Grade 3b; Lymphoma, B-cell; Lymphoma, Follicular, Grade 3b; Lymphoma, Large B-Cell, Diffuse; Transformed Lymphoma / DLBCL",,PHASE2,,PRESUMED_ADC,MULTISOURCE_CONFIRMED,2,clinicaltrials; conference_abstract_corpus,,2026-09-01
OURS_ADC_CANDIDATE_ADC_SUFFIX_7394fd247fe6,ACTIVE,Distitamab Vedotin,,,,MMAE (monomethyl auristatin E),valine-citrulline cleavable linker (typical),NMIBC,,PHASE2,,PRESUMED_ADC,SINGLE_STRONG_SOURCE,1,clinicaltrials,,2026-09-01
OURS_ADC_CANDIDATE_ADC_SUFFIX_91ba91f14300,ACTIVE,Trastuzmab deruxtecan,,,,an exatecan derivative (topoisomerase-1 inhibitor),cleavable GGFG peptide linker (typical),Gastric Cancer; Gastroesophageal Junction (GEJ) Cancer,,PHASE2,,PRESUMED_ADC,SINGLE_STRONG_SOURCE,1,clinicaltrials,,2026-09-01
OURS_ADC_CANDIDATE_ADC_SUFFIX_96a2cf3d74cc,ACTIVE,Disitamb Vedotin,,,,MMAE (monomethyl auristatin E),valine-citrulline cleavable linker (typical),Breast Cancer,,PHASE2,,PRESUMED_ADC,SINGLE_STRONG_SOURCE,1,clinicaltrials,,2026-09-01
OURS_ADC_CANDIDATE_ADC_SUFFIX_d1e372057963,ACTIVE,Trastzumab Deruxtecan,,,,an exatecan derivative (topoisomerase-1 inhibitor),cleavable GGFG peptide linker (typical),"Ovarian Cancer; Ovarian Cancer (OvCa); Ovarian Cancer Metastatic Recurrent; Ovarian Carcinoma, Recurrent",,PHASE2,,PRESUMED_ADC,SINGLE_STRONG_SOURCE,1,clinicaltrials,,2026-09-01
OURS_ADC_CANDIDATE_ADC_SUFFIX_dc8391435d51,ACTIVE,T emtansine,,,,DM1 (maytansinoid),SMCC non-cleavable linker (typical),HER2 Gene Mutation; Salivary Gland Cancer,,PHASE2,,PRESUMED_ADC,SINGLE_STRONG_SOURCE,1,clinicaltrials,,2026-09-01
OURS_ADC_CANDIDATE_ADC_SUFFIX_e1a3cb555c56,ACTIVE,bulumtatug fuvedotin,,,,MMAE (monomethyl auristatin E),valine-citrulline cleavable linker (typical),Advanced Breast Cancer; Breast Cancer; HER2-negative Breast Cancer; Locally Advanced or Metastatic Triple-negative Breast Cancer; Metastatic Breast Cancer; Triple Negative Breast Cancer; Triple Negative Breast Cancer (TNBC),,PHASE3,,PRESUMED_ADC,MULTISOURCE_CONFIRMED,5,clinicaltrials; conference_abstract_corpus; conference_crossref_search; europe_pmc; pubmed,,2026-09-01
OURS_ADC_SUFFIX_007824bab18d,ACTIVE,MEDI-547,,,,,,,,,,PRESUMED_ADC,NEEDS_REVIEW,1,europe_pmc,,2026-09-01
OURS_ADC_SUFFIX_019e31487fda,ACTIVE,LD-38,,,,,,,,,,PRESUMED_ADC,NEEDS_REVIEW,1,conference_abstract_corpus,,2026-09-01
OURS_ADC_SUFFIX_03438f484348,ACTIVE,BCG037,,,,,,,,,,PRESUMED_ADC,NEEDS_REVIEW,1,conference_abstract_corpus,,2026-09-01
OURS_ADC_SUFFIX_0523291cc3d6,ACTIVE,GQ1033,,,,,,,,,,PRESUMED_ADC,NEEDS_REVIEW,1,conference_abstract_corpus,,2026-09-01
OURS_ADC_SUFFIX_0541ebcd369d,ACTIVE,DB-1310,,,,,,,,,,PRESUMED_ADC,NEEDS_REVIEW,2,conference_abstract_corpus; europe_pmc,,2026-09-01
OURS_ADC_SUFFIX_0658d4488439,ACTIVE,GSK5733584,,,,,,,,,,PRESUMED_ADC,NEEDS_REVIEW,2,conference_abstract_corpus; conference_crossref_search,,2026-09-01
OURS_ADC_SUFFIX_07b2ba08cde7,ACTIVE,SYD988,,,,,,,,,,PRESUMED_ADC,NEEDS_REVIEW,1,conference_abstract_corpus,,2026-09-01
OURS_ADC_SUFFIX_07e7a1345c88,ACTIVE,ACR335,,,,,,,,,,PRESUMED_ADC,NEEDS_REVIEW,1,conference_abstract_corpus,,2026-09-01
OURS_ADC_SUFFIX_0beb28fffe10,ACTIVE,HRA00130-C004,,,,,,,,,,PRESUMED_ADC,NEEDS_REVIEW,1,conference_abstract_corpus,,2026-09-01
OURS_ADC_SUFFIX_0e53ae03f502,ACTIVE,AT65474,,,,,,,,,,PRESUMED_ADC,NEEDS_REVIEW,1,conference_abstract_corpus,,2026-09-01
OURS_ADC_SUFFIX_0eb7fe9c9d73,ACTIVE,ZW191,,,,,,,,,,PRESUMED_ADC,NEEDS_REVIEW,2,clinicaltrials; conference_abstract_corpus,,2026-09-01
OURS_ADC_SUFFIX_0ecc0eb1aef1,ACTIVE,NW024,,,,,,,,,,PRESUMED_ADC,NEEDS_REVIEW,1,conference_abstract_corpus,,2026-09-01
OURS_ADC_SUFFIX_0f8ea7a70ba9,ACTIVE,JS212,,,,,,,,,,PRESUMED_ADC,NEEDS_REVIEW,1,conference_abstract_corpus,,2026-09-01
OURS_ADC_SUFFIX_0fadecc50fb8,ACTIVE,DXC006,,,,,,,,,,PRESUMED_ADC,NEEDS_REVIEW,1,conference_abstract_corpus,,2026-09-01
OURS_ADC_SUFFIX_0fc0ef669ecd,ACTIVE,MEDI7247,,,,,,,,,,PRESUMED_ADC,NEEDS_REVIEW,2,conference_abstract_corpus; europe_pmc,,2026-09-01
OURS_ADC_SUFFIX_0fd1802261a4,ACTIVE,CKD-703,,,,,,,,,,PRESUMED_ADC,NEEDS_REVIEW,1,conference_abstract_corpus,,2026-09-01
OURS_ADC_SUFFIX_1042e5f0f654,ACTIVE,S227928,,,,,,,,,,PRESUMED_ADC,NEEDS_REVIEW,1,clinicaltrials,,2026-09-01
OURS_ADC_SUFFIX_1099c87ec1ba,ACTIVE,proprietary duocarmazine,,,,,,,,,,PRESUMED_ADC,NEEDS_REVIEW,1,conference_abstract_corpus,,2026-09-01
OURS_ADC_SUFFIX_11576be5c2dc,ACTIVE,MEDI4276,,,,,,,,,,PRESUMED_ADC,NEEDS_REVIEW,2,europe_pmc; pubmed,,2026-09-01
OURS_ADC_SUFFIX_1242de8a1dc7,ACTIVE,LY4170156,,,,,,,,,,PRESUMED_ADC,NEEDS_REVIEW,3,clinicaltrials; conference_abstract_corpus; conference_crossref_search,,2026-09-01
OURS_ADC_SUFFIX_13f9be565345,ACTIVE,EC112002,,,,,,,,,,PRESUMED_ADC,NEEDS_REVIEW,1,europe_pmc,,2026-09-01
OURS_ADC_SUFFIX_14ebe44a0699,ACTIVE,DM004,,,,,,,,,,PRESUMED_ADC,NEEDS_REVIEW,1,conference_abstract_corpus,,2026-09-01
OURS_ADC_SUFFIX_1812d76e2295,ACTIVE,KA-2887,,,,,,,,,,PRESUMED_ADC,NEEDS_REVIEW,1,conference_abstract_corpus,,2026-09-01
OURS_ADC_SUFFIX_1860529b38f6,ACTIVE,AD004,,,,,,,,,,PRESUMED_ADC,NEEDS_REVIEW,1,conference_abstract_corpus,,2026-09-01
OURS_ADC_SUFFIX_18d572a272b4,ACTIVE,SCR-A019,,,,,,,,,,PRESUMED_ADC,NEEDS_REVIEW,1,conference_abstract_corpus,,2026-09-01
OURS_ADC_SUFFIX_19abdb6d39e8,ACTIVE,TAVO307,,,,,,,,,,PRESUMED_ADC,NEEDS_REVIEW,1,conference_abstract_corpus,,2026-09-01
OURS_ADC_SUFFIX_1a5e6d596794,ACTIVE,DB-1421,,,,,,,,,,PRESUMED_ADC,NEEDS_REVIEW,1,conference_abstract_corpus,,2026-09-01
OURS_ADC_SUFFIX_1baa85bd4967,ACTIVE,GS24-B025,,,,,,,,,,PRESUMED_ADC,NEEDS_REVIEW,1,conference_abstract_corpus,,2026-09-01
OURS_ADC_SUFFIX_1d432ae0e8ef,ACTIVE,trastuzuamb deruxtecan,,,,,,,,,,PRESUMED_ADC,NEEDS_REVIEW,1,conference_abstract_corpus,,2026-09-01
OURS_ADC_SUFFIX_1f095c4a51be,ACTIVE,IBI3017,,,,,,,,,,PRESUMED_ADC,NEEDS_REVIEW,1,conference_abstract_corpus,,2026-09-01
OURS_ADC_SUFFIX_20d6f6eec687,ACTIVE,DEDN6526A,,,,,,,,,,PRESUMED_ADC,NEEDS_REVIEW,1,europe_pmc,,2026-09-01
OURS_ADC_SUFFIX_2114d6900e80,ACTIVE,LY4101174,,,,,,,,,,PRESUMED_ADC,NEEDS_REVIEW,2,clinicaltrials; conference_abstract_corpus,,2026-09-01
OURS_ADC_SUFFIX_21ba3788ea21,ACTIVE,AT86474,,,,,,,,,,PRESUMED_ADC,NEEDS_REVIEW,1,conference_abstract_corpus,,2026-09-01
OURS_ADC_SUFFIX_21e42f4f8059,ACTIVE,SAR445953,,,,,,,,,,PRESUMED_ADC,NEEDS_REVIEW,1,conference_abstract_corpus,,2026-09-01
OURS_ADC_SUFFIX_22cdee1a4fbb,ACTIVE,EO-1022,,,,,,,,,,PRESUMED_ADC,NEEDS_REVIEW,1,conference_abstract_corpus,,2026-09-01
OURS_ADC_SUFFIX_22dc953b9c9a,ACTIVE,DB-1311,,,,,,,,,,PRESUMED_ADC,NEEDS_REVIEW,1,conference_abstract_corpus,,2026-09-01
OURS_ADC_SUFFIX_240462dfd735,ACTIVE,LUA004,,,,,,,,,,PRESUMED_ADC,NEEDS_REVIEW,1,conference_abstract_corpus,,2026-09-01
OURS_ADC_SUFFIX_26e86ae0c549,ACTIVE,NEOK001,,,,,,,,,,PRESUMED_ADC,NEEDS_REVIEW,1,clinicaltrials,,2026-09-01
OURS_ADC_SUFFIX_291f9d07f372,ACTIVE,XYD-8006,,,,,,,,,,PRESUMED_ADC,NEEDS_REVIEW,1,conference_abstract_corpus,,2026-09-01
OURS_ADC_SUFFIX_2a4c2951074b,ACTIVE,IPN60300,,,,,,,,,,PRESUMED_ADC,NEEDS_REVIEW,1,conference_abstract_corpus,,2026-09-01
OURS_ADC_SUFFIX_2a75ee5c4d37,ACTIVE,CLT030,,,,,,,,,,PRESUMED_ADC,NEEDS_REVIEW,1,europe_pmc,,2026-09-01
OURS_ADC_SUFFIX_2ad6a2afb412,ACTIVE,BCG026,,,,,,,,,,PRESUMED_ADC,NEEDS_REVIEW,1,conference_abstract_corpus,,2026-09-01
OURS_ADC_SUFFIX_2b25a773a677,ACTIVE,OBI-904,,,,,,,,,,PRESUMED_ADC,NEEDS_REVIEW,1,conference_abstract_corpus,,2026-09-01
OURS_ADC_SUFFIX_2ce4f2d4fcb9,ACTIVE,DFRF4539A,,,,,,,,,,PRESUMED_ADC,NEEDS_REVIEW,1,europe_pmc,,2026-09-01
OURS_ADC_SUFFIX_2d9b9d459119,ACTIVE,ILB-3101,,,,,,,,,,PRESUMED_ADC,NEEDS_REVIEW,1,conference_abstract_corpus,,2026-09-01
OURS_ADC_SUFFIX_2ee02e27a459,ACTIVE,VBC106,,,,,,,,,,PRESUMED_ADC,NEEDS_REVIEW,1,clinicaltrials,,2026-09-01
OURS_ADC_SUFFIX_2f1e9272c3a6,ACTIVE,GM103,,,,,,,,,,PRESUMED_ADC,NEEDS_REVIEW,1,conference_abstract_corpus,,2026-09-01
OURS_ADC_SUFFIX_2f33558b7381,ACTIVE,SCR-A006,,,,,,,,,,PRESUMED_ADC,NEEDS_REVIEW,1,conference_abstract_corpus,,2026-09-01
OURS_ADC_SUFFIX_31d57c9c4ddf,ACTIVE,3H-10000,,,,,,,,,,PRESUMED_ADC,NEEDS_REVIEW,2,clinicaltrials; conference_abstract_corpus,,2026-09-01
OURS_ADC_SUFFIX_31f12eb183b4,ACTIVE,GQ1011,,,,,,,,,,PRESUMED_ADC,NEEDS_REVIEW,1,conference_abstract_corpus,,2026-09-01
OURS_ADC_SUFFIX_32bcb78c5f16,ACTIVE,NMS-P945,,,,,,,,,,PRESUMED_ADC,NEEDS_REVIEW,1,europe_pmc,,2026-09-01
OURS_ADC_SUFFIX_32f0823369fe,ACTIVE,VBC108,,,,,,,,,,PRESUMED_ADC,NEEDS_REVIEW,1,clinicaltrials,,2026-09-01
OURS_ADC_SUFFIX_34f2ed75b35c,ACTIVE,ABBV-969,,,,,,,,,,PRESUMED_ADC,NEEDS_REVIEW,2,conference_abstract_corpus; conference_crossref_search,,2026-09-01
OURS_ADC_SUFFIX_36b40b66d86b,ACTIVE,EIS-12656,,,,,,,,,,PRESUMED_ADC,NEEDS_REVIEW,1,clinicaltrials,,2026-09-01
OURS_ADC_SUFFIX_36cc6be057ec,ACTIVE,Her2-W1507,,,,,,,,,,PRESUMED_ADC,NEEDS_REVIEW,1,europe_pmc,,2026-09-01
OURS_ADC_SUFFIX_37336392881d,ACTIVE,YL252,,,,,,,,,,PRESUMED_ADC,NEEDS_REVIEW,1,conference_abstract_corpus,,2026-09-01
OURS_ADC_SUFFIX_37839daa66a5,ACTIVE,SIM0680,,,,,,,,,,PRESUMED_ADC,NEEDS_REVIEW,1,conference_abstract_corpus,,2026-09-01
OURS_ADC_SUFFIX_37cf3799eb5a,ACTIVE,trastruzumab deruxtecan,,,,,,,,,,PRESUMED_ADC,NEEDS_REVIEW,1,conference_abstract_corpus,,2026-09-01
OURS_ADC_SUFFIX_37eb5fcaedb5,ACTIVE,LM-338,,,,,,,,,,PRESUMED_ADC,NEEDS_REVIEW,1,conference_abstract_corpus,,2026-09-01
OURS_ADC_SUFFIX_38ce7789e2f0,ACTIVE,HMA800067,,,,,,,,,,PRESUMED_ADC,NEEDS_REVIEW,1,conference_abstract_corpus,,2026-09-01
OURS_ADC_SUFFIX_38ea98d00f97,ACTIVE,PRO1106,,,,,,,,,,PRESUMED_ADC,NEEDS_REVIEW,1,conference_abstract_corpus,,2026-09-01
OURS_ADC_SUFFIX_394eeb5b5453,ACTIVE,BVX001,,,,,,,,,,PRESUMED_ADC,NEEDS_REVIEW,2,conference_crossref_search; europe_pmc,,2026-09-01
OURS_ADC_SUFFIX_3bdb7fb98a59,ACTIVE,LR004,,,,,,,,,,PRESUMED_ADC,NEEDS_REVIEW,1,europe_pmc,,2026-09-01
OURS_ADC_SUFFIX_3cc22b600d0f,ACTIVE,PA289,,,,,,,,,,PRESUMED_ADC,NEEDS_REVIEW,1,conference_abstract_corpus,,2026-09-01
OURS_ADC_SUFFIX_3e72481fc177,ACTIVE,HDM2005,,,,,,,,,,PRESUMED_ADC,NEEDS_REVIEW,1,conference_crossref_search,,2026-09-01
OURS_ADC_SUFFIX_3f88e0fd4fb7,ACTIVE,AGCM-22,,,,,,,,,,PRESUMED_ADC,NEEDS_REVIEW,1,europe_pmc,,2026-09-01
OURS_ADC_SUFFIX_3fe2436b80b7,ACTIVE,Datopotomab deruxtecan,,,,,,,,,,PRESUMED_ADC,NEEDS_REVIEW,1,conference_abstract_corpus,,2026-09-01
OURS_ADC_SUFFIX_3ff73d8223d6,ACTIVE,PODO447 Vedotin,,,,,,,,,,PRESUMED_ADC,NEEDS_REVIEW,1,conference_abstract_corpus,,2026-09-01
OURS_ADC_SUFFIX_407ec94ca6eb,ACTIVE,GENA-111,,,,,,,,,,PRESUMED_ADC,NEEDS_REVIEW,1,conference_abstract_corpus,,2026-09-01
OURS_ADC_SUFFIX_41cb1266d788,ACTIVE,BCG017,,,,,,,,,,PRESUMED_ADC,NEEDS_REVIEW,1,conference_abstract_corpus,,2026-09-01
OURS_ADC_SUFFIX_424524ac77ad,ACTIVE,ADRX-0134,,,,,,,,,,PRESUMED_ADC,NEEDS_REVIEW,1,conference_abstract_corpus,,2026-09-01
OURS_ADC_SUFFIX_429c328ac8c3,ACTIVE,DMOT4039A,,,,,,,,,,PRESUMED_ADC,NEEDS_REVIEW,1,europe_pmc,,2026-09-01
OURS_ADC_SUFFIX_430b44f25dbf,ACTIVE,SCR-A014,,,,,,,,,,PRESUMED_ADC,NEEDS_REVIEW,1,conference_abstract_corpus,,2026-09-01
OURS_ADC_SUFFIX_4314460db834,ACTIVE,FG-M131,,,,,,,,,,PRESUMED_ADC,NEEDS_REVIEW,1,clinicaltrials,,2026-09-01
OURS_ADC_SUFFIX_43418154e065,ACTIVE,DM005,,,,,,,,,,PRESUMED_ADC,NEEDS_REVIEW,1,conference_abstract_corpus,,2026-09-01
OURS_ADC_SUFFIX_4556c7eb28df,ACTIVE,DAXL-88,,,,,,,,,,PRESUMED_ADC,NEEDS_REVIEW,1,europe_pmc,,2026-09-01
OURS_ADC_SUFFIX_4608ed4171ae,ACTIVE,SDP01873,,,,,,,,,,PRESUMED_ADC,NEEDS_REVIEW,1,conference_abstract_corpus,,2026-09-01
OURS_ADC_SUFFIX_470a0277f369,ACTIVE,DX8951,,,,,,,,,,PRESUMED_ADC,NEEDS_REVIEW,1,europe_pmc,,2026-09-01
OURS_ADC_SUFFIX_47a60ecf7311,ACTIVE,BCG048,,,,,,,,,,PRESUMED_ADC,NEEDS_REVIEW,1,conference_abstract_corpus,,2026-09-01
OURS_ADC_SUFFIX_4952aa17c8b1,ACTIVE,BCG047,,,,,,,,,,PRESUMED_ADC,NEEDS_REVIEW,1,conference_abstract_corpus,,2026-09-01
OURS_ADC_SUFFIX_4a3cccee4473,ACTIVE,ASP1235,,,,,,,,,,PRESUMED_ADC,NEEDS_REVIEW,1,europe_pmc,,2026-09-01
OURS_ADC_SUFFIX_4a68a24be61e,ACTIVE,AMB303,,,,,,,,,,PRESUMED_ADC,NEEDS_REVIEW,1,conference_abstract_corpus,,2026-09-01
OURS_ADC_SUFFIX_4a7d1cc87061,ACTIVE,TQB6411,,,,,,,,,,PRESUMED_ADC,NEEDS_REVIEW,1,conference_abstract_corpus,,2026-09-01
OURS_ADC_SUFFIX_4aac763167d4,ACTIVE,YB-811,,,,,,,,,,PRESUMED_ADC,NEEDS_REVIEW,1,conference_abstract_corpus,,2026-09-01
OURS_ADC_SUFFIX_4b3fbc19c1fa,ACTIVE,TE-1146,,,,,,,,,,PRESUMED_ADC,NEEDS_REVIEW,2,conference_abstract_corpus; europe_pmc,,2026-09-01
OURS_ADC_SUFFIX_4ba0a957c89a,ACTIVE,JS001,,,,,,,,,,PRESUMED_ADC,NEEDS_REVIEW,1,clinicaltrials,,2026-09-01
OURS_ADC_SUFFIX_4c909f0c5fb1,ACTIVE,LBL-054,,,,,,,,,,PRESUMED_ADC,NEEDS_REVIEW,1,conference_abstract_corpus,,2026-09-01
OURS_ADC_SUFFIX_4e79caad508b,ACTIVE,DB-1418,,,,,,,,,,PRESUMED_ADC,NEEDS_REVIEW,1,conference_abstract_corpus,,2026-09-01
OURS_ADC_SUFFIX_4ec7d1dcd4c6,ACTIVE,SCR-A003,,,,,,,,,,PRESUMED_ADC,NEEDS_REVIEW,1,conference_abstract_corpus,,2026-09-01
OURS_ADC_SUFFIX_4f02a9aa6b08,ACTIVE,DLYE5953A,,,,,,,,,,PRESUMED_ADC,NEEDS_REVIEW,1,europe_pmc,,2026-09-01
OURS_ADC_SUFFIX_4f6db8d2bbe3,ACTIVE,IBI130,,,,,,,,,,PRESUMED_ADC,NEEDS_REVIEW,1,conference_abstract_corpus,,2026-09-01
OURS_ADC_SUFFIX_50dfa19b718f,ACTIVE,SN-38,,,,,,,,,,PRESUMED_ADC,NEEDS_REVIEW,1,europe_pmc,,2026-09-01
OURS_ADC_SUFFIX_516d2dbe39a9,ACTIVE,DB-1314,,,,,,,,,,PRESUMED_ADC,NEEDS_REVIEW,1,europe_pmc,,2026-09-01
OURS_ADC_SUFFIX_51f53212cfa2,ACTIVE,CD123A,,,,,,,,,,PRESUMED_ADC,NEEDS_REVIEW,1,europe_pmc,,2026-09-01
OURS_ADC_SUFFIX_520d6f1b6823,ACTIVE,HWK-007,,,,,,,,,,PRESUMED_ADC,NEEDS_REVIEW,1,clinicaltrials,,2026-09-01
OURS_ADC_SUFFIX_52ee4c7ff1de,ACTIVE,GL-2401,,,,,,,,,,PRESUMED_ADC,NEEDS_REVIEW,1,europe_pmc,,2026-09-01
OURS_ADC_SUFFIX_5453238d150d,ACTIVE,SOT109,,,,,,,,,,PRESUMED_ADC,NEEDS_REVIEW,1,conference_abstract_corpus,,2026-09-01
OURS_ADC_SUFFIX_5487931afcd1,ACTIVE,AZD0516,,,,,,,,,,PRESUMED_ADC,NEEDS_REVIEW,1,conference_abstract_corpus,,2026-09-01
OURS_ADC_SUFFIX_54b6dad2ba6c,ACTIVE,CDX-0125,,,,,,,,,,PRESUMED_ADC,NEEDS_REVIEW,2,conference_abstract_corpus; europe_pmc,,2026-09-01
OURS_ADC_SUFFIX_55a5a29847cc,ACTIVE,ABBV-011,,,,,,,,,,PRESUMED_ADC,NEEDS_REVIEW,3,conference_abstract_corpus; europe_pmc; pubmed,,2026-09-01
OURS_ADC_SUFFIX_5600363cc31a,ACTIVE,CLIO-8221,,,,,,,,,,PRESUMED_ADC,NEEDS_REVIEW,1,conference_abstract_corpus,,2026-09-01
OURS_ADC_SUFFIX_577fcdbf35b7,ACTIVE,HB0085,,,,,,,,,,PRESUMED_ADC,NEEDS_REVIEW,1,conference_abstract_corpus,,2026-09-01
OURS_ADC_SUFFIX_585cdd71a059,ACTIVE,SYS6051,,,,,,,,,,PRESUMED_ADC,NEEDS_REVIEW,1,conference_abstract_corpus,,2026-09-01
OURS_ADC_SUFFIX_58c67d78660a,ACTIVE,GQ1012,,,,,,,,,,PRESUMED_ADC,NEEDS_REVIEW,1,conference_abstract_corpus,,2026-09-01
OURS_ADC_SUFFIX_597cfe5edd1a,ACTIVE,CS5001,,,,,,,,,,PRESUMED_ADC,NEEDS_REVIEW,3,clinicaltrials; conference_abstract_corpus; conference_crossref_search,,2026-09-01
OURS_ADC_SUFFIX_5bc7a0c8475f,ACTIVE,TUB-010,,,,,,,,,,PRESUMED_ADC,NEEDS_REVIEW,2,europe_pmc; pubmed,,2026-09-01
OURS_ADC_SUFFIX_5cec9ea98cf3,ACTIVE,CADM1 Tesirine,,,,,,,,,,PRESUMED_ADC,NEEDS_REVIEW,1,conference_abstract_corpus,,2026-09-01
OURS_ADC_SUFFIX_5dd79b665b15,ACTIVE,SCR-A002,,,,,,,,,,PRESUMED_ADC,NEEDS_REVIEW,1,conference_abstract_corpus,,2026-09-01
OURS_ADC_SUFFIX_5e381c6dd3b1,ACTIVE,BSI-730,,,,,,,,,,PRESUMED_ADC,NEEDS_REVIEW,1,conference_abstract_corpus,,2026-09-01
OURS_ADC_SUFFIX_5eed20ece030,ACTIVE,SWY2321,,,,,,,,,,PRESUMED_ADC,NEEDS_REVIEW,1,conference_abstract_corpus,,2026-09-01
OURS_ADC_SUFFIX_5fa1bab55b19,ACTIVE,GQ1010,,,,,,,,,,PRESUMED_ADC,NEEDS_REVIEW,1,conference_abstract_corpus,,2026-09-01
OURS_ADC_SUFFIX_5fb042556b85,ACTIVE,GQ1030,,,,,,,,,,PRESUMED_ADC,NEEDS_REVIEW,1,conference_abstract_corpus,,2026-09-01
OURS_ADC_SUFFIX_600328b3a7dc,ACTIVE,sacitizumab govitecan,,,,,,,,,,PRESUMED_ADC,NEEDS_REVIEW,1,conference_abstract_corpus,,2026-09-01
OURS_ADC_SUFFIX_6020fa444ca9,ACTIVE,BCG040,,,,,,,,,,PRESUMED_ADC,NEEDS_REVIEW,1,conference_abstract_corpus,,2026-09-01
OURS_ADC_SUFFIX_60fa0f0c2dfe,ACTIVE,OBI-902,,,,,,,,,,PRESUMED_ADC,NEEDS_REVIEW,1,conference_abstract_corpus,,2026-09-01
OURS_ADC_SUFFIX_61d9f90dc991,ACTIVE,BCG044,,,,,,,,,,PRESUMED_ADC,NEEDS_REVIEW,1,conference_abstract_corpus,,2026-09-01
OURS_ADC_SUFFIX_624456bca27a,ACTIVE,GSK5764227,,,,,,,,,,PRESUMED_ADC,NEEDS_REVIEW,2,clinicaltrials; conference_abstract_corpus,,2026-09-01
OURS_ADC_SUFFIX_62c9335b3447,ACTIVE,STI-8811,,,,,,,,,,PRESUMED_ADC,NEEDS_REVIEW,2,europe_pmc; pubmed,,2026-09-01
OURS_ADC_SUFFIX_646f7d0f1b55,ACTIVE,CAN016,,,,,,,,,,PRESUMED_ADC,NEEDS_REVIEW,1,conference_abstract_corpus,,2026-09-01
OURS_ADC_SUFFIX_65b06b5c08a9,ACTIVE,DM002,,,,,,,,,,PRESUMED_ADC,NEEDS_REVIEW,1,conference_abstract_corpus,,2026-09-01
OURS_ADC_SUFFIX_6692932bc032,ACTIVE,JSKN033,,,,,,,,,,PRESUMED_ADC,NEEDS_REVIEW,2,europe_pmc; pubmed,,2026-09-01
OURS_ADC_SUFFIX_6759ec63ae2e,ACTIVE,VBC101,,,,,,,,,,PRESUMED_ADC,NEEDS_REVIEW,2,clinicaltrials; conference_abstract_corpus,,2026-09-01
OURS_ADC_SUFFIX_6797e6654c13,ACTIVE,YL205,,,,,,,,,,PRESUMED_ADC,NEEDS_REVIEW,3,conference_abstract_corpus; europe_pmc; pubmed,,2026-09-01
OURS_ADC_SUFFIX_67ab6ceec16c,ACTIVE,LM-350,,,,,,,,,,PRESUMED_ADC,NEEDS_REVIEW,1,conference_abstract_corpus,,2026-09-01
OURS_ADC_SUFFIX_68a824cbdb8e,ACTIVE,IMD2128,,,,,,,,,,PRESUMED_ADC,NEEDS_REVIEW,1,conference_abstract_corpus,,2026-09-01
OURS_ADC_SUFFIX_68ae8b8310cd,ACTIVE,PL2202,,,,,,,,,,PRESUMED_ADC,NEEDS_REVIEW,1,conference_abstract_corpus,,2026-09-01
OURS_ADC_SUFFIX_69aa9bc45dda,ACTIVE,TAK-188,,,,,,,,,,PRESUMED_ADC,NEEDS_REVIEW,1,conference_abstract_corpus,,2026-09-01
OURS_ADC_SUFFIX_69c8ec9904e6,ACTIVE,ZW439,,,,,,,,,,PRESUMED_ADC,NEEDS_REVIEW,1,conference_abstract_corpus,,2026-09-01
OURS_ADC_SUFFIX_6c1cdb33a602,ACTIVE,BH4601,,,,,,,,,,PRESUMED_ADC,NEEDS_REVIEW,1,conference_abstract_corpus,,2026-09-01
OURS_ADC_SUFFIX_6c1ceb99d1d4,ACTIVE,sacituzmab govitecan,,,,,,,,,,PRESUMED_ADC,NEEDS_REVIEW,1,conference_abstract_corpus,,2026-09-01
OURS_ADC_SUFFIX_6c751089e23d,ACTIVE,ADCT-502,,,,,,,,,,PRESUMED_ADC,NEEDS_REVIEW,1,conference_abstract_corpus,,2026-09-01
OURS_ADC_SUFFIX_6d4e47204bdd,ACTIVE,AMT-253,,,,,,,,,,PRESUMED_ADC,NEEDS_REVIEW,3,conference_abstract_corpus; conference_crossref_search; europe_pmc,,2026-09-01
OURS_ADC_SUFFIX_6e31b025acc6,ACTIVE,7MW4911,,,,,,,,,,PRESUMED_ADC,NEEDS_REVIEW,2,conference_abstract_corpus; europe_pmc,,2026-09-01
OURS_ADC_SUFFIX_6e805eeaddf3,ACTIVE,ADRX-0405,,,,,,,,,,PRESUMED_ADC,NEEDS_REVIEW,1,conference_abstract_corpus,,2026-09-01
OURS_ADC_SUFFIX_6ee4aaa9485e,ACTIVE,GLR1061,,,,,,,,,,PRESUMED_ADC,NEEDS_REVIEW,1,conference_abstract_corpus,,2026-09-01
OURS_ADC_SUFFIX_6f4e01d4c38c,ACTIVE,NW008,,,,,,,,,,PRESUMED_ADC,NEEDS_REVIEW,1,conference_abstract_corpus,,2026-09-01
OURS_ADC_SUFFIX_6ff3aa358139,ACTIVE,datopotumab deruxtecan,,,,,,,,,,PRESUMED_ADC,NEEDS_REVIEW,1,conference_abstract_corpus,,2026-09-01
OURS_ADC_SUFFIX_70f645e111d3,ACTIVE,AMT-562,,,,,,,,,,PRESUMED_ADC,NEEDS_REVIEW,1,europe_pmc,,2026-09-01
OURS_ADC_SUFFIX_7110008161b4,ACTIVE,AM1-15,,,,,,,,,,PRESUMED_ADC,NEEDS_REVIEW,1,europe_pmc,,2026-09-01
OURS_ADC_SUFFIX_71bd39121696,ACTIVE,DCLL9718S,,,,,,,,,,PRESUMED_ADC,NEEDS_REVIEW,1,europe_pmc,,2026-09-01
OURS_ADC_SUFFIX_7245e370e04a,ACTIVE,BLB-101,,,,,,,,,,PRESUMED_ADC,NEEDS_REVIEW,1,conference_abstract_corpus,,2026-09-01
OURS_ADC_SUFFIX_74810e000196,ACTIVE,Tras-16b,,,,,,,,,,PRESUMED_ADC,NEEDS_REVIEW,2,europe_pmc; pubmed,,2026-09-01
OURS_ADC_SUFFIX_759d2e34fd27,ACTIVE,QLS5132,,,,,,,,,,PRESUMED_ADC,NEEDS_REVIEW,1,conference_abstract_corpus,,2026-09-01
OURS_ADC_SUFFIX_7817168dfd4e,ACTIVE,HA-00495,,,,,,,,,,PRESUMED_ADC,NEEDS_REVIEW,1,conference_abstract_corpus,,2026-09-01
OURS_ADC_SUFFIX_782bb65e833d,ACTIVE,ALK208,,,,,,,,,,PRESUMED_ADC,NEEDS_REVIEW,1,conference_abstract_corpus,,2026-09-01
OURS_ADC_SUFFIX_797cce8f7156,ACTIVE,CD352A,,,,,,,,,,PRESUMED_ADC,NEEDS_REVIEW,1,conference_abstract_corpus,,2026-09-01
OURS_ADC_SUFFIX_7b144dfeb5d2,ACTIVE,BNT326,,,,,,,,,,PRESUMED_ADC,NEEDS_REVIEW,1,conference_abstract_corpus,,2026-09-01
OURS_ADC_SUFFIX_7bf77c38d91f,ACTIVE,BR112,,,,,,,,,,PRESUMED_ADC,NEEDS_REVIEW,2,europe_pmc; pubmed,,2026-09-01
OURS_ADC_SUFFIX_7e1c7d653de3,ACTIVE,ZW220,,,,,,,,,,PRESUMED_ADC,NEEDS_REVIEW,1,conference_abstract_corpus,,2026-09-01
OURS_ADC_SUFFIX_7e22c310ee84,ACTIVE,TCX-201,,,,,,,,,,PRESUMED_ADC,NEEDS_REVIEW,1,conference_abstract_corpus,,2026-09-01
OURS_ADC_SUFFIX_7ecb3b7797fa,ACTIVE,BSI-737,,,,,,,,,,PRESUMED_ADC,NEEDS_REVIEW,1,conference_abstract_corpus,,2026-09-01
OURS_ADC_SUFFIX_7f7caae27c86,ACTIVE,DS-3939a,,,,,,,,,,PRESUMED_ADC,NEEDS_REVIEW,2,conference_abstract_corpus; europe_pmc,,2026-09-01
OURS_ADC_SUFFIX_7fe7ce89237c,ACTIVE,GNX1021,,,,,,,,,,PRESUMED_ADC,NEEDS_REVIEW,1,conference_abstract_corpus,,2026-09-01
OURS_ADC_SUFFIX_806bc93eaa3d,ACTIVE,MHB009C,,,,,,,,,,PRESUMED_ADC,NEEDS_REVIEW,1,conference_abstract_corpus,,2026-09-01
OURS_ADC_SUFFIX_80c6b9378632,ACTIVE,SYS6043,,,,,,,,,,PRESUMED_ADC,NEEDS_REVIEW,1,conference_abstract_corpus,,2026-09-01
OURS_ADC_SUFFIX_82c97ea034e7,ACTIVE,BCG033,,,,,,,,,,PRESUMED_ADC,NEEDS_REVIEW,1,conference_abstract_corpus,,2026-09-01
OURS_ADC_SUFFIX_83922864c147,ACTIVE,VBC103,,,,,,,,,,PRESUMED_ADC,NEEDS_REVIEW,1,clinicaltrials,,2026-09-01
OURS_ADC_SUFFIX_83b5b53ef23a,ACTIVE,DR319,,,,,,,,,,PRESUMED_ADC,NEEDS_REVIEW,1,conference_abstract_corpus,,2026-09-01
OURS_ADC_SUFFIX_83be0f0558e7,ACTIVE,AD005,,,,,,,,,,PRESUMED_ADC,NEEDS_REVIEW,1,europe_pmc,,2026-09-01
OURS_ADC_SUFFIX_83f34596a6b4,ACTIVE,LUA006,,,,,,,,,,PRESUMED_ADC,NEEDS_REVIEW,1,conference_abstract_corpus,,2026-09-01
OURS_ADC_SUFFIX_840e8fa64093,ACTIVE,CD228A,,,,,,,,,,PRESUMED_ADC,NEEDS_REVIEW,2,conference_abstract_corpus; europe_pmc,,2026-09-01
OURS_ADC_SUFFIX_84598fd70b69,ACTIVE,BSI-721,,,,,,,,,,PRESUMED_ADC,NEEDS_REVIEW,1,conference_abstract_corpus,,2026-09-01
OURS_ADC_SUFFIX_84e9e6100ae0,ACTIVE,ALK201,,,,,,,,,,PRESUMED_ADC,NEEDS_REVIEW,1,conference_abstract_corpus,,2026-09-01
OURS_ADC_SUFFIX_85875a889934,ACTIVE,ACR246,,,,,,,,,,PRESUMED_ADC,NEEDS_REVIEW,2,conference_abstract_corpus; conference_crossref_search,,2026-09-01
OURS_ADC_SUFFIX_868eb4c7e7c0,ACTIVE,OBI-992,,,,,,,,,,PRESUMED_ADC,NEEDS_REVIEW,3,conference_abstract_corpus; europe_pmc; pubmed,,2026-09-01
OURS_ADC_SUFFIX_8723703d6171,ACTIVE,STRO-227,,,,,,,,,,PRESUMED_ADC,NEEDS_REVIEW,1,conference_abstract_corpus,,2026-09-01
OURS_ADC_SUFFIX_883a11944640,ACTIVE,B836,,,,,,,,,,PRESUMED_ADC,NEEDS_REVIEW,1,conference_abstract_corpus,,2026-09-01
OURS_ADC_SUFFIX_889e028e2aa9,ACTIVE,BCG023,,,,,,,,,,PRESUMED_ADC,NEEDS_REVIEW,1,conference_abstract_corpus,,2026-09-01
OURS_ADC_SUFFIX_89009b63f50a,ACTIVE,LY4052031,,,,,,,,,,PRESUMED_ADC,NEEDS_REVIEW,2,clinicaltrials; conference_abstract_corpus,,2026-09-01
OURS_ADC_SUFFIX_892c45e7811d,ACTIVE,AK104,,,,,,,,,,PRESUMED_ADC,NEEDS_REVIEW,1,clinicaltrials,,2026-09-01
OURS_ADC_SUFFIX_89344d18d5f1,ACTIVE,TR1801,,,,,,,,,,PRESUMED_ADC,NEEDS_REVIEW,2,conference_abstract_corpus; europe_pmc,,2026-09-01
OURS_ADC_SUFFIX_89c7b24e5271,ACTIVE,AT2604,,,,,,,,,,PRESUMED_ADC,NEEDS_REVIEW,1,conference_abstract_corpus,,2026-09-01
OURS_ADC_SUFFIX_8a0c1d72a01d,ACTIVE,CLDN6-23,,,,,,,,,,PRESUMED_ADC,NEEDS_REVIEW,1,europe_pmc,,2026-09-01
OURS_ADC_SUFFIX_8a7616020c3f,ACTIVE,zelenectide pevedotin,,,,,,,,,,ADJACENT_CONJUGATE_MODALITY,EXCLUDED_ADJACENT_MODALITY,2,conference_abstract_corpus; conference_crossref_search,,2026-09-01
OURS_ADC_SUFFIX_8b69e4e36e56,ACTIVE,NEOK002,,,,,,,,,,PRESUMED_ADC,NEEDS_REVIEW,2,clinicaltrials; conference_abstract_corpus,,2026-09-01
OURS_ADC_SUFFIX_8b74d992b906,ACTIVE,BAY-924,,,,,,,,,,PRESUMED_ADC,NEEDS_REVIEW,1,conference_abstract_corpus,,2026-09-01
OURS_ADC_SUFFIX_8bddf4dcbcb8,ACTIVE,MK-3120,,,,,,,,,,PRESUMED_ADC,NEEDS_REVIEW,1,conference_abstract_corpus,,2026-09-01
OURS_ADC_SUFFIX_8d88021d50c8,ACTIVE,TD001,,,,,,,,,,PRESUMED_ADC,NEEDS_REVIEW,2,clinicaltrials; conference_abstract_corpus,,2026-09-01
OURS_ADC_SUFFIX_8de7619943ba,ACTIVE,CRB-701,,,,,,,,,,PRESUMED_ADC,NEEDS_REVIEW,4,clinicaltrials; conference_abstract_corpus; europe_pmc; pubmed,,2026-09-01
OURS_ADC_SUFFIX_8e49b167ef77,ACTIVE,SDV2102,,,,,,,,,,PRESUMED_ADC,NEEDS_REVIEW,1,conference_abstract_corpus,,2026-09-01
OURS_ADC_SUFFIX_8e5eba97da3b,ACTIVE,MI130110,,,,,,,,,,PRESUMED_ADC,NEEDS_REVIEW,1,europe_pmc,,2026-09-01
OURS_ADC_SUFFIX_8ed6e5c23aa7,ACTIVE,YL413,,,,,,,,,,PRESUMED_ADC,NEEDS_REVIEW,1,conference_abstract_corpus,,2026-09-01
OURS_ADC_SUFFIX_902c92b8ccc7,ACTIVE,LNF2105,,,,,,,,,,PRESUMED_ADC,NEEDS_REVIEW,1,conference_abstract_corpus,,2026-09-01
OURS_ADC_SUFFIX_909db03bb819,ACTIVE,BAT8003,,,,,,,,,,PRESUMED_ADC,NEEDS_REVIEW,1,conference_abstract_corpus,,2026-09-01
OURS_ADC_SUFFIX_913bf60e2165,ACTIVE,ARC-401,,,,,,,,,,PRESUMED_ADC,NEEDS_REVIEW,1,conference_abstract_corpus,,2026-09-01
OURS_ADC_SUFFIX_920bfdf787ce,ACTIVE,DGN462,,,,,,,,,,PRESUMED_ADC,NEEDS_REVIEW,1,europe_pmc,,2026-09-01
OURS_ADC_SUFFIX_92ecc111af02,ACTIVE,GS24-B057,,,,,,,,,,PRESUMED_ADC,NEEDS_REVIEW,1,conference_abstract_corpus,,2026-09-01
OURS_ADC_SUFFIX_93f95d886538,ACTIVE,PLB-015,,,,,,,,,,PRESUMED_ADC,NEEDS_REVIEW,1,conference_abstract_corpus,,2026-09-01
OURS_ADC_SUFFIX_94011ef8d5f9,ACTIVE,F0002,,,,,,,,,,PRESUMED_ADC,NEEDS_REVIEW,1,conference_crossref_search,,2026-09-01
OURS_ADC_SUFFIX_9544a59c8c68,ACTIVE,DCLL9718A,,,,,,,,,,PRESUMED_ADC,NEEDS_REVIEW,1,europe_pmc,,2026-09-01
OURS_ADC_SUFFIX_961cc83c46cc,ACTIVE,NRTL-24,,,,,,,,,,PRESUMED_ADC,NEEDS_REVIEW,1,europe_pmc,,2026-09-01
OURS_ADC_SUFFIX_964d552ab343,ACTIVE,DAY301,,,,,,,,,,PRESUMED_ADC,NEEDS_REVIEW,2,clinicaltrials; conference_abstract_corpus,,2026-09-01
OURS_ADC_SUFFIX_965d2a5cdcd8,ACTIVE,ABBV-706,,,,,,,,,,PRESUMED_ADC,NEEDS_REVIEW,4,conference_abstract_corpus; conference_crossref_search; europe_pmc; pubmed,,2026-09-01
OURS_ADC_SUFFIX_97f3999614d4,ACTIVE,HX116,,,,,,,,,,PRESUMED_ADC,NEEDS_REVIEW,1,conference_abstract_corpus,,2026-09-01
OURS_ADC_SUFFIX_98b532689ae6,ACTIVE,GENA-120,,,,,,,,,,PRESUMED_ADC,NEEDS_REVIEW,1,conference_abstract_corpus,,2026-09-01
OURS_ADC_SUFFIX_99d6a9d9cd8f,ACTIVE,DB-1323,,,,,,,,,,PRESUMED_ADC,NEEDS_REVIEW,1,conference_abstract_corpus,,2026-09-01
OURS_ADC_SUFFIX_9bb31f211b86,ACTIVE,CS5005,,,,,,,,,,PRESUMED_ADC,NEEDS_REVIEW,1,conference_abstract_corpus,,2026-09-01
OURS_ADC_SUFFIX_9d1d30b24110,ACTIVE,KHN922,,,,,,,,,,PRESUMED_ADC,NEEDS_REVIEW,1,conference_abstract_corpus,,2026-09-01
OURS_ADC_SUFFIX_9d5fec2537fb,ACTIVE,TRO-02,,,,,,,,,,PRESUMED_ADC,NEEDS_REVIEW,1,conference_abstract_corpus,,2026-09-01
OURS_ADC_SUFFIX_9db48b977168,ACTIVE,DEM301,,,,,,,,,,PRESUMED_ADC,NEEDS_REVIEW,1,conference_abstract_corpus,,2026-09-01
OURS_ADC_SUFFIX_a09638d65e38,ACTIVE,ZW418,,,,,,,,,,PRESUMED_ADC,NEEDS_REVIEW,1,conference_abstract_corpus,,2026-09-01
OURS_ADC_SUFFIX_a1a49c606129,ACTIVE,ADCT-701,,,,,,,,,,PRESUMED_ADC,NEEDS_REVIEW,3,clinicaltrials; conference_abstract_corpus; europe_pmc,,2026-09-01
OURS_ADC_SUFFIX_a595aebfdbcc,ACTIVE,ADV101,,,,,,,,,,PRESUMED_ADC,NEEDS_REVIEW,1,conference_abstract_corpus,,2026-09-01
OURS_ADC_SUFFIX_a6f29d62208f,ACTIVE,PLB-001,,,,,,,,,,PRESUMED_ADC,NEEDS_REVIEW,1,conference_abstract_corpus,,2026-09-01
OURS_ADC_SUFFIX_a710efc45d77,ACTIVE,REGN2878,,,,,,,,,,PRESUMED_ADC,NEEDS_REVIEW,1,europe_pmc,,2026-09-01
OURS_ADC_SUFFIX_a8bc2727811b,ACTIVE,Tratuzumab deruxtecan,,,,,,,,,,PRESUMED_ADC,NEEDS_REVIEW,1,conference_abstract_corpus,,2026-09-01
OURS_ADC_SUFFIX_a93950ac1eb2,ACTIVE,ADCT-242,,,,,,,,,,PRESUMED_ADC,NEEDS_REVIEW,1,conference_abstract_corpus,,2026-09-01
OURS_ADC_SUFFIX_a96eed1b0bd2,ACTIVE,HDP-103,,,,,,,,,,PRESUMED_ADC,NEEDS_REVIEW,1,conference_abstract_corpus,,2026-09-01
OURS_ADC_SUFFIX_a9c7e75d9951,ACTIVE,TJ106,,,,,,,,,,PRESUMED_ADC,NEEDS_REVIEW,1,conference_abstract_corpus,,2026-09-01
OURS_ADC_SUFFIX_aa2ee06b8690,ACTIVE,BB-205,,,,,,,,,,PRESUMED_ADC,NEEDS_REVIEW,1,conference_abstract_corpus,,2026-09-01
OURS_ADC_SUFFIX_abe9f4eec998,ACTIVE,NPX125,,,,,,,,,,PRESUMED_ADC,NEEDS_REVIEW,1,conference_abstract_corpus,,2026-09-01
OURS_ADC_SUFFIX_ac2fdbde6c0d,ACTIVE,DB-1326,,,,,,,,,,PRESUMED_ADC,NEEDS_REVIEW,1,conference_abstract_corpus,,2026-09-01
OURS_ADC_SUFFIX_ac6fd8618d4a,ACTIVE,MBRC-101,,,,,,,,,,PRESUMED_ADC,NEEDS_REVIEW,2,conference_abstract_corpus; europe_pmc,,2026-09-01
OURS_ADC_SUFFIX_ace42ba310b3,ACTIVE,IPH4502,,,,,,,,,,PRESUMED_ADC,NEEDS_REVIEW,1,conference_abstract_corpus,,2026-09-01
OURS_ADC_SUFFIX_acf3d0e01da0,ACTIVE,TRO-01,,,,,,,,,,PRESUMED_ADC,NEEDS_REVIEW,1,conference_abstract_corpus,,2026-09-01
OURS_ADC_SUFFIX_b17b4f347d88,ACTIVE,ZW427,,,,,,,,,,PRESUMED_ADC,NEEDS_REVIEW,1,conference_abstract_corpus,,2026-09-01
OURS_ADC_SUFFIX_b19a21d8838f,ACTIVE,PODO447,,,,,,,,,,PRESUMED_ADC,NEEDS_REVIEW,1,conference_abstract_corpus,,2026-09-01
OURS_ADC_SUFFIX_b381aaf708ec,ACTIVE,IDP-001,,,,,,,,,,PRESUMED_ADC,NEEDS_REVIEW,1,conference_abstract_corpus,,2026-09-01
OURS_ADC_SUFFIX_b3baecb4c8ce,ACTIVE,BR-2302,,,,,,,,,,PRESUMED_ADC,NEEDS_REVIEW,1,conference_abstract_corpus,,2026-09-01
OURS_ADC_SUFFIX_b48a542be33a,ACTIVE,BCG016,,,,,,,,,,PRESUMED_ADC,NEEDS_REVIEW,1,conference_abstract_corpus,,2026-09-01
OURS_ADC_SUFFIX_b5e15d8edf54,ACTIVE,HC029,,,,,,,,,,PRESUMED_ADC,NEEDS_REVIEW,1,conference_abstract_corpus,,2026-09-01
OURS_ADC_SUFFIX_b66c9ab223d4,ACTIVE,IBI3001,,,,,,,,,,PRESUMED_ADC,NEEDS_REVIEW,1,conference_abstract_corpus,,2026-09-01
OURS_ADC_SUFFIX_b6d124083511,ACTIVE,IN30758,,,,,,,,,,PRESUMED_ADC,NEEDS_REVIEW,1,conference_abstract_corpus,,2026-09-01
OURS_ADC_SUFFIX_b85544124aee,ACTIVE,SYD983,,,,,,,,,,PRESUMED_ADC,NEEDS_REVIEW,1,europe_pmc,,2026-09-01
OURS_ADC_SUFFIX_b8be8efb00bb,ACTIVE,SG3227,,,,,,,,,,PRESUMED_ADC,NEEDS_REVIEW,1,europe_pmc,,2026-09-01
OURS_ADC_SUFFIX_b9d06653033a,ACTIVE,MBK-103,,,,,,,,,,PRESUMED_ADC,NEEDS_REVIEW,1,conference_abstract_corpus,,2026-09-01
OURS_ADC_SUFFIX_baac4a039a41,ACTIVE,ACR317,,,,,,,,,,PRESUMED_ADC,NEEDS_REVIEW,1,conference_abstract_corpus,,2026-09-01
OURS_ADC_SUFFIX_bae554c4c776,ACTIVE,compounds Mertansine,,,,,,,,,,PRESUMED_ADC,NEEDS_REVIEW,1,conference_abstract_corpus,,2026-09-01
OURS_ADC_SUFFIX_baee4dfcba8b,ACTIVE,TAG-72,,,,,,,,,,PRESUMED_ADC,NEEDS_REVIEW,1,conference_abstract_corpus,,2026-09-01
OURS_ADC_SUFFIX_bbce15ee419f,ACTIVE,RT023,,,,,,,,,,PRESUMED_ADC,NEEDS_REVIEW,1,conference_abstract_corpus,,2026-09-01
OURS_ADC_SUFFIX_bbe35d18d6aa,ACTIVE,Y101S,,,,,,,,,,PRESUMED_ADC,NEEDS_REVIEW,1,europe_pmc,,2026-09-01
OURS_ADC_SUFFIX_bc805991b2b0,ACTIVE,ADCE-T02,,,,,,,,,,PRESUMED_ADC,NEEDS_REVIEW,1,clinicaltrials,,2026-09-01
OURS_ADC_SUFFIX_be94ba398163,ACTIVE,transtuzumab deruxtecan,,,,,,,,,,PRESUMED_ADC,NEEDS_REVIEW,1,conference_abstract_corpus,,2026-09-01
OURS_ADC_SUFFIX_c2515d3e1e7b,ACTIVE,SOT106,,,,,,,,,,PRESUMED_ADC,NEEDS_REVIEW,1,conference_abstract_corpus,,2026-09-01
OURS_ADC_SUFFIX_c3511e19232e,ACTIVE,NW006-296,,,,,,,,,,PRESUMED_ADC,NEEDS_REVIEW,1,conference_abstract_corpus,,2026-09-01
OURS_ADC_SUFFIX_c3fa66b6978b,ACTIVE,ITC-6102RO,,,,,,,,,,PRESUMED_ADC,NEEDS_REVIEW,1,europe_pmc,,2026-09-01
OURS_ADC_SUFFIX_c4ebbfd52cc7,ACTIVE,distamab vedotin,,,,,,,,,,PRESUMED_ADC,NEEDS_REVIEW,1,conference_abstract_corpus,,2026-09-01
OURS_ADC_SUFFIX_c53373f9412c,ACTIVE,LUA011,,,,,,,,,,PRESUMED_ADC,NEEDS_REVIEW,1,conference_abstract_corpus,,2026-09-01
OURS_ADC_SUFFIX_c598fb841016,ACTIVE,ADCT-211,,,,,,,,,,PRESUMED_ADC,NEEDS_REVIEW,1,conference_abstract_corpus,,2026-09-01
OURS_ADC_SUFFIX_c66ac7e1ab72,ACTIVE,MHB048C,,,,,,,,,,PRESUMED_ADC,NEEDS_REVIEW,1,conference_abstract_corpus,,2026-09-01
OURS_ADC_SUFFIX_c7275babe8d7,ACTIVE,HRA00242-C004,,,,,,,,,,PRESUMED_ADC,NEEDS_REVIEW,1,conference_abstract_corpus,,2026-09-01
OURS_ADC_SUFFIX_c7591214c499,ACTIVE,TST105,,,,,,,,,,PRESUMED_ADC,NEEDS_REVIEW,1,conference_abstract_corpus,,2026-09-01
OURS_ADC_SUFFIX_c888276002d4,ACTIVE,PL119,,,,,,,,,,PRESUMED_ADC,NEEDS_REVIEW,2,europe_pmc; pubmed,,2026-09-01
OURS_ADC_SUFFIX_c94e5cddb779,ACTIVE,BCG018,,,,,,,,,,PRESUMED_ADC,NEEDS_REVIEW,1,conference_abstract_corpus,,2026-09-01
OURS_ADC_SUFFIX_c955eb1f2c80,ACTIVE,DCBD16001,,,,,,,,,,PRESUMED_ADC,NEEDS_REVIEW,1,conference_abstract_corpus,,2026-09-01
OURS_ADC_SUFFIX_caaf660cb4b5,ACTIVE,DB-1325,,,,,,,,,,PRESUMED_ADC,NEEDS_REVIEW,1,conference_abstract_corpus,,2026-09-01
OURS_ADC_SUFFIX_cb02ec45050a,ACTIVE,LM-317,,,,,,,,,,PRESUMED_ADC,NEEDS_REVIEW,1,conference_abstract_corpus,,2026-09-01
OURS_ADC_SUFFIX_cb8911a7c94c,ACTIVE,HRA00129-C004,,,,,,,,,,PRESUMED_ADC,NEEDS_REVIEW,1,europe_pmc,,2026-09-01
OURS_ADC_SUFFIX_cbb1e1b87722,ACTIVE,KIVU-305,,,,,,,,,,PRESUMED_ADC,NEEDS_REVIEW,1,conference_abstract_corpus,,2026-09-01
OURS_ADC_SUFFIX_cd62f9575d7d,ACTIVE,DHES0815A,,,,,,,,,,PRESUMED_ADC,NEEDS_REVIEW,4,conference_abstract_corpus; conference_crossref_search; europe_pmc; pubmed,,2026-09-01
OURS_ADC_SUFFIX_ce79647deda8,ACTIVE,PRO1286,,,,,,,,,,PRESUMED_ADC,NEEDS_REVIEW,1,conference_abstract_corpus,,2026-09-01
OURS_ADC_SUFFIX_cf12bdb0c507,ACTIVE,HRA00184-C004,,,,,,,,,,PRESUMED_ADC,NEEDS_REVIEW,1,conference_abstract_corpus,,2026-09-01
OURS_ADC_SUFFIX_cfccf5eb70ac,ACTIVE,MGT-1143,,,,,,,,,,PRESUMED_ADC,NEEDS_REVIEW,1,conference_abstract_corpus,,2026-09-01
OURS_ADC_SUFFIX_d02d9a7c8dec,ACTIVE,tecotabart vedotin,,,,,,,,,,PRESUMED_ADC,NEEDS_REVIEW,1,conference_abstract_corpus,,2026-09-01
OURS_ADC_SUFFIX_d10aad9939aa,ACTIVE,YH012,,,,,,,,,,PRESUMED_ADC,NEEDS_REVIEW,1,conference_abstract_corpus,,2026-09-01
OURS_ADC_SUFFIX_d16f6c6d9d59,ACTIVE,dimer Talirine,,,,,,,,,,PRESUMED_ADC,NEEDS_REVIEW,1,conference_abstract_corpus,,2026-09-01
OURS_ADC_SUFFIX_d1b9126071f4,ACTIVE,HSC00189,,,,,,,,,,PRESUMED_ADC,NEEDS_REVIEW,1,conference_abstract_corpus,,2026-09-01
OURS_ADC_SUFFIX_d2a4b4d99a74,ACTIVE,KHN928,,,,,,,,,,PRESUMED_ADC,NEEDS_REVIEW,1,conference_abstract_corpus,,2026-09-01
OURS_ADC_SUFFIX_d406ff0b27e0,ACTIVE,AMT-116,,,,,,,,,,PRESUMED_ADC,NEEDS_REVIEW,2,conference_abstract_corpus; conference_crossref_search,,2026-09-01
OURS_ADC_SUFFIX_d4253d73f71b,ACTIVE,SC-004,,,,,,,,,,PRESUMED_ADC,NEEDS_REVIEW,1,conference_abstract_corpus,,2026-09-01
OURS_ADC_SUFFIX_d45ef2cbdc17,ACTIVE,STRO-003,,,,,,,,,,PRESUMED_ADC,NEEDS_REVIEW,1,conference_abstract_corpus,,2026-09-01
OURS_ADC_SUFFIX_d48477221570,ACTIVE,MGT-1142,,,,,,,,,,PRESUMED_ADC,NEEDS_REVIEW,1,conference_abstract_corpus,,2026-09-01
OURS_ADC_SUFFIX_d52c72b54d3c,ACTIVE,ATL-024,,,,,,,,,,PRESUMED_ADC,NEEDS_REVIEW,1,conference_abstract_corpus,,2026-09-01
OURS_ADC_SUFFIX_d52ca9ab43e0,ACTIVE,SHR-1826,,,,,,,,,,PRESUMED_ADC,NEEDS_REVIEW,1,conference_abstract_corpus,,2026-09-01
OURS_ADC_SUFFIX_d58708d4f584,ACTIVE,LUA005,,,,,,,,,,PRESUMED_ADC,NEEDS_REVIEW,1,conference_abstract_corpus,,2026-09-01
OURS_ADC_SUFFIX_d6293dc7ac92,ACTIVE,paritumab deruxtecan,,,,,,,,,,PRESUMED_ADC,NEEDS_REVIEW,1,conference_abstract_corpus,,2026-09-01
OURS_ADC_SUFFIX_d68b6ee44f89,ACTIVE,huXBR1-402,,,,,,,,,,PRESUMED_ADC,NEEDS_REVIEW,2,conference_abstract_corpus; europe_pmc,,2026-09-01
OURS_ADC_SUFFIX_d6d3a8673b3f,ACTIVE,BCG046,,,,,,,,,,PRESUMED_ADC,NEEDS_REVIEW,1,conference_abstract_corpus,,2026-09-01
OURS_ADC_SUFFIX_d7d4a4144449,ACTIVE,SDP03923,,,,,,,,,,PRESUMED_ADC,NEEDS_REVIEW,1,conference_abstract_corpus,,2026-09-01
OURS_ADC_SUFFIX_d8250fa772c6,ACTIVE,CO-1008,,,,,,,,,,PRESUMED_ADC,NEEDS_REVIEW,1,conference_abstract_corpus,,2026-09-01
OURS_ADC_SUFFIX_d826789fcf25,ACTIVE,LFA102,,,,,,,,,,PRESUMED_ADC,NEEDS_REVIEW,1,europe_pmc,,2026-09-01
OURS_ADC_SUFFIX_d8b1fd88aadd,ACTIVE,DEC003M,,,,,,,,,,PRESUMED_ADC,NEEDS_REVIEW,1,clinicaltrials,,2026-09-01
OURS_ADC_SUFFIX_d9e1ac4517f5,ACTIVE,CS5006,,,,,,,,,,PRESUMED_ADC,NEEDS_REVIEW,1,conference_abstract_corpus,,2026-09-01
OURS_ADC_SUFFIX_db4a2d46ed9a,ACTIVE,XB773,,,,,,,,,,PRESUMED_ADC,NEEDS_REVIEW,1,conference_abstract_corpus,,2026-09-01
OURS_ADC_SUFFIX_db9ca04e30cb,ACTIVE,NRBM-25,,,,,,,,,,PRESUMED_ADC,NEEDS_REVIEW,2,europe_pmc; pubmed,,2026-09-01
OURS_ADC_SUFFIX_dbc4092cf834,ACTIVE,IBI3010,,,,,,,,,,PRESUMED_ADC,NEEDS_REVIEW,1,conference_abstract_corpus,,2026-09-01
OURS_ADC_SUFFIX_dc6c42680aa6,ACTIVE,SMADC001,,,,,,,,,,PRESUMED_ADC,NEEDS_REVIEW,1,europe_pmc,,2026-09-01
OURS_ADC_SUFFIX_dc78a3320b9b,ACTIVE,SYS6042,,,,,,,,,,PRESUMED_ADC,NEEDS_REVIEW,1,conference_abstract_corpus,,2026-09-01
OURS_ADC_SUFFIX_de9db501f4b1,ACTIVE,ASP2998,,,,,,,,,,PRESUMED_ADC,NEEDS_REVIEW,1,conference_abstract_corpus,,2026-09-01
OURS_ADC_SUFFIX_dec6b6be00f9,ACTIVE,TCX-101,,,,,,,,,,PRESUMED_ADC,NEEDS_REVIEW,1,conference_abstract_corpus,,2026-09-01
OURS_ADC_SUFFIX_decd61c0510e,ACTIVE,ADCT-241,,,,,,,,,,PRESUMED_ADC,NEEDS_REVIEW,1,conference_abstract_corpus,,2026-09-01
OURS_ADC_SUFFIX_e15c4300ce76,ACTIVE,IBI3014,,,,,,,,,,PRESUMED_ADC,NEEDS_REVIEW,1,conference_abstract_corpus,,2026-09-01
OURS_ADC_SUFFIX_e257c46c7cc0,ACTIVE,PL1601,,,,,,,,,,PRESUMED_ADC,NEEDS_REVIEW,1,conference_abstract_corpus,,2026-09-01
OURS_ADC_SUFFIX_e4ace3750d26,ACTIVE,BG-C9074,,,,,,,,,,PRESUMED_ADC,NEEDS_REVIEW,2,clinicaltrials; conference_abstract_corpus,,2026-09-01
OURS_ADC_SUFFIX_e52aefcc96f2,ACTIVE,GFS784,,,,,,,,,,PRESUMED_ADC,NEEDS_REVIEW,1,conference_abstract_corpus,,2026-09-01
OURS_ADC_SUFFIX_e6630e2bbfce,ACTIVE,HP-004,,,,,,,,,,PRESUMED_ADC,NEEDS_REVIEW,1,conference_abstract_corpus,,2026-09-01
OURS_ADC_SUFFIX_e754549a71e8,ACTIVE,MRG006A,,,,,,,,,,PRESUMED_ADC,NEEDS_REVIEW,1,conference_abstract_corpus,,2026-09-01
OURS_ADC_SUFFIX_e76c9f123dc0,ACTIVE,HLX91-048,,,,,,,,,,PRESUMED_ADC,NEEDS_REVIEW,1,conference_abstract_corpus,,2026-09-01
OURS_ADC_SUFFIX_e7c6a5051026,ACTIVE,Enfotulumab vedotin,,,,,,,,,,PRESUMED_ADC,NEEDS_REVIEW,1,conference_crossref_search,,2026-09-01
OURS_ADC_SUFFIX_e94d4ba9d7a0,ACTIVE,TUB-040,,,,,,,,,,PRESUMED_ADC,NEEDS_REVIEW,4,clinicaltrials; conference_abstract_corpus; conference_crossref_search; europe_pmc,,2026-09-01
OURS_ADC_SUFFIX_e96d5c5e050d,ACTIVE,CD205,,,,,,,,,,PRESUMED_ADC,NEEDS_REVIEW,1,conference_abstract_corpus,,2026-09-01
OURS_ADC_SUFFIX_e972d727b9b6,ACTIVE,NL019,,,,,,,,,,PRESUMED_ADC,NEEDS_REVIEW,1,conference_abstract_corpus,,2026-09-01
OURS_ADC_SUFFIX_e987f117ecb4,ACTIVE,ZW327,,,,,,,,,,PRESUMED_ADC,NEEDS_REVIEW,1,conference_abstract_corpus,,2026-09-01
OURS_ADC_SUFFIX_ea54452cda1b,ACTIVE,VBC117,,,,,,,,,,PRESUMED_ADC,NEEDS_REVIEW,1,clinicaltrials,,2026-09-01
OURS_ADC_SUFFIX_ea85c900f327,ACTIVE,YL242,,,,,,,,,,PRESUMED_ADC,NEEDS_REVIEW,1,conference_abstract_corpus,,2026-09-01
OURS_ADC_SUFFIX_eb050b5c38e1,ACTIVE,M100B vedotin,,,,,,,,,,PRESUMED_ADC,NEEDS_REVIEW,1,conference_abstract_corpus,,2026-09-01
OURS_ADC_SUFFIX_eb170325d48e,ACTIVE,FK002,,,,,,,,,,PRESUMED_ADC,NEEDS_REVIEW,1,europe_pmc,,2026-09-01
OURS_ADC_SUFFIX_ebdfd511b2cf,ACTIVE,XB404,,,,,,,,,,PRESUMED_ADC,NEEDS_REVIEW,1,conference_abstract_corpus,,2026-09-01
OURS_ADC_SUFFIX_ec1ad56b0aff,ACTIVE,BA3361,,,,,,,,,,PRESUMED_ADC,NEEDS_REVIEW,1,conference_abstract_corpus,,2026-09-01
OURS_ADC_SUFFIX_ecb2118eeaac,ACTIVE,BMS-986405,,,,,,,,,,PRESUMED_ADC,NEEDS_REVIEW,1,clinicaltrials,,2026-09-01
OURS_ADC_SUFFIX_ef7442a2baf9,ACTIVE,ADCT-212,,,,,,,,,,PRESUMED_ADC,NEEDS_REVIEW,1,conference_abstract_corpus,,2026-09-01
OURS_ADC_SUFFIX_efaf1641d662,ACTIVE,NAV-001,,,,,,,,,,PRESUMED_ADC,NEEDS_REVIEW,2,conference_abstract_corpus; europe_pmc,,2026-09-01
OURS_ADC_SUFFIX_f02d8510ba9d,ACTIVE,GS002,,,,,,,,,,PRESUMED_ADC,NEEDS_REVIEW,1,conference_abstract_corpus,,2026-09-01
OURS_ADC_SUFFIX_f049c1a1fc91,ACTIVE,DYP688,,,,,,,,,,PRESUMED_ADC,NEEDS_REVIEW,3,conference_abstract_corpus; europe_pmc; pubmed,,2026-09-01
OURS_ADC_SUFFIX_f1184884ca22,ACTIVE,MHB042C,,,,,,,,,,PRESUMED_ADC,NEEDS_REVIEW,1,conference_abstract_corpus,,2026-09-01
OURS_ADC_SUFFIX_f1c82d1c6138,ACTIVE,SCR-A0011,,,,,,,,,,PRESUMED_ADC,NEEDS_REVIEW,1,conference_abstract_corpus,,2026-09-01
OURS_ADC_SUFFIX_f21992362233,ACTIVE,STRO-006,,,,,,,,,,PRESUMED_ADC,NEEDS_REVIEW,1,conference_abstract_corpus,,2026-09-01
OURS_ADC_SUFFIX_f4454ec44b10,ACTIVE,SCR-A008,,,,,,,,,,PRESUMED_ADC,NEEDS_REVIEW,1,conference_abstract_corpus,,2026-09-01
OURS_ADC_SUFFIX_f508f21b1d1e,ACTIVE,AKTX-101,,,,,,,,,,PRESUMED_ADC,NEEDS_REVIEW,1,conference_abstract_corpus,,2026-09-01
OURS_ADC_SUFFIX_f54b22529587,ACTIVE,AMB304,,,,,,,,,,PRESUMED_ADC,NEEDS_REVIEW,1,conference_abstract_corpus,,2026-09-01
OURS_ADC_SUFFIX_f63d933e0871,ACTIVE,BNT324,,,,,,,,,,PRESUMED_ADC,NEEDS_REVIEW,1,conference_abstract_corpus,,2026-09-01
OURS_ADC_SUFFIX_f6f465aaaa27,ACTIVE,AXL-107,,,,,,,,,,PRESUMED_ADC,NEEDS_REVIEW,1,europe_pmc,,2026-09-01
OURS_ADC_SUFFIX_f8cfeab1fa5a,ACTIVE,T320,,,,,,,,,,PRESUMED_ADC,NEEDS_REVIEW,1,conference_abstract_corpus,,2026-09-01
OURS_ADC_SUFFIX_f99674ecbf18,ACTIVE,DB-1329,,,,,,,,,,PRESUMED_ADC,NEEDS_REVIEW,1,conference_abstract_corpus,,2026-09-01
OURS_ADC_SUFFIX_fb3f82ae3359,ACTIVE,GLR1059,,,,,,,,,,PRESUMED_ADC,NEEDS_REVIEW,1,conference_abstract_corpus,,2026-09-01
OURS_ADC_SUFFIX_fc6331e3c021,ACTIVE,Trastuzumab vedotin,,,,,,,,,,PRESUMED_ADC,NEEDS_REVIEW,1,conference_abstract_corpus,,2026-09-01
OURS_ADC_SUFFIX_fda876797d84,ACTIVE,DXC016,,,,,,,,,,PRESUMED_ADC,NEEDS_REVIEW,1,conference_abstract_corpus,,2026-09-01
OURS_ADC_SUFFIX_fe1133e6efc6,ACTIVE,DXC011,,,,,,,,,,PRESUMED_ADC,NEEDS_REVIEW,1,conference_abstract_corpus,,2026-09-01
OURS_ADC_SUFFIX_fef69e0c4d28,ACTIVE,ZW251,,,,,,,,,,PRESUMED_ADC,NEEDS_REVIEW,2,clinicaltrials; conference_abstract_corpus,,2026-09-01
OURS_ADC_SUFFIX_ffe72f792309,ACTIVE,CS5007,,,,,,,,,,PRESUMED_ADC,NEEDS_REVIEW,1,clinicaltrials,,2026-09-01
