asset_id	canonical_name	aliases	development_codes	modality	target	company	highest_stage	development_status	nct_ids	first_seen	last_seen	sources	source_count	evidence_ids	catalog_status
NAR_DRG0AAJTS	ETX-22	ETx22; Etx 22			Nectin-4 (NECTIN4)	Emergence Therapeutics AG	Investigative	Investigative				nar_reference	1	DRG0AAJTS	REFERENCE_CONFIRMED
NAR_DRG0ADKKF	AbGn-108	AbGn 108; AbGn108			Undisclosed	AbGenomics International, Inc	Investigative	Investigative				nar_reference	1	DRG0ADKKF	REFERENCE_CONFIRMED
NAR_DRG0AHKIO	MTX-13						Phase1	Phase 1	NCT06752681			nar_reference	1	DRG0AHKIO	REFERENCE_CONFIRMED
NAR_DRG0AJCCS	BAT-8008						Phase1	Phase 1				nar_reference	1	DRG0AJCCS	REFERENCE_CONFIRMED
NAR_DRG0AKFYV	Raludotatug deruxtecan	Raludotatug deruxtecan		PRESUMED_STRICT_ADC	Cadherin-6 (CDH6)		Investigative	Investigative Drug-to-Antibody Ratio 8 3D				nar_reference; clinicaltrials; conference_abstract_corpus	3	DRG0AKFYV; ADC_CANDIDATE_ADC_SUFFIX_d82b69ba971c	MULTISOURCE_CONFIRMED
NAR_DRG0ALCYL	NKTR-288	NKTR 288; NKTR288			Interferon alpha-1/13 (IFNA1; IFNA13)	Nektar Therapeutics	Investigative	Investigative				nar_reference	1	DRG0ALCYL	REFERENCE_CONFIRMED
NAR_DRG0AMZIS	DN-028	DN028; DN 028			Undisclosed	Piistech; Shanghai Gopherwood Biotech Co., Ltd	Investigative	Investigative				nar_reference	1	DRG0AMZIS	REFERENCE_CONFIRMED
NAR_DRG0ANRPC	JSKN021						Phase1	Phase 1	NCT07617727			nar_reference	1	DRG0ANRPC	REFERENCE_CONFIRMED
NAR_DRG0AQITP	RG-7636						Phase1	Phase 1				nar_reference	1	DRG0AQITP	REFERENCE_CONFIRMED
NAR_DRG0ARHOG	BIIB-015	Anti-CRIPTO; Anti-Cripto mAB; Anti-Cripto-DM4; BIIB 015; BIIB-015; BIIB015			Teratocarcinoma-derived growth factor 1 (TDGF1)	Biogen, Inc	Phase1	Phase 1 (Terminated)	NCT00674947			nar_reference	1	DRG0ARHOG	REFERENCE_CONFIRMED
NAR_DRG0ARIWN	CMD-193	CD193; CMD 193; CMD-193; Hu3S193-CM; Hu3S193-CalichDMH			Lewis Y	Wyeth AB; Pfizer Inc	Phase1	Phase 1 (Terminated)	NCT00161642; NCT00257881; NCT00293215			nar_reference	1	DRG0ARIWN	REFERENCE_CONFIRMED
NAR_DRG0ASYKZ	Izeltabart tapatansine	Izeltabart tapatansine			Disintegrin and metalloproteinase domain-containing protein 9 (ADAM9)		Investigative	Investigative				nar_reference	1	DRG0ASYKZ	REFERENCE_CONFIRMED
NAR_DRG0ATULB	Laprituximab emtansine	IMGN 289; IMGN-289; IMGN2 89; IMGN289; J2898A-SMCC-DM1; Laprituximab emtansine			Epidermal growth factor receptor (EGFR)	ImmunoGen, Inc	Phase1	Phase 1 (Terminated)	NCT01963715			nar_reference	1	DRG0ATULB	REFERENCE_CONFIRMED
NAR_DRG0AUAOQ	ZL-6201						Phase1	Phase 1	NCT07374848			nar_reference	1	DRG0AUAOQ	REFERENCE_CONFIRMED
NAR_DRG0AVEQT	SYD1091	WO2015177360A1_ADC-HC41; SYD 1091; SYD-1091			Glutamate carboxypeptidase 2 (FOLH1)	Byodes Private Ltd	Investigative	Investigative				nar_reference	1	DRG0AVEQT	REFERENCE_CONFIRMED
NAR_DRG0AVJCO	AOC-1020	AOC 1020; AOC-1020; AOC-FSHD; AOC1020			Transferrin receptor protein 1 (TFRC)	Avidity Biosciences, Inc	Phase2	Phase 2	NCT05747924			nar_reference	1	DRG0AVJCO	REFERENCE_CONFIRMED
NAR_DRG0AWQJG	PF-06804103	Anti-HER2 ADC (Pfizer Inc.); Anti-NG-HER2 ADC; NG-HER2 ADC; PF 06804103; PF-06804103; PF-06804103, NG-HER2 ADC; PF06804103; anti-HER2-vc0101; anti-HER2-vcAur0101 ADC			Receptor tyrosine-protein kinase erbB-2 (HER2)	Pfizer Inc	Phase1	Phase 1 (Terminated)				nar_reference	1	DRG0AWQJG	REFERENCE_CONFIRMED
NAR_DRG0AWSBJ	HDP-104	HDP 104; HDP104			Undisclosed	Heidelberg Pharma AG	Investigative	Investigative				nar_reference	1	DRG0AWSBJ	REFERENCE_CONFIRMED
NAR_DRG0AWUIJ	Indatuximab ravtansine	Anti-myeloma monoclonal antibody-DM4 immunoconjugate BT-062; BT-062; Indatuximab ravtansine; Maytansinoid-conjugated anti-myeloma monoclonal antibody BT-062; nBT-062			Syndecan-1 (SDC1)	Biotest Pharma GmbH; Biotest AG	Phase2	Phase 1/2 (Terminated)	NCT00723359; NCT01638936			nar_reference	1	DRG0AWUIJ	REFERENCE_CONFIRMED
NAR_DRG0AXDIU	IIIA4-USAN	Anti-EphA3 antibody-drug conjugate (Humanigen); Anti-EphA3 antibody-drug conjugate			Ephrin type-A receptor 3 (EPHA3)	Humanigen, Inc	Investigative	Investigative				nar_reference	1	DRG0AXDIU	REFERENCE_CONFIRMED
NAR_DRG0AXGPR	BIL-03n	BOL03n; BIL 03n			P2X purinoceptor 7 (P2RX7)	Biosceptre International Ltd	Investigative	Investigative				nar_reference	1	DRG0AXGPR	REFERENCE_CONFIRMED
NAR_DRG0AXWSD	BIO-112	BIO 112 (BiOneCure Therapeutics); BIO 112; BIO112			Undisclosed		Investigative	Investigative				nar_reference	1	DRG0AXWSD	REFERENCE_CONFIRMED
NAR_DRG0AYTGS	PF-08046037						Phase1	Phase 1	NCT06974734			nar_reference	1	DRG0AYTGS	REFERENCE_CONFIRMED
NAR_DRG0AZRNL	Iladatuzumab vedotin	DCDS 0780A; DCDS-0780A; DCDS0780A; Iladatuzumab vedotin; RG 7986; RG7986; RO-7032005			B-cell antigen receptor complex-associated protein beta chain (CD79B)	F. Hoffmann-La Roche Ltd; Roche Holding AG	Phase1	Phase 1 (Terminated)	NCT02453087			nar_reference	1	DRG0AZRNL	REFERENCE_CONFIRMED
NAR_DRG0AZUEZ	ZV-0203						Phase1	Phase 1				nar_reference	1	DRG0AZUEZ	REFERENCE_CONFIRMED
NAR_DRG0BBHPW	DXC-004A	DXC 004A; DXC-004A; DXC004A			Epidermal growth factor receptor (EGFR)	Hangzhou DAC Biotech Co., Ltd	Phase1	Phase 1				nar_reference	1	DRG0BBHPW	REFERENCE_CONFIRMED
NAR_DRG0BBQSE	Enfortumab vedotin	AGS-22C3; AGS-22CE; AGS-22M6E; AGS-22ME; AGS-M6; ASG-22CE; ASG-22M6E; ASG-22ME; ASP7465; DLE8519RWM; Enfortumab Vedotin-ejfv		STRICT_ADC	Nectin-4 (NECTIN4)	Astellas Pharma, Inc; Seagen Inc; Baxter Oncology GmbH	Approved	Approved (FDA): Dec, 2019	NCT02091999; NCT03070990; NCT03219333; NCT03474107; NCT04223856			nar_reference; configs/known_adc_assets.yaml; clinicaltrials	3	DRG0BBQSE; ADC_CANDIDATE_ENFORTUMAB_VEDOTIN	MULTISOURCE_CONFIRMED
NAR_DRG0BBWPI	SYS6023						Phase1	Phase 1	NCT07110883			nar_reference	1	DRG0BBWPI	REFERENCE_CONFIRMED
NAR_DRG0BBYHA	Bivatuzumab mertansine	Anti-CD44v6-DM1 immunoconjugate; BIW1-1; BIWI-1; Bivatuzumab mertansine; Monoclonal antibody CD44v6-DM1 immunoconjugate			CD44 antigen (CD44)	ImmunoGen, Inc; Boehringer Ingelheim GmbH	Phase1	Phase 1 (Terminated)	NCT02254005; NCT02254018; NCT02254031; NCT02254044			nar_reference	1	DRG0BBYHA	REFERENCE_CONFIRMED
NAR_DRG0BCSND	BSI-077	Anticlaudin18.2 monoclonal antibody Biosion; BSI077; BSI 077			Claudin-18.2 (CLDN18.2)	Biosion, Inc	Investigative	Investigative				nar_reference	1	DRG0BCSND	REFERENCE_CONFIRMED
NAR_DRG0BDOJD	BL-M005A2	BLM005A2; BL M005A2			Undisclosed	Systimmune, Inc	Investigative	Investigative				nar_reference	1	DRG0BDOJD	REFERENCE_CONFIRMED
NAR_DRG0BFNMH	GQ-1001	GQ 1001; GQ-1001; GQ1001; GQ1001(Trastuzumab-ADC)			Receptor tyrosine-protein kinase erbB-2 (HER2)	GeneQuantum Healthcare (Suzhou) Co. Ltd	Phase1	Phase 1	NCT04450732; NCT05575804			nar_reference	1	DRG0BFNMH	REFERENCE_CONFIRMED
NAR_DRG0BGJNX	TAK-500	TAK 500; TAK-500; TAK500			C-C chemokine receptor type 2 (CCR2)	Takeda Pharmaceutical Co., Ltd	Phase2	Phase 1/2 (Terminated)	NCT04420884; NCT04879849			nar_reference	1	DRG0BGJNX	REFERENCE_CONFIRMED
NAR_DRG0BGQOD	ADCT-901	3A4-PL1601; ADCT 901; ADCT-901; ADCT901			Kidney-associated antigen 1 (KAAG1)	ADC Therapeutics SA; Overland Pharmaceuticals	Phase1	Phase 1				nar_reference	1	DRG0BGQOD	REFERENCE_CONFIRMED
NAR_DRG0BIQVN	AZD-5335						Phase2	Phase 2				nar_reference	1	DRG0BIQVN	REFERENCE_CONFIRMED
NAR_DRG0BJYDH	LMB-12	LMB 12; SS1-dsFv-LRggs			Mesothelin (MSLN)		Investigative	Investigative				nar_reference	1	DRG0BJYDH	REFERENCE_CONFIRMED
NAR_DRG0BKLSW	SLV-324						Phase1	Phase 1	NCT07108114			nar_reference	1	DRG0BKLSW	REFERENCE_CONFIRMED
NAR_DRG0BLINK	ALT-Q5	ALT-Q5 ADC; ALT Q5 ADC; Q5-drug conjugate (Alteogen); ALT Q5; ALT-05; ALTQ5			Folate receptor alpha (FOLR1)	Alteogen, Inc	Investigative	Investigative				nar_reference	1	DRG0BLINK	REFERENCE_CONFIRMED
NAR_DRG0BPIAV	7MW-3711	7MW 3711; 7MW3711			CD276 antigen (CD276)	Mabwell (Shanghai) Bioscience Co., Ltd	Investigative	Investigative				nar_reference	1	DRG0BPIAV	REFERENCE_CONFIRMED
NAR_DRG0BRHCV	KM254-ADC	KM254 ADC; KM254ADC			Receptor tyrosine-protein kinase erbB-2 (HER2)	Xuanzhu Biopharmaceutical Co., Ltd	Investigative	Investigative				nar_reference	1	DRG0BRHCV	REFERENCE_CONFIRMED
NAR_DRG0BSQPI	Sacituzumab tirumotecan	A-264; KL-A264; MK-2870; MK2870; SKB 264; SKB-264; SKB264; TROP-2-targeted antibody-drug conjugate; sacituzumab tirumotecan(MK-2870)			Tumor-associated calcium signal transducer 2 (TROP2)	Sichuan Kelun Pharmaceutical Co., Ltd; KLUS Pharma, Inc; Merck & Co., Inc	Approved	Approved (FDA): Nov, 2024	NCT05347134; NCT05351788; NCT05445908; NCT05631262; NCT05642780			nar_reference	1	DRG0BSQPI	REFERENCE_CONFIRMED
NAR_DRG0BSWTQ	QLS5316						Phase1	Phase 1	NCT07358884			nar_reference	1	DRG0BSWTQ	REFERENCE_CONFIRMED
NAR_DRG0BWCTV	ARX-305	ARX 305; ARX-305; ARX305; NCB-002			CD70 antigen (CD70)	Ambrx, Inc; Zhejiang Medicine Co., Ltd; Novocodex Biopharmaceuticals Co., Ltd	Phase1	Phase 1				nar_reference	1	DRG0BWCTV	REFERENCE_CONFIRMED
NAR_DRG0BWWWF	BL-M15D1						Phase1	Phase 1				nar_reference	1	DRG0BWWWF	REFERENCE_CONFIRMED
NAR_DRG0BXRDQ	Veltuzumab-SN-38	Vmab-SN-38			B-lymphocyte antigen CD20 (MS4A1)		Investigative	Investigative				nar_reference	1	DRG0BXRDQ	REFERENCE_CONFIRMED
NAR_DRG0BZCIJ	DAC-002						Phase1	Phase 1				nar_reference	1	DRG0BZCIJ	REFERENCE_CONFIRMED
NAR_DRG0BZEMH	JAB-BX400	JAB BX400; JABBX400			Receptor tyrosine-protein kinase erbB-2 (HER2)	Jacobio Pharmaceuticals Group Co., Ltd	Investigative	Investigative				nar_reference	1	DRG0BZEMH	REFERENCE_CONFIRMED
NAR_DRG0CAEXH	RC-118	RC-118; RC118; RC118-ADC,YH005; Recombinant humanized IgG1 anti-Claudin18.2 monoclonal antibody conjugated to MMAE; YH-005; YH005; YH005-ADC			Claudin-18.2 (CLDN18.2)	RemeGen Co., Ltd; Biocytogen Pharmaceuticals (Beijing) Co., Ltd; Eucure (Beijing) Biopharma Co., Ltd	Phase2	Phase 1/2	NCT03895112; NCT04914117; NCT05205850			nar_reference	1	DRG0CAEXH	REFERENCE_CONFIRMED
NAR_DRG0CBHSI	MG1901						Phase1	Phase 1				nar_reference	1	DRG0CBHSI	REFERENCE_CONFIRMED
NAR_DRG0CBLIJ	BGB-C354						Phase1	Phase 1	NCT06422520			nar_reference	1	DRG0CBLIJ	REFERENCE_CONFIRMED
NAR_DRG0CCEQO	ABBV-400	ABBV-400; ABBV 400; ABBV400			Hepatocyte growth factor receptor (MET)	AbbVie, Inc	Phase3	Phase 3				nar_reference	1	DRG0CCEQO	REFERENCE_CONFIRMED
NAR_DRG0CCQWD	MM-310	MM 310; MM-310; MM310			Ephrin type-A receptor 2 (EPHA2)	Merrimack Pharmaceuticals, Inc	Phase1	Phase 1 (Terminated)	NCT03076372			nar_reference	1	DRG0CCQWD	REFERENCE_CONFIRMED
NAR_DRG0CDYJL	MYTX-011	MYTX 011; MYTX-011; MYTX011			Hepatocyte growth factor receptor (MET)	Mythic Therapeutics, Inc	Phase1	Phase 1	NCT05652868			nar_reference	1	DRG0CDYJL	REFERENCE_CONFIRMED
NAR_DRG0CECRA	Trastuzumab rezetecan	SHR A1811; SHR-A1811; SHRA1811			Receptor tyrosine-protein kinase erbB-2 (HER2)	Jiangsu Hengrui Pharmaceuticals Co., Ltd; Suzhou Suncadia Biopharmaceuticals Co., Ltd	Approved	Approved (FDA): May, 2025	NCT04446260; NCT04513223; NCT04818333; NCT05349409; NCT05353361; NCT05424835; NCT05482568; NCT05582499; NCT05594095; NCT05635487; NCT05671822; NCT05749588; NCT05769010			nar_reference	1	DRG0CECRA	REFERENCE_CONFIRMED
NAR_DRG0CEJDT	DB-1317						Phase1	Phase 1	NCT07141706			nar_reference	1	DRG0CEJDT	REFERENCE_CONFIRMED
NAR_DRG0CESQS	Recombinant humanized anti-Trop2 antibody						Phase1	Phase 1				nar_reference	1	DRG0CESQS	REFERENCE_CONFIRMED
NAR_DRG0CHZRH	NEP1-40	1D9; 1H2; 2E10; 7E11; NEP1 40			Tumor necrosis factor receptor superfamily member 16 (NGFR)	Biogen, Inc	Investigative	Investigative				nar_reference	1	DRG0CHZRH	REFERENCE_CONFIRMED
NAR_DRG0CIZWI	AMT-676	AMT 676; AMT-676; AMT676			Cadherin-17 (CDH17)	Multitude Therapeutics, Inc	Phase1	Phase 1				nar_reference	1	DRG0CIZWI	REFERENCE_CONFIRMED
NAR_DRG0CKSWS	CMG-901	CMG 901; CMG-901; CMG901; MRG005; Sonesitatug vedotin; AZD0901		PRESUMED_STRICT_ADC	Claudin-18.2 (CLDN18.2)	Keymed Biosciences, Inc; Shanghai Miracogen Inc; Lepu Biopharma Co., Ltd; AstraZeneca PLC	Phase3	Phase 3	NCT04805307			nar_reference; clinicaltrials; conference_abstract_corpus	3	DRG0CKSWS; ADC_CANDIDATE_ADC_SUFFIX_2aaade2f940a	MULTISOURCE_CONFIRMED
NAR_DRG0CKWNZ	BA-3181	BA 3181; BA3181; CAB-EpCAM-ADC			Epithelial cell adhesion molecule (EPCAM)	BioAtla, Inc	Investigative	Investigative				nar_reference	1	DRG0CKWNZ	REFERENCE_CONFIRMED
NAR_DRG0CLBRQ	NNAS-Mc-Val-Cit-PABC-MMAE	NNAS-vcMMAE			Receptor tyrosine-protein kinase erbB-2 (HER2)	Genzyme Corp	Investigative	Investigative				nar_reference	1	DRG0CLBRQ	REFERENCE_CONFIRMED
NAR_DRG0CMPYD	ADCX-020						Phase1	Phase 1	NCT07238075			nar_reference	1	DRG0CMPYD	REFERENCE_CONFIRMED
NAR_DRG0CMUPE	BG-C0902						Phase1	Phase 1	NCT07181681			nar_reference	1	DRG0CMUPE	REFERENCE_CONFIRMED
NAR_DRG0CNJHC	JK-06	JK 06; JK-06; JK06			Trophoblast glycoprotein (TPBG)	Salubris Biotherapeutics, Inc	Phase2	Phase 1/2				nar_reference	1	DRG0CNJHC	REFERENCE_CONFIRMED
NAR_DRG0CNWMR	ABBV-901						Phase1	Phase 1	NCT07278336			nar_reference	1	DRG0CNWMR	REFERENCE_CONFIRMED
NAR_DRG0COMTY	Telisotuzumab vedotin	ABBV 399; ABBV-399; ABBV399; ABT 399; ABT-399; Teliso-V; Teliso-V (ABBV-399); Telisotuzumab vedotin		PRESUMED_STRICT_ADC	Hepatocyte growth factor receptor (MET)	AbbVie, Inc; BSP Pharmaceuticals SpA	Approved	Approved (FDA): May, 2025	NCT00723359; NCT01001442; NCT01270698; NCT01472016; NCT01605318; NCT01638936; NCT01915472; NCT02099058			nar_reference; clinicaltrials; conference_abstract_corpus	3	DRG0COMTY; ADC_CANDIDATE_ADC_SUFFIX_8e37de9e1d6b	MULTISOURCE_CONFIRMED
NAR_DRG0CPNIE	DS6-DM1	DS6DM1; DS6 DM1			Mucin-1 (MUC1)	ImmunoGen, Inc	Investigative	Investigative				nar_reference	1	DRG0CPNIE	REFERENCE_CONFIRMED
NAR_DRG0CRDKL	HKT-288	HKT 288; HKT-288; HKT28 8, NOV-13; HKT288; NOV-13			Cadherin-6 (CDH6)	Novartis Pharma AG; Novartis AG	Phase1	Phase 1 (Terminated)	NCT02947152			nar_reference	1	DRG0CRDKL	REFERENCE_CONFIRMED
NAR_DRG0CRYVT	DP-303c	DP 303c; DP-303c; DP303c			Receptor tyrosine-protein kinase erbB-2 (HER2)	CSPC Zhongqi Pharmaceutical Technology Shijiazhuang Co., Ltd; CSPC Pharmaceutical Group Ltd	Phase3	Phase 3	NCT04146610; NCT04826107; NCT04828616; NCT05334810			nar_reference	1	DRG0CRYVT	REFERENCE_CONFIRMED
NAR_DRG0CVTZD	MG2011C	MG2011C (Shanghai MabGen Biotech); MG-2011C; MG 2011C			Undisclosed	Shanghai MabGen Biotech Ltd; Shanghai Meijing Science & Technology Co. Ltd	Investigative	Investigative				nar_reference	1	DRG0CVTZD	REFERENCE_CONFIRMED
NAR_DRG0CWADI	AZD-9592						Phase1	Phase 1				nar_reference	1	DRG0CWADI	REFERENCE_CONFIRMED
NAR_DRG0CXFTH	Serclutamab talirine	ABBV 321; ABBV-321; ABBV321; Serclutamab talirine			Epidermal growth factor receptor (EGFR)	AbbVie, Inc	Phase1	Phase 1 (Terminated)	NCT03234712			nar_reference	1	DRG0CXFTH	REFERENCE_CONFIRMED
NAR_DRG0CXRVR	JSKN022						Phase1	Phase 1	NCT07292402			nar_reference	1	DRG0CXRVR	REFERENCE_CONFIRMED
NAR_DRG0CXSNU	SIBP-A19						Phase1	Phase 1	NCT06990464			nar_reference	1	DRG0CXSNU	REFERENCE_CONFIRMED
NAR_DRG0CYJSZ	OGD-204	OGD 204; OGD204			O-acetyl derivative of GD2 ganglioside (OAcGD2)	OGD2 Pharma SAS	Investigative	Investigative				nar_reference	1	DRG0CYJSZ	REFERENCE_CONFIRMED
NAR_DRG0CYMEB	Trastuzumab emtansine	PRO-132365; ADO-Trastuzumab Emtansine; R-3502; R3502; RG 3502; RG-3502; RO 5304020; RO-5304020; T-DM1; DM1-trastuzumab immunoconjugate; Herceptin-DM1; Trastuzu; Trastuzumab-DM1; Trastuzumab-DM1 immunoconjugate; Trastuzumab-MCC-DM1; Trastuzumab-MCC-DM1 antibody-drug conjugate		STRICT_ADC	Receptor tyrosine-protein kinase erbB-2 (HER2)	Genentech, Inc; Roche Holding AG; Chugai Pharmaceutical Co., Ltd; F. Hoffmann-La Roche Ltd	Approved	Approved (FDA): Feb 22, 2013	NCT01702571; NCT01966471; NCT02465060; NCT02924883; NCT02999672; NCT03032107			nar_reference; configs/known_adc_assets.yaml; clinicaltrials	3	DRG0CYMEB; ADC_CANDIDATE_TRASTUZUMAB_EMTANSINE	MULTISOURCE_CONFIRMED
NAR_DRG0DAKKB	Patritumab deruxtecan	HER3-DXd; Patritumab deruxtecan; Patritumab-DX-8951 conjugate; U3-1402; U3-1402a		PRESUMED_STRICT_ADC	Receptor tyrosine-protein kinase erbB-3 (HER3)	Daiichi Sankyo Co., Ltd; AstraZeneca PLC; Baxter Oncology GmbH; BSP Pharmaceuticals SpA	Phase3	Phase 3	NCT03260491			nar_reference; clinicaltrials; conference_abstract_corpus	3	DRG0DAKKB; ADC_CANDIDATE_ADC_SUFFIX_76452e9163ef	MULTISOURCE_CONFIRMED
NAR_DRG0DCONA	SHR-7631						Phase1	Phase 1	NCT06381050			nar_reference	1	DRG0DCONA	REFERENCE_CONFIRMED
NAR_DRG0DDMKC	A-410	A 410; A410			Nectin-4 (NECTIN4)	Sichuan Kelun Pharmaceutical Co., Ltd	Investigative	Investigative				nar_reference	1	DRG0DDMKC	REFERENCE_CONFIRMED
NAR_DRG0DDQHT	XYD-9668-198	XYD 9668-198; XYD9668-198			Undisclosed	Kunshan Xinyunda Biotechnology Co., Ltd	Investigative	Investigative				nar_reference	1	DRG0DDQHT	REFERENCE_CONFIRMED
NAR_DRG0DDTZB	HLX-43	HLX 43; HLX-43; HLX43; YL222			Programmed cell death 1 ligand 1 (CD274)	Shanghai Henlius Biotech, Inc; Shanghai Fosun Pharmaceutical (Group) Co., Ltd	Phase2	Phase 2				nar_reference	1	DRG0DDTZB	REFERENCE_CONFIRMED
NAR_DRG0DDWPP	CPO-301	CPO301; CPO 301			Epidermal growth factor receptorn (EGFR C797S) (EGFR C797S)	CSPC Pharmaceutical Group Ltd	Investigative	Investigative				nar_reference	1	DRG0DDWPP	REFERENCE_CONFIRMED
NAR_DRG0DEGEG	Vobramitamab duocarmazine	AEX4089DC1; Anti-B7-H3 antibody drug conjugate; MGC 018; MGC-018; MGC018; Vobramitamab duocarmazine			CD276 antigen (CD276)	MacroGenics, Inc	Phase2	Phase 2	NCT03729596; NCT05293496; NCT05551117			nar_reference	1	DRG0DEGEG	REFERENCE_CONFIRMED
NAR_DRG0DIWSF	Cantuzumab mertansine	C-242 DM1; C-242 May; C242 maytansinoid conjugate; Cantuzumab mertansine; Monoclonal antibody C-242 DM1 conjugate; Monoclonal antibody C-242 May conjugate; Monoclonal antibody huC242-May conjugate; SB-408075; huC242 maytansinoid conjugate; huC242-DM1			Mucin-1 (MUC1)	ImmunoGen, Inc	Phase1	Phase 1 (Terminated)				nar_reference	1	DRG0DIWSF	REFERENCE_CONFIRMED
NAR_DRG0DJFNE	IMAB362-Val-Cit-MMAE	IMAB362 vcMMAE; IMAB362-vc-MMAE; IMAB362 vc MMAE			Claudin-18.2 (CLDN18.2)	Ganymed Pharmaceuticals AG; Astellas Pharma, Inc	Investigative	Investigative				nar_reference	1	DRG0DJFNE	REFERENCE_CONFIRMED
NAR_DRG0DLKUH	DB-1305	BNT325; DB 1305; DB-1305; DB1305			Tumor-associated calcium signal transducer 2 (TROP2)	Duality Biologics	Phase2	Phase 1/2	NCT05438329			nar_reference	1	DRG0DLKUH	REFERENCE_CONFIRMED
NAR_DRG0DLZVY	SC-007	SC 007; SC-007; SC007			Undisclosed	Stemcentrx, Inc; AbbVie, Inc	Phase1	Phase 1 (Terminated)	NCT03253185			nar_reference	1	DRG0DLZVY	REFERENCE_CONFIRMED
NAR_DRG0DNGPW	RN765C	RN 765C; RN-765C			Epidermal growth factor receptor (EGFR)	Rinat Neuroscience Corp	Investigative	Investigative				nar_reference	1	DRG0DNGPW	REFERENCE_CONFIRMED
NAR_DRG0DOBID	GMA-305	GMA305; GMA 305			Undisclosed	Gmax Biopharm LLC	Investigative	Investigative				nar_reference	1	DRG0DOBID	REFERENCE_CONFIRMED
NAR_DRG0DOTIX	CUSP06	AMT 707; AMT-707; AMT707; CUSP 06; CUSP-06; CUSP06			Cadherin-6 (CDH6)	Multitude Therapeutics, Inc; OnCusp Therapeutics	Phase1	Phase 1				nar_reference	1	DRG0DOTIX	REFERENCE_CONFIRMED
NAR_DRG0DSMMR	IMGS-501	STING-ISAC; IMGS 501; IMGS501			Programmed cell death 1 ligand 1 (CD274); Programmed cell death 1 ligand 2 (PDCD1LG2)	Immunogenesis, Inc	Investigative	Investigative				nar_reference	1	DRG0DSMMR	REFERENCE_CONFIRMED
NAR_DRG0DSOMP	LY3343544	LY-3343544; LY 3343544			Hepatocyte growth factor receptor (MET)	Eli Lilly & Co	Investigative	Investigative				nar_reference	1	DRG0DSOMP	REFERENCE_CONFIRMED
NAR_DRG0DVKJO	LCB14-15nm	LCB14 15nm			Undisclosed	LegoChem Biosciences, Inc	Investigative	Investigative				nar_reference	1	DRG0DVKJO	REFERENCE_CONFIRMED
NAR_DRG0DWHZY	SIM 0686						Phase1	Phase 1	NCT07050459			nar_reference	1	DRG0DWHZY	REFERENCE_CONFIRMED
NAR_DRG0DXEAS	CAT-03-106	CAT03106; CAT 03 106			Undisclosed	Catalent, Inc	Investigative	Investigative				nar_reference	1	DRG0DXEAS	REFERENCE_CONFIRMED
NAR_DRG0DXROV	Cetuximab sarotalocan	ASP-1929; RM-1929; Cetuximab-IR700; Cetuximab Sarotalocan Sodium			Epidermal growth factor receptor (EGFR)	Rakuten Medical, Inc	Approved	Approved (FDA): Sep, 2020				nar_reference	1	DRG0DXROV	REFERENCE_CONFIRMED
NAR_DRG0EBFGG	IBI3009						Phase1	Phase 1	NCT06613009			nar_reference	1	DRG0EBFGG	REFERENCE_CONFIRMED
NAR_DRG0EDBXG	Lintuzumab Ac-225	225Ac-HuM-195; 225Ac-HuM195; 225Ac-lintuzumab; AC225 MOAB M195; AC225-MOAB-M195; Ac-225-Lintuzumab; Ac225 monoclonal antibody M195; Actimab-A; Actimab-M; Actimab-MDS; Actinium (225ac) lintuzumab satetraxetan; Actinium AC 225 lintuzumab; Actinium AC-225 lintuzumab; Actinium-225 (225Ac)-Lintuzumab; Actinium-225-labeled humanized anti-cd33 monoclonal antibody HUM195; Actinium-225-labelled HuM195; HUM-195 AC-225; HuM195-Ac-225; Lintuzumab Ac-225; Lintuzumab actinium Ac-225; Lintuzumab satetraxetan AC-225			Myeloid cell surface antigen CD33 (CD33)	PDL BioPharma, Inc; Actinium Pharmaceuticals, Inc	Phase1	Phase 1 (Terminated)	NCT02575963; NCT02998047; NCT03441048; NCT03867682; NCT03932318			nar_reference	1	DRG0EDBXG	REFERENCE_CONFIRMED
NAR_DRG0EEDEE	DXC-008						Phase1	Phase 1	NCT06926283			nar_reference	1	DRG0EEDEE	REFERENCE_CONFIRMED
NAR_DRG0EGQMP	BAT-8006						Phase1	Phase 1				nar_reference	1	DRG0EGQMP	REFERENCE_CONFIRMED
NAR_DRG0EGTVL	DAC-005						Phase1	Phase 1				nar_reference	1	DRG0EGTVL	REFERENCE_CONFIRMED
NAR_DRG0EGZQD	SBT-8230	SBT8230; SBT 8230; Asgr1-Tlr8; Asgr1-Tlr8-S; ASGR1-TLR8 ImmunoTAC conjugate			Asialoglycoprotein receptor 1 (ASGR1)	Silverback Therapeutics, Inc; ARS Pharmaceuticals, Inc	Investigative	Investigative				nar_reference	1	DRG0EGZQD	REFERENCE_CONFIRMED
NAR_DRG0EHWIM	CME-548	CME-548 (Oxford Biomedica Plc)			Trophoblast glycoprotein (TPBG)	Oxford Biomedica Plc; Pfizer Inc	Investigative	Investigative				nar_reference	1	DRG0EHWIM	REFERENCE_CONFIRMED
NAR_DRG0EJBII	BL-M07D1	BL M07D1; BL-M07D1; BLM07D1			Receptor tyrosine-protein kinase erbB-2 (HER2)	Sichuan Baili Pharmaceutical Co., Ltd; Systimmune, Inc; Chengdu Bailidote Biological Pharmaceutical Co., Ltd	Phase3	Phase 3	NCT05461768; NCT05631964			nar_reference	1	DRG0EJBII	REFERENCE_CONFIRMED
NAR_DRG0EJZGZ	SYN-101	SYN101; SYN 101			Transforming growth factor beta-1 proprotein (TGFB1)	Synthis LLC	Investigative	Investigative				nar_reference	1	DRG0EJZGZ	REFERENCE_CONFIRMED
NAR_DRG0EKTUN	Sacituzumab govitecan	GS-0132; IMMU-132; IMMU0132; TROP-2-SN38; hRS7-SN38 antibody drug conjugate; Isactuzumab govitecan		STRICT_ADC	Tumor-associated calcium signal transducer 2 (TROP2)	Immunomedics, Inc; Gilead Sciences, Inc; BSP Pharmaceuticals SpA; Everest Medicines (Singapore) Pte. Ltd	Approved	Approved (FDA): Apr, 2020	NCT01631552; NCT02574455; NCT03901339; NCT04454437			nar_reference; configs/known_adc_assets.yaml; clinicaltrials	3	DRG0EKTUN; ADC_CANDIDATE_SACITUZUMAB_GOVITECAN	MULTISOURCE_CONFIRMED
NAR_DRG0ELYWP	Tusamitamab ravtansine	AR408701; IBI-126; Maytansin-loaded anti-CEACAM5 mAb; SAR 408701; SAR-408701; SAR408701; Tusamitamab ravtansine			Carcinoembryonic antigen-related cell adhesion molecule 5 (CEACAM5)	ImmunoGen, Inc; Sanofi; Innovent Biologics, Inc	Phase3	Phase 3	NCT02187848; NCT03324113; NCT04154956; NCT04524689; NCT04659603; NCT05071053; NCT05245071; NCT05429762; NCT05703555			nar_reference	1	DRG0ELYWP	REFERENCE_CONFIRMED
NAR_DRG0EMQPK	SYD-1875	Anti-5T4 antibody drug conjugate; SYD 1875; SYD-1875; SYD18 75; SYD1875			Trophoblast glycoprotein (TPBG)	Synthon BV; Byondis BV	Phase1	Phase 1 (Terminated)	NCT04202705			nar_reference	1	DRG0EMQPK	REFERENCE_CONFIRMED
NAR_DRG0ENSWF	Cotinine-duocarmycin	Cotinine duocarmycin			Epidermal growth factor receptor (EGFR)		Investigative	Investigative				nar_reference	1	DRG0ENSWF	REFERENCE_CONFIRMED
NAR_DRG0ENYRQ	DB-1303	BNT323; DB 1303; DB-1303; DB1303			Receptor tyrosine-protein kinase erbB-2 (HER2)	Duality Biologics; BioNTech SE	Phase3	Phase 3	NCT05150691			nar_reference	1	DRG0ENYRQ	REFERENCE_CONFIRMED
NAR_DRG0ENYXZ	MRG-002	MRG 002; MRG-002; MRG002			Receptor tyrosine-protein kinase erbB-2 (HER2)	Shanghai Miracogen Inc; Lepu Biopharma Co., Ltd	Phase2	Phase 2	NCT04492488; NCT04742153; NCT04837508; NCT04839510; NCT04924699; NCT04941339; NCT05141747; NCT05141786; NCT05263869; NCT05338957; NCT05754853			nar_reference	1	DRG0ENYXZ	REFERENCE_CONFIRMED
NAR_DRG0EOBLX	HDM2017						Phase1	Phase 1	NCT07274085			nar_reference	1	DRG0EOBLX	REFERENCE_CONFIRMED
NAR_DRG0EOFTU	PD-L1 ISA	Boltbody ISAC PD-L1 (Bolt Bio)			Programmed cell death 1 ligand 1 (CD274)	Bolt Biotherapeutics, Inc	Investigative	Investigative				nar_reference	1	DRG0EOFTU	REFERENCE_CONFIRMED
NAR_DRG0EOMCN	BL-M02D1	BL M02D1; BL-M02D1; BLM02D1			Tumor-associated calcium signal transducer 2 (TROP2)	Sichuan Baili Pharmaceutical Co., Ltd; Systimmune, Inc; Chengdu Bailidote Biological Pharmaceutical Co., Ltd	Phase2	Phase 1/2	NCT05339685; NCT05385692			nar_reference	1	DRG0EOMCN	REFERENCE_CONFIRMED
NAR_DRG0EOWOQ	KSI-501						Phase1	Phase 1				nar_reference	1	DRG0EOWOQ	REFERENCE_CONFIRMED
NAR_DRG0EPHMC	Anetumab ravtansine	Anetumab ravtansine; Anti-mesothelin antibody-drug conjugate BAY 94-9343; Anti-mesothelin-ADC-BAY-94-9343; BAY 94-9343; BAY-94-9343; BAY-94-9343-SPDB-DM4; BAY94-9343			Mesothelin (MSLN)	MorphoSys AG; Bayer AG	Phase2	Phase 2 (Terminated)	NCT01439152; NCT02485119; NCT02610140; NCT02639091; NCT02696642; NCT02751918; NCT02824042; NCT02839681; NCT03023722; NCT03102320; NCT03126630; NCT03455556; NCT03587311; NCT03816358; NCT03926143			nar_reference	1	DRG0EPHMC	REFERENCE_CONFIRMED
NAR_DRG0EPORB	B-003	Anti-HER2 monoclonal antibody-MCC-DM1 conjugate; B 003; B-003; B003			Receptor tyrosine-protein kinase erbB-2 (HER2)	Shanghai Jiaolian Drug Development Co. Ltd; Shanghai Pharmaceuticals Holding Co., Ltd	Phase1	Phase 1	NCT03953833			nar_reference	1	DRG0EPORB	REFERENCE_CONFIRMED
NAR_DRG0EPYFC	SAR-428926	SAR 428926; SAR-428926; SAR42 8926; SAR428926			Lysosome-associated membrane glycoprotein 1 (LAMP1)	ImmunoGen, Inc; Sanofi	Phase1	Phase 1 (Terminated)	NCT02575781			nar_reference	1	DRG0EPYFC	REFERENCE_CONFIRMED
NAR_DRG0EQEVI	CBT-3112	DCLK1 targeting paclitaxel based ADC (Coare Biotechnology); CBT3112; CBT 3112			Serine/threonine-protein kinase DCLK1 (DCLK1)	COARE Biotechnology Inc	Investigative	Investigative				nar_reference	1	DRG0EQEVI	REFERENCE_CONFIRMED
NAR_DRG0EQGNV	MYK-3	MYK 3			Epidermal growth factor receptor (EGFR)	Shanghai Miracogen Inc	Investigative	Investigative				nar_reference	1	DRG0EQGNV	REFERENCE_CONFIRMED
NAR_DRG0ERKBH	Trastuzumab deruxtecan	DS-8201; DS-8201a; fam-trastuzumab deruxtecan-nxki; DS 8201; DS 8201a; Fam-trastuzumab deruxtecan; T-DXd; Trastuzumab Deruxtecan		STRICT_ADC	Receptor tyrosine-protein kinase erbB-2 (HER2)	Daiichi Sankyo Inc; AstraZeneca PLC; Baxter Oncology GmbH	Approved	Approved (FDA): Dec 05, 2019	NCT02564900; NCT03248492; NCT03329690; NCT03505710; NCT03529110; NCT03734029; NCT04644237; NCT04744831; NCT04752059			nar_reference; configs/known_adc_assets.yaml; clinicaltrials	3	DRG0ERKBH; ADC_CANDIDATE_TRASTUZUMAB_DERUXTECAN	MULTISOURCE_CONFIRMED
NAR_DRG0ERYUF	SGN-B7H4V	PF-08046048; SGN-B7H4V; SGNB 7H4V; SGNB7H4V			V-set domain-containing T-cell activation inhibitor 1 (VTCN1)	Seagen Inc	Phase1	Phase 1	NCT05194072			nar_reference	1	DRG0ERYUF	REFERENCE_CONFIRMED
NAR_DRG0ESGFZ	RG-7986						Phase1	Phase 1				nar_reference	1	DRG0ESGFZ	REFERENCE_CONFIRMED
NAR_DRG0EUGGJ	ICAM1-DM1 ADC	ICAM1-DM1 ADC (Boston Children's Hospital); anti-ICAM1-SMCC-DM1 (Boston Children's Hospital)			Intercellular adhesion molecule 1 (ICAM1)	Boston Children's Hospital	Investigative	Investigative				nar_reference	1	DRG0EUGGJ	REFERENCE_CONFIRMED
NAR_DRG0EUQQY	MBC-301	MBC 301; MBC301			Undisclosed	Medigen Biotechnology Corp	Investigative	Investigative				nar_reference	1	DRG0EUQQY	REFERENCE_CONFIRMED
NAR_DRG0EWNZL	HLX-41	HLX41; HLX 41			Zinc transporter ZIP6 (SLC39A6)	Shanghai Henlius Biotech, Inc; Shanghai Fosun Pharmaceutical (Group) Co., Ltd	Investigative	Investigative				nar_reference	1	DRG0EWNZL	REFERENCE_CONFIRMED
NAR_DRG0EWQKX	Ozuriftamab vedotin	BA3021; Ba-3021; CAB Ror2-ADC; CAB-ADC; CAB-ROR2; CAB-ROR2-ADC; HTBA3021; Ozuriftamab vedotin		PRESUMED_STRICT_ADC	Tyrosine-protein kinase transmembrane receptor ROR2 (ROR2)	BioAtla, Inc; Kaibos (Shanghai) Biomedical Co., Ltd	Phase2	Phase 2				nar_reference; clinicaltrials; conference_abstract_corpus	3	DRG0EWQKX; ADC_CANDIDATE_ADC_SUFFIX_c96d607d7f9f	MULTISOURCE_CONFIRMED
NAR_DRG0EWYVN	ADCE-B05						Phase1	Phase 1	NCT07362888			nar_reference	1	DRG0EWYVN	REFERENCE_CONFIRMED
NAR_DRG0EZVZS	BYON-4413	BYON 4413; BYON-4413; BYON4413			Interleukin-3 receptor subunit alpha (IL3RA)	Byondis BV	Phase1	Phase 1				nar_reference	1	DRG0EZVZS	REFERENCE_CONFIRMED
NAR_DRG0EZYUP	JAB-X1800	JABX1800; JAB X1800			5'-nucleotidase (NT5E)	Jacobio Pharmaceuticals Group Co., Ltd	Investigative	Investigative				nar_reference	1	DRG0EZYUP	REFERENCE_CONFIRMED
NAR_DRG0FAKKA	AVP10	AVP 10; AVP-10; PV10-MMAF			Tumor necrosis factor receptor superfamily member 8 (TNFRSF8)	Avipep Pty Ltd	Investigative	Investigative				nar_reference	1	DRG0FAKKA	REFERENCE_CONFIRMED
NAR_DRG0FBKIO	ABBV-3373	ABBV 3373; ABBV-3373; ABBV3773; anti-TNF-GRM-antibody-drug-conjugate; glucocorticoid receptor modulator (GRM) linked to adalimumab			Tumor necrosis factor receptor superfamily member 1A (TNFRSF1A)	AbbVie, Inc	Phase2	Phase 2 (Terminated)	NCT03823391			nar_reference	1	DRG0FBKIO	REFERENCE_CONFIRMED
NAR_DRG0FBPCP	TGW-101	TGW101; TGW 101			Tumor-associated glycoprotein 72 (TAG-72)	Tagworks Pharmaceuticals BV	Investigative	Investigative				nar_reference	1	DRG0FBPCP	REFERENCE_CONFIRMED
NAR_DRG0FCYCB	BMT-125961	BMT125961; BMT 125961			Undisclosed	Bristol Myers Squibb Co	Investigative	Investigative				nar_reference	1	DRG0FCYCB	REFERENCE_CONFIRMED
NAR_DRG0FGCQK	RC-168	RC168; RC 168			Undisclosed	RemeGen Co., Ltd	Investigative	Investigative				nar_reference	1	DRG0FGCQK	REFERENCE_CONFIRMED
NAR_DRG0FGJBT	P38B-DM1	P38B DM1; P38B DBCO-HSA-DM-1			Podoplanin (PDPN)		Investigative	Investigative				nar_reference	1	DRG0FGJBT	REFERENCE_CONFIRMED
NAR_DRG0FGLFW	ATG-022	ATG 022; ATG-022; ATG-022 ADC; ATG022			Claudin-18.2 (CLDN18.2)	Antengene Corporation Co., Ltd	Phase1	Phase 1	NCT05718895			nar_reference	1	DRG0FGLFW	REFERENCE_CONFIRMED
NAR_DRG0FIYMR	NBT-568	NBT 568; NBT568			Undisclosed	NewBio Therapeutics	Investigative	Investigative				nar_reference	1	DRG0FIYMR	REFERENCE_CONFIRMED
NAR_DRG0FJYPL	MP-EV-20	MP-EV20; MP EV 20			Receptor tyrosine-protein kinase erbB-3 (HER3)	MediaPharma Srl	Investigative	Investigative				nar_reference	1	DRG0FJYPL	REFERENCE_CONFIRMED
NAR_DRG0FKHUJ	MP-ENDOS-ADC						Phase1	Phase 1				nar_reference	1	DRG0FKHUJ	REFERENCE_CONFIRMED
NAR_DRG0FKQPI	LM-001	LM-001 (LaNova Medicines); LM001; LM 001			Undisclosed	LaNova Medicines Ltd	Investigative	Investigative				nar_reference	1	DRG0FKQPI	REFERENCE_CONFIRMED
NAR_DRG0FKZGF	XNW-27011	XNW 27011; XNW-27011; XNW27011			Claudin-18.2 (CLDN18.2)	Suzhou Sinovent Pharmaceuticals Co.,Ltd; Shanghai Sinovent Biopharmaceutical Co., Ltd	Phase2	Phase 1/2				nar_reference	1	DRG0FKZGF	REFERENCE_CONFIRMED
NAR_DRG0FLLMW	Omalizumab-amanitin 3	Omalizumab Amanitin3			High affinity immunoglobulin epsilon receptor subunit alpha (FCER1A)	Heidelberg Pharma AG	Investigative	Investigative				nar_reference	1	DRG0FLLMW	REFERENCE_CONFIRMED
NAR_DRG0FMCLF	JSKN-003	JSKN 003; JSKN-003; JSKN003			Receptor tyrosine-protein kinase erbB-2 (HER2 ECD2); Receptor tyrosine-protein kinase erbB-2 (HER2 ECD4)	Alphamab Oncology; Alphamab Australia Co. Pty Ltd	Phase3	Phase 3				nar_reference	1	DRG0FMCLF	REFERENCE_CONFIRMED
NAR_DRG0FOOJX	LCB-71						Phase1	Phase 1				nar_reference	1	DRG0FOOJX	REFERENCE_CONFIRMED
NAR_DRG0FPQOM	XMT-1660	XMT 1660; XMT-1660; XMT1660			V-set domain-containing T-cell activation inhibitor 1 (VTCN1)	Mersana Therapeutics, Inc	Phase1	Phase 1				nar_reference	1	DRG0FPQOM	REFERENCE_CONFIRMED
NAR_DRG0FQZSZ	JSKN027						Phase1	Phase 1	NCT07391644			nar_reference	1	DRG0FQZSZ	REFERENCE_CONFIRMED
NAR_DRG0FRFEQ	TAA-013	Anti-HER2 ADC (TOT Biopharm); TAA 013; TAA-013; TAA013; Trastuzumab antibody drug conjugate (TOT Biopharm)			Receptor tyrosine-protein kinase erbB-2 (HER2)	Tot Biopharm Co. Ltd	Phase3	Phase 3 (Terminated)				nar_reference	1	DRG0FRFEQ	REFERENCE_CONFIRMED
NAR_DRG0FSHWJ	Indusatumab vedotin	GCC antibody drug conjugate; Indusatumab vedotin; MLN 0264; MLN-0264; MLN0264; TAK 264; TAK-264; TAK-264, MLN02 64; TAK264		PRESUMED_STRICT_ADC	Guanylyl cyclase C (GUCY2C)	Millennium Pharmaceuticals, Inc; Takeda Pharmaceutical Co., Ltd; Seagen Inc	Phase2	Phase 2 (Terminated)	NCT01577758; NCT02202759; NCT02202785; NCT02391038			nar_reference; conference_abstract_corpus	2	DRG0FSHWJ; ADC_SUFFIX_05f0d3bf7bd2	MULTISOURCE_CONFIRMED
NAR_DRG0FTDBR	LCB-73	LCB73; LCB 73			B-lymphocyte antigen CD19 (CD19)	LegoChem Biosciences, Inc	Investigative	Investigative				nar_reference	1	DRG0FTDBR	REFERENCE_CONFIRMED
NAR_DRG0FUAVD	BC5084	BC-50084; BC 50084			Undisclosed	Wuxi Biocity Biopharmaceutics Co., Ltd	Investigative	Investigative				nar_reference	1	DRG0FUAVD	REFERENCE_CONFIRMED
NAR_DRG0FUFBP	Camidanlumab tesirine	ADCT-301; Cami; Camidanlumab tesirine; HuMax-TAC-ADC		PRESUMED_STRICT_ADC	Interleukin-2 receptor subunit alpha (IL2RA)	ADC Therapeutics SA	Phase2	Phase 2	NCT02432235; NCT02588092			nar_reference; clinicaltrials; conference_abstract_corpus	3	DRG0FUFBP; ADC_CANDIDATE_ADC_SUFFIX_d815f98ea574	MULTISOURCE_CONFIRMED
NAR_DRG0FWMPN	YL202						Phase1	Phase 1				nar_reference	1	DRG0FWMPN	REFERENCE_CONFIRMED
NAR_DRG0FWSXF	BG-C0979						Phase1	Phase 1	NCT07414836			nar_reference	1	DRG0FWSXF	REFERENCE_CONFIRMED
NAR_DRG0FWYLZ	Zanidatamab zovodotin	ZW 49; ZW-49; ZW49; Zanidatamab zovodotin; anti-HER2 x HER2 ADC			Receptor tyrosine-protein kinase erbB-2 (HER2 ECD2); Receptor tyrosine-protein kinase erbB-2 (HER2 ECD4)	Zymeworks BC, Inc; BeiGene Ltd	Phase1	Phase 1 (Terminated)				nar_reference	1	DRG0FWYLZ	REFERENCE_CONFIRMED
NAR_DRG0FZFYY	SMD-5033	SMD 5033; SMD5033			Undisclosed	Sirenas Marine Discovery LLC	Investigative	Investigative				nar_reference	1	DRG0FZFYY	REFERENCE_CONFIRMED
NAR_DRG0FZNCB	HLX48						Phase1	Phase 1	NCT07473726			nar_reference	1	DRG0FZNCB	REFERENCE_CONFIRMED
NAR_DRG0GAYQK	SBO-154						Phase1	Phase 1	NCT07042100			nar_reference	1	DRG0GAYQK	REFERENCE_CONFIRMED
NAR_DRG0GBXLR	<sup>131</sup>I-ImmuRAIT-HCG						Investigative	Investigative				nar_reference	1	DRG0GBXLR	REFERENCE_CONFIRMED
NAR_DRG0GCCJJ	LM-302	BMS-986476; LM 302; LM-302; TPX-4589; TPX 4589; TPX4589			Claudin-18.2 (CLDN18.2)	LaNova Medicines Ltd; Turning Point Therapeutics, Inc	Phase3	Phase 3				nar_reference	1	DRG0GCCJJ	REFERENCE_CONFIRMED
NAR_DRG0GCHQJ	PF-08046033						Phase1	Phase 1	NCT07519655			nar_reference	1	DRG0GCHQJ	REFERENCE_CONFIRMED
NAR_DRG0GCTYJ	Cymac-001	Cymac001; Cymac 001; Anti-CD163-dexamethasone			Scavenger receptor cysteine-rich type 1 protein M130 (CD163)	Affinicon ApS	Investigative	Investigative				nar_reference	1	DRG0GCTYJ	REFERENCE_CONFIRMED
NAR_DRG0GDKSW	TT-01	Mtt-01; TT01; TT 01; TT-01 (Topmunnity therapeutics)			Undisclosed	Topmunnity Therapeutics	Investigative	Investigative				nar_reference	1	DRG0GDKSW	REFERENCE_CONFIRMED
NAR_DRG0GDLEY	STI-6129	LNDS-1001; LNDS1001; STI 6129; STI-6129			ADP-ribosyl cyclase/cyclic ADP-ribose hydrolase 1 (CD38)	Sorrento Therapeutics, Inc; Zhejiang ACEA Pharmaceutical Co., Ltd	Phase2	Phase 1/2 (Terminated)	NCT04316442; NCT05308225; NCT05519527; NCT05565807; NCT05584709; NCT05692908			nar_reference	1	DRG0GDLEY	REFERENCE_CONFIRMED
NAR_DRG0GEOJG	NBT-508						Phase1	Phase 1				nar_reference	1	DRG0GEOJG	REFERENCE_CONFIRMED
NAR_DRG0GGFRA	DpADC	Trop-2 dp-ADC; dp ADC			Tumor-associated calcium signal transducer 2 (TROP2)	GeneQuantum Healthcare (Suzhou) Co. Ltd	Investigative	Investigative				nar_reference	1	DRG0GGFRA	REFERENCE_CONFIRMED
NAR_DRG0GGKEV	NBE-002	BI-3702025; NBE 002; NBE-002; NBE-002; PNU-159682-anti-ROR1 antibody drug conjugate; huXBR1-402-PNU			Inactive tyrosine-protein kinase transmembrane receptor ROR1 (ROR1)	NBE-Therapeutics AG	Phase2	Phase 1/2 (Terminated)				nar_reference	1	DRG0GGKEV	REFERENCE_CONFIRMED
NAR_DRG0GHMKS	VLS-301	VLS 301; VLS301			Undisclosed	VelosBio, Inc; Merck & Co., Inc	Investigative	Investigative				nar_reference	1	DRG0GHMKS	REFERENCE_CONFIRMED
NAR_DRG0GHMXV	ARC-02	Anti-CD79b-MMAE ADC; Anti-CD79b-MMAE ADC (Araris Biotech); ARC 02; ARC02			B-cell antigen receptor complex-associated protein beta chain (CD79B)	Araris Biotech AG	Investigative	Investigative				nar_reference	1	DRG0GHMXV	REFERENCE_CONFIRMED
NAR_DRG0GJXHJ	HS-20122						Phase1	Phase 1	NCT06927570			nar_reference	1	DRG0GJXHJ	REFERENCE_CONFIRMED
NAR_DRG0GKOZH	Mirvetuximab soravtansine	IMGN853; M9346A-sulfo-SPDB-DM4; Anti-FOLR1 monoclonal antibody-maytansinoid conjugate; MIRV; HDM2002; IMGN-853; M9346-Asulfo-SPDB-DM4; M9346A-sSPDB-DM4; M9346A-sulfo-SPDB-DM4; Anti-FOLR1-monoclonal-antibody-maytansinoid-conjugate-IMGN-853; Mirvetuximab soravtansine-gynx		STRICT_ADC	Folate receptor alpha (FOLR1)	ImmunoGen, Inc; Hangzhou Zhongmeihuadong Pharmaceutical Co., Ltd	Approved	Approved (FDA): Nov, 2022	NCT02606305; NCT02631876; NCT04296890			nar_reference; configs/known_adc_assets.yaml; clinicaltrials	3	DRG0GKOZH; ADC_CANDIDATE_MIRVETUXIMAB_SORAVTANSINE	MULTISOURCE_CONFIRMED
NAR_DRG0GMNXB	WTX-231	WTX 231; WTX231			Undisclosed	Westlake Therapeutics (Hangzhou) Co., Ltd	Investigative	Investigative				nar_reference	1	DRG0GMNXB	REFERENCE_CONFIRMED
NAR_DRG0GMWTW	BL-M24D1						Phase1	Phase 1	NCT07232420; NCT07232524; NCT07255898; NCT07279428			nar_reference	1	DRG0GMWTW	REFERENCE_CONFIRMED
NAR_DRG0GNFMC	LMB-7	B3 (Fv) PE 38; LMB 7; LMB-7; LMB7; NSC 658931			Poly [ADP-ribose] polymerase 1 (PARP1)	National Cancer Institute	Phase1	Phase 1 (Terminated)	NCT00003020			nar_reference	1	DRG0GNFMC	REFERENCE_CONFIRMED
NAR_DRG0GONLK	MRX-23	MRX 23; MRX23			Undisclosed	Shanghai MicuRx Pharmaceutical Co., Ltd	Investigative	Investigative				nar_reference	1	DRG0GONLK	REFERENCE_CONFIRMED
NAR_DRG0GQWJI	M7437						Phase1	Phase 1	NCT07311603; NCT07360314			nar_reference	1	DRG0GQWJI	REFERENCE_CONFIRMED
NAR_DRG0GWFGY	Obexelimab-amanitin	Obexelimab amanitin			B-lymphocyte antigen CD19 (CD19)	LegoChem Biosciences, Inc	Investigative	Investigative				nar_reference	1	DRG0GWFGY	REFERENCE_CONFIRMED
NAR_DRG0GXGXB	GenSci139						Phase1	Phase 1	NCT07230977			nar_reference	1	DRG0GXGXB	REFERENCE_CONFIRMED
NAR_DRG0GYCJG	XB-002	ICON-2; XB 002; XB- 002; XB-002; XB002; XB002 Tissue Factor ADC			Tissue factor (F3)	Iconic Therapeutics, Inc; Exelixis, Inc; Exelis, Inc	Phase1	Phase 1 (Terminated)				nar_reference	1	DRG0GYCJG	REFERENCE_CONFIRMED
NAR_DRG0GYGUI	FDA022-BB05						Phase1	Phase 1				nar_reference	1	DRG0GYGUI	REFERENCE_CONFIRMED
NAR_DRG0GYMEE	ESG406						Phase1	Phase 1	NCT06979674			nar_reference	1	DRG0GYMEE	REFERENCE_CONFIRMED
NAR_DRG0GYNBS	XMT-1522	TAK 522; TAK-522; TAK522; XMT 1522; XMT-1522; XMT-1522, TAK-522; XMT1522			Receptor tyrosine-protein kinase erbB-2 (HER2)	Mersana Therapeutics, Inc; Adimab LLC; Takeda Pharmaceutical Co., Ltd	Phase1	Phase 1 (Terminated)				nar_reference	1	DRG0GYNBS	REFERENCE_CONFIRMED
NAR_DRG0GZGHN	SAR-566658	Anti-CA6-DM4-immunoconjugate-SAR566658; Anti-CA6-antibody-drug-conjugate; HuDS6-DM4; SAR 566658; SAR-566658; SAR56 6658; SAR566658; huDS6-DM4			Carbonic anhydrase 6 (CA6)	Sanofi; ImmunoGen, Inc	Phase2	Phase 2 (Terminated)	NCT01156870; NCT02984683			nar_reference	1	DRG0GZGHN	REFERENCE_CONFIRMED
NAR_DRG0GZPSF	JY-023	JY 023; JY023			Undisclosed	Beijing Eastern Biotech Co., Ltd	Investigative	Investigative				nar_reference	1	DRG0GZPSF	REFERENCE_CONFIRMED
NAR_DRG0HBGGX	LNL-008	LNL008; LNL 008			Claudin-18.2 (CLDN18.2)	L&L Biopharma Co., LTD	Investigative	Investigative				nar_reference	1	DRG0HBGGX	REFERENCE_CONFIRMED
NAR_DRG0HCDAC	ATRC-301	ATRC301; ATRC 301			Ephrin type-A receptor 2 (EPHA2)	Atreca, Inc	Investigative	Investigative				nar_reference	1	DRG0HCDAC	REFERENCE_CONFIRMED
NAR_DRG0HDUGB	BAT-8010						Phase1	Phase 1				nar_reference	1	DRG0HDUGB	REFERENCE_CONFIRMED
NAR_DRG0HEAGN	DB-1202	DB 1202; DB-1202; DB1202			Undisclosed	Duality Biologics	Phase2	Phase 1/2	NCT05785728			nar_reference	1	DRG0HEAGN	REFERENCE_CONFIRMED
NAR_DRG0HEJWD	SC-011						Phase1	Phase 1				nar_reference	1	DRG0HEJWD	REFERENCE_CONFIRMED
NAR_DRG0HGHXE	MHB088C						Phase2	Phase 2				nar_reference	1	DRG0HGHXE	REFERENCE_CONFIRMED
NAR_DRG0HHXRF	AR081	AR 081; AR081			Undisclosed	YBiologics, Inc	Investigative	Investigative				nar_reference	1	DRG0HHXRF	REFERENCE_CONFIRMED
NAR_DRG0HKEBI	ANT-045	ANT045; ANT 045			Insulin-like growth factor 1 receptor (IGF1R)	Antikor Biopharma Ltd	Investigative	Investigative				nar_reference	1	DRG0HKEBI	REFERENCE_CONFIRMED
NAR_DRG0HMQMZ	KTN0182A	KTN-0182A; KTN 0182A			Mast/stem cell growth factor receptor Kit (KIT)	Kolltan Pharmaceuticals, Inc; Celldex Therapeutics, Inc	Investigative	Investigative				nar_reference	1	DRG0HMQMZ	REFERENCE_CONFIRMED
NAR_DRG0HOBUN	OMTX-705	MTX5-CYT; OMTX 705; OMTX-705; OMTX705			Prolyl endopeptidase FAP (FAP)	Oncomatryx Biopharma SL; Inxmed (Nanjing) Co., Ltd; InxMed (Hong Kong) Limited	Phase1	Phase 1				nar_reference	1	DRG0HOBUN	REFERENCE_CONFIRMED
NAR_DRG0HPEHO	BL-B029A1	BL-B029; BLB029; BL B029			Undisclosed	Systimmune, Inc; Sichuan Baili Pharmaceutical Co., Ltd	Investigative	Investigative				nar_reference	1	DRG0HPEHO	REFERENCE_CONFIRMED
NAR_DRG0HPUIL	Farletuzumab ecteribulin	ER-001159569; Eribulin/farletuzumab antibody drug conjugate; Farletuzumab ecteribulin; Farletuzumab/eribulin ADC; MORAb 202; MORAb-202; VCP-Eribulin			Folate receptor alpha (FOLR1)	Eisai Co., Ltd; Bristol Myers Squibb Co	Phase2	Phase 1/2				nar_reference	1	DRG0HPUIL	REFERENCE_CONFIRMED
NAR_DRG0HQVXQ	TORL-3-600	TORL-3-600; TORL-3-600 ADC; TORL-3-600-ADC			Cadherin-17 (CDH17)	TORL Biotherapeutics LLC; Translational Research In Oncology US, Inc	Phase1	Phase 1				nar_reference	1	DRG0HQVXQ	REFERENCE_CONFIRMED
NAR_DRG0HTJXN	TQB2103	TQB 2103; TQB-2103; TQB2103			Claudin-18.2 (CLDN18.2)	Nanjing Shunxin Pharmaceutical Co., Ltd; Sino Biopharmaceutical Ltd	Phase1	Phase 1				nar_reference	1	DRG0HTJXN	REFERENCE_CONFIRMED
NAR_DRG0HVSBG	BDC-1001	BDC 1001; BDC-1001; Boltbody ISAC BDC-1001			Receptor tyrosine-protein kinase erbB-2 (HER2)	Bolt Biotherapeutics, Inc	Phase2	Phase 2 (Terminated)	NCT04278144			nar_reference	1	DRG0HVSBG	REFERENCE_CONFIRMED
NAR_DRG0HWAWD	Zapadcine-1	Zapadcine 1; DR5 mAb-Py-VC-PAB-MMAD			Tumor necrosis factor receptor superfamily member 10B (TNFRSF10B)		Investigative	Investigative				nar_reference	1	DRG0HWAWD	REFERENCE_CONFIRMED
NAR_DRG0HWLAE	T320-ADC						Phase1	Phase 1				nar_reference	1	DRG0HWLAE	REFERENCE_CONFIRMED
NAR_DRG0HXUZU	MBK-101	MBK 101; MBK101			Undisclosed	Mablink Bioscience	Investigative	Investigative				nar_reference	1	DRG0HXUZU	REFERENCE_CONFIRMED
NAR_DRG0HYRZD	BAY-1862864	BAY 1862864; BAY-1862864; BAY1862864; CD22-Thorium-conjugate; Epratuzumab Th-227 conjugate; epratuzumab-227Th-conjugate; epratuzumab-Th227-conjugate			B-cell receptor CD22 (CD22)	Bayer AG	Phase1	Phase 1 (Terminated)				nar_reference	1	DRG0HYRZD	REFERENCE_CONFIRMED
NAR_DRG0IBMMG	IOG-101	Fusion proteins (ioGenetics); IOG101; IOG 101			Undisclosed	Iogenetics LLC	Investigative	Investigative				nar_reference	1	DRG0IBMMG	REFERENCE_CONFIRMED
NAR_DRG0ICCWP	Elatatug vedotin						Phase1	Phase 1	NCT05156866			nar_reference	1	DRG0ICCWP	REFERENCE_CONFIRMED
NAR_DRG0ICRYT	Oportuzumab monatox	4D5MOCB-ETA; Anti-ECAM exotoxin A fusion protein; B-4845; Oportuzumab monatox; Proxinium; VB-4847; VB-845; VB4-845; Vicineum; Vicinium; Vysyneum; oportuzumab monatox-qqrs			Epithelial cell adhesion molecule (EPCAM)	Sesen Bio; Qilu Pharmaceutical Co., Ltd; Baxter Oncology GmbH; Viventia Bio, Inc	Phase3	Phase 3	NCT00462488			nar_reference	1	DRG0ICRYT	REFERENCE_CONFIRMED
NAR_DRG0ICSRW	CHB-111						Phase1	Phase 1				nar_reference	1	DRG0ICSRW	REFERENCE_CONFIRMED
NAR_DRG0IDOUS	MK-6204						Phase1	Phase 1	NCT06726369			nar_reference	1	DRG0IDOUS	REFERENCE_CONFIRMED
NAR_DRG0IDRYV	LCB-67	Anti-DLK1 ADC; MMAE-anti-DLK1; PYX 202; DLK1-MMAE; LCB67; LCB 67; PAY-202; PAY202			Protein delta homolog 1 (DLK1)	LegoChem Biosciences, Inc	Investigative	Investigative				nar_reference	1	DRG0IDRYV	REFERENCE_CONFIRMED
NAR_DRG0IITIR	EX107	EX 107; EX-107			T-cell surface glycoprotein CD3 delta chain (CD3D); Programmed cell death protein 1 (PDCD1)	Excelmab Inc	Investigative	Investigative				nar_reference	1	DRG0IITIR	REFERENCE_CONFIRMED
NAR_DRG0IJSIT	MG2106E	MG2106E (Shanghai MabGen Biotech); MG-2106E; MG 2106E			Undisclosed	Shanghai MabGen Biotech Ltd; Shanghai Meijing Science & Technology Co. Ltd	Investigative	Investigative				nar_reference	1	DRG0IJSIT	REFERENCE_CONFIRMED
NAR_DRG0IMAKZ	Mecbotamab vedotin	BA 3011; BA3011; CAB-AXL-ADC; CAB-Axl antibody-drug conjugates; HTBA-3011; HTBA3011; Mecbotamab Vedotin; Mecbotamab vedotin		PRESUMED_STRICT_ADC	Tyrosine-protein kinase receptor UFO (AXL)	BioAtla, Inc	Phase2	Phase 1/2	NCT03425279; NCT04681131			nar_reference; conference_abstract_corpus	2	DRG0IMAKZ; ADC_SUFFIX_76e77acea2d5	MULTISOURCE_CONFIRMED
NAR_DRG0INCQV	DXC-003	DXC003; DXC 003			Tumor-associated calcium signal transducer 2 (TROP2)	Hangzhou DAC Biotech Co., Ltd	Investigative	Investigative				nar_reference	1	DRG0INCQV	REFERENCE_CONFIRMED
NAR_DRG0INYKO	BCMA-077	BCMA 077; BCMA077			Tumor necrosis factor receptor superfamily member 17 (TNFRSF17)	Sorrento Therapeutics, Inc	Investigative	Investigative				nar_reference	1	DRG0INYKO	REFERENCE_CONFIRMED
NAR_DRG0IOMGE	JNJ-89862175						Phase1	Phase 1	NCT07223125			nar_reference	1	DRG0IOMGE	REFERENCE_CONFIRMED
NAR_DRG0IOSTB	PLB-002						Phase1	Phase 1	NCT07304128			nar_reference	1	DRG0IOSTB	REFERENCE_CONFIRMED
NAR_DRG0IPCHO	TAK-164	TAK 164; TAK-164; TAK164			Guanylyl cyclase C (GUCY2C)	ImmunoGen, Inc; Takeda Pharmaceutical Co., Ltd	Phase1	Phase 1 (Terminated)	NCT03449030			nar_reference	1	DRG0IPCHO	REFERENCE_CONFIRMED
NAR_DRG0IQKOR	CON-4619	Aurixim; CON-4619; Rituximab conjugate (BioIntegrator LLC)			B-lymphocyte antigen CD20 (MS4A1)	BioIntegrator LLC	Phase1	Phase 1 (Terminated)	NCT03057418			nar_reference	1	DRG0IQKOR	REFERENCE_CONFIRMED
NAR_DRG0IQNVH	PRO-1102	PRO 1102; PRO1102			Receptor tyrosine-protein kinase erbB-2 (HER2)	ProfoundBio (Suzhou) Co., Ltd	Investigative	Investigative				nar_reference	1	DRG0IQNVH	REFERENCE_CONFIRMED
NAR_DRG0IRZIB	Glembatumumab vedotin			PRESUMED_STRICT_ADC			Phase2	Phase 2				nar_reference; clinicaltrials; conference_abstract_corpus	3	DRG0IRZIB; ADC_CANDIDATE_ADC_SUFFIX_6e0bdde22a85	MULTISOURCE_CONFIRMED
NAR_DRG0IRZPG	AB-160	AB 160; AB-160; AB160; nab-paclitaxel/bevacizumab complex			Vascular endothelial growth factor A (VEGFA)	Mayo Clinic	Phase1	Phase 1				nar_reference	1	DRG0IRZPG	REFERENCE_CONFIRMED
NAR_DRG0ISFPP	Anti-B7-2-gelonin immunotoxin	AntiB72 monoclonal antibodygelonin immunotoxin conjugate; B72 targeted immunotoxin			T-lymphocyte activation antigen CD86 (CD86)	Bologna University	Investigative	Investigative				nar_reference	1	DRG0ISFPP	REFERENCE_CONFIRMED
NAR_DRG0ITBMZ	HD-101	Amanitin-CD269 antibody drug conjugate; CD269-ATAC; anti-CD269-30.1699; anti-CD269-30.2115; anti-CD269-Thiomab-30.1699; anti-CD269-Thiomab-30.2115			Tumor necrosis factor receptor superfamily member 17 (TNFRSF17)	Heidelberg Pharma AG	Investigative	Investigative				nar_reference	1	DRG0ITBMZ	REFERENCE_CONFIRMED
NAR_DRG0IUXVP	ABBV-324						Phase1	Phase 1	NCT06858813			nar_reference	1	DRG0IUXVP	REFERENCE_CONFIRMED
NAR_DRG0IVDIV	TQB2102	TQB 2102; TQB-2102; TQB2102			Receptor tyrosine-protein kinase erbB-2 (HER2 ECD2); Receptor tyrosine-protein kinase erbB-2 (HER2 ECD4)	Nanjing Shunxin Pharmaceutical Co., Ltd; Sino Biopharmaceutical Ltd	Phase2	Phase 2	NCT05735496			nar_reference	1	DRG0IVDIV	REFERENCE_CONFIRMED
NAR_DRG0IWQWQ	DXC-014						Phase1	Phase 1	NCT07177937			nar_reference	1	DRG0IWQWQ	REFERENCE_CONFIRMED
NAR_DRG0IYBRT	ADCT-602	ADCT-602; Epratuzumab-cys-SG3249; Epratuzumab-cys-tesirine; hLL2-cys-PBD; hLL2-cys-SG3249			B-cell receptor CD22 (CD22)	ADC Therapeutics SA	Phase2	Phase 1/2	NCT03698552			nar_reference	1	DRG0IYBRT	REFERENCE_CONFIRMED
NAR_DRG0JBKMD	Labetuzumab govitecan	Anti-CEA monoclonal antibody; Anti-carcinoembryonic antigen monoclonal antibody; HMN-14-SN38; IMMU-130; IMMU-130, hMN14-SN38; Labetuzumab govitecan; Labetuzumab-SN38 conjugate; SN38-labetuzumab conjugate; anti-CEACAM5-SN38; hMN-14-SN38 antibody-drug conjugate		PRESUMED_STRICT_ADC	Carcinoembryonic antigen-related cell adhesion molecule 5 (CEACAM5)	Immunomedics, Inc; IBC Pharmaceuticals, Inc; Gilead Sciences, Inc	Phase2	Phase 2 (Terminated)	NCT01605318			nar_reference; clinicaltrials; conference_abstract_corpus	3	DRG0JBKMD; ADC_CANDIDATE_ADC_SUFFIX_5a33565c2c4a	MULTISOURCE_CONFIRMED
NAR_DRG0JCGJZ	ABBV-291						Phase1	Phase 1	NCT06667687			nar_reference	1	DRG0JCGJZ	REFERENCE_CONFIRMED
NAR_DRG0JCWGF	TRPH-222	CAT-02-106; CD22 ADC; CD22 antibody drug conjugate; CD22-4AP; TRPH 222; TRPH-222; TRPH222			B-cell receptor CD22 (CD22)	Catalent, Inc; Triphase Accelerator Corp; Triphase Research and Development III Corp	Phase1	Phase 1 (Terminated)	NCT03682796			nar_reference	1	DRG0JCWGF	REFERENCE_CONFIRMED
NAR_DRG0JDDLS	GF-2014	GF 2014; GF2014			Undisclosed	GenFleet Therapeutics (Shanghai) Co., Ltd	Investigative	Investigative				nar_reference	1	DRG0JDDLS	REFERENCE_CONFIRMED
NAR_DRG0JEJPW	YH-013	YH 013; YH013			Epidermal growth factor receptor (EGFR); Hepatocyte growth factor receptor (MET)	Biocytogen Pharmaceuticals (Beijing) Co., Ltd; Eucure (Beijing) Biopharma Co., Ltd	Investigative	Investigative				nar_reference	1	DRG0JEJPW	REFERENCE_CONFIRMED
NAR_DRG0JEUPG	Sacituzumab-Deruxtecan	WO2022068878A1			Tumor-associated calcium signal transducer 2 (TROP2)	Duality Biologics	Investigative	Investigative				nar_reference	1	DRG0JEUPG	REFERENCE_CONFIRMED
NAR_DRG0JEVIM	Disitamab vedotin	RC48; RC 48-ADC; RC-48; RC-48-ADC; RC48-ADC; Aidixi; Recombinant Humanized anti-HER2 Monoclonal Antibody-MMAE Conjugate		STRICT_ADC	Receptor tyrosine-protein kinase erbB-2 (HER2)	RemeGen Co., Ltd; RemeGen Co., Ltd; Merck Sharp & Dohme LLC	Approved	Approved (FDA): Jun, 2021	NCT02881190; NCT03556345; NCT04264936; NCT04714190			nar_reference; configs/known_adc_assets.yaml; clinicaltrials	3	DRG0JEVIM; ADC_CANDIDATE_DISITAMAB_VEDOTIN	MULTISOURCE_CONFIRMED
NAR_DRG0JFYCH	KK2845						Phase1	Phase 1	NCT06812104			nar_reference	1	DRG0JFYCH	REFERENCE_CONFIRMED
NAR_DRG0JGJDN	HBM9033	HBM 9033; HBM-9033; HBM9033; PF-08052666; PF 08052666; PF08052666; SGN-MesoC2			Mesothelin (MSLN)	Harbour Biomed Therapeutics Ltd	Phase1	Phase 1				nar_reference	1	DRG0JGJDN	REFERENCE_CONFIRMED
NAR_DRG0JJEUT	Aprutumab ixadotin	Aprutumab ixadotin; BAY 1187982; BAY-1187982; BAY1187982; FGFR2-ADC			Fibroblast growth factor receptor 2 (FGFR2)	Bayer AG	Phase1	Phase 1 (Terminated)	NCT02368951			nar_reference	1	DRG0JJEUT	REFERENCE_CONFIRMED
NAR_DRG0JJONS	HS-20124						Phase1	Phase 1	NCT06763159			nar_reference	1	DRG0JJONS	REFERENCE_CONFIRMED
NAR_DRG0JKQOU	HB0052	HB 0052; HB-0052			5'-nucleotidase (NT5E)	Huabo Biopharm Co., Ltd	Investigative	Investigative				nar_reference	1	DRG0JKQOU	REFERENCE_CONFIRMED
NAR_DRG0JLDZY	SIBP-A13	SIBP A13; SIBPA13			Receptor tyrosine-protein kinase erbB-3 (HER3)	Sino Biopharmaceutical Ltd	Investigative	Investigative				nar_reference	1	DRG0JLDZY	REFERENCE_CONFIRMED
NAR_DRG0JLIZJ	CD38 ADC						Phase1	Phase 1				nar_reference	1	DRG0JLIZJ	REFERENCE_CONFIRMED
NAR_DRG0JMVCQ	ONC-784	ONC 784; ONC784			Signal transducer CD24 (CD24)	Oncoc4 Inc; Oncoimmune-Guangzhou	Investigative	Investigative				nar_reference	1	DRG0JMVCQ	REFERENCE_CONFIRMED
NAR_DRG0JMXQX	HDM2012						Phase1	Phase 1	NCT07100249			nar_reference	1	DRG0JMXQX	REFERENCE_CONFIRMED
NAR_DRG0JNCVK	YL217						Phase1	Phase 1	NCT06859762			nar_reference	1	DRG0JNCVK	REFERENCE_CONFIRMED
NAR_DRG0JNMAT	SIBP-A17						Phase1	Phase 1	NCT06512116			nar_reference	1	DRG0JNMAT	REFERENCE_CONFIRMED
NAR_DRG0JNXDB	XMT-1592	XMT 1592; XMT1592; XMT-1592			Sodium-dependent phosphate transport protein 2B (SLC34A2)	Mersana Therapeutics, Inc	Phase1	Phase 1 (Terminated)	NCT04396340			nar_reference	1	DRG0JNXDB	REFERENCE_CONFIRMED
NAR_DRG0JNZLF	PCA-062	NOV-10; PCA 062; PCA-062; PCA-pCAD; PCA06 2, NOV-10; PCA062			Cadherin-3 (CDH3)	MorphoSys AG; Novartis AG	Phase1	Phase 1 (Terminated)	NCT02375958			nar_reference	1	DRG0JNZLF	REFERENCE_CONFIRMED
NAR_DRG0JOHND	Gemtuzumab ozogamicin	CDP-771; CL-555201; CMA-676; WAY-CMA-676; Anti-CD33-monoclonal-antibody-calicheamicin; Anti-CD33-monoclonal-antibody-p67-6-calicheamicin-conjugate; HP67-6-N-acetyl-gamma-dimethyl-acbut; hP67.6-calicheamicin; Human-anti-CD33-monoclonal-antibody-P67-6-calicheamicin-conjugate		STRICT_ADC	Myeloid cell surface antigen CD33 (CD33)	Pfizer Inc; Wyeth Pharmaceuticals LLC	Approved	Approved (FDA): Mar, 2000	NCT00893399; NCT00909168			nar_reference; configs/known_adc_assets.yaml; clinicaltrials	3	DRG0JOHND; ADC_CANDIDATE_GEMTUZUMAB_OZOGAMICIN	MULTISOURCE_CONFIRMED
NAR_DRG0JOMGD	NC18						Phase1	Phase 1				nar_reference	1	DRG0JOMGD	REFERENCE_CONFIRMED
NAR_DRG0JPJDT	RN927C	RN-927C; RN 927C			Tumor-associated calcium signal transducer 2 (TROP2)	Rinat Neuroscience Corp	Investigative	Investigative				nar_reference	1	DRG0JPJDT	REFERENCE_CONFIRMED
NAR_DRG0JQAJB	MGTA-117	Anti-CD117 amanitin ADC; Anti-CD117 amanitin antibody drug conjugate; CD117-amanitin antibody drug conjugate; MGTA 117; MGTA-117; anti-CD117 (c-KIT)-amanitin antibody-drug conjugate; CD117-ADC			Mast/stem cell growth factor receptor Kit (KIT)	Heidelberg Pharma AG	Phase1	Phase 1 (Terminated)				nar_reference	1	DRG0JQAJB	REFERENCE_CONFIRMED
NAR_DRG0JQHJW	AGX101	AGX 101; AGX-101; AGX101; Anti-TM4SF1 ADC (Angiex)			Transmembrane 4 L6 family member 1 (TM4SF1)	Angiex, Inc	Phase1	Phase 1				nar_reference	1	DRG0JQHJW	REFERENCE_CONFIRMED
NAR_DRG0JQWJI	BG-C137						Phase1	Phase 1	NCT06625593			nar_reference	1	DRG0JQWJI	REFERENCE_CONFIRMED
NAR_DRG0JSPJR	ZL-1310	YL 212; YL-212; YL212; ZL-1310; ZL 1310; ZL1310			Delta-like protein 3 (DLL3)	Zai Lab Ltd	Phase1	Phase 1				nar_reference	1	DRG0JSPJR	REFERENCE_CONFIRMED
NAR_DRG0JTQDR	FS-1502	FS-1502; Herceptin-LC-LBG-MMAF; IKS 014; IKS-014; IKS014; LCB14; LCB14-0110; Trastuzumab-LC-LBG-MMAF			Receptor tyrosine-protein kinase erbB-2 (HER2)	Iksuda Therapeutics; Shanghai Fosun Pharmaceutical	Phase1	Phase 3				nar_reference	1	DRG0JTQDR	REFERENCE_CONFIRMED
NAR_DRG0JUOJJ	MHB036C						Phase2	Phase 2				nar_reference	1	DRG0JUOJJ	REFERENCE_CONFIRMED
NAR_DRG0JUOLN	MDX-1203	BMS 936561; BMS-936561; BMS-936561, MDX-1203; BMS936561; MDX 1203; MDX-1203; MDX1203			CD70 antigen (CD70)	Medarex, Inc; Bristol Myers Squibb Co	Phase1	Phase 1 (Terminated)	NCT00944905			nar_reference	1	DRG0JUOLN	REFERENCE_CONFIRMED
NAR_DRG0JVAJA	Rosopatamab tetraxetan	DOTA-HUJ-591-GS; DOTA-HUJ-591; HuJ591-DOTA; Rosopatamab Y-90 conjugation			Glutamate carboxypeptidase 2 (FOLH1)	Weill Cornell Medical Center	Investigative	Investigative	NCT00052000; NCT00070837; NCT02576548			nar_reference	1	DRG0JVAJA	REFERENCE_CONFIRMED
NAR_DRG0JVDPQ	AG 02 saporin conjugate	AG02; AG02 saporin; AG02-saporin; AG02-ADC; AG02 ADC			Cell surface protein 1 (CSP-1)	A&G Pharmaceutical, Inc	Investigative	Investigative				nar_reference	1	DRG0JVDPQ	REFERENCE_CONFIRMED
NAR_DRG0JWBNH	Brentuximab vedotin	CAC10-vcMMAE; cAC-10. SGD-1010; SGN-30; SGN-35; cAC10-Val-Cit-MMAE; Moab chimeric SGN-30 to CD30 antigen		STRICT_ADC	Tumor necrosis factor receptor superfamily member 8 (TNFRSF8)	Seagen Inc; BSP Pharmaceuticals SpA; Takeda Pharmaceutical Co., Ltd	Approved	Approved (FDA): Aug, 2011	NCT00430846; NCT00848926; NCT00866047; NCT00947856; NCT01060904; NCT01100502; NCT01309789; NCT01352520; NCT01393717; NCT01421667; NCT01461538; NCT01578499; NCT01657331; NCT01712490; NCT01716806; NCT01777152; NCT01780662; NCT01807598; NCT01940796; NCT01979536; NCT01994850; NCT02086604; NCT02166463; NCT02227199; NCT02227433; NCT02280785; NCT02292979; NCT02388490; NCT02423291; NCT02505269; NCT02572167; NCT02581631; NCT02684292; NCT02686346; NCT02758717; NCT02927769; NCT03057795; NCT04404283			nar_reference; configs/known_adc_assets.yaml; clinicaltrials	3	DRG0JWBNH; ADC_CANDIDATE_BRENTUXIMAB_VEDOTIN	MULTISOURCE_CONFIRMED
NAR_DRG0JXYIZ	DS-9606						Phase1	Phase 1				nar_reference	1	DRG0JXYIZ	REFERENCE_CONFIRMED
NAR_DRG0JYFQF	ZPC-21						Phase1	Phase 1	NCT06823167			nar_reference	1	DRG0JYFQF	REFERENCE_CONFIRMED
NAR_DRG0JYKFE	BSI-712	BSI 712; BSI712			Zinc transporter ZIP6 (SLC39A6)	Biosion, Inc; ImmunoGen, Inc	Investigative	Investigative				nar_reference	1	DRG0JYKFE	REFERENCE_CONFIRMED
NAR_DRG0JYNCF	CX-2029	ABBV-2029; ABBV-2029,CX-2029; CD71 probody drug conjugate; CX 2029; CX-2029			Transferrin receptor protein 1 (TFRC)	CytomX Therapeutics, Inc; AbbVie, Inc	Phase2	Phase 1/2	NCT03543813			nar_reference	1	DRG0JYNCF	REFERENCE_CONFIRMED
NAR_DRG0KAGOH	PLBA-001	PLBA 001; PLBA001			Undisclosed	PrimeLink BioTherapeutics (Suzhou) Co., Ltd	Investigative	Investigative				nar_reference	1	DRG0KAGOH	REFERENCE_CONFIRMED
NAR_DRG0KBCEN	M3554						Phase1	Phase 1	NCT06641908			nar_reference	1	DRG0KBCEN	REFERENCE_CONFIRMED
NAR_DRG0KDTFA	F0002-ADC	Anti-CD30-MCC-DM1; CD30-MCC-DM1; F-0002-ADC; F0002 ADC; F0002-ADC; F0002-ADC, Anti-CD30-MCC-DM1			Tumor necrosis factor receptor superfamily member 8 (TNFRSF8)	Shanghai Fudan Zhangjiang Bio Pharmaceutical Co., Ltd	Phase1	Phase 1				nar_reference	1	DRG0KDTFA	REFERENCE_CONFIRMED
NAR_DRG0KFMAB	DXC-009	DXC 009; DXC-009; DXC009			Undisclosed	Hangzhou DAC Biotech Co., Ltd	Phase1	Phase 1				nar_reference	1	DRG0KFMAB	REFERENCE_CONFIRMED
NAR_DRG0KGFDM	Zt/g4-Maytansinoid						Investigative	Investigative				nar_reference	1	DRG0KGFDM	REFERENCE_CONFIRMED
NAR_DRG0KHDFE	BAT-8007						Phase1	Phase 1				nar_reference	1	DRG0KHDFE	REFERENCE_CONFIRMED
NAR_DRG0KHFFZ	PF-06263507	A1-mafodotin; A1-mcMMAF; MMAF ADC; PF 6263507; PF-06263507; PF-06263507, A1mc MMAF; PF06263507			Trophoblast glycoprotein (TPBG)	Oxford Biomedica Plc; Pfizer Inc	Phase1	Phase 1 (Terminated)				nar_reference	1	DRG0KHFFZ	REFERENCE_CONFIRMED
NAR_DRG0KJHHN	IMGN-779	IMGN 779; IMGN-779; IMGN7 79; IMGN779			Myeloid cell surface antigen CD33 (CD33)	ImmunoGen, Inc	Phase1	Phase 1 (Terminated)				nar_reference	1	DRG0KJHHN	REFERENCE_CONFIRMED
NAR_DRG0KKATK	SHR-A2102	SHR A2102; SHR-A2102; SHRA2102			Nectin-4 (NECTIN4)	Shanghai Hengrui Pharmaceutical Co., Ltd	Phase3	Phase 3	NCT05701709; NCT05735275			nar_reference	1	DRG0KKATK	REFERENCE_CONFIRMED
NAR_DRG0KKBKT	BBT-001	BBT 001; BBT001; long-acting GCSF-IgG-Fc immunofusion protein			Granulocyte colony-stimulating factor receptor (CSF3R)	Bolder BioTechnology, Inc	Investigative	Investigative				nar_reference	1	DRG0KKBKT	REFERENCE_CONFIRMED
NAR_DRG0KKQDW	SRB19	SRB-19; SRB 19			Epidermal growth factor receptor (EGFR); Receptor tyrosine-protein kinase erbB-3 (HER3)	Sunrock Biopharma SL	Investigative	Investigative				nar_reference	1	DRG0KKQDW	REFERENCE_CONFIRMED
NAR_DRG0KMHHU	TRS-005	TRS-005; TRS005			B-lymphocyte antigen CD20 (MS4A1)	Zhejiang Teruisi Pharmaceutical Inc	Phase1	Phase 1	NCT05395533			nar_reference	1	DRG0KMHHU	REFERENCE_CONFIRMED
NAR_DRG0KNAHQ	BL-M14D1						Phase1	Phase 1	NCT06505824; NCT07080242			nar_reference	1	DRG0KNAHQ	REFERENCE_CONFIRMED
NAR_DRG0KNAKC	QBK249-G	QBK249G; QBK249 G			Receptor tyrosine-protein kinase erbB-2 (HER2)	Quadira Biosciences AG	Investigative	Investigative				nar_reference	1	DRG0KNAKC	REFERENCE_CONFIRMED
NAR_DRG0KRSBQ	IKS-012	IKS 012; IKS012			Folate receptor alpha (FOLR1)	Iksuda Therapeutics Ltd	Investigative	Investigative				nar_reference	1	DRG0KRSBQ	REFERENCE_CONFIRMED
NAR_DRG0KSBCU	EP-400	EP 400; EP400			Undisclosed	Esperance Pharmaceuticals, Inc	Investigative	Investigative				nar_reference	1	DRG0KSBCU	REFERENCE_CONFIRMED
NAR_DRG0KSTYX	CLR-180099	CLR 180099; CLR180099			Lipid rafts (LR)	Cellectar Biosciences, Inc	Investigative	Investigative				nar_reference	1	DRG0KSTYX	REFERENCE_CONFIRMED
NAR_DRG0KTRKE	PF-06664178	PF 6664178; PF-06664178; PF06664178; PF6664178			Tumor-associated calcium signal transducer 2 (TROP2)	Pfizer Inc	Phase1	Phase 1 (Terminated)	NCT02122146			nar_reference	1	DRG0KTRKE	REFERENCE_CONFIRMED
NAR_DRG0KTTFS	XMT-2056	XMT 2056; XMT-2056; XMT2056			Receptor tyrosine-protein kinase erbB-2 (HER2)	Mersana Therapeutics, Inc	Phase1	Phase 1				nar_reference	1	DRG0KTTFS	REFERENCE_CONFIRMED
NAR_DRG0KWGRK	IMMU-140	IMMU140; IMMU 140			HLA class II histocompatibility antigen, DR alpha chain (HLA-DRA)	Immunomedics, Inc; Gilead Sciences, Inc	Investigative	Investigative				nar_reference	1	DRG0KWGRK	REFERENCE_CONFIRMED
NAR_DRG0KWKQC	DX126-262	DAC-001; DX126 262; DX126-262; Recombinant anti-HER2 antibody-Tub 114			Receptor tyrosine-protein kinase erbB-2 (HER2)	Hangzhou DAC Biotech Co., Ltd	Phase2	Phase 2				nar_reference	1	DRG0KWKQC	REFERENCE_CONFIRMED
NAR_DRG0KXLGG	MK-6837						Phase1	Phase 1	NCT06460961			nar_reference	1	DRG0KXLGG	REFERENCE_CONFIRMED
NAR_DRG0KYHQN	CMB-401	Anti-PEM monoclonal antibody calicheamicin; CDP 671; CDP-671; CMB 401; CMB-401; LLE 33288; hCTMO1-calicheamicin; hcT.MO1 calicheamicin			Mucin-1 (MUC1)	Celltech Oy	Phase2	Phase 2 (Terminated)				nar_reference	1	DRG0KYHQN	REFERENCE_CONFIRMED
NAR_DRG0KYOBC	TORL-1-23	TORL 1 23; TORL 1-23; TORL-1-23; TORL1-23			Claudin-6 (CLDN6)	TORL Biotherapeutics LLC	Phase1	Phase 1	NCT05103683			nar_reference	1	DRG0KYOBC	REFERENCE_CONFIRMED
NAR_DRG0LBQXO	PA-368A	PA368A; PA 368A			Cadherin-17 (CDH17)	Protein Alternatives SL	Investigative	Investigative				nar_reference	1	DRG0LBQXO	REFERENCE_CONFIRMED
NAR_DRG0LCOWD	MRG-004A	MRG 004A; MRG-004A; MRG004A			Tissue factor (F3)	Shanghai Miracogen Inc; Lepu Biopharma Co., Ltd	Phase2	Phase 1/2				nar_reference	1	DRG0LCOWD	REFERENCE_CONFIRMED
NAR_DRG0LDEJY	ITC-6146RO						Phase1	Phase 1	NCT07423117			nar_reference	1	DRG0LDEJY	REFERENCE_CONFIRMED
NAR_DRG0LFBZI	ALK202						Phase1	Phase 1	NCT06707610			nar_reference	1	DRG0LFBZI	REFERENCE_CONFIRMED
NAR_DRG0LFGHB	HTI-1511	HTI 1511; HTI1511			Epidermal growth factor receptor (EGFR)	Halozyme Therapeutics, Inc	Investigative	Investigative				nar_reference	1	DRG0LFGHB	REFERENCE_CONFIRMED
NAR_DRG0LFZFX	ABBV-319	ABBV 319; ABBV-319; ABBV319			B-lymphocyte antigen CD19 (CD19)	AbbVie, Inc	Phase1	Phase 1				nar_reference	1	DRG0LFZFX	REFERENCE_CONFIRMED
NAR_DRG0LGBME	Ispectamab tazide	Ispectamab tazide			Tumor necrosis factor receptor superfamily member 17 (TNFRSF17)		Investigative	Investigative				nar_reference	1	DRG0LGBME	REFERENCE_CONFIRMED
NAR_DRG0LHLWT	LR-DM1	LR DM1			Epidermal growth factor receptor (EGFR)	Chinese Academy of Medical Science and Peking Union Medical College	Investigative	Investigative				nar_reference	1	DRG0LHLWT	REFERENCE_CONFIRMED
NAR_DRG0LHZWB	ASN-004	ASN 004; ASN-004; ASN004			Trophoblast glycoprotein (TPBG)	Asana BioSciences LLC	Phase1	Phase 1				nar_reference	1	DRG0LHZWB	REFERENCE_CONFIRMED
NAR_DRG0LIPUK	GL-231	GL231; GL 231			Undisclosed	Genisphere LLC	Investigative	Investigative				nar_reference	1	DRG0LIPUK	REFERENCE_CONFIRMED
NAR_DRG0LJGJX	IBI3028						Phase1	Phase 1				nar_reference	1	DRG0LJGJX	REFERENCE_CONFIRMED
NAR_DRG0LJSQF	Sacituzumab-SN-38	Smab-SN-38			Tumor-associated calcium signal transducer 2 (TROP2)		Investigative	Investigative Drug-to-Antibody Ratio 6 3D				nar_reference	1	DRG0LJSQF	REFERENCE_CONFIRMED
NAR_DRG0LKZJZ	CS-5002	CS5002; CS 5002			Undisclosed	CStone Pharmaceuticals Co. Ltd	Investigative	Investigative				nar_reference	1	DRG0LKZJZ	REFERENCE_CONFIRMED
NAR_DRG0LLSDP	9MW-2921	9MW 2921; 9MW-2921; 9MW2921			Tumor-associated calcium signal transducer 2 (TROP2)	Mabwell (Shanghai) Bioscience Co., Ltd	Phase2	Phase 1/2				nar_reference	1	DRG0LLSDP	REFERENCE_CONFIRMED
NAR_DRG0LNARP	MEDI-0641	MEDI0641; MEDI 0641; 5T4-PBD			Trophoblast glycoprotein (TPBG)	MedImmune LLC; AstraZeneca PLC	Investigative	Investigative				nar_reference	1	DRG0LNARP	REFERENCE_CONFIRMED
NAR_DRG0LNBQO	PHN-012						Phase1	Phase 1	NCT07127874			nar_reference	1	DRG0LNBQO	REFERENCE_CONFIRMED
NAR_DRG0LNVKG	ARX-788	ARX 788; ARX-788; ARX788			Receptor tyrosine-protein kinase erbB-2 (HER2)	Ambrx, Inc; Zhejiang Medicine Co., Ltd; Novocodex Biopharmaceuticals Co., Ltd	Phase2	Phase 2	NCT01042379; NCT02512237; NCT03255070; NCT04829604; NCT04983121; NCT05018676; NCT05018702; NCT05041972; NCT05426486			nar_reference	1	DRG0LNVKG	REFERENCE_CONFIRMED
NAR_DRG0LQZSE	Naratuximab emtansine	DEBIO 1562; Debio 1562, K7153 A, IMGN5 29; IMGN 529; IMGN-529; IMGN529; K7153A-SMCC-DM1; Naratuximab emtansine		PRESUMED_STRICT_ADC	Leukocyte antigen CD37 (CD37)	ImmunoGen, Inc; Debiopharm International SA	Phase2	Phase 2 (Terminated)	NCT01534715			nar_reference; conference_abstract_corpus	2	DRG0LQZSE; ADC_SUFFIX_f3e976431323	MULTISOURCE_CONFIRMED
NAR_DRG0LRYYB	HS630						Phase1	Phase 1				nar_reference	1	DRG0LRYYB	REFERENCE_CONFIRMED
NAR_DRG0LSAKO	PF-06888667	PF 06888667; PF06888667			Receptor tyrosine-protein kinase erbB-2 (HER2)		Investigative	Investigative				nar_reference	1	DRG0LSAKO	REFERENCE_CONFIRMED
NAR_DRG0LSXKR	JS107	JS 107; JS-107; JS107			Claudin-18.2 (CLDN18.2)	Shanghai Junshi Biosciences Co., Ltd	Phase1	Phase 1				nar_reference	1	DRG0LSXKR	REFERENCE_CONFIRMED
NAR_DRG0LTMPJ	GBM-12401	Gbm 12401; Gbm12401			Undisclosed	Great Novel Therapeutics Biotech & Medicals Corp	Investigative	Investigative				nar_reference	1	DRG0LTMPJ	REFERENCE_CONFIRMED
NAR_DRG0LTXQB	YBL-015	YBL 015; YBL015			CD276 antigen (CD276)	YBiologics, Inc	Investigative	Investigative				nar_reference	1	DRG0LTXQB	REFERENCE_CONFIRMED
NAR_DRG0LUQSH	RG-7861						Phase1	Phase 1				nar_reference	1	DRG0LUQSH	REFERENCE_CONFIRMED
NAR_DRG0LUTMF	ELN-11	ELN 11; ELN11; ADP-c165			Inactive tyrosine-protein kinase transmembrane receptor ROR1 (ROR1)	Elasmogen Ltd; Almac Discovery Ltd	Investigative	Investigative				nar_reference	1	DRG0LUTMF	REFERENCE_CONFIRMED
NAR_DRG0LVUGT	PCG-N003	PCG N003; PCG N003			Undisclosed	Epinogen Co., Ltd	Investigative	Investigative				nar_reference	1	DRG0LVUGT	REFERENCE_CONFIRMED
NAR_DRG0LVYMB	DEC006						Phase1	Phase 1	NCT07444814			nar_reference	1	DRG0LVYMB	REFERENCE_CONFIRMED
NAR_DRG0LWEMD	SY-0625	SY0625; SY 0625			Undisclosed	Shanghai Symray Biopharma Co., Ltd	Investigative	Investigative				nar_reference	1	DRG0LWEMD	REFERENCE_CONFIRMED
NAR_DRG0LYIPC	Inebilizumab-amanitin	Inebilizumab amanitin			B-lymphocyte antigen CD19 (CD19)	LegoChem Biosciences, Inc	Investigative	Investigative				nar_reference	1	DRG0LYIPC	REFERENCE_CONFIRMED
NAR_DRG0MBBBD	Anti-CD22-SN36248	Thio-hu antiCD22- (LC:K149C)-SN36248			B-cell receptor CD22 (CD22)		Investigative	Investigative				nar_reference	1	DRG0MBBBD	REFERENCE_CONFIRMED
NAR_DRG0MCPAF	SIM-005A	SIM-005A; SIM 005A			Undisclosed	Systimmune, Inc; Sichuan Baili Pharmaceutical Co., Ltd	Investigative	Investigative				nar_reference	1	DRG0MCPAF	REFERENCE_CONFIRMED
NAR_DRG0MCWQA	Enapotamab vedotin	AXL-107-MMAE; Enapotamab vedotin; HuMax-AXL; HuMax-AXL-ADC; HuMax-Axl-ADC, AXL-107-MMAE; Humax axl adc		PRESUMED_STRICT_ADC	Tyrosine-protein kinase receptor UFO (AXL)	Seagen Inc; Genmab A/S	Phase2	Phase 1/2 (Terminated)				nar_reference; clinicaltrials; conference_abstract_corpus	3	DRG0MCWQA; ADC_CANDIDATE_ADC_SUFFIX_8a46197896f6	MULTISOURCE_CONFIRMED
NAR_DRG0MELRN	BC2027						Phase1	Phase 1	NCT07368478			nar_reference	1	DRG0MELRN	REFERENCE_CONFIRMED
NAR_DRG0MGBXM	CD38-077	CD38 077; CD38077			ADP-ribosyl cyclase/cyclic ADP-ribose hydrolase 1 (CD38)	Concortis Biosystems Corp	Investigative	Investigative				nar_reference	1	DRG0MGBXM	REFERENCE_CONFIRMED
NAR_DRG0MGUUX	FDA-022	FDA 022; FDA-022; FDA022			Receptor tyrosine-protein kinase erbB-2 (HER2)	Shanghai Fudan Zhangjiang Bio Pharmaceutical Co., Ltd	Phase1	Phase 1	NCT05564858			nar_reference	1	DRG0MGUUX	REFERENCE_CONFIRMED
NAR_DRG0MHAHZ	Coltuximab ravtansine	Anti-CD19 humanized monoclonal antibody conjugated to DM4; Anti-CD19-DM4 immunoconjugate; Coltuximab ravtansine; HUB4-DM4, SAR34 19; HuB4-DM4; Maytansin-loaded anti-CD19 mAb; SAR-3419; SAR3419			B-lymphocyte antigen CD19 (CD19)	ImmunoGen, Inc; Sanofi	Phase2	Phase 2 (Terminated)				nar_reference	1	DRG0MHAHZ	REFERENCE_CONFIRMED
NAR_DRG0MKREW	SIM0505						Phase1	Phase 1	NCT06792552			nar_reference	1	DRG0MKREW	REFERENCE_CONFIRMED
NAR_DRG0MKSMI	CRB-2107	CRB2107; CRB 2107			Undisclosed	China Resources Biopharmaceutical Co., Ltd	Investigative	Investigative				nar_reference	1	DRG0MKSMI	REFERENCE_CONFIRMED
NAR_DRG0MKVBS	A1801	A 1801; A-1801			Transmembrane glycoprotein NMB (GPNMB)	Protheragen, Inc	Investigative	Investigative				nar_reference	1	DRG0MKVBS	REFERENCE_CONFIRMED
NAR_DRG0MLOQN	NI-2201	NI 2201; NI2201			B-lymphocyte antigen CD19 (CD19)	Novimmune SA; LegoChem Biosciences, Inc; Berta Holding AG; Iksuda Therapeutics Ltd	Investigative	Investigative				nar_reference	1	DRG0MLOQN	REFERENCE_CONFIRMED
NAR_DRG0MMRSA	DAN-222						Phase1	Phase 1	NCT05261269			nar_reference	1	DRG0MMRSA	REFERENCE_CONFIRMED
NAR_DRG0MOGWD	Anvatabart pactil	Anvatabart pactil			Receptor tyrosine-protein kinase erbB-2 (HER2)		Investigative	Investigative				nar_reference	1	DRG0MOGWD	REFERENCE_CONFIRMED
NAR_DRG0MPDIB	ABBV-154	ABBV 154; ABBV-154; ABBV154			Tumor necrosis factor (TNF)	AbbVie, Inc	Phase2	Phase 2 (Terminated)	NCT04888585; NCT04972968; NCT05068284; NCT05556226			nar_reference	1	DRG0MPDIB	REFERENCE_CONFIRMED
NAR_DRG0MPTSO	Trastuzumab-amanitin 1	Trastuzumab Amanitin1			Receptor tyrosine-protein kinase erbB-2 (HER2)	Heidelberg Pharma AG	Investigative	Investigative				nar_reference	1	DRG0MPTSO	REFERENCE_CONFIRMED
NAR_DRG0MRJEG	REGN5093-M114	METxMET ADC - Regeneron Pharmaceuticals; REGN 5093 M114; REGN5093- M114; REGN5093-M114; REGN5093M114			Hepatocyte growth factor receptor (MET)	Regeneron Pharmaceuticals, Inc	Phase2	Phase 1/2				nar_reference	1	DRG0MRJEG	REFERENCE_CONFIRMED
NAR_DRG0MRYEL	IKS-04	IKS 04; IKS04			Undisclosed	Iksuda Therapeutics Ltd	Investigative	Investigative				nar_reference	1	DRG0MRYEL	REFERENCE_CONFIRMED
NAR_DRG0MSOOX	KH815						Phase1	Phase 1	NCT06885645			nar_reference	1	DRG0MSOOX	REFERENCE_CONFIRMED
NAR_DRG0MSZBZ	BB-1709	BB 1709; BB-1709; BB1709			5'-nucleotidase (NT5E)	Baili Sikang Biomedicine (Hangzhou) Co., Ltd	Phase1	Phase 1				nar_reference	1	DRG0MSZBZ	REFERENCE_CONFIRMED
NAR_DRG0MSZNJ	SHR-3792						Phase1	Phase 1	NCT06907628			nar_reference	1	DRG0MSZNJ	REFERENCE_CONFIRMED
NAR_DRG0MTMQA	M-1231	M 1231; M-1231; M1231			Epidermal growth factor receptor (EGFR); Mucin-1 (MUC1)	EMD Serono Research & Development Institute, Inc; The University of Texas MD Anderson Cancer Center; Sutro Biopharma, Inc	Phase1	Phase 1				nar_reference	1	DRG0MTMQA	REFERENCE_CONFIRMED
NAR_DRG0MTUPD	CytSCA208	Monoclonal antibody CA208-cytorhodin-S conjugate			Pregnancy-specific beta-1-glycoprotein 2 (PSG2)	Aventis SA; Sanofi	Investigative	Investigative				nar_reference	1	DRG0MTUPD	REFERENCE_CONFIRMED
NAR_DRG0MUIQK	LFD-200						Phase1	Phase 1	NCT07207954			nar_reference	1	DRG0MUIQK	REFERENCE_CONFIRMED
NAR_DRG0MWSEV	NN-3201	NN 3201; NN-3201; NN3201			Mast/stem cell growth factor receptor Kit (KIT)	Novelty Nobility, Inc	Phase1	Phase 1				nar_reference	1	DRG0MWSEV	REFERENCE_CONFIRMED
NAR_DRG0MXUQM	MYX2449	MYX 2449; MYX2449			Receptor tyrosine-protein kinase erbB-2 (HER2)	Myricx Pharma Ltd	Investigative	Investigative				nar_reference	1	DRG0MXUQM	REFERENCE_CONFIRMED
NAR_DRG0MYSHH	Thio-Tmab-BMPEO-DM1	Thio-Tmab BMPEO DM1			Receptor tyrosine-protein kinase erbB-2 (HER2)	Genentech, Inc	Investigative	Investigative				nar_reference	1	DRG0MYSHH	REFERENCE_CONFIRMED
NAR_DRG0MZYPU	Telimomab aritox	T101-RTA; T101RTA; T101 RTA			T-cell surface glycoprotein CD5 (CD5)		Investigative	Investigative				nar_reference	1	DRG0MZYPU	REFERENCE_CONFIRMED
NAR_DRG0NATHY	LP-A18	Antibody drug conjugate Lantern Pharma; LPA18; LP A18			Undisclosed	Lantern Pharma, Inc	Investigative	Investigative				nar_reference	1	DRG0NATHY	REFERENCE_CONFIRMED
NAR_DRG0NDFLP	OXS-1650						Phase1	Phase 1				nar_reference	1	DRG0NDFLP	REFERENCE_CONFIRMED
NAR_DRG0NDSLT	DYNE-301	DYNE301; DYNE 301; Facioscapulohumeral muscular dystrophy therapy-Dyne Therapeutics; FORCE-FM10			Double homeobox protein 4 (DUX4)	Dyne Therapeutics, Inc	Investigative	Investigative				nar_reference	1	DRG0NDSLT	REFERENCE_CONFIRMED
NAR_DRG0NDXRU	Belantamab mafodotin	GSK-2857916; GSK'916; GSK2857916; J6M0-mcMMAF; anti-BCMA-ADC; Belamaf; belantamab mafodotin-blmf		STRICT_ADC	Tumor necrosis factor receptor superfamily member 17 (TNFRSF17)	GSK Plc; GlaxoSmithKline (Ireland) Ltd; Glaxosmithkline Intellectual Property Development Ltd	Approved	Approved (FDA): Aug, 2020	NCT02064387; NCT03769506			nar_reference; configs/known_adc_assets.yaml; clinicaltrials	3	DRG0NDXRU; ADC_CANDIDATE_BELANTAMAB_MAFODOTIN	MULTISOURCE_CONFIRMED
NAR_DRG0NELLD	<sup>111</sup>In-DTPA-D2B-DAR4-MMAE						Investigative	Investigative				nar_reference	1	DRG0NELLD	REFERENCE_CONFIRMED
NAR_DRG0NEMOV	Losatuxizumab vedotin	ABBV 224; ABBV-221; ABBV221; Losatuxizumab vedotin			Epidermal growth factor receptor (EGFR)	AbbVie, Inc	Phase1	Phase 1 (Terminated)	NCT02365662			nar_reference	1	DRG0NEMOV	REFERENCE_CONFIRMED
NAR_DRG0NFTVD	APN-959038	APN959038; APN 959038			Transmembrane protein (novel epitope)	Atreca, Inc	Investigative	Investigative				nar_reference	1	DRG0NFTVD	REFERENCE_CONFIRMED
NAR_DRG0NGDCM	SKB445						Phase1	Phase 1	NCT06826040			nar_reference	1	DRG0NGDCM	REFERENCE_CONFIRMED
NAR_DRG0NKUQA	JS114	JS 114; JS-114			Nectin-4 (NECTIN4)	Shanghai Junshi Biosciences Co., Ltd	Investigative	Investigative				nar_reference	1	DRG0NKUQA	REFERENCE_CONFIRMED
NAR_DRG0NLEYN	Tra-IR700	Trastuzumab-IR700			Receptor tyrosine-protein kinase erbB-2 (HER2)	Rakuten Medical, Inc	Investigative	Investigative				nar_reference	1	DRG0NLEYN	REFERENCE_CONFIRMED
NAR_DRG0NMCNK	ZV0203	Recombinant anti-EGFR monoclonal antibody- DUO5 conjugate; ZV 0201; ZV 0203; ZV-0201; ZV-0203; ZV0201; ZV0203; ZV0203-ADC; ADC-2122; ADC 2122; ADC2122			Receptor tyrosine-protein kinase erbB-2 (HER2)	Zhejiang Hisun Pharmaceutical Co., Ltd; Zhejiang Zova Biotherapeutics Inc	Phase1	Phase 1				nar_reference	1	DRG0NMCNK	REFERENCE_CONFIRMED
NAR_DRG0NMCNN	SGN-CD48A						Phase1	Phase 1				nar_reference	1	DRG0NMCNN	REFERENCE_CONFIRMED
NAR_DRG0NMRNE	KSI-601	KSI 601; KSI601			Vascular endothelial growth factor A (VEGFA)	Kodiak Sciences, Inc	Investigative	Investigative				nar_reference	1	DRG0NMRNE	REFERENCE_CONFIRMED
NAR_DRG0NNKAQ	Ifinatamab deruxtecan	DS 7300; DS-7300; DS-7300a; DS7300; Ifinatamab deruxtecan; I-DXd		PRESUMED_STRICT_ADC	CD276 antigen (CD276)	Daiichi Sankyo Co., Ltd	Phase3	Phase 3	NCT04145622; NCT05280470			nar_reference; clinicaltrials; conference_abstract_corpus	3	DRG0NNKAQ; ADC_CANDIDATE_ADC_SUFFIX_5d5b94f8644a	MULTISOURCE_CONFIRMED
NAR_DRG0NNNWR	EX108	EX 108; EX-108			Undisclosed	Excelmab Inc	Investigative	Investigative				nar_reference	1	DRG0NNNWR	REFERENCE_CONFIRMED
NAR_DRG0NOFEI	BB-1712						Phase1	Phase 1				nar_reference	1	DRG0NOFEI	REFERENCE_CONFIRMED
NAR_DRG0NOYME	NW-001	NW001; NW 001			Undisclosed	Shenzhen Chipscreen Biosciences Co., Ltd	Investigative	Investigative				nar_reference	1	DRG0NOYME	REFERENCE_CONFIRMED
NAR_DRG0NTFBR	MEDI-3726	ADCT 401; ADCT-401; MEDI 3726; MEDI-3726; MEDI3 726 (forme rly ADCT-401); MEDI3726			Glutamate carboxypeptidase 2 (FOLH1)	MedImmune LLC; AstraZeneca PLC	Phase1	Phase 1 (Terminated)	NCT02991911			nar_reference	1	DRG0NTFBR	REFERENCE_CONFIRMED
NAR_DRG0NWBIQ	HY-0001	HY 0001; HY0001			Undisclosed	Sichuan Huiyu Pharmaceutical Co., Ltd	Investigative	Investigative				nar_reference	1	DRG0NWBIQ	REFERENCE_CONFIRMED
NAR_DRG0NXVNX	PNU-159682-P1C1TM						Phase1	Phase 1				nar_reference	1	DRG0NXVNX	REFERENCE_CONFIRMED
NAR_DRG0NZUKF	WTX-212						Phase1	Phase 1				nar_reference	1	DRG0NZUKF	REFERENCE_CONFIRMED
NAR_DRG0NZUZJ	CX-2051	CX 2051; CX2051			Epithelial cell adhesion molecule (EPCAM)	CytomX Therapeutics, Inc	Phase1	Phase 1				nar_reference	1	DRG0NZUZJ	REFERENCE_CONFIRMED
NAR_DRG0OAWRK	SHR-A1403	HTI 1066; HTI-1066; SHR A1403; SHR-A1403; SHR-A1403, HTI-1066; SHRA1403			Hepatocyte growth factor receptor (MET)	Jiangsu Hengrui Pharmaceuticals Co., Ltd; Shanghai Hengrui Pharmaceutical Co., Ltd	Phase1	Phase 1 (Terminated)	NCT03856541			nar_reference	1	DRG0OAWRK	REFERENCE_CONFIRMED
NAR_DRG0ODFEJ	EGFR-EDV-RRM1						Phase1	Phase 1				nar_reference	1	DRG0ODFEJ	REFERENCE_CONFIRMED
NAR_DRG0OGZEE	Mirzotamab clezutoclax	ABBV-155; ABBV 155; ABBV155			CD276 antigen (CD276)	AbbVie, Inc	Phase1	Phase 1				nar_reference	1	DRG0OGZEE	REFERENCE_CONFIRMED
NAR_DRG0OJHEN	AVID-100	AVID 100; AVID-100; AVID100			Epidermal growth factor receptor (EGFR)	Bristol Myers Squibb Co; Formation Biologics	Phase2	Phase 1/2 (Terminated)	NCT03094169			nar_reference	1	DRG0OJHEN	REFERENCE_CONFIRMED
NAR_DRG0OMIWX	BA1301						Phase1	Phase 1				nar_reference	1	DRG0OMIWX	REFERENCE_CONFIRMED
NAR_DRG0OMORU	FZ-AD004	FZ AD004; FZ-AD004; FZAD004			Tumor-associated calcium signal transducer 2 (TROP2)	Shanghai Fudan Zhangjiang Bio Pharmaceutical Co., Ltd	Phase1	Phase 1				nar_reference	1	DRG0OMORU	REFERENCE_CONFIRMED
NAR_DRG0OMVBK	Azintuxizumab vedotin	ABBV 838; ABBV-838; ABBV838; Azintuxizumab vedotin			SLAM family member 7 (SLAMF7)	AbbVie, Inc	Phase1	Phase 1 (Terminated)	NCT02462525; NCT02951117			nar_reference	1	DRG0OMVBK	REFERENCE_CONFIRMED
NAR_DRG0ONAEP	BRY811	BRY-811; BRY 811			Undisclosed	BioRay Biopharmaceutical Co., Ltd	Investigative	Investigative				nar_reference	1	DRG0ONAEP	REFERENCE_CONFIRMED
NAR_DRG0ONNVN	PSM-101	PSM 101; PSM101			Undisclosed	PrecisemAb Biotech Co., Ltd	Investigative	Investigative				nar_reference	1	DRG0ONNVN	REFERENCE_CONFIRMED
NAR_DRG0OOMJM	Basiliximab sarotalocan	Basiliximab sarotalocan			Interferon-stimulated gene 20 kDa protein (ISG20)		Investigative	Investigative				nar_reference	1	DRG0OOMJM	REFERENCE_CONFIRMED
NAR_DRG0OOXRC	XNW-28012	XNW 28012; XNW28012			Undisclosed	Suzhou Sinovent Pharmaceuticals Co.,Ltd; Shanghai Sinovent Biopharmaceutical Co., Ltd	Investigative	Investigative				nar_reference	1	DRG0OOXRC	REFERENCE_CONFIRMED
NAR_DRG0OPFVY	Samrotamab vedotin	ABBV 085; ABBV-085; ABBV085; PR-1498487-MMAE; Samrotamab vedotin			Leucine-rich repeat-containing protein 15 (LRRC15)	AbbVie, Inc	Phase1	Phase 1 (Terminated)	NCT02565758			nar_reference	1	DRG0OPFVY	REFERENCE_CONFIRMED
NAR_DRG0OPGMW	Recombinant chimeric anti-CD30 mAb-MCC-DM1						Phase1	Phase 1				nar_reference	1	DRG0OPGMW	REFERENCE_CONFIRMED
NAR_DRG0ORDYU	LIN-002	AF-Lx-trastuzumab; Auristatin-F-Lx-trastuzumab; trastuzumab-Lx-AF; LIN 002; LIN002			Receptor tyrosine-protein kinase erbB-2 (HER2)	LinXis B.V	Investigative	Investigative				nar_reference	1	DRG0ORDYU	REFERENCE_CONFIRMED
NAR_DRG0OTOJV	IKS-03	IKS 03; IKS-03; IKS03; LCB-73; LCB 73; LCB73; NI-2201; NI 2201; NI2201			B-lymphocyte antigen CD19 (CD19)	Iksuda Therapeutics Ltd	Phase1	Phase 1				nar_reference	1	DRG0OTOJV	REFERENCE_CONFIRMED
NAR_DRG0OUXWT	Rolinsatamab talirine	ABBV 176; ABBV-176; ABV176; DC-1630993; Rolinsatamab talirine; h16f			Prolactin receptor (PRLR)	AbbVie, Inc	Phase1	Phase 1 (Terminated)	NCT03145909			nar_reference	1	DRG0OUXWT	REFERENCE_CONFIRMED
NAR_DRG0OVMJM	PRN 222	PRN-222; PRN222			Epidermal growth factor receptor (EGFR); Receptor tyrosine-protein kinase erbB-3 (HER3)	ProEn Therapeutics Inc	Investigative	Investigative				nar_reference	1	DRG0OVMJM	REFERENCE_CONFIRMED
NAR_DRG0OVQWP	HDM2024						Phase1	Phase 1				nar_reference	1	DRG0OVQWP	REFERENCE_CONFIRMED
NAR_DRG0OWHOL	<sup>89</sup>Zr-DFO-T-DM1						Investigative	Investigative				nar_reference	1	DRG0OWHOL	REFERENCE_CONFIRMED
NAR_DRG0OYGNU	KIVU-107						Phase1	Phase 1	NCT07229313			nar_reference	1	DRG0OYGNU	REFERENCE_CONFIRMED
NAR_DRG0OZSZX	Upifitamab rilsodotin	UpRi; Upifitamab rilsodotin; XMT 1536; XMT-1536; XMT1536			Sodium-dependent phosphate transport protein 2B (SLC34A2)	Mersana Therapeutics, Inc	Phase3	Phase 3	NCT03319628; NCT04907968; NCT05329545			nar_reference	1	DRG0OZSZX	REFERENCE_CONFIRMED
NAR_DRG0PCDHO	LY4175408						Phase1	Phase 1	NCT07046923			nar_reference	1	DRG0PCDHO	REFERENCE_CONFIRMED
NAR_DRG0PCGKN	hu5B1-TCO						Phase1	Phase 1	NCT05737615			nar_reference	1	DRG0PCGKN	REFERENCE_CONFIRMED
NAR_DRG0PDZSX	3-NAntC	3-NAnTc-sdAb; 3 NAntC; 3NAntC			Undisclosed		Investigative	Investigative				nar_reference	1	DRG0PDZSX	REFERENCE_CONFIRMED
NAR_DRG0PEVVH	FDA-018	FDA-018; FDA018; FDA018 Antibody Drug Cojugate; F0024			Tumor-associated calcium signal transducer 2 (TROP2)	Shanghai Fudan Zhangjiang Bio Pharmaceutical Co., Ltd	Phase3	Phase 3	NCT05174637			nar_reference	1	DRG0PEVVH	REFERENCE_CONFIRMED
NAR_DRG0PFKFR	Pinatuzumab vedotin	ACD22-VCMMAE; Anti-CD22-ADC; Anti-CD22-MCC-DM1; DCDT 2980S ADC; DCDT 2980S antibody-drug conjugate; DCDT-2980S; DCDT2980S; FCU-2703; Pinatuzumab vedotin; RG-7593; RG7593, DCDT2 980S; RO-5541072; RO-5541072-000		PRESUMED_STRICT_ADC	B-cell receptor CD22 (CD22)	Genentech, Inc	Phase1	Phase 1 (Terminated)	NCT01209130; NCT01691898			nar_reference; clinicaltrials	2	DRG0PFKFR; ADC_CANDIDATE_ADC_SUFFIX_f5c595efeea1	MULTISOURCE_CONFIRMED
NAR_DRG0PFQKN	EDC-2	EDC2; EDC 2; extracellular drug conjugate-2; extracellular drug conjugate-2 (Centrose)			Basigin (BSG)	Centrose LLC	Investigative	Investigative				nar_reference	1	DRG0PFQKN	REFERENCE_CONFIRMED
NAR_DRG0PGRFM	BCG-011	BCG011; BCG 011			Tumor-associated calcium signal transducer 2 (TROP2); Epidermal growth factor receptor (EGFR)	Biocytogen Pharmaceuticals (Beijing) Co., Ltd	Investigative	Investigative				nar_reference	1	DRG0PGRFM	REFERENCE_CONFIRMED
NAR_DRG0PGYJL	IPH43	IPH-43; IPH 43			MHC class I polypeptide-related sequence A (MICA)	Innate Pharma SA; AstraZeneca PLC	Investigative	Investigative				nar_reference	1	DRG0PGYJL	REFERENCE_CONFIRMED
NAR_DRG0PHKMG	TORL-4-500	TORL-4-500; TORL 4 500; TORL4500			Protein delta homolog 1 (DLK1)	TORL Biotherapeutics LLC	Phase1	Phase 1				nar_reference	1	DRG0PHKMG	REFERENCE_CONFIRMED
NAR_DRG0PKYBF	N01-OX2	N01 OX2; N01OX2; IN-N01-OX2; IN N01 OX2			Melatonin receptor type 1A (MTNR1A)	Intellect Neurosciences, Inc	Investigative	Investigative				nar_reference	1	DRG0PKYBF	REFERENCE_CONFIRMED
NAR_DRG0PLPNX	SGN-ALPV	SGN-ALPV; SGN ALPV; SGNALPV			Alkaline phosphatase, germ cell type (ALPG); Alkaline phosphatase, placental type (ALPP)	Seagen Inc	Phase1	Phase 1 (Terminated)	NCT05229900			nar_reference	1	DRG0PLPNX	REFERENCE_CONFIRMED
NAR_DRG0PNJIT	Tisotumab vedotin	HuMax-TF-ADC; Tisotumab vedotin; GCT1015-04; IGG1-1015-011-1006; TF-011-MMAE; WHO 10148; Humax TF ADC; HuMax-TF; HuMax-TF-ADC		STRICT_ADC	Tissue factor (F3)	Seagen Inc; Genmab A/S; Zai Lab Ltd; Rps Medical Technology (Beijing) Co., Ltd	Approved	Approved (FDA): Sep 22, 2021	NCT02001623; NCT02552121; NCT03245736; NCT03438396; NCT03485209; NCT03657043; NCT03786081; NCT03913741; NCT04697628			nar_reference; configs/known_adc_assets.yaml; clinicaltrials	3	DRG0PNJIT; ADC_CANDIDATE_TISOTUMAB_VEDOTIN	MULTISOURCE_CONFIRMED
NAR_DRG0PPLJW	Y-TR1 SPDP	Y-TR1-SPDP			Dipeptidyl peptidase 4 (DPP4)		Investigative	Investigative				nar_reference	1	DRG0PPLJW	REFERENCE_CONFIRMED
NAR_DRG0PPLRQ	GENA-111-AF	GENA-111 AF; GENA-111AF; GENA-111-ADC; GENA-111 ADC			Tumor necrosis factor receptor superfamily member 17 (TNFRSF17)	Genome & Co	Investigative	Investigative				nar_reference	1	DRG0PPLRQ	REFERENCE_CONFIRMED
NAR_DRG0PQJDH	MEDI-2228	MEDI 2228; MEDI-2228; MEDI2 228; MEDI2228			Tumor necrosis factor receptor superfamily member 17 (TNFRSF17)	MedImmune LLC; AstraZeneca PLC	Phase1	Phase 1 (Terminated)	NCT03489525			nar_reference	1	DRG0PQJDH	REFERENCE_CONFIRMED
NAR_DRG0PRKPN	VL-DAB31-SN38	VL DAB31 SN38			Undisclosed		Investigative	Investigative				nar_reference	1	DRG0PRKPN	REFERENCE_CONFIRMED
NAR_DRG0PSWNN	SIBP-A18						Phase1	Phase 1	NCT06985368			nar_reference	1	DRG0PSWNN	REFERENCE_CONFIRMED
NAR_DRG0PULZQ	YL201						Phase3	Phase 3				nar_reference	1	DRG0PULZQ	REFERENCE_CONFIRMED
NAR_DRG0PWAOJ	SGN-CD228A	Anti-CD228-MMAE; SGN CD228A; SGN-CD228A; anti-CD228 antibody-drug conjugate			Melanotransferrin (MELTF)	Seagen Inc	Phase1	Phase 1 (Terminated)	NCT04042480			nar_reference	1	DRG0PWAOJ	REFERENCE_CONFIRMED
NAR_DRG0PXBVI	RC68-PY-Val-Cit-PABC-MMAE	RC68 PY VC PAB MMAE			Epidermal growth factor receptor (EGFR)	RemeGen Co., Ltd	Investigative	Investigative				nar_reference	1	DRG0PXBVI	REFERENCE_CONFIRMED
NAR_DRG0PXQWR	Depatuxizumab mafodotin	ABT-414; ABT-414/806; Depatux-M; Depatuxizumab mafodotin		PRESUMED_STRICT_ADC	Epidermal growth factor receptor (EGFR)	AbbVie, Inc	Phase2	Phase 1/2 (Terminated)				nar_reference; clinicaltrials; conference_abstract_corpus	3	DRG0PXQWR; ADC_CANDIDATE_ADC_SUFFIX_9ba9a67ff4b7	MULTISOURCE_CONFIRMED
NAR_DRG0QAHFT	DS3610						Phase1	Phase 1	NCT07159126			nar_reference	1	DRG0QAHFT	REFERENCE_CONFIRMED
NAR_DRG0QBQKB	EBC-129	EBC 129; EBC-129; EBC129			Carcinoembryonic antigen-related cell adhesion molecule 5 (CEACAM5); Carcinoembryonic antigen-related cell adhesion molecule 6 (CEACAM6)	Experimental Drug Development Centre, PAREXEL International Corp	Phase1	Phase 1				nar_reference	1	DRG0QBQKB	REFERENCE_CONFIRMED
NAR_DRG0QCCTW	KM501	KM 501; KM-501; KM501; Recombinant anti-HER2 domain II and domain IV bispecific antibody-MMAE conjugate (Xuanzhu); XZP-KM501			Receptor tyrosine-protein kinase erbB-2 (HER2 ECD2); Receptor tyrosine-protein kinase erbB-2 (HER2 ECD4)	Xuanzhu Biopharmaceutical Co., Ltd	Phase1	Phase 1				nar_reference	1	DRG0QCCTW	REFERENCE_CONFIRMED
NAR_DRG0QDCHN	PRO-1160	PRO 1160; PRO-1160; PRO1160			CD70 antigen (CD70)	ProfoundBio (Suzhou) Co., Ltd	Phase2	Phase 1/2	NCT05721222			nar_reference	1	DRG0QDCHN	REFERENCE_CONFIRMED
NAR_DRG0QEAUM	RG7787	RG 7787; RG-7787			Mesothelin (MSLN)		Investigative	Investigative				nar_reference	1	DRG0QEAUM	REFERENCE_CONFIRMED
NAR_DRG0QEUVQ	BSC-4201	BSC4201; BSC 4201			Undisclosed	BiSiChem Co. Ltd	Investigative	Investigative				nar_reference	1	DRG0QEUVQ	REFERENCE_CONFIRMED
NAR_DRG0QFDKM	RAD-502	RAD 502; RAD502; Lutetium-177 labeled humanized monoclonal antibody targeting leucine rich repeat containing 15 (LRRC15)			Leucine-rich repeat-containing protein 15 (LRRC15)	Radiopharm Theranostics Ltd	Investigative	Investigative				nar_reference	1	DRG0QFDKM	REFERENCE_CONFIRMED
NAR_DRG0QIJRR	IMB-201	Antibody-drug conjugates (ImmunoBiochem); IMB 201; IMB201			HLA class I histocompatibility antigen, alpha chain G (HLA-G)	ImmunoBiochem Corp	Investigative	Investigative				nar_reference	1	DRG0QIJRR	REFERENCE_CONFIRMED
NAR_DRG0QMIBK	FOR-46	Anti-CD46 antibody drug conjugate; FOR 46; FOR-46; FOR46; FG-3246; FG 3246; FG3246			Membrane cofactor protein (CD46)	University of California San Diego; Fortis Therapeutics, Inc	Phase2	Phase 2	NCT03575819; NCT03650491; NCT05011188			nar_reference	1	DRG0QMIBK	REFERENCE_CONFIRMED
NAR_DRG0QNWFH	CBP-1609	CBP1609; CBP 1609			Undisclosed	Coherent Biopharma Suzhou Co. Ltd	Investigative	Investigative				nar_reference	1	DRG0QNWFH	REFERENCE_CONFIRMED
NAR_DRG0QODVX	16A5-MCC-DM1						Phase1	Phase 1				nar_reference	1	DRG0QODVX	REFERENCE_CONFIRMED
NAR_DRG0QOWCK	NV101	BV101; NV 101; anti-CD99-doxorubicin ADC (Nanovalent); Dox-anti-CD99; NV-101			CD99 antigen (CD99)	NanoValent Pharmaceuticals, Inc	Investigative	Investigative				nar_reference	1	DRG0QOWCK	REFERENCE_CONFIRMED
NAR_DRG0QQETS	BDB-101	BDB101; BDB 101			Programmed cell death 1 ligand 1 (CD274)	Seven And Eight Biopharmaceuticals Inc	Investigative	Investigative				nar_reference	1	DRG0QQETS	REFERENCE_CONFIRMED
NAR_DRG0QQSDO	SGN-PDL1V	PF-08046054; SGN PDL1V; SGN-PDL1V; SGNPDL1V			Programmed cell death 1 ligand 1 (CD274)	Seagen Inc	Phase3	Phase 3	NCT05208762			nar_reference	1	DRG0QQSDO	REFERENCE_CONFIRMED
NAR_DRG0QQUXG	SMP-656	SMP 656; SMP-656; SMP656			Receptor tyrosine-protein kinase erbB-2 (HER2)	Xiling Lab Pharmaceutical Co., Ltd	Phase1	Phase 1				nar_reference	1	DRG0QQUXG	REFERENCE_CONFIRMED
NAR_DRG0QRDUT	AGS-16C3F	AGS 16C3F; AGS-16C3F; AGS-16F; AGS-16M8F; AGS16C3F; Anti-ENPP3-MMAF			Ectonucleotide pyrophosphatase/phosphodiesterase family member 3 (ENPP3)	Agensys, Inc; Astellas Pharma, Inc	Phase2	Phase 2 (Terminated)	NCT01672775; NCT02639182			nar_reference	1	DRG0QRDUT	REFERENCE_CONFIRMED
NAR_DRG0QRLPU	LCB17-0877						Phase1	Phase 1				nar_reference	1	DRG0QRLPU	REFERENCE_CONFIRMED
NAR_DRG0QRTNX	BioLink018						Phase1	Phase 1				nar_reference	1	DRG0QRTNX	REFERENCE_CONFIRMED
NAR_DRG0QTTET	BSA01	BSA 01; BSA-01			Epidermal growth factor receptor (EGFR); Mucin-1 (MUC1)	Biocytogen Pharmaceuticals (Beijing) Co., Ltd	Investigative	Investigative				nar_reference	1	DRG0QTTET	REFERENCE_CONFIRMED
NAR_DRG0QTTWI	Praluzatamab ravtansine	Anti-CD166-DM4-CX-2009; Anti-cd166 probody-drug conjugate cx-2009; CD166 Probody Drug Conjugate; CD166 probody drug conjugate; CX-2009; Praluzatamab ravtansine			CD166 antigen (ALCAM)	ImmunoGen, Inc; CytomX Therapeutics, Inc	Phase2	Phase 2	NCT03149549			nar_reference	1	DRG0QTTWI	REFERENCE_CONFIRMED
NAR_DRG0QWZIT	Polatuzumab vedotin	Polatuzumab vedotin-piic; DCDS4501A; DCDS4501S; FCU-2711; RG-7596; RO-5541077-000; RO5541077; 1313206-42-6; anti-CD79b-VC-MMAE		STRICT_ADC	B-cell antigen receptor complex-associated protein beta chain (CD79B)	Genentech, Inc; Chugai Pharmaceutical Co., Ltd; F. Hoffmann-La Roche Ltd; Roche Holding AG	Approved	Approved (FDA): Jun, 2019	NCT01287741; NCT01290549; NCT01691898; NCT02257567; NCT02600897; NCT02611323; NCT02729896; NCT03274492			nar_reference; configs/known_adc_assets.yaml; clinicaltrials	3	DRG0QWZIT; ADC_CANDIDATE_POLATUZUMAB_VEDOTIN	MULTISOURCE_CONFIRMED
NAR_DRG0QWZSI	VAL-0620	VAL 0620; VAL0620			Myotubularin (MTM1)	Valerion Therapeutics LLC	Investigative	Investigative				nar_reference	1	DRG0QWZSI	REFERENCE_CONFIRMED
NAR_DRG0QXDTN	R4702	R 4702; R-4702			Tumor-associated calcium signal transducer 2 (TROP2)	OBI Pharma, Inc	Investigative	Investigative				nar_reference	1	DRG0QXDTN	REFERENCE_CONFIRMED
NAR_DRG0QYTLQ	IN30728	IN-30728; IN 30728			Undisclosed	Inxmed (Nanjing) Co., Ltd	Investigative	Investigative				nar_reference	1	DRG0QYTLQ	REFERENCE_CONFIRMED
NAR_DRG0QYUVZ	MI-130004	MI130004; MI 130004			Receptor tyrosine-protein kinase erbB-2 (HER2)	Pharma Mar SA	Investigative	Investigative				nar_reference	1	DRG0QYUVZ	REFERENCE_CONFIRMED
NAR_DRG0QZHYU	Sirtratumab vedotin	AGS-15E; AGS15CSGD-1006; ASG 15E; ASG 15ME; ASG-15ME; Ha15-10ac.1vcMMAE; Ha15-10ac12vcMMAE; Sirtratumab vedotin; sirtratumab vedotin			SLIT and NTRK-like protein 6 (SLITRK6)	Agensys, Inc; Astellas Pharma Global Development, Inc; Seagen Inc	Phase1	Phase 1 (Terminated)	NCT01963052			nar_reference	1	DRG0QZHYU	REFERENCE_CONFIRMED
NAR_DRG0RARRJ	MEN-1309	MEN 1309; MEN-1309; MEN1309; MEN1309, OBT076; MEN1309/OBT076; OBT 076; OBT-076; OBT076			Lymphocyte antigen 75 (LY75)	Oxford BioTherapeutics Ltd; A. Menarini Industrie Farmaceutiche Riunite SRL	Phase1	Phase 1	NCT03403725; NCT04064359			nar_reference	1	DRG0RARRJ	REFERENCE_CONFIRMED
NAR_DRG0RBGQK	MHB118C						Phase1	Phase 1	NCT07045454			nar_reference	1	DRG0RBGQK	REFERENCE_CONFIRMED
NAR_DRG0RCFPY	BL-M11D1	BL M11D1; BL-M11D1; BLM11D1			Myeloid cell surface antigen CD33 (CD33)	Sichuan Baili Pharmaceutical Co., Ltd; Chengdu Bailidote Biological Pharmaceutical Co., Ltd; Sichuan Biokin Pharmaceutical Co., Ltd	Phase1	Phase 1				nar_reference	1	DRG0RCFPY	REFERENCE_CONFIRMED
NAR_DRG0RCHSE	SKB-315	A315; SKB 315; SKB-315; SKB315			Claudin-18.2 (CLDN18.2)	KLUS Pharma, Inc; Sichuan Kelun-Biotech Biopharmaceutical Co., Ltd	Phase1	Phase 1	NCT05367635			nar_reference	1	DRG0RCHSE	REFERENCE_CONFIRMED
NAR_DRG0RDZIH	SAB-Y27	SAB Y27; SABY27			Phosphatidylserine synthase 1 (PTDSS1)	Syntab Therapeutics GmbH	Investigative	Investigative				nar_reference	1	DRG0RDZIH	REFERENCE_CONFIRMED
NAR_DRG0RFWQY	ADRX-0706	ADRX 0706; ADRX-0706; ADRX0706			Nectin-4 (NECTIN4)	Adcentrx Therapeutics, Inc	Phase1	Phase 1				nar_reference	1	DRG0RFWQY	REFERENCE_CONFIRMED
NAR_DRG0RHAZG	Ladiratuzumab vedotin	Ladiratuzumab vedotin; MK-6440; SGN-LIV1A; SGN-LIV1A, MK-6440		PRESUMED_STRICT_ADC	Zinc transporter ZIP6 (SLC39A6)	Seagen Inc; F. Hoffmann-La Roche Ltd; Merck Sharp & Dohme Corp	Phase2	Phase 2	NCT01969643; NCT03310957; NCT04032704			nar_reference; clinicaltrials; conference_abstract_corpus	3	DRG0RHAZG; ADC_CANDIDATE_ADC_SUFFIX_1c9d743cf54f	MULTISOURCE_CONFIRMED
NAR_DRG0RIPVI	Becotatug vedotin	MRG 003; MRG-003; MRG003		PRESUMED_STRICT_ADC	Epidermal growth factor receptor (EGFR)	Shanghai Miracogen Inc; Lepu Biopharma Co., Ltd	Approved	Approved (FDA): Oct, 2025	NCT04868344			nar_reference; clinicaltrials; conference_abstract_corpus	3	DRG0RIPVI; ADC_CANDIDATE_ADC_SUFFIX_29ab8f6ef000	MULTISOURCE_CONFIRMED
NAR_DRG0RJKWE	STRO-001	BN301; SP-7219; SP-7675; SP-7676; STRO 001; STRO- 001; STRO-001			HLA class II histocompatibility antigen gamma chain (CD74)	Sutro Biopharma, Inc; BioNova Pharmaceuticals (Shanghai) Ltd; Piramal Pharma Solutions, Inc	Phase2	Phase 1/2 (Terminated)				nar_reference	1	DRG0RJKWE	REFERENCE_CONFIRMED
NAR_DRG0RLKMU	IBI343						Phase3	Phase 3				nar_reference	1	DRG0RLKMU	REFERENCE_CONFIRMED
NAR_DRG0RMBUN	IMGC-936	AEX6003 (S442C)-DGN549; IMGC 936; IMGC-936; IMGC936			Disintegrin and metalloproteinase domain-containing protein 9 (ADAM9)	ImmunoGen, Inc; MacroGenics, Inc	Phase2	Phase 1/2	NCT04622774			nar_reference	1	DRG0RMBUN	REFERENCE_CONFIRMED
NAR_DRG0RMWCH	SOT-102	SO- N102; SO-N102; SOT 102; SOT-102; SOT102; SOT102, SO- N102			Claudin-18.2 (CLDN18.2)	SCTbio as	Phase2	Phase 1/2 (Terminated)	NCT05525286			nar_reference	1	DRG0RMWCH	REFERENCE_CONFIRMED
NAR_DRG0RNICE	BIO104	BIO 104; BIO-104			Undisclosed	Boostimmune, Inc	Investigative	Investigative				nar_reference	1	DRG0RNICE	REFERENCE_CONFIRMED
NAR_DRG0RONXP	SIM0609						Phase1	Phase 1	NCT07265921			nar_reference	1	DRG0RONXP	REFERENCE_CONFIRMED
NAR_DRG0RRDEF	Luveltamab tazevibulin	DBCO-Alexa647-conjugated SP7219; Luveltamab Tazevibulin; Luveltamab tazevibulin; STRO 002; STRO-002; anti-FolRa ADC STRO-002; luvelta			Folate receptor alpha (FOLR1)	Sutro Biopharma, Inc; Tasly Biopharmaceuticals Co., Ltd	Phase3	Phase 2/3				nar_reference	1	DRG0RRDEF	REFERENCE_CONFIRMED
NAR_DRG0RRORA	AK138D1						Phase1	Phase 1	NCT06730386; NCT07281326			nar_reference	1	DRG0RRORA	REFERENCE_CONFIRMED
NAR_DRG0RSBMJ	Sofituzumab vedotin	Anti-MUC16 ADC MMAE; Anti-MUC16 MMAE ADC; Anti-MUC16 mAb MMAE; Anti-MUC16 monoclonal antibody MMAE; Anti-MUC16 monoclonal antibody monomethyl auristatin E conjugate; Anti-MUC16 monoclonal antibody vedotin; DMUC-5754A; DMUC5754A; MMAE anti-MUC16; MMAE anti-MUC16 mAb; RG-7458; RG7458, DMUC 5754A; Sofituzumab vedotin			Mucin-16 (MUC16)	Genentech, Inc; Roche Holding AG	Phase1	Phase 1 (Terminated)				nar_reference	1	DRG0RSBMJ	REFERENCE_CONFIRMED
NAR_DRG0RUAXZ	DS001						Phase1	Phase 1				nar_reference	1	DRG0RUAXZ	REFERENCE_CONFIRMED
NAR_DRG0RVNRW	J58-PE24	J58 PE24; J58PE24			Glypican-3 (GPC3)		Investigative	Investigative				nar_reference	1	DRG0RVNRW	REFERENCE_CONFIRMED
NAR_DRG0RVOYG	GenSci140						Phase1	Phase 1	NCT07251166			nar_reference	1	DRG0RVOYG	REFERENCE_CONFIRMED
NAR_DRG0RWFIB	SG3-Val-Cit-MMAF8	SG3 vcMMAF8			Tumor necrosis factor receptor superfamily member 17 (TNFRSF17)	Seagen Inc	Investigative	Investigative				nar_reference	1	DRG0RWFIB	REFERENCE_CONFIRMED
NAR_DRG0RWVUF	V-DOS47	V DOS47; VDOS47			Vascular endothelial growth factor receptor 2 (KDR)	Helix BioPharma Corp	Investigative	Investigative				nar_reference	1	DRG0RWVUF	REFERENCE_CONFIRMED
NAR_DRG0RYBMQ	SHR-A1201	SHR A1201; SHR-A1201; SHRA1201			Receptor tyrosine-protein kinase erbB-2 (HER2)	Jiangsu Hengrui Pharmaceuticals Co., Ltd; Shanghai Hengrui Pharmaceutical Co., Ltd	Phase1	Phase 1 (Terminated)				nar_reference	1	DRG0RYBMQ	REFERENCE_CONFIRMED
NAR_DRG0RZJIL	Tamrintamab pamozirine	SC 003; SC-003; SC003; Tamrintamab pamozirine			Dipeptidase 3 (DPEP3)	AbbVie, Inc; Stemcentrx, Inc	Phase1	Phase 1 (Terminated)	NCT02539719			nar_reference	1	DRG0RZJIL	REFERENCE_CONFIRMED
NAR_DRG0SACUI	BB-1705	BB-1705; BB 1705; BB1705			Epidermal growth factor receptor (EGFR)	Baili Sikang Biomedicine (Hangzhou) Co., Ltd	Phase2	Phase 1/2	NCT05217693			nar_reference	1	DRG0SACUI	REFERENCE_CONFIRMED
NAR_DRG0SALIN	SHR-7782						Phase1	Phase 1	NCT07123129			nar_reference	1	DRG0SALIN	REFERENCE_CONFIRMED
NAR_DRG0SARIF	HDM2020						Phase1	Phase 1	NCT07098052			nar_reference	1	DRG0SARIF	REFERENCE_CONFIRMED
NAR_DRG0SAXJE	IN30705	IN 30705; IN-30705			Prolyl endopeptidase FAP (FAP)	Inxmed (Nanjing) Co., Ltd	Investigative	Investigative				nar_reference	1	DRG0SAXJE	REFERENCE_CONFIRMED
NAR_DRG0SBFHC	GR1017						Phase1	Phase 1	NCT06874335			nar_reference	1	DRG0SBFHC	REFERENCE_CONFIRMED
NAR_DRG0SBYGM	Blinatumomab-amanitin	Blinatumomab amanitin			B-lymphocyte antigen CD19 (CD19); T-cell surface glycoprotein CD3 delta chain (CD3D)	LegoChem Biosciences, Inc	Investigative	Investigative				nar_reference	1	DRG0SBYGM	REFERENCE_CONFIRMED
NAR_DRG0SCLSY	GB-251	GB 251; GB-251; NBT 828; NBT-828; NBT828			Receptor tyrosine-protein kinase erbB-2 (HER2)	NewBio Therapeutics	Phase1	Phase 1 (Terminated)				nar_reference	1	DRG0SCLSY	REFERENCE_CONFIRMED
NAR_DRG0SDGDV	C6vcMMAD	C6-vc-MMAD			Tumor-associated calcium signal transducer 2 (TROP2)	Pfizer Inc	Investigative	Investigative				nar_reference	1	DRG0SDGDV	REFERENCE_CONFIRMED
NAR_DRG0SDZSF	Lorvotuzumab mertansine	BB-10901; IMGN-901; IMGN-901, N901-DM1, BB-10901; IMGN-901-TAP; IMGN901 TAP; Lorvotuzumab mertansine; Monoclonal antibody huN901-DM1 conjugate; huN-901-DM1; huN-901-SPP-DM1; huN901-DM1; huN901-DM1 antibody; huN901-SPP-DM1			Neural cell adhesion molecule 1 (NCAM1)	ImmunoGen, Inc	Phase2	Phase 2 (Terminated)	NCT00346255			nar_reference	1	DRG0SDZSF	REFERENCE_CONFIRMED
NAR_DRG0SEAFV	PYX-201	PYX 201; PYX-201; PYX201			Fibronectin (FN1)	Pfizer Inc; Pyxis Oncology, Inc	Phase1	Phase 1	NCT05720117			nar_reference	1	DRG0SEAFV	REFERENCE_CONFIRMED
NAR_DRG0SEZFV	DhuVHH6-PE38	Anti-CD7 nanobody based immunotoxins; Anti-CD7 nanobody based immunotoxins (Soochow University/PersonGen Biomedicine)			T-cell antigen CD7 (CD7)	Medical College of Soochow University; PersonGen Biomedicine (Suzhou) Co., Ltd	Investigative	Investigative				nar_reference	1	DRG0SEZFV	REFERENCE_CONFIRMED
NAR_DRG0SGCAF	BG-C477						Phase1	Phase 1	NCT06596473			nar_reference	1	DRG0SGCAF	REFERENCE_CONFIRMED
NAR_DRG0SGUGL	Ispectamab debotansine	Anti-BCMA antibody drug conjugate; BMS-986352; BMS-986352, CC-99712, SP8919; CC 99712; CC-99712; Ispectamab debotansine; SP8919			Tumor necrosis factor receptor superfamily member 17 (TNFRSF17)	Sutro Biopharma, Inc; Celgene Corp; Bristol Myers Squibb Co	Phase1	Phase 1 (Terminated)				nar_reference	1	DRG0SGUGL	REFERENCE_CONFIRMED
NAR_DRG0SGXZO	huHEA125-amanitin4	huHEA125 Amanitin4			Epithelial cell adhesion molecule (EPCAM)	Heidelberg Pharma AG	Investigative	Investigative				nar_reference	1	DRG0SGXZO	REFERENCE_CONFIRMED
NAR_DRG0SHGPV	PF-06647263	Anti-EFNA4-ADC; Anti-EFNA4-monoclonal-antibody-calicheamicin-conjugate; PF 6647263; PF-06647263; PF06647263; PF-0667263; PF 0667263; PF0667263			Ephrin-A4 (EFNA4)	Pfizer Inc	Phase1	Phase 1 (Terminated)	NCT02078752			nar_reference	1	DRG0SHGPV	REFERENCE_CONFIRMED
NAR_DRG0SHZAQ	BCG034						Phase1	Phase 1	NCT07503808			nar_reference	1	DRG0SHZAQ	REFERENCE_CONFIRMED
NAR_DRG0SIMLV	ESG-401	ESG 401; ESG-401; Humanized anti-Trop2-SN38 antibody conjugate; Humanized mAb anti-TROP-2 program; STI- 3258; STI-3258			Tumor-associated calcium signal transducer 2 (TROP2)	Shanghai Escugen Biotechnology	Phase3	Phase 3	NCT04892342			nar_reference	1	DRG0SIMLV	REFERENCE_CONFIRMED
NAR_DRG0SIURJ	CPO-204	CPO 204; CPO-204; CPO204			Undisclosed	CSPC Pharmaceutical Group Ltd	Phase1	Phase 1				nar_reference	1	DRG0SIURJ	REFERENCE_CONFIRMED
NAR_DRG0SJVKP	<sup>111</sup>In-DTPA-D2B-DAR2-MMAE						Investigative	Investigative				nar_reference	1	DRG0SJVKP	REFERENCE_CONFIRMED
NAR_DRG0SLLFJ	BCG022	BCG 022; BCG-022			Receptor tyrosine-protein kinase erbB-3 (ERBB3); Hepatocyte growth factor receptor (MET)	Biocytogen Pharmaceuticals (Beijing) Co., Ltd	Investigative	Investigative				nar_reference	1	DRG0SLLFJ	REFERENCE_CONFIRMED
NAR_DRG0SMAPS	PF-08052667						Phase1	Phase 1	NCT07206225			nar_reference	1	DRG0SMAPS	REFERENCE_CONFIRMED
NAR_DRG0SMTQN	MG2002A						Phase1	Phase 1				nar_reference	1	DRG0SMTQN	REFERENCE_CONFIRMED
NAR_DRG0SNPYJ	PBX-001	PBX 001; PBX001			Tumor-associated calcium signal transducer 2 (TROP2)	Pinotbio	Investigative	Investigative				nar_reference	1	DRG0SNPYJ	REFERENCE_CONFIRMED
NAR_DRG0SNURI	OBI-999	Globo H ADC; OBI 999; OBI-999; OBI999			Globo H (globotriaosylceramide)	OBI Pharma, Inc	Phase2	Phase 1/2 (Terminated)	NCT04084366			nar_reference	1	DRG0SNURI	REFERENCE_CONFIRMED
NAR_DRG0SPYZJ	TST013	TST 013; TST-013			Undisclosed	TST-013 Mabspace Biosciences Co., Ltd	Investigative	Investigative				nar_reference	1	DRG0SPYZJ	REFERENCE_CONFIRMED
NAR_DRG0SQAHG	Septuximab vedotin	Septuximab vedotin			Frizzled-7 (FZD7)	University of California San Diego	Investigative	Investigative				nar_reference	1	DRG0SQAHG	REFERENCE_CONFIRMED
NAR_DRG0SQAQX	AMB-101	AMB101; AMB 101; AMB-101 (AmMax Bio)			Undisclosed	AmMax Bio, Inc	Investigative	Investigative				nar_reference	1	DRG0SQAQX	REFERENCE_CONFIRMED
NAR_DRG0SQXAL	ARX-517	ARX 517; ARX-517; ARX517			Glutamate carboxypeptidase 2 (FOLH1)	Ambrx, Inc	Phase1	Phase 1	NCT04662580			nar_reference	1	DRG0SQXAL	REFERENCE_CONFIRMED
NAR_DRG0SSFSR	DM001	DM 001; DM-001; DM001			Tumor-associated calcium signal transducer 2 (TROP2); Epidermal growth factor receptor (EGFR)	Xadcera Biopharmaceutical (Suzhou) Co., Ltd; Biocytogen Pharmaceuticals (Beijing) Co., Ltd	Phase1	Phase 1				nar_reference	1	DRG0SSFSR	REFERENCE_CONFIRMED
NAR_DRG0SSTBB	HS-20108						Phase1	Phase 1	NCT06936735			nar_reference	1	DRG0SSTBB	REFERENCE_CONFIRMED
NAR_DRG0STCNY	OX-002	OX 002; OX002			Lymphocyte antigen 75 (LY75)	Oxford BioTherapeutics Ltd	Investigative	Investigative				nar_reference	1	DRG0STCNY	REFERENCE_CONFIRMED
NAR_DRG0SURHR	PF-08046031						Phase1	Phase 1	NCT06799533			nar_reference	1	DRG0SURHR	REFERENCE_CONFIRMED
NAR_DRG0SUYIT	G-100						Investigative	Investigative				nar_reference	1	DRG0SUYIT	REFERENCE_CONFIRMED
NAR_DRG0SVXYY	RC-188	RC188; RC 188			Undisclosed	RemeGen Co., Ltd	Investigative	Investigative				nar_reference	1	DRG0SVXYY	REFERENCE_CONFIRMED
NAR_DRG0SWCOG	ADC2122						Phase1	Phase 1	NCT05423977			nar_reference	1	DRG0SWCOG	REFERENCE_CONFIRMED
NAR_DRG0SXFSY	Inotuzumab ozogamicin	CMC-544; PF-05208773; PF-5208773; WAY-207294; INO		STRICT_ADC	B-cell receptor CD22 (CD22)	Pfizer Inc; Wyeth Pharmaceuticals LLC	Approved	Approved (FDA): Aug, 2017	NCT00073749; NCT00299494; NCT00717925; NCT00724971; NCT01134575; NCT01535989; NCT01564784; NCT02981628			nar_reference; configs/known_adc_assets.yaml; clinicaltrials	3	DRG0SXFSY; ADC_CANDIDATE_INOTUZUMAB_OZOGAMICIN	MULTISOURCE_CONFIRMED
NAR_DRG0SYLKC	B7H3-MMAE	B7H3MMAE; B7H3 MMAE			CD276 antigen (CD276)	Anwita Biosciences, Inc	Investigative	Investigative				nar_reference	1	DRG0SYLKC	REFERENCE_CONFIRMED
NAR_DRG0SZERO	Lonigutamab ugodotin	F50085-hz208F2-4-F556311; Lonigutamab ugodotin; W 0101; W-0101; W0101			Insulin-like growth factor 1 receptor (IGF1R)	Pierre Fabre SA,	Phase2	Phase 1/2 (Terminated)	NCT03316638			nar_reference	1	DRG0SZERO	REFERENCE_CONFIRMED
NAR_DRG0SZKXH	BYON-3521	BYON 3521; BYON-3521; BYON3521			Hepatocyte growth factor receptor (MET)	Syntarga BV; Byondis BV	Phase1	Phase 1	NCT05261269; NCT05323045			nar_reference	1	DRG0SZKXH	REFERENCE_CONFIRMED
NAR_DRG0SZXVK	PF-08046032						Phase1	Phase 1	NCT06870487			nar_reference	1	DRG0SZXVK	REFERENCE_CONFIRMED
NAR_DRG0TAOLW	LY203725						Phase1	Phase 1				nar_reference	1	DRG0TAOLW	REFERENCE_CONFIRMED
NAR_DRG0TBCEQ	HS-20093	HS 20093; HS-20093; HS20093			CD276 antigen (CD276)	Shanghai Hansoh Biomedical Co. Ltd	Phase3	Phase 3	NCT05276609			nar_reference	1	DRG0TBCEQ	REFERENCE_CONFIRMED
NAR_DRG0TCBEP	Hertuzumab vedotin	Hertuzumab-vc-MMAE			Receptor tyrosine-protein kinase erbB-2 (HER2)	Rongchang Pharmaceuticals Ltd	Investigative	Investigative				nar_reference	1	DRG0TCBEP	REFERENCE_CONFIRMED
NAR_DRG0TCKKR	XMT-2175	XMT2175; XMT 2175			Undisclosed	Mersana Therapeutics, Inc	Investigative	Investigative				nar_reference	1	DRG0TCKKR	REFERENCE_CONFIRMED
NAR_DRG0TDXML	Epratuzumab-SN38						Phase1	Phase 1				nar_reference	1	DRG0TDXML	REFERENCE_CONFIRMED
NAR_DRG0TEQRI	MP-LGS-ADC						Phase1	Phase 1				nar_reference	1	DRG0TEQRI	REFERENCE_CONFIRMED
NAR_DRG0TEQTA	CM-09	CM-09 (Curemeta); CM09; CM 09			Undisclosed	Curemetrix, Inc	Investigative	Investigative				nar_reference	1	DRG0TEQTA	REFERENCE_CONFIRMED
NAR_DRG0TEUSB	ANG-101	ANG101; ANG 101			Undisclosed	Angiex, Inc	Investigative	Investigative				nar_reference	1	DRG0TEUSB	REFERENCE_CONFIRMED
NAR_DRG0TGZKY	AMT-151	AMT 151; AMT-151; AMT151			Folate receptor alpha (FOLR1)	Multitude Therapeutics, Inc	Phase1	Phase 1	NCT05498597			nar_reference	1	DRG0TGZKY	REFERENCE_CONFIRMED
NAR_DRG0THGAW	Trastuzumab duocarmazine	(vic-)trastuzumab-duocarmazine; Anti-HER2 ADC (Byondis); SYD 985; SYD-985; SYD985; Trastuzumab duocarmazine; Trastuzumab vc-seco-DUBA; Trastuzumab-SYD980; humanized monoclonal antibody conjugated to the pro-drug seco-duocarmycinhydroxyb			Receptor tyrosine-protein kinase erbB-2 (HER2)	Synthon BV; Byondis BV	Phase3	Phase 3	NCT01042379; NCT02277717; NCT03262935; NCT04205630; NCT04235101; NCT04602117; NCT04983238			nar_reference	1	DRG0THGAW	REFERENCE_CONFIRMED
NAR_DRG0TIZXC	Trastuzumab botidotin	A 166; A-166; A166; KL-A166			Receptor tyrosine-protein kinase erbB-2 (HER2)	Sichuan Kelun Pharmaceutical Co., Ltd; Fudan University; KLUS Pharma, Inc; Levena Biopharma US, Inc	Approved	Approved (FDA): Oct, 2025	NCT03602079; NCT05311397; NCT05346328			nar_reference	1	DRG0TIZXC	REFERENCE_CONFIRMED
NAR_DRG0TJYIW	ORM-6151	ORM 6151; ORM6151			Myeloid cell surface antigen CD33 (CD33)	Orum Therapeutics, Inc	Phase3	Phase 3				nar_reference	1	DRG0TJYIW	REFERENCE_CONFIRMED
NAR_DRG0TKVCB	Loncastuximab tesirine	ADCT 402; ADCT-402; MT-2111; Anti-CD19-PBD-conjugate-ADC; Immunoglobulin g1-kappa; Lonca; Lonca-T; loncastuximab tesirine-lpyl		STRICT_ADC	B-lymphocyte antigen CD19 (CD19)	ADC Therapeutics SA; BSP Pharmaceuticals SpA; Overland Pharmaceutical (Shanghai) Co., Ltd	Approved	Approved (FDA):Apr, 2021	NCT02669017; NCT02669264; NCT03589469			nar_reference; configs/known_adc_assets.yaml; clinicaltrials	3	DRG0TKVCB; ADC_CANDIDATE_LONCASTUXIMAB_TESIRINE	MULTISOURCE_CONFIRMED
NAR_DRG0TMDEU	AMT-754						Phase1	Phase 1	NCT06597721			nar_reference	1	DRG0TMDEU	REFERENCE_CONFIRMED
NAR_DRG0TMDKY	AOC 1044	Antibody-targeted exon-skipping siRNA (Avidity Biosciences); Antibody-targeted exon-skipping siRNA (Avidity Biosciences)			Dystrophin (DMD)	Avidity Biosciences, Inc	Investigative	Investigative				nar_reference	1	DRG0TMDKY	REFERENCE_CONFIRMED
NAR_DRG0TMPMK	PHN-010	PHN 010; PHN-010; PHN010			Undisclosed	Pheon Therapeutics Ltd	Phase1	Phase 1				nar_reference	1	DRG0TMPMK	REFERENCE_CONFIRMED
NAR_DRG0TNQTB	DXC1002						Phase1	Phase 1				nar_reference	1	DRG0TNQTB	REFERENCE_CONFIRMED
NAR_DRG0TOMLD	GB7008-01-Val-Cit-MMAE	Anti-CLDN6 antibody drug conjugate (cancer); GB-7008-01 vcMMAE			Claudin-6 (CLDN6)	Shanghai Genechem Co., Ltd	Investigative	Investigative				nar_reference	1	DRG0TOMLD	REFERENCE_CONFIRMED
NAR_DRG0TPQUN	9MW-2821	9MW 2821; 9MW-2821; 9MW2821			Nectin-4 (NECTIN4)	Jiangsu Maiweikang New Drug R & D Co., Ltd; Mabwell (Shanghai) Bioscience Co., Ltd	Phase2	Phase 1/2				nar_reference	1	DRG0TPQUN	REFERENCE_CONFIRMED
NAR_DRG0TSLDF	SHR-A1921	SHR A1921; SHR-A1921; SHRA1921; SHR-1921; SHR 1921; SHR1921			Tumor-associated calcium signal transducer 2 (TROP2)	Suzhou Suncadia Biopharmaceuticals Co., Ltd; Shanghai Hengrui Pharmaceutical Co., Ltd	Phase2	Phase 2	NCT05154604; NCT05594875; NCT05765032			nar_reference	1	DRG0TSLDF	REFERENCE_CONFIRMED
NAR_DRG0TTTUA	SHR-A2009	SHR A2009; SHR-A2009; SHRA2009			Receptor tyrosine-protein kinase erbB-3 (HER3)	Suzhou Suncadia Biopharmaceuticals Co., Ltd	Phase3	Phase 3	NCT05114759; NCT05394818			nar_reference	1	DRG0TTTUA	REFERENCE_CONFIRMED
NAR_DRG0TUKTY	PRO-1184						Phase3	Phase 3				nar_reference	1	DRG0TUKTY	REFERENCE_CONFIRMED
NAR_DRG0TWLXC	SBT-6290	SBT 6290; SBT-6290; SBT6290			Nectin-4 (NECTIN4)	Silverback Therapeutics, Inc; ARS Pharmaceuticals, Inc	Phase2	Phase 1/2 (Terminated)				nar_reference	1	DRG0TWLXC	REFERENCE_CONFIRMED
NAR_DRG0TZVTS	SYS6040						Phase1	Phase 1	NCT06970795			nar_reference	1	DRG0TZVTS	REFERENCE_CONFIRMED
NAR_DRG0TZZNJ	Mipasetamab uzoptirine	ADCT 601; ADCT-601; ADCT601; BGB 601; BGB-601; BGB601; Mipasetamab uzoptirine			Tyrosine-protein kinase receptor UFO (AXL)	ADC Therapeutics SA; Overland Pharmaceutical (Shanghai) Co., Ltd	Phase1	Phase 1				nar_reference	1	DRG0TZZNJ	REFERENCE_CONFIRMED
NAR_DRG0UBSWW	SIM0610						Phase1	Phase 1	NCT07348211			nar_reference	1	DRG0UBSWW	REFERENCE_CONFIRMED
NAR_DRG0UCTSX	RG-7600						Phase1	Phase 1				nar_reference	1	DRG0UCTSX	REFERENCE_CONFIRMED
NAR_DRG0UEGSE	33B7-Saporin	Anti-PTGFRN antibody-drug conjugate (A&G Pharmaceutical); Anti-PTGFRN antibody-drug conjugate			Prostaglandin F2 receptor negative regulator (PTGFRN)	A&G Pharmaceutical, Inc	Investigative	Investigative				nar_reference	1	DRG0UEGSE	REFERENCE_CONFIRMED
NAR_DRG0UEVLW	TGW101						Phase1	Phase 1	NCT06959706			nar_reference	1	DRG0UEVLW	REFERENCE_CONFIRMED
NAR_DRG0UFAIG	SBE303						Phase1	Phase 1	NCT07524348			nar_reference	1	DRG0UFAIG	REFERENCE_CONFIRMED
NAR_DRG0UFZLI	NBE-001	NBE 001; NBE001			Undisclosed	NBE-Therapeutics AG	Investigative	Investigative				nar_reference	1	DRG0UFZLI	REFERENCE_CONFIRMED
NAR_DRG0UGQRX	Enlimomab pegol						Phase1	Phase 1				nar_reference	1	DRG0UGQRX	REFERENCE_CONFIRMED
NAR_DRG0UHEOR	HS-20089	HS 20089; HS-20089; HS20089			V-set domain-containing T-cell activation inhibitor 1 (VTCN1)	Shanghai Hansoh Biomedical Co. Ltd	Phase3	Phase 3	NCT05263479			nar_reference	1	DRG0UHEOR	REFERENCE_CONFIRMED
NAR_DRG0UHUMZ	IBI-354	IBI 354; IBI-354; IBI354			Receptor tyrosine-protein kinase erbB-2 (HER2)	Innovent Biologics (Suzhou) Co. Ltd	Phase3	Phase 3				nar_reference	1	DRG0UHUMZ	REFERENCE_CONFIRMED
NAR_DRG0UHXQK	SYS6041						Phase1	Phase 1				nar_reference	1	DRG0UHXQK	REFERENCE_CONFIRMED
NAR_DRG0UIDCY	NJH-395	Immune stimulator antibody conjugate; NJH 395; NJH-395; NJH395			Receptor tyrosine-protein kinase erbB-2 (HER2)	Novartis Pharma AG	Phase1	Phase 1 (Terminated)	NCT03696771			nar_reference	1	DRG0UIDCY	REFERENCE_CONFIRMED
NAR_DRG0UIZFH	XB3-001	Melanotransferrin-trastuzumab conjugate (biOasis); MTf-TZM; MTfp-TZM; p97-trastuzumab conjugate (T)			Receptor tyrosine-protein kinase erbB-2 (HER2)	Bioasis Technologies, Inc	Investigative	Investigative				nar_reference	1	DRG0UIZFH	REFERENCE_CONFIRMED
NAR_DRG0UJALJ	MSLN MMAE	MSLNMMAE; MSLN MMAE (Anwita Biosciences); MSLN-MMAE			Mesothelin (MSLN)	Anwita Biosciences, Inc	Investigative	Investigative				nar_reference	1	DRG0UJALJ	REFERENCE_CONFIRMED
NAR_DRG0UJMPA	BA-1302	BA 1302; BA-1302; BA1302			Melanotransferrin (MELTF)	Shandong Boan Biotechnology Co., Ltd; Luye Pharma Group Ltd	Phase1	Phase 1				nar_reference	1	DRG0UJMPA	REFERENCE_CONFIRMED
NAR_DRG0UJUZQ	GQ-1007	GQ 1007; GQ-1007; GQ1007			Receptor tyrosine-protein kinase erbB-2 (HER2)	GeneQuantum Healthcare (Suzhou) Co. Ltd; Borui Biomedical Technology (Suzhou) Co., Ltd	Phase1	Phase 1 (Terminated)				nar_reference	1	DRG0UJUZQ	REFERENCE_CONFIRMED
NAR_DRG0ULCEQ	Rovalpituzumab tesirine	P256HB60FF; Rova-T; Rovalpituzumab tesirine; SC-0002; SC0001-SCX; SC0001SCX; SC16LD6.5		PRESUMED_STRICT_ADC	Delta-like protein 3 (DLL3)	AbbVie, Inc	Phase3	Phase 3 (Terminated)	NCT02674568; NCT02709889; NCT02819999; NCT03000257; NCT03033511			nar_reference; clinicaltrials; conference_abstract_corpus	3	DRG0ULCEQ; ADC_CANDIDATE_ADC_SUFFIX_f9862657f765	MULTISOURCE_CONFIRMED
NAR_DRG0ULJQN	OBT207	OBT-207; OBT 207			Undisclosed	Oxford BioTherapeutics Ltd	Investigative	Investigative				nar_reference	1	DRG0ULJQN	REFERENCE_CONFIRMED
NAR_DRG0UPZCS	MGC026						Phase1	Phase 1	NCT06242470			nar_reference	1	DRG0UPZCS	REFERENCE_CONFIRMED
NAR_DRG0UQTJG	Lifastuzumab vedotin	Anti-NaPi2b ADC; DNIB-0600A; DNIB0600A; LIFA; Lifastuzumab vedotin; NaPi2b-ADC; NaPi3b; RG-7599; RG7599, DNIB-0600A; RO-5541081		PRESUMED_STRICT_ADC	Sodium-dependent phosphate transport protein 2B (SLC34A2)	Genentech, Inc; Roche Holding AG; Roche Holding AG	Phase2	Phase 2 (Terminated)	NCT01363947; NCT01911598; NCT01991210; NCT01995188			nar_reference; conference_abstract_corpus	2	DRG0UQTJG; ADC_SUFFIX_bc2ad9c3ea01	MULTISOURCE_CONFIRMED
NAR_DRG0UQXWB	BI-CON-02	BI-CON-02; BI CON 02; BICON02			Receptor tyrosine-protein kinase erbB-2 (HER2)	BioIntegrator LLC	Phase1	Phase 1 (Terminated)	NCT03062007			nar_reference	1	DRG0UQXWB	REFERENCE_CONFIRMED
NAR_DRG0USADY	DXC004						Phase1	Phase 1				nar_reference	1	DRG0USADY	REFERENCE_CONFIRMED
NAR_DRG0USIEY	DA-3501						Phase1	Phase 1	NCT07481357			nar_reference	1	DRG0USIEY	REFERENCE_CONFIRMED
NAR_DRG0USILO	TAC-001	CD22 targeting TRAAC-Tallac Therapeutics; TAAC-001; TAC 001; TAC-001			B-cell receptor CD22 (CD22)	Tallac Therapeutics, Inc	Phase2	Phase 1/2	NCT05399654			nar_reference	1	DRG0USILO	REFERENCE_CONFIRMED
NAR_DRG0UTRTT	<sup>124</sup>I-scFvD2B						Investigative	Investigative				nar_reference	1	DRG0UTRTT	REFERENCE_CONFIRMED
NAR_DRG0UTYGF	Trastuzumab-deBouganin	Anti-HER2 single-chain Fv dimer-deBouganin ADC (Sesen Bio/AviPep); T-deB			Receptor tyrosine-protein kinase erbB-2 (HER2)	Viventia Bio, Inc; Avipep Pty Ltd; Sesen Bio, Inc	Investigative	Investigative				nar_reference	1	DRG0UTYGF	REFERENCE_CONFIRMED
NAR_DRG0UUEEH	SC-002	SC 002; SC-002; SC002			Delta-like protein 3 (DLL3)	Stemcentrx, Inc; AbbVie, Inc	Phase1	Phase 1 (Terminated)	NCT02500914			nar_reference	1	DRG0UUEEH	REFERENCE_CONFIRMED
NAR_DRG0UUFIR	SYD998	WO2015177360A1_ADC-wt; SYD 998; SYD-998			Glutamate carboxypeptidase 2 (FOLH1)	Byodes Private Ltd	Investigative	Investigative				nar_reference	1	DRG0UUFIR	REFERENCE_CONFIRMED
NAR_DRG0UUOGO	TORL-2-307-ADC	TORL-2-307 ADC; TORL-2-307- ADC; TORL-2-307- ADC, TORL-2-307-MAB; TORL-2-307-ADC; TORL-2-307-MAB			Claudin-18.2 (CLDN18.2)	TORL Biotherapeutics LLC	Phase1	Phase 1	NCT05156866			nar_reference	1	DRG0UUOGO	REFERENCE_CONFIRMED
NAR_DRG0UVYLY	SYS6005						Phase1	Phase 1	NCT06958679			nar_reference	1	DRG0UVYLY	REFERENCE_CONFIRMED
NAR_DRG0UWYXJ	ALTA-002	ALTA 002; ALTA-002; Anti-SIRPa antibody conjugated toll-like receptor 9 agonists-ALX Oncology/Tallac Therapeutics; TAC002			Leukocyte surface antigen CD47 (CD47)	ALX Oncology, Inc; Tallac Therapeutics, Inc	Phase1	Phase 1				nar_reference	1	DRG0UWYXJ	REFERENCE_CONFIRMED
NAR_DRG0UYIOG	YL-212	YL212; YL 212			Delta-like protein 3 (DLL3)	Suzhou Medilink Therapeutics Ltd; Zai Lab Ltd	Investigative	Investigative				nar_reference	1	DRG0UYIOG	REFERENCE_CONFIRMED
NAR_DRG0UZQBB	NOV0712-DXd	NOV0712 DXd			Cadherin-6 (CDH6)	Daiichi Sankyo Co., Ltd	Investigative	Investigative				nar_reference	1	DRG0UZQBB	REFERENCE_CONFIRMED
NAR_DRG0VFBIW	AMG-224	AMG 224; AMG-224; AMG22 4; AMG224			Tumor necrosis factor receptor superfamily member 17 (TNFRSF17)	Amgen, Inc	Phase1	Phase 1 (Terminated)	NCT02561962			nar_reference	1	DRG0VFBIW	REFERENCE_CONFIRMED
NAR_DRG0VFEIE	BR111						Phase1	Phase 1	NCT06937957			nar_reference	1	DRG0VFEIE	REFERENCE_CONFIRMED
NAR_DRG0VFTUI	LY256787						Phase1	Phase 1				nar_reference	1	DRG0VFTUI	REFERENCE_CONFIRMED
NAR_DRG0VGXGH	CD4-BFFI	AntiCD mAb 6314+T561; CD4 BFFI; CD4BFFI			T-cell surface glycoprotein CD4 (CD4)	Roche Holding AG	Investigative	Investigative				nar_reference	1	DRG0VGXGH	REFERENCE_CONFIRMED
NAR_DRG0VHHWJ	OBI-998	OBI 998; OBI998			Stage-specific embryonic antigen-4 (SSEA-4)	OBI Pharma, Inc	Investigative	Investigative				nar_reference	1	DRG0VHHWJ	REFERENCE_CONFIRMED
NAR_DRG0VHRBL	RC-88	RC 88; RC-88; RC-88 ADC; RC88			Mesothelin (MSLN)	RemeGen Co., Ltd	Phase2	Phase 1/2	NCT04175847; NCT05508334			nar_reference	1	DRG0VHRBL	REFERENCE_CONFIRMED
NAR_DRG0VHVOA	TUB-030	TUB 030; TUB-030; TUB030			Trophoblast glycoprotein (TPBG)	Tubulis GmbH	Phase2	Phase 1/2				nar_reference	1	DRG0VHVOA	REFERENCE_CONFIRMED
NAR_DRG0VHXYA	GQ-1005	GQ 1005; GQ-1005; GQ1005			Receptor tyrosine-protein kinase erbB-2 (HER2)	GeneQuantum Healthcare (Suzhou) Co. Ltd	Phase3	Phase 3				nar_reference	1	DRG0VHXYA	REFERENCE_CONFIRMED
NAR_DRG0VIMVV	ALX2004						Phase1	Phase 1	NCT07085091			nar_reference	1	DRG0VIMVV	REFERENCE_CONFIRMED
NAR_DRG0VIUMF	M-9140	M 9140; M-9140; M9140			Carcinoembryonic antigen-related cell adhesion molecule 5 (CEACAM5)	Merck KGaA; EMD Serono Research & Development Institute, Inc	Phase2	Phase 1/2				nar_reference	1	DRG0VIUMF	REFERENCE_CONFIRMED
NAR_DRG0VJOET	Moxetumomab pasudotox	HA22; CAT- 8015; GCR-8015; R490A			B-cell receptor CD22 (CD22)	AstraZeneca PLC	Approved	Approved (FDA): Sep, 2018	NCT00462189; NCT00586924; NCT00659425; NCT01829711; NCT01891981; NCT02227108			nar_reference	1	DRG0VJOET	REFERENCE_CONFIRMED
NAR_DRG0VJROY	SGN-B6A	PF-08046047; SGN-B6A; SGNB6A; Sigvotatug Vedotin; humanized IgG1 beta-6 monoclonal antibody conjugated to monomethyl auristatin E		PRESUMED_STRICT_ADC	Integrin beta-6 (ITGB6)	Seagen Inc	Phase3	Phase 3	NCT04389632			nar_reference; clinicaltrials; conference_abstract_corpus	3	DRG0VJROY; ADC_CANDIDATE_ADC_SUFFIX_1a81094bebf4	MULTISOURCE_CONFIRMED
NAR_DRG0VKEZC	BL-M005	BLM005; BL M005			Undisclosed	Sichuan Biokin Pharmaceutical Co., Ltd	Investigative	Investigative				nar_reference	1	DRG0VKEZC	REFERENCE_CONFIRMED
NAR_DRG0VNZZZ	PF-06688992	GD3 ADC; PF 06688992; PF-06688992; PF06688992			Ganglioside GD3	Pfizer Inc; Memorial Sloan-Kettering Cancer Center	Phase1	Phase 1 (Terminated)	NCT03159117			nar_reference	1	DRG0VNZZZ	REFERENCE_CONFIRMED
NAR_DRG0VOIMW	BSI-709	BSI 709; BSI709			Cadherin-6 (CDH6)	Biosion, Inc; ImmunoGen, Inc	Investigative	Investigative				nar_reference	1	DRG0VOIMW	REFERENCE_CONFIRMED
NAR_DRG0VSEXE	MG2001						Phase1	Phase 1				nar_reference	1	DRG0VSEXE	REFERENCE_CONFIRMED
NAR_DRG0VSGFV	BRKB-28	BRKB28; BRKB 28			Undisclosed	Brickbio, Inc	Investigative	Investigative				nar_reference	1	DRG0VSGFV	REFERENCE_CONFIRMED
NAR_DRG0VULUJ	TQB2101						Phase1	Phase 1	NCT06948539; NCT07113925			nar_reference	1	DRG0VULUJ	REFERENCE_CONFIRMED
NAR_DRG0VURPQ	NC-6201	E-7974+NCAB-001 (Nanocarrier); E-7974/NCAB-001 (Nanocarrier); NC6201; NC 6201			Epidermal growth factor receptor (EGFR)	NanoCarrier Co., Ltd	Investigative	Investigative				nar_reference	1	DRG0VURPQ	REFERENCE_CONFIRMED
NAR_DRG0VVKYV	FZ-AD005						Phase1	Phase 1	NCT06424665; NCT07455045			nar_reference	1	DRG0VVKYV	REFERENCE_CONFIRMED
NAR_DRG0VWNGX	BIO-201	BIO201; BIO 201; BIO-201 (BiOneCure Therapeutics)			Undisclosed	BiOneCure Therapeutics, Inc	Investigative	Investigative				nar_reference	1	DRG0VWNGX	REFERENCE_CONFIRMED
NAR_DRG0VWODF	Anetumab corixetan	BAY 2287409; BAY-2287409; BAY2287409			Mesothelin (MSLN)	Bayer AG	Investigative	Investigative				nar_reference	1	DRG0VWODF	REFERENCE_CONFIRMED
NAR_DRG0VXXXS	BIO105	BIO-105; BIO 105			Undisclosed	Boostimmune, Inc	Investigative	Investigative				nar_reference	1	DRG0VXXXS	REFERENCE_CONFIRMED
NAR_DRG0VYGBA	Araris ADC	Anti-Nectin-4 ADC(Araris Biotech); ArarisADC; Araris-ADC			Nectin-4 (NECTIN4)	Araris Biotech AG	Investigative	Investigative				nar_reference	1	DRG0VYGBA	REFERENCE_CONFIRMED
NAR_DRG0VYGGK	BMS-986148	BMS 986148; BMS-986148; Mesothelin-ADC			Mesothelin (MSLN)	Bristol Myers Squibb Co	Phase2	Phase 1/2 (Terminated)	NCT02341625; NCT02884726			nar_reference	1	DRG0VYGGK	REFERENCE_CONFIRMED
NAR_DRG0VYKSA	LM-305	LM 305; LM-305; LM305; AZD-0305; AZD 0305; AZD0305			G-protein coupled receptor family C group 5 member D (GPRC5D)	LaNova Medicines Ltd; AstraZeneca PLC	Phase2	Phase 1/2				nar_reference	1	DRG0VYKSA	REFERENCE_CONFIRMED
NAR_DRG0WBCEJ	Vas-201	Vas 201; Vas201			Undisclosed	VasGene Therapeutics, Inc	Investigative	Investigative				nar_reference	1	DRG0WBCEJ	REFERENCE_CONFIRMED
NAR_DRG0WCBFK	Cirmtuzumab vedotin	UC-961ADC3			Inactive tyrosine-protein kinase transmembrane receptor ROR1 (ROR1)	University of California; Oncternal Therapeutics, Inc	Investigative	Investigative				nar_reference	1	DRG0WCBFK	REFERENCE_CONFIRMED
NAR_DRG0WCTHL	Pivekimab sunirine	IMGN 632; IMGN-632; IMGN632; Pivekimab sunirine			Interleukin-3 receptor subunit alpha (IL3RA)	ImmunoGen, Inc	Phase2	Phase 1/2				nar_reference	1	DRG0WCTHL	REFERENCE_CONFIRMED
NAR_DRG0WCYUM	Lupartumab amadotin	Anti-C4.4a antibody-drug conjugates; Anti-LY6-PLAUR domain containing 3 antibody-drug conjugates; Anti-LYPD3 antibody-drug conjugates; BAY 1129980; BAY-1129980; BAY1129980; LYPD3 protein-directed antibody-drug conjugates; Lupartumab amadotin			Ly6/PLAUR domain-containing protein 3 (LYPD3)	Bayer AG	Phase1	Phase 1 (Terminated)				nar_reference	1	DRG0WCYUM	REFERENCE_CONFIRMED
NAR_DRG0WEEMU	AT-03						Phase1	Phase 1	NCT06809114			nar_reference	1	DRG0WEEMU	REFERENCE_CONFIRMED
NAR_DRG0WEGRW	MGTA-C100	MGTAC100; MGTA C100; Anti-CD45 antibody-drug conjugate (Magenta Therapeutics); anti-CD45 antibody-drug conjugate (Magenta Therapeutics)			Receptor-type tyrosine-protein phosphatase C (PTPRC)	Magenta Therapeutics, Inc	Investigative	Investigative				nar_reference	1	DRG0WEGRW	REFERENCE_CONFIRMED
NAR_DRG0WFJHW	BAT-8009						Phase1	Phase 1				nar_reference	1	DRG0WFJHW	REFERENCE_CONFIRMED
NAR_DRG0WGVKF	FS-1502	FS-1502; Herceptin-LC-LBG-MMAF; IKS 014; IKS-014; IKS014; LCB14; LCB14-0110; Trastuzumab-LC-LBG-MMAF			Receptor tyrosine-protein kinase erbB-2 (HER2)	Iksuda Therapeutics; Shanghai Fosun Pharmaceutical	Phase3	Phase 3				nar_reference	1	DRG0WGVKF	REFERENCE_CONFIRMED
NAR_DRG0WIBDT	HDP-101	HDP 101; HDP-101; HDP101			Tumor necrosis factor receptor superfamily member 17 (TNFRSF17)	Heidelberg Pharma AG; Huadong Medicine Co., Ltd; Hangzhou Zhongmeihuadong Pharmaceutical Co., Ltd; Heidelberg Pharma Research GmbH	Phase2	Phase 1/2				nar_reference	1	DRG0WIBDT	REFERENCE_CONFIRMED
NAR_DRG0WIVJB	SYD1035	WO2015177360A1_ADC-HC120; SYD 1035; SYD-1035			Glutamate carboxypeptidase 2 (FOLH1)	Byodes Private Ltd	Investigative	Investigative				nar_reference	1	DRG0WIVJB	REFERENCE_CONFIRMED
NAR_DRG0WJKRI	DS-6157a	DS 6157a; DS-6157; DS-6157a; DS6157a			G-protein coupled receptor 20 (GPR20)	Daiichi Sankyo Inc	Phase1	Phase 1 (Terminated)	NCT04276415			nar_reference	1	DRG0WJKRI	REFERENCE_CONFIRMED
NAR_DRG0WJWEG	AGS-67E	AGS 67E; AGS-67E; AGS67E			Leukocyte antigen CD37 (CD37)	Agensys, Inc	Phase1	Phase 1 (Terminated)	NCT02175433; NCT02610062			nar_reference	1	DRG0WJWEG	REFERENCE_CONFIRMED
NAR_DRG0WLYOR	MLN2704						Phase2	Phase 2				nar_reference	1	DRG0WLYOR	REFERENCE_CONFIRMED
NAR_DRG0WMPDO	<sup>111</sup>In-DOTA-5D3						Investigative	Investigative				nar_reference	1	DRG0WMPDO	REFERENCE_CONFIRMED
NAR_DRG0WNUZE	IMB-213I	IMB 213I; IMB213I			Undisclosed	ImmunoBiochem Corp	Investigative	Investigative				nar_reference	1	DRG0WNUZE	REFERENCE_CONFIRMED
NAR_DRG0WNVBV	ICP-B794						Phase1	Phase 1	NCT07136558			nar_reference	1	DRG0WNVBV	REFERENCE_CONFIRMED
NAR_DRG0WOBTH	DS-3939						Phase2	Phase 2				nar_reference	1	DRG0WOBTH	REFERENCE_CONFIRMED
NAR_DRG0WOJVL	BB-1701	BB 1701; BB-1701; BB1701			Receptor tyrosine-protein kinase erbB-2 (HER2 exon 20)	Baili Sikang Biomedicine (Hangzhou) Co., Ltd	Phase2	Phase 2	NCT04257110			nar_reference	1	DRG0WOJVL	REFERENCE_CONFIRMED
NAR_DRG0WOUMV	RG-7841						Phase1	Phase 1				nar_reference	1	DRG0WOUMV	REFERENCE_CONFIRMED
NAR_DRG0WPYAS	BSI-04702						Phase2	Phase 2				nar_reference	1	DRG0WPYAS	REFERENCE_CONFIRMED
NAR_DRG0WRFYU	PF-06650808	PF 6650808; PF-06650808; PF-6650808			Neurogenic locus notch homolog protein 3 (NOTCH3)	Pfizer Inc	Phase1	Phase 1 (Terminated)	NCT02129205			nar_reference	1	DRG0WRFYU	REFERENCE_CONFIRMED
NAR_DRG0WVXVY	DK-410	DK410; DK 410			Mucosal vascular addressin cell adhesion molecule 1 (MADCAM1)	Deka Biosciences, Inc	Investigative	Investigative				nar_reference	1	DRG0WVXVY	REFERENCE_CONFIRMED
NAR_DRG0WWBVZ	BC3195	BC-3195; BC 3195; BC3195			Cadherin-3 (CDH3)	Wuxi Biocity Biopharmaceutics Co., Ltd	Phase1	Phase 1				nar_reference	1	DRG0WWBVZ	REFERENCE_CONFIRMED
NAR_DRG0WWZAS	SYS6010	SYS 6010; SYS-6010; SYS6010; CPO 301; CPO-301; CPO301			Epidermal growth factor receptor (EGFR)	CSPC Pharmaceutical Group Ltd	Phase3	Phase 3				nar_reference	1	DRG0WWZAS	REFERENCE_CONFIRMED
NAR_DRG0WXNKG	JBH-492	Anti-CCR7 antibody-drug conjugate - Novartis Pharmaceuticals; JBH 492; JBH-492; JBH492			C-C chemokine receptor type 7 (CCR7)	Novartis Pharmaceuticals Corp	Phase1	Phase 1 (Terminated)				nar_reference	1	DRG0WXNKG	REFERENCE_CONFIRMED
NAR_DRG0WXQJL	Vadastuximab talirine	33-A; 33A; Anti-CD33A targeted ADC; SGN CD33A; SGN-CD33A; Vadastuximab talirine			Myeloid cell surface antigen CD33 (CD33)	Seagen Inc	Phase3	Phase 3 (Terminated)	NCT01902329; NCT02326584; NCT02614560; NCT02785900			nar_reference	1	DRG0WXQJL	REFERENCE_CONFIRMED
NAR_DRG0WXTQM	APEC-1	APEC1; APEC 1			B-lymphocyte antigen CD20 (MS4A1)	Revitope Oncology, Inc	Investigative	Investigative				nar_reference	1	DRG0WXTQM	REFERENCE_CONFIRMED
NAR_DRG0WYSHT	RC-178	RC178; RC 178			Undisclosed	RemeGen Co., Ltd	Investigative	Investigative				nar_reference	1	DRG0WYSHT	REFERENCE_CONFIRMED
NAR_DRG0XBJHU	LY-3076226	Anti-FGFR3 Ab IMC-D11; LY 3076226; LY-3076226; LY3076 226; LY3076226			Fibroblast growth factor receptor 3 (FGFR3)	Eli Lilly & Co	Phase1	Phase 1 (Terminated)				nar_reference	1	DRG0XBJHU	REFERENCE_CONFIRMED
NAR_DRG0XCSOA	ST8176AA1	ST 8176AA1; Trastuzumab-HDACi ADC			Receptor tyrosine-protein kinase erbB-2 (HER2)	Alfasigma SpA	Investigative	Investigative				nar_reference	1	DRG0XCSOA	REFERENCE_CONFIRMED
NAR_DRG0XCWMD	Cantuzumab ravtansine	C-242 DM4; C242 DM4 immunoconjugate; C242 maytansinoid-4 conjugate; Cantuzumab ravtansine; IMGN-242; Maytasinoid DM4-conjugated humanised monoclonal antibody huC242; Monoclonal antibody C-242 DM4 conjugate; huC242-DM4			Mucin-1 (MUC1)	ImmunoGen, Inc	Phase2	Phase 2 (Terminated)	NCT00352131; NCT00620607			nar_reference	1	DRG0XCWMD	REFERENCE_CONFIRMED
NAR_DRG0XEXPT	SGN-STNV	SGN STNV; SGN-STNV; SGNSTNV			Onco-foetal sialyl-Tn	Seagen Inc	Phase1	Phase 1 (Terminated)	NCT04665921			nar_reference	1	DRG0XEXPT	REFERENCE_CONFIRMED
NAR_DRG0XFQVE	SYSA-1801	CPO 102; CPO-102; CPO102; Claudin 18.2-MMAE ADC; SYSA1801; EO 3021; EO-3021; EO3021			Claudin-18.2 (CLDN18.2)	CSPC Pharmaceutical Group Ltd; Elevation Oncology, Inc	Phase1	Phase 1 (Terminated)	NCT05009966			nar_reference	1	DRG0XFQVE	REFERENCE_CONFIRMED
NAR_DRG0XFTRM	Bevacizumab vedotin	Bevacizumab-Val-Cit-PABC-MMAE; Bevacizumab Val Cit PABC MMAE			Vascular endothelial growth factor A (VEGFA)		Investigative	Investigative				nar_reference	1	DRG0XFTRM	REFERENCE_CONFIRMED
NAR_DRG0XGLSR	NOV0712-DM4	NOV0712 DM4			Cadherin-6 (CDH6)	Daiichi Sankyo Co., Ltd	Investigative	Investigative				nar_reference	1	DRG0XGLSR	REFERENCE_CONFIRMED
NAR_DRG0XHLKM	C6vc0101	C6-vc0101			Tumor-associated calcium signal transducer 2 (TROP2)	Pfizer Inc	Investigative	Investigative				nar_reference	1	DRG0XHLKM	REFERENCE_CONFIRMED
NAR_DRG0XHZLG	Cofetuzumab pelidotin	ABBV-647; Cofetuzumab pelidotin; PF-06523435; PF-06647020; PF-06647020, PTK7-ADC, ABBV-647, PTK7-Aur0101; PF-6647020; PF-7020; PTK7-ADC; PTK7-Aur0101; hu-24			Inactive tyrosine-protein kinase 7 (PTK7)	AbbVie, Inc; Stemcentrx, Inc; Pfizer Inc	Phase1	Phase 1 (Terminated)	NCT02222922; NCT03243331; NCT04189614			nar_reference	1	DRG0XHZLG	REFERENCE_CONFIRMED
NAR_DRG0XIERX	P-1000	P1000; P 1000			Undisclosed	German Cancer Research Center (Deutsches Krebsforschungszentrum, DKFZ)	Investigative	Investigative				nar_reference	1	DRG0XIERX	REFERENCE_CONFIRMED
NAR_DRG0XJLTL	JNJ-95298177						Phase1	Phase 1	NCT04662580			nar_reference	1	DRG0XJLTL	REFERENCE_CONFIRMED
NAR_DRG0XKMVA	SYS6002						Phase2	Phase 2				nar_reference	1	DRG0XKMVA	REFERENCE_CONFIRMED
NAR_DRG0XKZBO	AZD-8205						Phase2	Phase 2				nar_reference	1	DRG0XKZBO	REFERENCE_CONFIRMED
NAR_DRG0XLJJW	IMGN-388						Phase1	Phase 1				nar_reference	1	DRG0XLJJW	REFERENCE_CONFIRMED
NAR_DRG0XLKYQ	IKS-01	IKS01; IKS 01			Folate receptor alpha (FOLR1)	Iontas, Inc; Iksuda Therapeutics Ltd; Femtogenix Ltd	Investigative	Investigative				nar_reference	1	DRG0XLKYQ	REFERENCE_CONFIRMED
NAR_DRG0XLSWN	SC-006	SC 006; SC-006; SC006			E3 ubiquitin-protein ligase RNF43 (RNF43)	AbbVie, Inc	Phase1	Phase 1 (Terminated)	NCT03035279			nar_reference	1	DRG0XLSWN	REFERENCE_CONFIRMED
NAR_DRG0XOUNW	SDV-1001	SDV 1001; SDV1001			Undisclosed	Syndivia SAS	Investigative	Investigative				nar_reference	1	DRG0XOUNW	REFERENCE_CONFIRMED
NAR_DRG0XOZXZ	SIB-029A	SIB-029A; SIB 029A			Epidermal growth factor receptor (EGFR); Receptor tyrosine-protein kinase erbB-3 (HER3)	Systimmune, Inc; Sichuan Baili Pharmaceutical Co., Ltd	Investigative	Investigative				nar_reference	1	DRG0XOZXZ	REFERENCE_CONFIRMED
NAR_DRG0XPPOZ	Vorsetuzumab mafodotin	SGN 75; SGN-75; SGN75; Vorsetuzumab mafodotin			CD70 antigen (CD70)	Seagen Inc	Phase1	Phase 1 (Terminated)				nar_reference	1	DRG0XPPOZ	REFERENCE_CONFIRMED
NAR_DRG0XRAON	LOP-628	Anti-c-kit humanised IgG1 kappa antibody-maitansine conjugate (Novartis Pharma AG); Anti-c-kit humanised IgG1 kappa antibody-maytansine conjugate; Anti-c-kit humanised IgG1kappa antibody-maitansine conjugate; Anti-proto-oncogene protein; Anti-proto-oncogene protein c-kit IgG1 kappa antibody-maitansine conjugate; LOP 628; LOP-628; LOP62 8; LOP628			Mast/stem cell growth factor receptor Kit (KIT)	Novartis Pharma AG; Novartis AG	Phase1	Phase 1 (Terminated)				nar_reference	1	DRG0XRAON	REFERENCE_CONFIRMED
NAR_DRG0XRBCK	DAN-405	DAN405; DAN 405			Glutamate carboxypeptidase 2 (FOLH1)	Dantari	Investigative	Investigative				nar_reference	1	DRG0XRBCK	REFERENCE_CONFIRMED
NAR_DRG0XRDLA	S3F-CL-MMAE	SIA-01; SIA-101; SIA-102; SIA-103; SIA-104; Anti-SialylTn mAbs (Siamab Therapeutics)			Onco-foetal sialyl-Tn	Siamab Therapeutics, Inc	Investigative	Investigative				nar_reference	1	DRG0XRDLA	REFERENCE_CONFIRMED
NAR_DRG0XSBGL	PF-08046876						Phase1	Phase 1	NCT07090499			nar_reference	1	DRG0XSBGL	REFERENCE_CONFIRMED
NAR_DRG0XTOSR	STRO-004	STRO 004; STRO004			Tissue factor (F3)	Sutro Biopharma, Inc	Investigative	Investigative				nar_reference	1	DRG0XTOSR	REFERENCE_CONFIRMED
NAR_DRG0XUVMS	CBT-005	CBT005; CBT 005			Vascular endothelial growth factor A (VEGFA)	Cloudbreak Therapeutics LLC	Investigative	Investigative				nar_reference	1	DRG0XUVMS	REFERENCE_CONFIRMED
NAR_DRG0XVPES	LM-306	LM 306; LM306			Interleukin-13 receptor subunit alpha-2 (IL13RA2)	LaNova Medicines Ltd	Investigative	Investigative				nar_reference	1	DRG0XVPES	REFERENCE_CONFIRMED
NAR_DRG0XWNPK	AK0406						Phase1	Phase 1				nar_reference	1	DRG0XWNPK	REFERENCE_CONFIRMED
NAR_DRG0XWTYJ	DXC-005	DXC 005; DXC-005; DXC005; DAC 005; DAC-005; DAC005; Recombinant humanized anti-Muc1 antibody conjugated to Tub201; Recombinant humanized anti-Muc1 antibody conjugated to Tub201(Hangzhou DAC Biotechnology)			Mucin-1 (MUC1)	Hangzhou DAC Biotech Co., Ltd	Phase1	Phase 1				nar_reference	1	DRG0XWTYJ	REFERENCE_CONFIRMED
NAR_DRG0XXDCJ	ABL-202						Phase1	Phase 1				nar_reference	1	DRG0XXDCJ	REFERENCE_CONFIRMED
NAR_DRG0YAEPQ	TGM-005	TGM 005; TGM005			Undisclosed	Targetome NV	Investigative	Investigative				nar_reference	1	DRG0YAEPQ	REFERENCE_CONFIRMED
NAR_DRG0YANSF	BL-B01D1	BL B01D1; BL-B01D1; BLB01D1			Receptor tyrosine-protein kinase erbB-3 (HER3); Epidermal growth factor receptor (EGFR)	Sichuan Baili Pharmaceutical Co., Ltd; Systimmune, Inc; Chengdu Bailidote Biological Pharmaceutical Co., Ltd	Phase3	Phase 3	NCT05194982; NCT05262491; NCT05393427; NCT05470348; NCT05785039			nar_reference	1	DRG0YANSF	REFERENCE_CONFIRMED
NAR_DRG0YAZBQ	RM-1995	RM 1995; RM-1995; RM1995			Interleukin-2 receptor subunit alpha (IL2RA)	Rakuten Medical, Inc	Phase1	Phase 1 (Terminated)	NCT05220748			nar_reference	1	DRG0YAZBQ	REFERENCE_CONFIRMED
NAR_DRG0YBNRC	GQ-1003	GQ 1003; GQ1003			Tumor-associated calcium signal transducer 2 (TROP2)	GeneQuantum Healthcare (Suzhou) Co. Ltd; SAMSUNG BIOLOGICS Co., Ltd	Investigative	Investigative				nar_reference	1	DRG0YBNRC	REFERENCE_CONFIRMED
NAR_DRG0YBSML	AK146D1						Phase1	Phase 1	NCT06929663; NCT07067567			nar_reference	1	DRG0YBSML	REFERENCE_CONFIRMED
NAR_DRG0YDBZU	SHR-4602	SHR 4602; SHR-4602; SHR4602			Receptor tyrosine-protein kinase erbB-2 (HER2)	Jiangsu Hengrui Pharmaceuticals Co., Ltd	Phase2	Phase 2				nar_reference	1	DRG0YDBZU	REFERENCE_CONFIRMED
NAR_DRG0YFOJD	SGN-35C						Phase1	Phase 1	NCT06254495			nar_reference	1	DRG0YFOJD	REFERENCE_CONFIRMED
NAR_DRG0YFVYF	ST1	ST-1; ST 1			Onco-foetal sialyl-Tn	Siamab Therapeutics, Inc	Investigative	Investigative				nar_reference	1	DRG0YFVYF	REFERENCE_CONFIRMED
NAR_DRG0YGXLF	CPO-102						Phase1	Phase 1				nar_reference	1	DRG0YGXLF	REFERENCE_CONFIRMED
NAR_DRG0YHHWC	N501-SN38	N501 SN38			Trophoblast glycoprotein (TPBG)		Investigative	Investigative				nar_reference	1	DRG0YHHWC	REFERENCE_CONFIRMED
NAR_DRG0YHPUE	RC-108	RC 108; RC-108; RC108			Hepatocyte growth factor receptor (MET)	RemeGen Co., Ltd	Phase2	Phase 2				nar_reference	1	DRG0YHPUE	REFERENCE_CONFIRMED
NAR_DRG0YHPYG	RGX-019	RGX019; RGX 019			Tyrosine-protein kinase Mer (MERTK)	The Rockefeller University; Inspirna, Inc	Investigative	Investigative				nar_reference	1	DRG0YHPYG	REFERENCE_CONFIRMED
NAR_DRG0YHRUZ	BP-A102	BPA102; BP A102			Undisclosed	Tinfa Biopharmaceuticals Co., Ltd	Investigative	Investigative				nar_reference	1	DRG0YHRUZ	REFERENCE_CONFIRMED
NAR_DRG0YKHCA	AbGn-107	AbGn 107; AbGn-107; AbGn-107, Ab1-18Hr1; AbGn107			AG7	AbGenomics International, Inc	Phase1	Phase 1 (Terminated)	NCT02908451			nar_reference	1	DRG0YKHCA	REFERENCE_CONFIRMED
NAR_DRG0YKTME	OXS-1750	Antibody-drug conjugate containing OXS-4235; OXS 1750; OXS1750			Sequestosome-1 (SQSTM1)	OXIS Biotech, Inc; GT Biopharma, Inc; MultiCell Technologies, Inc	Investigative	Investigative				nar_reference	1	DRG0YKTME	REFERENCE_CONFIRMED
NAR_DRG0YKZGZ	cHD37-amanitin	cHD37 amanitin			B-lymphocyte antigen CD19 (CD19)	LegoChem Biosciences, Inc	Investigative	Investigative				nar_reference	1	DRG0YKZGZ	REFERENCE_CONFIRMED
NAR_DRG0YLNPN	BRY-812	BRY 812; BRY-812; BRY812			Zinc transporter ZIP6 (SLC39A6)	BioRay Biopharmaceutical Co., Ltd	Phase1	Phase 1				nar_reference	1	DRG0YLNPN	REFERENCE_CONFIRMED
NAR_DRG0YMRIE	JSKN016	JSKN-016; JSKN 016; JSKN016			Receptor tyrosine-protein kinase erbB-3 (HER3); Tumor-associated calcium signal transducer 2 (TROP2)	Suzhou Alphamab Co. Ltd	Phase2	Phase 2				nar_reference	1	DRG0YMRIE	REFERENCE_CONFIRMED
NAR_DRG0YNUEK	XB371	XB-371; XB 371			Tissue factor (F3)	Exelixis, Inc	Investigative	Investigative				nar_reference	1	DRG0YNUEK	REFERENCE_CONFIRMED
NAR_DRG0YODKD	BIO-106	BIO 106; BIO-106; BIO106			Tumor-associated calcium signal transducer 2 (TROP2)	BiOneCure Therapeutics, Inc	Phase2	Phase 1/2	NCT05320588			nar_reference	1	DRG0YODKD	REFERENCE_CONFIRMED
NAR_DRG0YPVKH	Pertuzumab zuvotolimod	Pertuzumab zuvotolimod; SBT6050; pertuzumab zuvotolimod			Receptor tyrosine-protein kinase erbB-2 (HER2)	Silverback Therapeutics, Inc; ARS Pharmaceuticals, Inc	Phase1	Phase 1 (Terminated)	NCT04460456; NCT05091528			nar_reference	1	DRG0YPVKH	REFERENCE_CONFIRMED
NAR_DRG0YQAIX	SHR-A1904	SHR A1904; SHR-A1904; SHRA1904			Claudin-18.2 (CLDN18.2)	Jiangsu Hengrui Pharmaceuticals Co., Ltd; Shanghai Hengrui Pharmaceutical Co., Ltd	Phase3	Phase 3	NCT04877717; NCT04928625; NCT05277168			nar_reference	1	DRG0YQAIX	REFERENCE_CONFIRMED
NAR_DRG0YRJDY	ALT-P7						Phase1	Phase 1				nar_reference	1	DRG0YRJDY	REFERENCE_CONFIRMED
NAR_DRG0YSIDA	Xl-250	Xl 250; xl250			Receptor tyrosine-protein kinase erbB-2 (HER2)	XL-protein GmbH; Heidelberg Pharma AG	Investigative	Investigative				nar_reference	1	DRG0YSIDA	REFERENCE_CONFIRMED
NAR_DRG0YTJTJ	APH-0912	APH0912; APH 0912; 10-alpha-GAG-DT			Undisclosed	Sanofi	Investigative	Investigative				nar_reference	1	DRG0YTJTJ	REFERENCE_CONFIRMED
NAR_DRG0YTMFF	VIS-705	VIS 705; VIS705			Undisclosed	Visterra, Inc	Investigative	Investigative				nar_reference	1	DRG0YTMFF	REFERENCE_CONFIRMED
NAR_DRG0YTRFZ	Vandortuzumab vedotin	89Zr-DFO-MSTP2 109A (diagno stic); Anti-STEAP1-vc-MMAE; DSTP-3086S; DSTP3086S; RG-7450; RG7450, DSTP3 086S; Vandortuzumab vedotin			Metalloreductase STEAP1 (STEAP1)	Genentech, Inc; Roche Holding AG; Agensys, Inc; Astellas Pharma, Inc	Phase1	Phase 1 (Terminated)	NCT01283373			nar_reference	1	DRG0YTRFZ	REFERENCE_CONFIRMED
NAR_DRG0YUCNA	BL-M08D1	BL M19D1; BL-M08D1; BL-M19D1; BLM19D1			Tumor-associated calcium signal transducer 2 (TROP2)	Sichuan Baili Pharmaceutical Co., Ltd	Phase1	Phase 1				nar_reference	1	DRG0YUCNA	REFERENCE_CONFIRMED
NAR_DRG0YVBCV	REGN-3124-PBD	REGN 3124 PBD; REGN3124-PBD			Epidermal growth factor receptor variant III (EGFRvIII)	Regeneron Pharmaceuticals, Inc	Investigative	Investigative				nar_reference	1	DRG0YVBCV	REFERENCE_CONFIRMED
NAR_DRG0YWAHM	DS-6000	DS 6000; DS-6000; DS-6000a; DS6000; Raludotatug deruxtecan			Cadherin-6 (CDH6)	Daiichi Sankyo Co., Ltd	Phase3	Phase 2/3	NCT04707248			nar_reference	1	DRG0YWAHM	REFERENCE_CONFIRMED
NAR_DRG0YWPJC	TARG-9	Alpha10antibody drug conjugate Targinta; TARG9; TARG 9			Integrin alpha-10 (ITGA10)	Targinta AB; Xintela AB	Investigative	Investigative				nar_reference	1	DRG0YWPJC	REFERENCE_CONFIRMED
NAR_DRG0YWYJJ	IMGN151	IMGN 151; IMGN-151; IMGN151; Opugotamig olatansine			Folate receptor alpha (FOLR1)	ImmunoGen, Inc	Phase1	Phase 1				nar_reference	1	DRG0YWYJJ	REFERENCE_CONFIRMED
NAR_DRG0YXBEH	SHR-A1912	SHR A1912; SHR-A1912; SHRA1912			B-cell antigen receptor complex-associated protein beta chain (CD79B)	Jiangsu Hengrui Pharmaceuticals Co., Ltd; Shanghai Hengrui Pharmaceutical Co., Ltd	Phase1	Phase 1	NCT05113069			nar_reference	1	DRG0YXBEH	REFERENCE_CONFIRMED
NAR_DRG0YXJPS	Veltuzumab-CL2E-SN-38	Vmab-CL2E-SN-38			B-lymphocyte antigen CD20 (MS4A1)		Investigative	Investigative Drug-to-Antibody Ratio 6 3D				nar_reference	1	DRG0YXJPS	REFERENCE_CONFIRMED
NAR_DRG0YXZQL	SGN-15	BMS-182248; BMS-182248-01; BR96-DAPDOX; BR96-DOX; CBR96-Doxorubicin Immunoconjugate; SGN 15; SGN-15; SGN15; hBR96			Lewis Y	Seagen Inc; Bristol Myers Squibb Co	Phase2	Phase 2 (Terminated)				nar_reference	1	DRG0YXZQL	REFERENCE_CONFIRMED
NAR_DRG0YZEVV	MT-5111	MT 5111; MT-5111; MT5111			Receptor tyrosine-protein kinase erbB-2 (HER2)	Molecular Templates, Inc	Phase1	Phase 1 (Terminated)				nar_reference	1	DRG0YZEVV	REFERENCE_CONFIRMED
NAR_DRG0YZGPN	CDX-014	CDX 014; CDX-014; CR 014-vcMMAE			Hepatitis A virus cellular receptor 1 (HAVCR1)	CuraGen Corp; Celldex Therapeutics, Inc; Amgen, Inc	Phase1	Phase 1 (Terminated)	NCT02837991			nar_reference	1	DRG0YZGPN	REFERENCE_CONFIRMED
NAR_DRG0YZPWM	SGN-CD352A	SGN CD352A; SGN-CD352 A; SGN-CD352A; SGNCD352A			SLAM family member 6 (SLAMF6)	Seagen Inc; Ligand Pharmaceuticals, Inc	Phase1	Phase 1 (Terminated)				nar_reference	1	DRG0YZPWM	REFERENCE_CONFIRMED
NAR_DRG0ZAECD	AGS-16M8F						Phase1	Phase 1	NCT01114230			nar_reference	1	DRG0ZAECD	REFERENCE_CONFIRMED
NAR_DRG0ZAFBL	IBI129						Phase2	Phase 2				nar_reference	1	DRG0ZAFBL	REFERENCE_CONFIRMED
NAR_DRG0ZAJGM	BL-M09D1						Phase1	Phase 1	NCT06954077; NCT07056556			nar_reference	1	DRG0ZAJGM	REFERENCE_CONFIRMED
NAR_DRG0ZBCCA	MGC028						Phase1	Phase 1	NCT06723236			nar_reference	1	DRG0ZBCCA	REFERENCE_CONFIRMED
NAR_DRG0ZBXTV	TJ101						Phase1	Phase 1	NCT07181473			nar_reference	1	DRG0ZBXTV	REFERENCE_CONFIRMED
NAR_DRG0ZGWBV	JY201	JY-201; JY 201			Receptor tyrosine-protein kinase erbB-2 (HER2 ECD2); Receptor tyrosine-protein kinase erbB-2 (HER2 ECD4)	Shenzhen Enduring Biotech, Ltd	Investigative	Investigative				nar_reference	1	DRG0ZGWBV	REFERENCE_CONFIRMED
NAR_DRG0ZGWEK	XB010						Phase1	Phase 1				nar_reference	1	DRG0ZGWEK	REFERENCE_CONFIRMED
NAR_DRG0ZIFBH	GenSci143						Phase1	Phase 1	NCT07252414			nar_reference	1	DRG0ZIFBH	REFERENCE_CONFIRMED
NAR_DRG0ZIJNR	Milatuzumab doxorubicin						Phase2	Phase 2				nar_reference	1	DRG0ZIJNR	REFERENCE_CONFIRMED
NAR_DRG0ZLJPV	SKB-410	SKB 410; SKB-410; SKB410			Nectin-4 (NECTIN4)	Sichuan Kelun-Biotech Biopharmaceutical Co., Ltd	Phase2	Phase 1/2				nar_reference	1	DRG0ZLJPV	REFERENCE_CONFIRMED
NAR_DRG0ZMRYF	HMBD-501	HMBD 501; HMBD501			Receptor tyrosine-protein kinase erbB-3 (HER3)	Hummingbird Bioscience Pte Ltd	Investigative	Investigative				nar_reference	1	DRG0ZMRYF	REFERENCE_CONFIRMED
NAR_DRG0ZMZUD	Zilovertamab vedotin	MK 2140; MK- 2140; MK-2140; VLS-101; Zilovertamab vedotin		PRESUMED_STRICT_ADC	Inactive tyrosine-protein kinase transmembrane receptor ROR1 (ROR1)	Merck & Co., Inc	Phase2	Phase 2	NCT03833180; NCT04504916; NCT05139017; NCT05144841; NCT05406401; NCT05458297; NCT05562830			nar_reference; clinicaltrials; conference_abstract_corpus	3	DRG0ZMZUD; ADC_CANDIDATE_ADC_SUFFIX_9feb2b8bd0bf	MULTISOURCE_CONFIRMED
NAR_DRG0ZNAID	SHR-A1307	SHR A1307; SHRA1307			Epidermal growth factor receptor (EGFR)	Jiangsu Hengrui Pharmaceuticals Co., Ltd	Investigative	Investigative				nar_reference	1	DRG0ZNAID	REFERENCE_CONFIRMED
NAR_DRG0ZNUYD	Pab-001-MMAE	PAb001-ADC			Mucin-1 (MUC1)	Peptron; Qilu Pharmaceutical Co., Ltd	Investigative	Investigative				nar_reference	1	DRG0ZNUYD	REFERENCE_CONFIRMED
NAR_DRG0ZODWK	M-DGN549	M DGN549			Folate receptor alpha (FOLR1)	ImmunoGen, Inc	Investigative	Investigative				nar_reference	1	DRG0ZODWK	REFERENCE_CONFIRMED
NAR_DRG0ZOMIJ	OMTX-505	OMTX 505; OMTX505			Prolyl endopeptidase FAP (FAP)	Oncomatryx Biopharma SL	Investigative	Investigative				nar_reference	1	DRG0ZOMIJ	REFERENCE_CONFIRMED
NAR_DRG0ZOYQV	Datopotamab deruxtecan	DS 1062a; DS-1062; DS-1062, Dato-DXd; DS-1062a; Dato-DXd; Datopotamab deruxtecan		STRICT_ADC	Tumor-associated calcium signal transducer 2 (TROP2)	Daiichi Sankyo Co., Ltd; AstraZeneca PLC; Baxter Oncology GmbH	Approved	Approved (FDA): Jan, 2025	NCT01042379; NCT03401385; NCT03742102; NCT03944772; NCT04484142; NCT04526691; NCT04612751; NCT04644068; NCT04656652; NCT04940325; NCT05061550; NCT05104866; NCT05215340; NCT05374512; NCT05460273; NCT05489211; NCT05555732; NCT05629585; NCT05687266			nar_reference; configs/known_adc_assets.yaml; clinicaltrials	3	DRG0ZOYQV; ADC_CANDIDATE_DATOPOTAMAB_DERUXTECAN	MULTISOURCE_CONFIRMED
NAR_DRG0ZQBSG	MRG-001	MRG 001; MRG-001; MRG001			B-lymphocyte antigen CD20 (MS4A1)	Shanghai Miracogen Inc; Lepu Biopharma Co., Ltd	Phase2	Phase 2	NCT05155839; NCT05844527			nar_reference	1	DRG0ZQBSG	REFERENCE_CONFIRMED
NAR_DRG0ZQLZD	TR1801-ADC	MT-8633; TR 1801 ADC; TR1801-ADC; TR1801-ADC, MT-8633; TR1801-antibody drug conjugate			Hepatocyte growth factor receptor (MET)	Tanabe Research Laboratories U.S.A., Inc	Phase1	Phase 1	NCT03859752			nar_reference	1	DRG0ZQLZD	REFERENCE_CONFIRMED
NAR_DRG0ZQORV	DEC008						Phase1	Phase 1	NCT07470853			nar_reference	1	DRG0ZQORV	REFERENCE_CONFIRMED
NAR_DRG0ZSNLV	KGX201	KGX-201; KGX 201			Undisclosed	KangaBio Co., Ltd	Investigative	Investigative				nar_reference	1	DRG0ZSNLV	REFERENCE_CONFIRMED
NAR_DRG0ZSVBZ	<sup>111</sup>In-1849						Investigative	Investigative				nar_reference	1	DRG0ZSVBZ	REFERENCE_CONFIRMED
NAR_DRG0ZTZMD	BAY-943	BAY 943; BAY943; VIP-943; IL3RA-KSPi-ADC			Interleukin-3 receptor subunit alpha (IL3RA)	Bayer AG	Investigative	Investigative				nar_reference	1	DRG0ZTZMD	REFERENCE_CONFIRMED
NAR_DRG0ZUQNL	BAT-8001						Phase3	Phase 3				nar_reference	1	DRG0ZUQNL	REFERENCE_CONFIRMED
NAR_DRG0ZXRLG	SLV-154						Phase1	Phase 1	NCT06771219			nar_reference	1	DRG0ZXRLG	REFERENCE_CONFIRMED
NAR_DRG0ZYLBB	ZW-33	ZW 33; ZW33			Receptor tyrosine-protein kinase erbB-2 (HER2 ECD2); Receptor tyrosine-protein kinase erbB-2 (HER2 ECD4)	Zymeworks Biopharmaceuticals, Inc; Zymeworks BC, Inc	Investigative	Investigative				nar_reference	1	DRG0ZYLBB	REFERENCE_CONFIRMED
OURS_ADC_CANDIDATE_ADC_SUFFIX_4e000bdcb848	denintuzumab mafodotin			PRESUMED_STRICT_ADC			PHASE2			2015-10-30		clinicaltrials; conference_abstract_corpus	2	ADC_CANDIDATE_ADC_SUFFIX_4e000bdcb848	MULTISOURCE_CONFIRMED
OURS_ADC_CANDIDATE_ADC_SUFFIX_dc8391435d51	T emtansine			PRESUMED_STRICT_ADC			PHASE2			2020-11-06		clinicaltrials	1	ADC_CANDIDATE_ADC_SUFFIX_dc8391435d51	SINGLE_STRONG_SOURCE
OURS_ADC_CANDIDATE_ADC_SUFFIX_91ba91f14300	Trastuzmab deruxtecan			PRESUMED_STRICT_ADC			PHASE2			2023-06-08		clinicaltrials	1	ADC_CANDIDATE_ADC_SUFFIX_91ba91f14300	SINGLE_STRONG_SOURCE
OURS_ADC_CANDIDATE_ADC_SUFFIX_96a2cf3d74cc	Disitamb Vedotin			PRESUMED_STRICT_ADC			PHASE2			2023-08-21		clinicaltrials	1	ADC_CANDIDATE_ADC_SUFFIX_96a2cf3d74cc	SINGLE_STRONG_SOURCE
OURS_ADC_CANDIDATE_ADC_SUFFIX_7394fd247fe6	Distitamab Vedotin			PRESUMED_STRICT_ADC			PHASE2			2024-10-08		clinicaltrials	1	ADC_CANDIDATE_ADC_SUFFIX_7394fd247fe6	SINGLE_STRONG_SOURCE
OURS_ADC_CANDIDATE_ADC_SUFFIX_e1a3cb555c56	bulumtatug fuvedotin			PRESUMED_STRICT_ADC			PHASE1			2025-04-03		clinicaltrials	1	ADC_CANDIDATE_ADC_SUFFIX_e1a3cb555c56	SINGLE_STRONG_SOURCE
OURS_ADC_CANDIDATE_ADC_SUFFIX_d1e372057963	Trastzumab Deruxtecan			PRESUMED_STRICT_ADC			PHASE2			2026-01-14		clinicaltrials	1	ADC_CANDIDATE_ADC_SUFFIX_d1e372057963	SINGLE_STRONG_SOURCE
OURS_ADC_SUFFIX_600328b3a7dc	sacitizumab govitecan			PRESUMED_STRICT_ADC						2022-06-15		conference_abstract_corpus	1	ADC_SUFFIX_600328b3a7dc	NEEDS_REVIEW
OURS_ADC_SUFFIX_3ff73d8223d6	PODO447 Vedotin			PRESUMED_STRICT_ADC						2023-04-04		conference_abstract_corpus	1	ADC_SUFFIX_3ff73d8223d6	NEEDS_REVIEW
OURS_ADC_SUFFIX_be94ba398163	transtuzumab deruxtecan			PRESUMED_STRICT_ADC						2023-04-04		conference_abstract_corpus	1	ADC_SUFFIX_be94ba398163	NEEDS_REVIEW
OURS_ADC_SUFFIX_d6293dc7ac92	paritumab deruxtecan			PRESUMED_STRICT_ADC						2024-03-22		conference_abstract_corpus	1	ADC_SUFFIX_d6293dc7ac92	NEEDS_REVIEW
OURS_ADC_SUFFIX_3fe2436b80b7	Datopotomab deruxtecan			PRESUMED_STRICT_ADC						2024-06-01		conference_abstract_corpus	1	ADC_SUFFIX_3fe2436b80b7	NEEDS_REVIEW
OURS_ADC_SUFFIX_5cec9ea98cf3	CADM1 Tesirine			PRESUMED_STRICT_ADC						2025-04-21		conference_abstract_corpus	1	ADC_SUFFIX_5cec9ea98cf3	NEEDS_REVIEW
OURS_ADC_SUFFIX_1d432ae0e8ef	trastuzuamb deruxtecan			PRESUMED_STRICT_ADC						2025-6		conference_abstract_corpus	1	ADC_SUFFIX_1d432ae0e8ef	NEEDS_REVIEW
OURS_ADC_SUFFIX_d02d9a7c8dec	tecotabart vedotin			PRESUMED_STRICT_ADC						2025-6		conference_abstract_corpus	1	ADC_SUFFIX_d02d9a7c8dec	NEEDS_REVIEW
OURS_ADC_SUFFIX_a8bc2727811b	Tratuzumab deruxtecan			PRESUMED_STRICT_ADC						2025-6		conference_abstract_corpus	1	ADC_SUFFIX_a8bc2727811b	NEEDS_REVIEW
OURS_ADC_SUFFIX_c4ebbfd52cc7	distamab vedotin			PRESUMED_STRICT_ADC						2025-6		conference_abstract_corpus	1	ADC_SUFFIX_c4ebbfd52cc7	NEEDS_REVIEW
OURS_ADC_SUFFIX_8a7616020c3f	zelenectide pevedotin			ADJACENT_CONJUGATE_MODALITY						2025-6		conference_abstract_corpus	1	ADC_SUFFIX_8a7616020c3f	EXCLUDED_ADJACENT_MODALITY
OURS_ADC_SUFFIX_37cf3799eb5a	trastruzumab deruxtecan			PRESUMED_STRICT_ADC						2026-06-01		conference_abstract_corpus	1	ADC_SUFFIX_37cf3799eb5a	NEEDS_REVIEW
OURS_ADC_SUFFIX_6c1ceb99d1d4	sacituzmab govitecan			PRESUMED_STRICT_ADC						2026-06-01		conference_abstract_corpus	1	ADC_SUFFIX_6c1ceb99d1d4	NEEDS_REVIEW
OURS_ADC_SUFFIX_fc6331e3c021	Trastuzumab vedotin			PRESUMED_STRICT_ADC								conference_abstract_corpus	1	ADC_SUFFIX_fc6331e3c021	NEEDS_REVIEW
OURS_ADC_SUFFIX_6ff3aa358139	datopotumab deruxtecan			PRESUMED_STRICT_ADC								conference_abstract_corpus	1	ADC_SUFFIX_6ff3aa358139	NEEDS_REVIEW
OURS_ADC_SUFFIX_eb050b5c38e1	M100B vedotin			PRESUMED_STRICT_ADC								conference_abstract_corpus	1	ADC_SUFFIX_eb050b5c38e1	NEEDS_REVIEW
