candidate_id	candidate_type	candidate_label	source	evidence_id	context	first_seen	confidence	validation_status	reason	modality_classification	modality_detail
KNOWN_GEMTUZUMAB_OZOGAMICIN	ADC_CANDIDATE	Gemtuzumab ozogamicin	configs/known_adc_assets.yaml	gemtuzumab_ozogamicin	curated known-asset registry entry, independently verified in prior audits (PR #17)		high	PROMOTED	pre-curated, independently verified known ADC asset	STRICT_ADC	
KNOWN_BRENTUXIMAB_VEDOTIN	ADC_CANDIDATE	Brentuximab vedotin	configs/known_adc_assets.yaml	brentuximab_vedotin	curated known-asset registry entry, independently verified in prior audits (PR #17)		high	PROMOTED	pre-curated, independently verified known ADC asset	STRICT_ADC	
KNOWN_TRASTUZUMAB_EMTANSINE	ADC_CANDIDATE	Trastuzumab emtansine	configs/known_adc_assets.yaml	trastuzumab_emtansine	curated known-asset registry entry, independently verified in prior audits (PR #17)		high	PROMOTED	pre-curated, independently verified known ADC asset	STRICT_ADC	
KNOWN_INOTUZUMAB_OZOGAMICIN	ADC_CANDIDATE	Inotuzumab ozogamicin	configs/known_adc_assets.yaml	inotuzumab_ozogamicin	curated known-asset registry entry, independently verified in prior audits (PR #17)		high	PROMOTED	pre-curated, independently verified known ADC asset	STRICT_ADC	
KNOWN_POLATUZUMAB_VEDOTIN	ADC_CANDIDATE	Polatuzumab vedotin	configs/known_adc_assets.yaml	polatuzumab_vedotin	curated known-asset registry entry, independently verified in prior audits (PR #17)		high	PROMOTED	pre-curated, independently verified known ADC asset	STRICT_ADC	
KNOWN_ENFORTUMAB_VEDOTIN	ADC_CANDIDATE	Enfortumab vedotin	configs/known_adc_assets.yaml	enfortumab_vedotin	curated known-asset registry entry, independently verified in prior audits (PR #17)		high	PROMOTED	pre-curated, independently verified known ADC asset	STRICT_ADC	
KNOWN_TRASTUZUMAB_DERUXTECAN	ADC_CANDIDATE	Trastuzumab deruxtecan	configs/known_adc_assets.yaml	trastuzumab_deruxtecan	curated known-asset registry entry, independently verified in prior audits (PR #17)		high	PROMOTED	pre-curated, independently verified known ADC asset	STRICT_ADC	
KNOWN_SACITUZUMAB_GOVITECAN	ADC_CANDIDATE	Sacituzumab govitecan	configs/known_adc_assets.yaml	sacituzumab_govitecan	curated known-asset registry entry, independently verified in prior audits (PR #17)		high	PROMOTED	pre-curated, independently verified known ADC asset	STRICT_ADC	
KNOWN_BELANTAMAB_MAFODOTIN	ADC_CANDIDATE	Belantamab mafodotin	configs/known_adc_assets.yaml	belantamab_mafodotin	curated known-asset registry entry, independently verified in prior audits (PR #17)		high	PROMOTED	pre-curated, independently verified known ADC asset	STRICT_ADC	
KNOWN_LONCASTUXIMAB_TESIRINE	ADC_CANDIDATE	Loncastuximab tesirine	configs/known_adc_assets.yaml	loncastuximab_tesirine	curated known-asset registry entry, independently verified in prior audits (PR #17)		high	PROMOTED	pre-curated, independently verified known ADC asset	STRICT_ADC	
KNOWN_TISOTUMAB_VEDOTIN	ADC_CANDIDATE	Tisotumab vedotin	configs/known_adc_assets.yaml	tisotumab_vedotin	curated known-asset registry entry, independently verified in prior audits (PR #17)		high	PROMOTED	pre-curated, independently verified known ADC asset	STRICT_ADC	
KNOWN_MIRVETUXIMAB_SORAVTANSINE	ADC_CANDIDATE	Mirvetuximab soravtansine	configs/known_adc_assets.yaml	mirvetuximab_soravtansine	curated known-asset registry entry, independently verified in prior audits (PR #17)		high	PROMOTED	pre-curated, independently verified known ADC asset	STRICT_ADC	
KNOWN_DISITAMAB_VEDOTIN	ADC_CANDIDATE	Disitamab vedotin	configs/known_adc_assets.yaml	disitamab_vedotin	curated known-asset registry entry, independently verified in prior audits (PR #17)		high	PROMOTED	pre-curated, independently verified known ADC asset	STRICT_ADC	
KNOWN_DATOPOTAMAB_DERUXTECAN	ADC_CANDIDATE	Datopotamab deruxtecan	configs/known_adc_assets.yaml	datopotamab_deruxtecan	curated known-asset registry entry, independently verified in prior audits (PR #17)		high	PROMOTED	pre-curated, independently verified known ADC asset	STRICT_ADC	
ADC_SUFFIX_edd132c422d7	ADC_CANDIDATE	trastuzumab duocarmazine	clinicaltrials; conference_abstract_corpus; europe_pmc; pubmed	NCT01042379; NCT03262935; NCT04205630; NCT04602117; 10.1158/1538-7445.am2017-47; 10.1158/1538-7445.am2025-5206; 10.1200/jco.2017.35.15_suppl.e14009; 25589493; 27256376; 28473206; 28679774; 32183023; MED:25589493; MED:25635711	generic name ends in '-duocarmazine' (a duocarmycin analog (DNA minor-groove alkylating agent)); example: A mouse PDX clinical trial reveals broad efficacy of niraparib and vc-seco-DUBA anti-HER2 ADC SYD985 in HER2/neu expressing endometrial cancer.	2010-01-05	high	AUTO_HIGH_CONFIDENCE	generic drug name ends in the documented ADC USAN/INN payload-class stem '-duocarmazine'	PRESUMED_STRICT_ADC	
ADC_SUFFIX_5a33565c2c4a	ADC_CANDIDATE	Labetuzumab Govitecan	clinicaltrials; conference_abstract_corpus	NCT01270698; NCT01605318; 10.1158/1538-7445.am2016-ct065; 10.1158/1538-7445.am2017-4081; 10.1200/jco.2026.44.16_suppl.e15616; aacr:2026:5648	generic name ends in '-govitecan' (SN-38 (topoisomerase-1 inhibitor, irinotecan metabolite)); example: Abstract 4081: Superior SN-38 pharmacodynamic and tumor-accretion profiles of labetuzumab govitecan (IMMU-130) <i>versus</i> irinotecan in experimenta	2011-01-05	high	AUTO_HIGH_CONFIDENCE	generic drug name ends in the documented ADC USAN/INN payload-class stem '-govitecan'	PRESUMED_STRICT_ADC	
ADC_SUFFIX_f5c595efeea1	ADC_CANDIDATE	Pinatuzumab Vedotin	clinicaltrials	NCT01691898	generic name ends in '-vedotin' (MMAE (monomethyl auristatin E)); example: A Study of Pinatuzumab Vedotin (DCDT2980S) Combined With Rituximab or Polatuzumab Vedotin (DCDS4501A) Combined With Rituximab or Obinutuzumab in Parti	2012-09-25	high	AUTO_HIGH_CONFIDENCE	generic drug name ends in the documented ADC USAN/INN payload-class stem '-vedotin'	PRESUMED_STRICT_ADC	
ADC_SUFFIX_f9862657f765	ADC_CANDIDATE	Rovalpituzumab tesirine	clinicaltrials; conference_abstract_corpus	NCT01901653; NCT02674568; NCT02819999; NCT02874664; 10.1158/1538-7445.am2017-3093; 10.1158/1538-7445.am2018-lb-136; 10.1158/1538-7445.am2019-4750; 10.1200/jco.2016.34.15_suppl.11611; 10.1200/jco.2016.34.15_suppl.lba8505; 10.1200/jco.2017.35.15_suppl.5029; 10.1200/jco.2017.35.15_suppl.tps2597; 10.1200/jco.2017.35.15_suppl.tps2598; 10.1200/jco.2017.35.15_suppl.tps8583; 10.1200/jco.2018.36.15_suppl.8507	generic name ends in '-tesirine' (a PBD (pyrrolobenzodiazepine) dimer); example: A Study of Rovalpituzumab Tesirine (SC16LD6.5) in the Frontline Treatment of Patients With Extensive Stage Small Cell Lung Cancer	2013-07-17	high	AUTO_HIGH_CONFIDENCE	generic drug name ends in the documented ADC USAN/INN payload-class stem '-tesirine'	PRESUMED_STRICT_ADC	
ADC_SUFFIX_1c9d743cf54f	ADC_CANDIDATE	ladiratuzumab vedotin	clinicaltrials; conference_abstract_corpus	NCT01969643; NCT04032704; 10.1158/1538-7445.am2018-2742; 10.1158/1538-7445.am2024-3134; 10.1158/1538-7445.am2025-5449; 10.1200/jco.2019.37.15_suppl.tps1110; 10.1200/jco.2022.40.16_suppl.tps1127	generic name ends in '-vedotin' (MMAE (monomethyl auristatin E)); example: A Safety Study of SGN-LIV1A in Breast Cancer Patients	2013-10-25	high	AUTO_HIGH_CONFIDENCE	generic drug name ends in the documented ADC USAN/INN payload-class stem '-vedotin'	PRESUMED_STRICT_ADC	
ADC_SUFFIX_8e37de9e1d6b	ADC_CANDIDATE	Telisotuzumab vedotin	clinicaltrials; conference_abstract_corpus; europe_pmc	NCT02099058; 10.1158/1538-7445.am2021-ct179; 10.1158/1538-7445.am2023-540; 10.1158/1538-7445.am2023-ct214; 10.1158/1538-7445.am2024-2116; 10.1158/1538-7445.am2024-lb043; 10.1158/1538-7445.am2025-2966; 10.1158/1538-7445.am2025-4713; 10.1200/jco.2016.34.15_suppl.2510; 10.1200/jco.2017.35.15_suppl.2509; 10.1200/jco.2019.37.15_suppl.3011	generic name ends in '-vedotin' (MMAE (monomethyl auristatin E)); example: A Study Evaluating the Safety, Pharmacokinetics (PK), and Preliminary Efficacy of ABBV-399 in Participants With Advanced Solid Tumors	2014-03-28	high	AUTO_HIGH_CONFIDENCE	generic drug name ends in the documented ADC USAN/INN payload-class stem '-vedotin'	PRESUMED_STRICT_ADC	
ADC_SUFFIX_6e0bdde22a85	ADC_CANDIDATE	glembatumumab vedotin	clinicaltrials; conference_abstract_corpus; europe_pmc	NCT02302339; NCT02363283; NCT02487979; NCT03326258; NCT03473691; 10.1200/jco.2017.35.15_suppl.109; 10.1200/jco.2025.43.16_suppl.e15009; MED:27515299; MED:37095531; PPR:PPR570886; aacr:2026:1673	generic name ends in '-vedotin' (MMAE (monomethyl auristatin E)); example: A Study of Glembatumumab Vedotin as Monotherapy or in Combination With Immunotherapies in Patients With Advanced Melanoma	2014-11-27	high	AUTO_HIGH_CONFIDENCE	generic drug name ends in the documented ADC USAN/INN payload-class stem '-vedotin'	PRESUMED_STRICT_ADC	
ADC_SUFFIX_9ba9a67ff4b7	ADC_CANDIDATE	Depatuxizumab mafodotin	clinicaltrials; conference_abstract_corpus; europe_pmc	NCT02343406; NCT02573324; NCT03419403; 10.1200/jco.2017.35.15_suppl.2510; 10.1200/jco.2019.37.15_suppl.2065; 10.1200/jco.2020.38.15_suppl.2544; 10.1200/jco.2025.43.16_suppl.2060; MED:26846818; MED:28349167; MED:29075855; MED:29794826; MED:32550861; MED:35890344	generic name ends in '-mafodotin' (MMAF (monomethyl auristatin F)); example: A Study of ABT-414 in Participants With Newly Diagnosed Glioblastoma (GBM) With Epidermal Growth Factor Receptor (EGFR) Amplification	2015-01-22	high	AUTO_HIGH_CONFIDENCE	generic drug name ends in the documented ADC USAN/INN payload-class stem '-mafodotin'	PRESUMED_STRICT_ADC	
ADC_SUFFIX_d815f98ea574	ADC_CANDIDATE	Camidanlumab tesirine	clinicaltrials; conference_abstract_corpus; europe_pmc; pubmed	NCT02432235; NCT04052997; 10.1200/jco.2021.39.15_suppl.2556; 27535974; 31808827; ETH:790361; MED:27535974; MED:31808827	generic name ends in '-tesirine' (a PBD (pyrrolobenzodiazepine) dimer); example: A phase 1b, open-label, dose-escalation study to evaluate camidanlumab tesirine (Cami) as monotherapy in patients (pts) with advanced solid tumors.	2015-05-04	high	AUTO_HIGH_CONFIDENCE	generic drug name ends in the documented ADC USAN/INN payload-class stem '-tesirine'	PRESUMED_STRICT_ADC	
ADC_SUFFIX_5cec87e4122f	ADC_CANDIDATE	Lorvotuzumab Mertansine	clinicaltrials; europe_pmc	NCT02452554; MED:26961907	generic name ends in '-mertansine' (DM1 (maytansinoid)); example: Lorvotuzumab Mertansine in Treating Younger Patients With Relapsed or Refractory Wilms Tumor, Rhabdomyosarcoma, Neuroblastoma, Pleuropulmonary Blastom	2015-05-22	high	AUTO_HIGH_CONFIDENCE	generic drug name ends in the documented ADC USAN/INN payload-class stem '-mertansine'	PRESUMED_STRICT_ADC	
ADC_SUFFIX_4e000bdcb848	ADC_CANDIDATE	denintuzumab mafodotin	clinicaltrials; conference_abstract_corpus	NCT02592876; NCT02855359; 10.1200/jco.2016.34.15_suppl.tps7584	generic name ends in '-mafodotin' (MMAF (monomethyl auristatin F)); example: A randomized, phase 2 trial of denintuzumab mafodotin and RICE vs RICE alone in the treatment of patients (pts) with relapsed/refractory (r/r) diffuse	2015-10-30	high	AUTO_HIGH_CONFIDENCE	generic drug name ends in the documented ADC USAN/INN payload-class stem '-mafodotin'	PRESUMED_STRICT_ADC	
ADC_SUFFIX_4430b899e4df	ADC_CANDIDATE	vadastuximab talirine	clinicaltrials; conference_abstract_corpus	NCT02614560; NCT02706899; 10.1200/jco.2022.40.16_suppl.e19006	generic name ends in '-talirine' (a PBD (pyrrolobenzodiazepine) dimer); example: A Study of Vadastuximab Talirine Given Prior to or After Allogeneic Hematopoietic Stem Cell Transplant in AML Patients	2015-11-25	high	AUTO_HIGH_CONFIDENCE	generic drug name ends in the documented ADC USAN/INN payload-class stem '-talirine'	PRESUMED_STRICT_ADC	
ADC_SUFFIX_db7ba4560b41	ADC_CANDIDATE	Anetumab ravtansine	clinicaltrials; conference_abstract_corpus	NCT02696642; NCT02751918; NCT02839681; NCT03023722; NCT03455556; 10.1200/jco.2016.34.15_suppl.2509; 10.1200/jco.2018.36.15_suppl.5571; 10.1200/jco.2018.36.15_suppl.tps2607; 10.1200/jco.2024.42.16_suppl.2565; 10.1200/jco.2025.43.16_suppl.e15024; aacr:2026:2655	generic name ends in '-ravtansine' (DM4 (maytansinoid)); example: Anetumab Ravtansine and Atezolizumab in Treating Participants With Advanced Non-small Cell Lung Cancer	2016-03-02	high	AUTO_HIGH_CONFIDENCE	generic drug name ends in the documented ADC USAN/INN payload-class stem '-ravtansine'	PRESUMED_STRICT_ADC	
ADC_SUFFIX_76452e9163ef	ADC_CANDIDATE	Patritumab Deruxtecan	clinicaltrials; conference_abstract_corpus; europe_pmc	NCT02980341; NCT04479436; NCT04965766; NCT05865990; NCT06222489; NCT06298084; NCT06686394; NCT06941272; NCT07060807; NCT07701941; 10.1158/1538-7445.am2017-44; 10.1158/1538-7445.am2019-220; 10.1158/1538-7445.am2019-lb-275; 10.1158/1538-7445.am2020-5192; 10.1158/1538-7445.am2020-5201; 10.1158/1538-7445.am2022-lb088; 10.1158/1538-7445.am2023-1884; 10.1158/1538-7445.am2023-2660; 10.1158/1538-7445.am2023-ct066; 10.1158/1538-7445.am2023-lb042	generic name ends in '-deruxtecan' (an exatecan derivative (topoisomerase-1 inhibitor)); example: A Clinical Study of Patritumab Deruxtecan to Treat Breast Cancer (MK-1022-016)	2016-12-02	high	AUTO_HIGH_CONFIDENCE	generic drug name ends in the documented ADC USAN/INN payload-class stem '-deruxtecan'	PRESUMED_STRICT_ADC	
ADC_SUFFIX_8a46197896f6	ADC_CANDIDATE	Enapotamab vedotin	clinicaltrials; conference_abstract_corpus	NCT02988817; 10.1158/1538-7445.am2024-2587; 10.1200/jco.2019.37.15_suppl.2525	generic name ends in '-vedotin' (MMAE (monomethyl auristatin E)); example: Abstract 2587: Evaluating the potential of radiomics features to predict outcome to an antibody-drug conjugate therapy in non-small cell lung cancer p	2016-12-09	high	AUTO_HIGH_CONFIDENCE	generic drug name ends in the documented ADC USAN/INN payload-class stem '-vedotin'	PRESUMED_STRICT_ADC	
ADC_SUFFIX_05559b619db9	ADC_CANDIDATE	vobramitamab duocarmazine	clinicaltrials; conference_abstract_corpus; europe_pmc	NCT03729596; NCT05293496; 10.1158/1538-7445.am2018-820; 10.1158/1538-7445.am2020-5203; 10.1158/1538-7445.am2021-950; 10.1158/1538-7445.am2022-330; 10.1158/1538-7445.am2023-2981; 10.1158/1538-7445.am2024-1904; 10.1158/1538-7445.am2025-4785; 10.1158/1538-7445.am2025-7040; 10.1200/jco.2020.38.15_suppl.3071; 10.1200/jco.2021.39.15_suppl.2631	generic name ends in '-duocarmazine' (a duocarmycin analog (DNA minor-groove alkylating agent)); example: A Study of MGC018 in Combination With MGD019 in Participants With Advanced Solid Tumors	2018-07-01	high	AUTO_HIGH_CONFIDENCE	generic drug name ends in the documented ADC USAN/INN payload-class stem '-duocarmazine'	PRESUMED_STRICT_ADC	
ADC_SUFFIX_5d5b94f8644a	ADC_CANDIDATE	Ifinatamab Deruxtecan	clinicaltrials; conference_abstract_corpus; europe_pmc; pubmed	NCT04471727; NCT05280470; NCT06203210; NCT06362252; NCT06780085; NCT07630974; 10.1158/1538-7445.am2023-4891; 10.1158/1538-7445.am2024-lb402; 10.1158/1538-7445.am2025-3499; 10.1200/jco.2024.42.16_suppl.tps8126; 10.1200/jco.2025.43.16_suppl.tps3157; 10.1200/jco.2025.43.16_suppl.tps4209; 10.1200/jco.2025.43.16_suppl.tps8652; 42146343; MED:35149548; MED:36114082	generic name ends in '-deruxtecan' (an exatecan derivative (topoisomerase-1 inhibitor)); example: A Study in Participants With Advanced Cancers Associated With Expression of DLL3 (MK-6070-001/HPN328-4001)	2020-07-15	high	AUTO_HIGH_CONFIDENCE	generic drug name ends in the documented ADC USAN/INN payload-class stem '-deruxtecan'	PRESUMED_STRICT_ADC	
ADC_SUFFIX_dc8391435d51	ADC_CANDIDATE	T emtansine	clinicaltrials	NCT04620187	generic name ends in '-emtansine' (DM1 (maytansinoid)); example: Post-op T-DM1 in HER-2+ Salivary Gland Carcinomas	2020-11-06	high	AUTO_HIGH_CONFIDENCE	generic drug name ends in the documented ADC USAN/INN payload-class stem '-emtansine'	PRESUMED_STRICT_ADC	
ADC_SUFFIX_c96d607d7f9f	ADC_CANDIDATE	Ozuriftamab Vedotin	clinicaltrials; conference_abstract_corpus	NCT05271604; 10.1158/1538-7445.am2023-1541; 10.1200/jco.2023.41.16_suppl.tps6107; 10.1200/jco.2025.43.16_suppl.3077; 10.1200/jco.2025.43.16_suppl.6048	generic name ends in '-vedotin' (MMAE (monomethyl auristatin E)); example: A Phase 2 Open Label Study of BA3021 in Patients With Recurrent or Metastatic Squamous Cell Carcinoma of the Head and Neck	2022-03-09	high	AUTO_HIGH_CONFIDENCE	generic drug name ends in the documented ADC USAN/INN payload-class stem '-vedotin'	PRESUMED_STRICT_ADC	
ADC_SUFFIX_91ba91f14300	ADC_CANDIDATE	Trastuzmab deruxtecan	clinicaltrials	NCT05894824	generic name ends in '-deruxtecan' (an exatecan derivative (topoisomerase-1 inhibitor)); example: T-Dxd in Combination With Ramucirumab as HER2 Low Gastric or Gastroesophageal Junction (GEJ) Adenocarcinoma	2023-06-08	high	AUTO_HIGH_CONFIDENCE	generic drug name ends in the documented ADC USAN/INN payload-class stem '-deruxtecan'	PRESUMED_STRICT_ADC	
ADC_SUFFIX_96a2cf3d74cc	ADC_CANDIDATE	Disitamb Vedotin	clinicaltrials	NCT06001086; NCT06168227	generic name ends in '-vedotin' (MMAE (monomethyl auristatin E)); example: A Multicenter and Real-world Analysis of RC48-ADC in Patients With HER2-positive or HER2-low Expressing, Locally Advanced or Metastatic Breast Cancer	2023-08-21	high	AUTO_HIGH_CONFIDENCE	generic drug name ends in the documented ADC USAN/INN payload-class stem '-vedotin'	PRESUMED_STRICT_ADC	
ADC_SUFFIX_1a81094bebf4	ADC_CANDIDATE	sigvotatug vedotin	clinicaltrials; conference_abstract_corpus	NCT06012435; NCT06549816; NCT06758401; 10.1158/1538-7445.am2025-1577; 10.1200/jco.2024.42.16_suppl.8521; 10.1200/jco.2025.43.16_suppl.3010; 10.1200/jco.2026.44.16_suppl.8522; 10.1200/jco.2026.44.16_suppl.tps8660	generic name ends in '-vedotin' (MMAE (monomethyl auristatin E)); example: A Study of SGN-B6A Versus Docetaxel in Previously Treated Non-small Cell Lung Cancer	2023-08-25	high	AUTO_HIGH_CONFIDENCE	generic drug name ends in the documented ADC USAN/INN payload-class stem '-vedotin'	PRESUMED_STRICT_ADC	
ADC_SUFFIX_9feb2b8bd0bf	ADC_CANDIDATE	Zilovertamab vedotin	clinicaltrials; conference_abstract_corpus; europe_pmc	NCT06395103; NCT06890884; 10.1158/1538-7445.am2021-3038; 10.1158/1538-7445.am2024-1905; 10.1158/1538-7445.am2025-ct119; 10.1158/1538-7445.am2025-lb229; 10.1200/jco.2022.40.16_suppl.tps7592; 10.1200/jco.2023.41.16_suppl.7531; 10.1200/jco.2023.41.16_suppl.tps7589; 10.1200/jco.2023.41.16_suppl.tps7595; 10.1200/jco.2025.43.16_suppl.7005; 10.1200/jco.2025.43.16_suppl.tps10075	generic name ends in '-vedotin' (MMAE (monomethyl auristatin E)); example: A Clinical Study of Zilovertamab Vedotin (MK-2140) Plus Rituximab Plus Cyclophosphamide, Doxorubicin, and Prednisone (R-CHP) Versus Polatuzumab Vedoti	2021-06-01	high	AUTO_HIGH_CONFIDENCE	generic drug name ends in the documented ADC USAN/INN payload-class stem '-vedotin'	PRESUMED_STRICT_ADC	
ADC_SUFFIX_2aaade2f940a	ADC_CANDIDATE	Sonesitatug Vedotin	clinicaltrials; conference_abstract_corpus	NCT06630130; NCT07069712; 10.1200/jco.2026.44.16_suppl.4023	generic name ends in '-vedotin' (MMAE (monomethyl auristatin E)); example: A Study of Novel Agents or Combinations as Perioperative Treatment in Participants With Locally Advanced Resectable Gastroesophageal Adenocarcinoma	2024-10-08	high	AUTO_HIGH_CONFIDENCE	generic drug name ends in the documented ADC USAN/INN payload-class stem '-vedotin'	PRESUMED_STRICT_ADC	
ADC_SUFFIX_7394fd247fe6	ADC_CANDIDATE	Distitamab Vedotin	clinicaltrials	NCT06630871	generic name ends in '-vedotin' (MMAE (monomethyl auristatin E)); example: A Clinical Trial Evaluating the Efficacy and Safety of Disitamab Vedotin Plus Tislelizumab Combined with Re-TURBT in the Treatment of HER-2-high Expre	2024-10-08	high	AUTO_HIGH_CONFIDENCE	generic drug name ends in the documented ADC USAN/INN payload-class stem '-vedotin'	PRESUMED_STRICT_ADC	
ADC_SUFFIX_d82b69ba971c	ADC_CANDIDATE	Raludotatug Deruxtecan	clinicaltrials; conference_abstract_corpus	NCT06780085; NCT06843447; NCT06864169; 10.1200/jco.2024.42.16_suppl.tps5625; 10.1200/jco.2025.43.16_suppl.tps3158; 10.1200/jco.2026.44.16_suppl.5570; 10.1200/jco.2026.44.16_suppl.5571; 10.1200/jco.2026.44.16_suppl.tps5637; aacr:2026:1820	generic name ends in '-deruxtecan' (an exatecan derivative (topoisomerase-1 inhibitor)); example: A Clinical Study of Raludotatug Deruxtecan in People With Ovarian Cancer (MK-5909-003)	2024-06-01	high	AUTO_HIGH_CONFIDENCE	generic drug name ends in the documented ADC USAN/INN payload-class stem '-deruxtecan'	PRESUMED_STRICT_ADC	
ADC_SUFFIX_e1a3cb555c56	ADC_CANDIDATE	bulumtatug fuvedotin	clinicaltrials; conference_abstract_corpus; europe_pmc; pubmed	NCT06649331; NCT06908928; NCT07556848; 10.1200/jco.2024.42.16_suppl.3013; 10.1200/jco.2025.43.16_suppl.4519; 37196158; MED:37196158; MED:38908237; MED:41101504	generic name ends in '-vedotin' (MMAE (monomethyl auristatin E)); example: 9MW2821, a nectin-4 antibody-drug conjugate (ADC), in patients with advanced solid tumor: Results from a phase 1/2a study.	2023-08-01	high	AUTO_HIGH_CONFIDENCE	generic drug name ends in the documented ADC USAN/INN payload-class stem '-vedotin'	PRESUMED_STRICT_ADC	
ADC_SUFFIX_d1e372057963	ADC_CANDIDATE	Trastzumab Deruxtecan	clinicaltrials	NCT07340164	generic name ends in '-deruxtecan' (an exatecan derivative (topoisomerase-1 inhibitor)); example: Trastzumab Deruxtecan Versus SOC in Recurrent Ovarian That Progressed on Prior PARP Inhibitor Therapy	2026-01-14	high	AUTO_HIGH_CONFIDENCE	generic drug name ends in the documented ADC USAN/INN payload-class stem '-deruxtecan'	PRESUMED_STRICT_ADC	
ADC_SUFFIX_29ab8f6ef000	ADC_CANDIDATE	Becotatug Vedotin	clinicaltrials; conference_abstract_corpus; europe_pmc; pubmed	NCT07381075; NCT07481799; NCT07518979; NCT07522879; NCT07524413; NCT07531979; NCT07579598; NCT07584499; NCT07589049; NCT07683507; 10.1158/1538-7445.am2025-2954; 10.1200/jco.2020.38.15_suppl.3550; 10.1200/jco.2026.44.16_suppl.tps6130; 10.1200/jco.2026.44.16_suppl.tps6135; 42341371; MED:35511148; MED:41966716; MED:42341371	generic name ends in '-vedotin' (MMAE (monomethyl auristatin E)); example: A Phase II Clinical Trial of Anti-EGFR Antibody-drug Conjugate (ADC) Combined With or Without Immune Checkpoint Inhibitors in the Neoadjuvant Treatmen	2020-05-20	high	AUTO_HIGH_CONFIDENCE	generic drug name ends in the documented ADC USAN/INN payload-class stem '-vedotin'	PRESUMED_STRICT_ADC	
ADC_SUFFIX_f3e976431323	ADC_CANDIDATE	naratuximab emtansine	conference_abstract_corpus; europe_pmc	10.1158/1538-7445.am2017-1073; 10.1158/1538-7445.am2018-2853; 10.1200/jco.2022.40.16_suppl.e19565; MED:24002446; MED:24235129; MED:24445867; MED:28753442; MED:29453628	generic name ends in '-emtansine' (DM1 (maytansinoid)); example: A novel anti-CD37 antibody-drug conjugate with multiple anti-tumor mechanisms for the treatment of B-cell malignancies.	2013-09-03	medium	NEEDS_REVIEW	generic-looking name ends in the documented ADC USAN/INN payload-class stem '-emtansine', but ONLY found via free-text conference-abstract title/abstract co-occurrence -- no structured intervention-name field confirms it. Higher false-positive risk than the clinicaltrials path (a common English word or a target/gene symbol can precede the suffix word in prose, and OCR/authoring typos of an already-known name's spelling are not caught by exact matching); needs a human check before promotion, not auto-promoted.	PRESUMED_STRICT_ADC	
ADC_SUFFIX_d16f6c6d9d59	ADC_CANDIDATE	dimer Talirine	conference_abstract_corpus	10.1158/1538-7445.am2018-736	generic name ends in '-talirine' (a PBD (pyrrolobenzodiazepine) dimer); example: Abstract 736: Pyridinobenzodiazepines (PDDs): A new class of sequence-selective DNA mono-alkylating ADC payloads with low hydrophobicity	2018-07-01	medium	NEEDS_REVIEW	generic-looking name ends in the documented ADC USAN/INN payload-class stem '-talirine', but ONLY found via free-text conference-abstract title/abstract co-occurrence -- no structured intervention-name field confirms it. Higher false-positive risk than the clinicaltrials path (a common English word or a target/gene symbol can precede the suffix word in prose, and OCR/authoring typos of an already-known name's spelling are not caught by exact matching); needs a human check before promotion, not auto-promoted.	PRESUMED_STRICT_ADC	
ADC_SUFFIX_600328b3a7dc	ADC_CANDIDATE	sacitizumab govitecan	conference_abstract_corpus	10.1158/1538-7445.am2022-1791	generic name ends in '-govitecan' (SN-38 (topoisomerase-1 inhibitor, irinotecan metabolite)); example: Abstract 1791: Epigenetically upregulating TROP2 enhances therapeutic efficacy of TROP2 ADC sacitizumab govitecan	2022-06-15	medium	NEEDS_REVIEW	generic-looking name ends in the documented ADC USAN/INN payload-class stem '-govitecan', but ONLY found via free-text conference-abstract title/abstract co-occurrence -- no structured intervention-name field confirms it. Higher false-positive risk than the clinicaltrials path (a common English word or a target/gene symbol can precede the suffix word in prose, and OCR/authoring typos of an already-known name's spelling are not caught by exact matching); needs a human check before promotion, not auto-promoted.	PRESUMED_STRICT_ADC	
ADC_SUFFIX_3ff73d8223d6	ADC_CANDIDATE	PODO447 Vedotin	conference_abstract_corpus	10.1158/1538-7445.am2023-1134	generic name ends in '-vedotin' (MMAE (monomethyl auristatin E)); example: Abstract 1134: Therapeutic potential of an antibody-drug conjugate directed against a tumor-specific epitope on podocalyxin	2023-04-04	medium	NEEDS_REVIEW	generic-looking name ends in the documented ADC USAN/INN payload-class stem '-vedotin', but ONLY found via free-text conference-abstract title/abstract co-occurrence -- no structured intervention-name field confirms it. Higher false-positive risk than the clinicaltrials path (a common English word or a target/gene symbol can precede the suffix word in prose, and OCR/authoring typos of an already-known name's spelling are not caught by exact matching); needs a human check before promotion, not auto-promoted.	PRESUMED_STRICT_ADC	
ADC_SUFFIX_76e77acea2d5	ADC_CANDIDATE	Mecbotamab Vedotin	conference_abstract_corpus	10.1158/1538-7445.am2023-1541; 10.1200/jco.2023.41.16_suppl.e15010; 10.1200/jco.2026.44.16_suppl.11511	generic name ends in '-vedotin' (MMAE (monomethyl auristatin E)); example: Abstract 1541: NextGen conditionally active biologic (CAB) anti-Nectin-4-ADC with improved stability and safety	2023-04-04	medium	NEEDS_REVIEW	generic-looking name ends in the documented ADC USAN/INN payload-class stem '-vedotin', but ONLY found via free-text conference-abstract title/abstract co-occurrence -- no structured intervention-name field confirms it. Higher false-positive risk than the clinicaltrials path (a common English word or a target/gene symbol can precede the suffix word in prose, and OCR/authoring typos of an already-known name's spelling are not caught by exact matching); needs a human check before promotion, not auto-promoted.	PRESUMED_STRICT_ADC	
ADC_SUFFIX_be94ba398163	ADC_CANDIDATE	transtuzumab deruxtecan	conference_abstract_corpus	10.1158/1538-7445.am2023-4000; 10.1158/1538-7445.am2023-6307	generic name ends in '-deruxtecan' (an exatecan derivative (topoisomerase-1 inhibitor)); example: Abstract 4000: A novel pegylated bispecific antibody-drug conjugate (P-BsADC) targeting Her2+ cancers with improved efficacy and therapeutic window	2023-04-04	medium	NEEDS_REVIEW	generic-looking name ends in the documented ADC USAN/INN payload-class stem '-deruxtecan', but ONLY found via free-text conference-abstract title/abstract co-occurrence -- no structured intervention-name field confirms it. Higher false-positive risk than the clinicaltrials path (a common English word or a target/gene symbol can precede the suffix word in prose, and OCR/authoring typos of an already-known name's spelling are not caught by exact matching); needs a human check before promotion, not auto-promoted.	PRESUMED_STRICT_ADC	
ADC_SUFFIX_bae554c4c776	ADC_CANDIDATE	compounds Mertansine	conference_abstract_corpus	10.1158/1538-7445.am2023-4895	generic name ends in '-mertansine' (DM1 (maytansinoid)); example: Abstract 4895: Introduction of a platform for preclinical profiling of drug conjugates: a case study with sacituzumab govitecan	2023-04-04	medium	NEEDS_REVIEW	generic-looking name ends in the documented ADC USAN/INN payload-class stem '-mertansine', but ONLY found via free-text conference-abstract title/abstract co-occurrence -- no structured intervention-name field confirms it. Higher false-positive risk than the clinicaltrials path (a common English word or a target/gene symbol can precede the suffix word in prose, and OCR/authoring typos of an already-known name's spelling are not caught by exact matching); needs a human check before promotion, not auto-promoted.	PRESUMED_STRICT_ADC	
ADC_SUFFIX_d6293dc7ac92	ADC_CANDIDATE	paritumab deruxtecan	conference_abstract_corpus	10.1158/1538-7445.am2024-2621	generic name ends in '-deruxtecan' (an exatecan derivative (topoisomerase-1 inhibitor)); example: Abstract 2621: Preclinical Efficacy of DM002, a bispecific HER3 × MUC1 antibody-drug conjugate with a novel DNA topoisomerase I inhibitor, in solid tu	2024-03-22	medium	NEEDS_REVIEW	generic-looking name ends in the documented ADC USAN/INN payload-class stem '-deruxtecan', but ONLY found via free-text conference-abstract title/abstract co-occurrence -- no structured intervention-name field confirms it. Higher false-positive risk than the clinicaltrials path (a common English word or a target/gene symbol can precede the suffix word in prose, and OCR/authoring typos of an already-known name's spelling are not caught by exact matching); needs a human check before promotion, not auto-promoted.	PRESUMED_STRICT_ADC	
ADC_SUFFIX_1099c87ec1ba	ADC_CANDIDATE	proprietary duocarmazine	conference_abstract_corpus	10.1158/1538-7445.am2024-3129	generic name ends in '-duocarmazine' (a duocarmycin analog (DNA minor-groove alkylating agent)); example: Abstract 3129: BYON4413, an <i>in vivo</i> active CD123-targeting antibody-drug conjugate, combines effectively with azacitidine and venetoclax in acu	2024-03-22	medium	NEEDS_REVIEW	generic-looking name ends in the documented ADC USAN/INN payload-class stem '-duocarmazine', but ONLY found via free-text conference-abstract title/abstract co-occurrence -- no structured intervention-name field confirms it. Higher false-positive risk than the clinicaltrials path (a common English word or a target/gene symbol can precede the suffix word in prose, and OCR/authoring typos of an already-known name's spelling are not caught by exact matching); needs a human check before promotion, not auto-promoted.	PRESUMED_STRICT_ADC	
ADC_SUFFIX_bc2ad9c3ea01	ADC_CANDIDATE	lifastuzumab vedotin	conference_abstract_corpus	10.1158/1538-7445.am2024-lb124; 10.1158/1538-7445.am2025-1563	generic name ends in '-vedotin' (MMAE (monomethyl auristatin E)); example: Abstract 1563: ADRX-0134 as a novel auristatin-based NaPi2b antibody-drug conjugate with widened therapeutic window	2024-04-05	medium	NEEDS_REVIEW	generic-looking name ends in the documented ADC USAN/INN payload-class stem '-vedotin', but ONLY found via free-text conference-abstract title/abstract co-occurrence -- no structured intervention-name field confirms it. Higher false-positive risk than the clinicaltrials path (a common English word or a target/gene symbol can precede the suffix word in prose, and OCR/authoring typos of an already-known name's spelling are not caught by exact matching); needs a human check before promotion, not auto-promoted.	PRESUMED_STRICT_ADC	
ADC_SUFFIX_ef673f214745	ADC_CANDIDATE	cantuzumab ravtansine	conference_abstract_corpus	10.1158/1538-7445.am2025-2885	generic name ends in '-ravtansine' (DM4 (maytansinoid)); example: Abstract 2885: IKS04, an antibody drug conjugate with a highly potent DNA crosslinker payload for the treatment of gastrointestinal cancers	2025-04-21	medium	NEEDS_REVIEW	generic-looking name ends in the documented ADC USAN/INN payload-class stem '-ravtansine', but ONLY found via free-text conference-abstract title/abstract co-occurrence -- no structured intervention-name field confirms it. Higher false-positive risk than the clinicaltrials path (a common English word or a target/gene symbol can precede the suffix word in prose, and OCR/authoring typos of an already-known name's spelling are not caught by exact matching); needs a human check before promotion, not auto-promoted.	PRESUMED_STRICT_ADC	
ADC_SUFFIX_b06dda4e07bf	ADC_CANDIDATE	Tusamitamab Ravtansine	conference_abstract_corpus; europe_pmc	10.1158/1538-7445.am2020-561; 10.1158/1538-7445.am2025-2958; 10.1158/1538-7445.am2025-4692; 10.1200/jco.2019.37.15_suppl.9072; 10.1200/jco.2020.38.15_suppl.tps9625; 10.1200/jco.2021.39.15_suppl.e21030; MED:33046521	generic name ends in '-ravtansine' (DM4 (maytansinoid)); example: Abstract 2958: SAR408701: An anti-CEACAM5-maytansinoid antibody-drug conjugate to treat CEACAM5-positive neuroendocrine prostate cancer (NEPC)	2019-05-20	medium	NEEDS_REVIEW	generic-looking name ends in the documented ADC USAN/INN payload-class stem '-ravtansine', but ONLY found via free-text conference-abstract title/abstract co-occurrence -- no structured intervention-name field confirms it. Higher false-positive risk than the clinicaltrials path (a common English word or a target/gene symbol can precede the suffix word in prose, and OCR/authoring typos of an already-known name's spelling are not caught by exact matching); needs a human check before promotion, not auto-promoted.	PRESUMED_STRICT_ADC	
ADC_SUFFIX_3fe2436b80b7	ADC_CANDIDATE	Datopotomab deruxtecan	conference_abstract_corpus	10.1158/1538-7445.am2025-5642; 10.1200/jco.2024.42.16_suppl.8501	generic name ends in '-deruxtecan' (an exatecan derivative (topoisomerase-1 inhibitor)); example: Abstract 5642: Datopotomab deruxtecan (Dato-DXd), a TROP2 directed antibody-drug conjugate, demonstrates remarkable antitumor activity in uterine sero	2024-06-01	medium	NEEDS_REVIEW	generic-looking name ends in the documented ADC USAN/INN payload-class stem '-deruxtecan', but ONLY found via free-text conference-abstract title/abstract co-occurrence -- no structured intervention-name field confirms it. Higher false-positive risk than the clinicaltrials path (a common English word or a target/gene symbol can precede the suffix word in prose, and OCR/authoring typos of an already-known name's spelling are not caught by exact matching); needs a human check before promotion, not auto-promoted.	PRESUMED_STRICT_ADC	
ADC_SUFFIX_5cec9ea98cf3	ADC_CANDIDATE	CADM1 Tesirine	conference_abstract_corpus	10.1158/1538-7445.am2025-7046; aacr:2026:7883	generic name ends in '-tesirine' (a PBD (pyrrolobenzodiazepine) dimer); example: Abstract 7046: Payload and linker selection in novel osteosarcoma antibody-drug conjugate (ADC) targeting CADM1	2025-04-21	medium	NEEDS_REVIEW	generic-looking name ends in the documented ADC USAN/INN payload-class stem '-tesirine', but ONLY found via free-text conference-abstract title/abstract co-occurrence -- no structured intervention-name field confirms it. Higher false-positive risk than the clinicaltrials path (a common English word or a target/gene symbol can precede the suffix word in prose, and OCR/authoring typos of an already-known name's spelling are not caught by exact matching); needs a human check before promotion, not auto-promoted.	PRESUMED_STRICT_ADC	
ADC_SUFFIX_b77aa50a6833	ADC_CANDIDATE	serclutamab talirine	conference_abstract_corpus; europe_pmc	10.1200/jco.2020.38.15_suppl.tps3649; MED:33256808	generic name ends in '-talirine' (a PBD (pyrrolobenzodiazepine) dimer); example: Navitoclax enhances the effectiveness of EGFR-targeted antibody-drug conjugates in PDX models of EGFR-expressing triple-negative breast cancer.	2020-05-20	medium	NEEDS_REVIEW	generic-looking name ends in the documented ADC USAN/INN payload-class stem '-talirine', but ONLY found via free-text conference-abstract title/abstract co-occurrence -- no structured intervention-name field confirms it. Higher false-positive risk than the clinicaltrials path (a common English word or a target/gene symbol can precede the suffix word in prose, and OCR/authoring typos of an already-known name's spelling are not caught by exact matching); needs a human check before promotion, not auto-promoted.	PRESUMED_STRICT_ADC	
ADC_SUFFIX_1d432ae0e8ef	ADC_CANDIDATE	trastuzuamb deruxtecan	conference_abstract_corpus	10.1200/jco.2025.43.16_suppl.1053	generic name ends in '-deruxtecan' (an exatecan derivative (topoisomerase-1 inhibitor)); example: Antibody drug conjugates treatment response score (ADC TRS) for sequencing trastuzuamb deruxtecan (T-DXd) and sacituzumab govitecan (SG) in advanced b	2025-6	medium	NEEDS_REVIEW	generic-looking name ends in the documented ADC USAN/INN payload-class stem '-deruxtecan', but ONLY found via free-text conference-abstract title/abstract co-occurrence -- no structured intervention-name field confirms it. Higher false-positive risk than the clinicaltrials path (a common English word or a target/gene symbol can precede the suffix word in prose, and OCR/authoring typos of an already-known name's spelling are not caught by exact matching); needs a human check before promotion, not auto-promoted.	PRESUMED_STRICT_ADC	
ADC_SUFFIX_d02d9a7c8dec	ADC_CANDIDATE	tecotabart vedotin	conference_abstract_corpus	10.1200/jco.2024.42.16_suppl.e16152; 10.1200/jco.2025.43.16_suppl.4039; 10.1200/jco.2026.44.16_suppl.4045	generic name ends in '-vedotin' (MMAE (monomethyl auristatin E)); example: Efficacy and safety of LM-302 (anti-claudin 18.2 ADC) in combination with anti-PD-1 therapy for advanced gastric, gastroesophageal junction cancer and	2024-06-01	medium	NEEDS_REVIEW	generic-looking name ends in the documented ADC USAN/INN payload-class stem '-vedotin', but ONLY found via free-text conference-abstract title/abstract co-occurrence -- no structured intervention-name field confirms it. Higher false-positive risk than the clinicaltrials path (a common English word or a target/gene symbol can precede the suffix word in prose, and OCR/authoring typos of an already-known name's spelling are not caught by exact matching); needs a human check before promotion, not auto-promoted.	PRESUMED_STRICT_ADC	
ADC_SUFFIX_a8bc2727811b	ADC_CANDIDATE	Tratuzumab deruxtecan	conference_abstract_corpus	10.1200/jco.2025.43.16_suppl.e13095	generic name ends in '-deruxtecan' (an exatecan derivative (topoisomerase-1 inhibitor)); example: Tratuzumab deruxtecan: A real-world study in the treatment of metastatic breast cancer in China.	2025-6	medium	NEEDS_REVIEW	generic-looking name ends in the documented ADC USAN/INN payload-class stem '-deruxtecan', but ONLY found via free-text conference-abstract title/abstract co-occurrence -- no structured intervention-name field confirms it. Higher false-positive risk than the clinicaltrials path (a common English word or a target/gene symbol can precede the suffix word in prose, and OCR/authoring typos of an already-known name's spelling are not caught by exact matching); needs a human check before promotion, not auto-promoted.	PRESUMED_STRICT_ADC	
ADC_SUFFIX_c4ebbfd52cc7	ADC_CANDIDATE	distamab vedotin	conference_abstract_corpus	10.1200/jco.2025.43.16_suppl.e17580	generic name ends in '-vedotin' (MMAE (monomethyl auristatin E)); example: Efficacy and safety of distamab vedotin combined with carboplatin and bevacizumab for HER2-expressing platinum-sensitive ovarian cancer with prior PAR	2025-6	medium	NEEDS_REVIEW	generic-looking name ends in the documented ADC USAN/INN payload-class stem '-vedotin', but ONLY found via free-text conference-abstract title/abstract co-occurrence -- no structured intervention-name field confirms it. Higher false-positive risk than the clinicaltrials path (a common English word or a target/gene symbol can precede the suffix word in prose, and OCR/authoring typos of an already-known name's spelling are not caught by exact matching); needs a human check before promotion, not auto-promoted.	PRESUMED_STRICT_ADC	
ADC_SUFFIX_8a7616020c3f	ADC_CANDIDATE	zelenectide pevedotin	conference_abstract_corpus	10.1200/jco.2025.43.16_suppl.tps4619; aacr:2026:7227	generic name ends in '-vedotin' (MMAE (monomethyl auristatin E)); example: A phase 2/3 study of bicycle toxin conjugate zelenectide pevedotin (BT8009) targeting nectin-4 in patients with locally advanced or metastatic urothel	2025-6	medium	NEEDS_REVIEW	generic-looking name ends in the documented ADC USAN/INN payload-class stem '-vedotin', but ONLY found via free-text conference-abstract title/abstract co-occurrence -- no structured intervention-name field confirms it. Higher false-positive risk than the clinicaltrials path (a common English word or a target/gene symbol can precede the suffix word in prose, and OCR/authoring typos of an already-known name's spelling are not caught by exact matching); needs a human check before promotion, not auto-promoted.	ADJACENT_CONJUGATE_MODALITY	BICYCLE_TOXIN_CONJUGATE
ADC_SUFFIX_37cf3799eb5a	ADC_CANDIDATE	trastruzumab deruxtecan	conference_abstract_corpus	10.1200/jco.2026.44.16_suppl.1027	generic name ends in '-deruxtecan' (an exatecan derivative (topoisomerase-1 inhibitor)); example: Antibody-drug conjugate (ADC) after ADC: Predicting survival in patients with HER2-low metastatic breast cancer with lung metastasis using artificial 	2026-06-01	medium	NEEDS_REVIEW	generic-looking name ends in the documented ADC USAN/INN payload-class stem '-deruxtecan', but ONLY found via free-text conference-abstract title/abstract co-occurrence -- no structured intervention-name field confirms it. Higher false-positive risk than the clinicaltrials path (a common English word or a target/gene symbol can precede the suffix word in prose, and OCR/authoring typos of an already-known name's spelling are not caught by exact matching); needs a human check before promotion, not auto-promoted.	PRESUMED_STRICT_ADC	
ADC_SUFFIX_6c1ceb99d1d4	ADC_CANDIDATE	sacituzmab govitecan	conference_abstract_corpus	10.1200/jco.2026.44.16_suppl.1027	generic name ends in '-govitecan' (SN-38 (topoisomerase-1 inhibitor, irinotecan metabolite)); example: Antibody-drug conjugate (ADC) after ADC: Predicting survival in patients with HER2-low metastatic breast cancer with lung metastasis using artificial 	2026-06-01	medium	NEEDS_REVIEW	generic-looking name ends in the documented ADC USAN/INN payload-class stem '-govitecan', but ONLY found via free-text conference-abstract title/abstract co-occurrence -- no structured intervention-name field confirms it. Higher false-positive risk than the clinicaltrials path (a common English word or a target/gene symbol can precede the suffix word in prose, and OCR/authoring typos of an already-known name's spelling are not caught by exact matching); needs a human check before promotion, not auto-promoted.	PRESUMED_STRICT_ADC	
ADC_SUFFIX_05f0d3bf7bd2	ADC_CANDIDATE	indusatumab vedotin	conference_abstract_corpus	10.1200/jco.2026.44.16_suppl.e15616	generic name ends in '-vedotin' (MMAE (monomethyl auristatin E)); example: Efficacy and safety of antibody-drug conjugates in advanced colorectal cancer: A systematic review and single-arm meta-analysis of early-phase clinica	2026-06-01	medium	NEEDS_REVIEW	generic-looking name ends in the documented ADC USAN/INN payload-class stem '-vedotin', but ONLY found via free-text conference-abstract title/abstract co-occurrence -- no structured intervention-name field confirms it. Higher false-positive risk than the clinicaltrials path (a common English word or a target/gene symbol can precede the suffix word in prose, and OCR/authoring typos of an already-known name's spelling are not caught by exact matching); needs a human check before promotion, not auto-promoted.	PRESUMED_STRICT_ADC	
ADC_SUFFIX_fc6331e3c021	ADC_CANDIDATE	Trastuzumab vedotin	conference_abstract_corpus	aacr:2026:0825	generic name ends in '-vedotin' (MMAE (monomethyl auristatin E)); example: Bone marrow from acute myeloid leukemia (AML) and multiple myeloma (MM) patients can be used to evaluate target expression and on-target efficacy for 		medium	NEEDS_REVIEW	generic-looking name ends in the documented ADC USAN/INN payload-class stem '-vedotin', but ONLY found via free-text conference-abstract title/abstract co-occurrence -- no structured intervention-name field confirms it. Higher false-positive risk than the clinicaltrials path (a common English word or a target/gene symbol can precede the suffix word in prose, and OCR/authoring typos of an already-known name's spelling are not caught by exact matching); needs a human check before promotion, not auto-promoted.	PRESUMED_STRICT_ADC	
ADC_SUFFIX_6ff3aa358139	ADC_CANDIDATE	datopotumab deruxtecan	conference_abstract_corpus	aacr:2026:1818	generic name ends in '-deruxtecan' (an exatecan derivative (topoisomerase-1 inhibitor)); example: Overcoming resistance with OBI-902: Preclinical evaluation of a next-generation TROP2 ADC.		medium	NEEDS_REVIEW	generic-looking name ends in the documented ADC USAN/INN payload-class stem '-deruxtecan', but ONLY found via free-text conference-abstract title/abstract co-occurrence -- no structured intervention-name field confirms it. Higher false-positive risk than the clinicaltrials path (a common English word or a target/gene symbol can precede the suffix word in prose, and OCR/authoring typos of an already-known name's spelling are not caught by exact matching); needs a human check before promotion, not auto-promoted.	PRESUMED_STRICT_ADC	
ADC_SUFFIX_eb050b5c38e1	ADC_CANDIDATE	M100B vedotin	conference_abstract_corpus	aacr:2026:6923	generic name ends in '-vedotin' (MMAE (monomethyl auristatin E)); example: Targeting tumor-specific Tn-glycoforms of MUC1 and MUC4 with first-in-class antibody-drug conjugates: Preclinical efficacy and translational potential		medium	NEEDS_REVIEW	generic-looking name ends in the documented ADC USAN/INN payload-class stem '-vedotin', but ONLY found via free-text conference-abstract title/abstract co-occurrence -- no structured intervention-name field confirms it. Higher false-positive risk than the clinicaltrials path (a common English word or a target/gene symbol can precede the suffix word in prose, and OCR/authoring typos of an already-known name's spelling are not caught by exact matching); needs a human check before promotion, not auto-promoted.	PRESUMED_STRICT_ADC	
ADC_SUFFIX_ad21d41e3fa6	ADC_CANDIDATE	BT-062	europe_pmc; pubmed	23913138; MED:23913138; MED:29672587	development-code + explicit ADC-context match; example: Antibody-drug conjugate (ADC) clinical pipeline: a review.	2013	medium	NEEDS_REVIEW	development-code-shaped name found in explicit tight grammatical relationship with 'antibody-drug conjugate'/'ADC' (e.g. '<code> is a novel antibody-drug conjugate' or 'the ADC candidate <code>') in free-text title/abstract -- no structured field confirms this, and a development code alone (unlike a USAN/INN suffix) carries no independent payload/linker class evidence; needs a human check before promotion, not auto-promoted regardless of how many sources mention it.	PRESUMED_STRICT_ADC	
ADC_SUFFIX_29bd160b308c	ADC_CANDIDATE	IMGN779	europe_pmc; pubmed	29588393; MED:29588393	development-code + explicit ADC-context match; example: IMGN779, a Novel CD33-Targeting Antibody-Drug Conjugate with DNA-Alkylating Activity, Exhibits Potent Antitumor Activity in Models of AML.	2018-03-27	medium	NEEDS_REVIEW	development-code-shaped name found in explicit tight grammatical relationship with 'antibody-drug conjugate'/'ADC' (e.g. '<code> is a novel antibody-drug conjugate' or 'the ADC candidate <code>') in free-text title/abstract -- no structured field confirms this, and a development code alone (unlike a USAN/INN suffix) carries no independent payload/linker class evidence; needs a human check before promotion, not auto-promoted regardless of how many sources mention it.	PRESUMED_STRICT_ADC	
ADC_SUFFIX_85b4313446fb	ADC_CANDIDATE	XMT-1522	clinicaltrials; conference_abstract_corpus; europe_pmc; pubmed	10.1158/1538-7445.am2017-2670; 10.1158/1538-7445.am2017-48; 10.1200/jco.2017.35.15_suppl.tps2606; 10.1200/jco.2018.36.15_suppl.2546; 31292166; MED:31220702; MED:31292166	development-code + explicit ADC-context match; example: A Novel Anti-HER2 Antibody-Drug Conjugate XMT-1522 for HER2-Positive Breast and Gastric Cancers Resistant to Trastuzumab Emtansine.	2016-11-02	medium	NEEDS_REVIEW	development-code-shaped name found in explicit tight grammatical relationship with 'antibody-drug conjugate'/'ADC' (e.g. '<code> is a novel antibody-drug conjugate' or 'the ADC candidate <code>') in free-text title/abstract -- no structured field confirms this, and a development code alone (unlike a USAN/INN suffix) carries no independent payload/linker class evidence; needs a human check before promotion, not auto-promoted regardless of how many sources mention it.	PRESUMED_STRICT_ADC	
ADC_SUFFIX_4b3b81639a9b	ADC_CANDIDATE	ARX788	clinicaltrials; conference_abstract_corpus; europe_pmc; pubmed	10.1200/jco.2021.39.15_suppl.1038; 10.1200/jco.2022.40.16_suppl.tps1112; 10.1200/jco.2024.42.16_suppl.1020; 10.1200/jco.2024.42.16_suppl.tps1123; 31904483; 32669315; MED:31904483; MED:32499302; MED:32669315; MED:35766963	development-code + explicit ADC-context match; example: ACE-BREAST-03: A phase 2 trial evaluating ARX788, an anti-HER2 antibody drug conjugate (ADC), for the treatment of HER2+ metastatic breast cancer (mBC	2020-01-02	medium	NEEDS_REVIEW	development-code-shaped name found in explicit tight grammatical relationship with 'antibody-drug conjugate'/'ADC' (e.g. '<code> is a novel antibody-drug conjugate' or 'the ADC candidate <code>') in free-text title/abstract -- no structured field confirms this, and a development code alone (unlike a USAN/INN suffix) carries no independent payload/linker class evidence; needs a human check before promotion, not auto-promoted regardless of how many sources mention it.	PRESUMED_STRICT_ADC	
ADC_SUFFIX_11576be5c2dc	ADC_CANDIDATE	MEDI4276	europe_pmc; pubmed	34045233; MED:31544817; MED:34045233	development-code + explicit ADC-context match; example: First-in-Human, Phase 1 Dose-Escalation Study of Biparatopic Anti-HER2 Antibody-Drug Conjugate MEDI4276 in Patients with HER2-positive Advanced Breast	2019-01-11	medium	NEEDS_REVIEW	development-code-shaped name found in explicit tight grammatical relationship with 'antibody-drug conjugate'/'ADC' (e.g. '<code> is a novel antibody-drug conjugate' or 'the ADC candidate <code>') in free-text title/abstract -- no structured field confirms this, and a development code alone (unlike a USAN/INN suffix) carries no independent payload/linker class evidence; needs a human check before promotion, not auto-promoted regardless of how many sources mention it.	PRESUMED_STRICT_ADC	
ADC_SUFFIX_07bc74339cc5	ADC_CANDIDATE	MRG002	conference_abstract_corpus; europe_pmc; pubmed	10.1200/jco.2020.38.15_suppl.tps1101; 10.1200/jco.2022.40.16_suppl.1102; 34532642; MED:34532642; MED:40992225	development-code + explicit ADC-context match; example: A multiple center, open-label, single-arm, phase II clinical trial of MRG002, an HER2-targeted antibody-drug conjugate, in patients with HER2-low expr	2020-05-20	medium	NEEDS_REVIEW	development-code-shaped name found in explicit tight grammatical relationship with 'antibody-drug conjugate'/'ADC' (e.g. '<code> is a novel antibody-drug conjugate' or 'the ADC candidate <code>') in free-text title/abstract -- no structured field confirms this, and a development code alone (unlike a USAN/INN suffix) carries no independent payload/linker class evidence; needs a human check before promotion, not auto-promoted regardless of how many sources mention it.	PRESUMED_STRICT_ADC	
ADC_SUFFIX_5f35d9a07490	ADC_CANDIDATE	SHR-A1201	europe_pmc; pubmed	36730296; MED:36730296; MED:38219442	development-code + explicit ADC-context match; example: Development and validation of pharmacokinetics assays for a novel HER2-targeting antibody-drug conjugate (SHR-A1201): Application to its dose-escalati	2022-11-19	medium	NEEDS_REVIEW	development-code-shaped name found in explicit tight grammatical relationship with 'antibody-drug conjugate'/'ADC' (e.g. '<code> is a novel antibody-drug conjugate' or 'the ADC candidate <code>') in free-text title/abstract -- no structured field confirms this, and a development code alone (unlike a USAN/INN suffix) carries no independent payload/linker class evidence; needs a human check before promotion, not auto-promoted regardless of how many sources mention it.	PRESUMED_STRICT_ADC	
ADC_SUFFIX_55a5a29847cc	ADC_CANDIDATE	ABBV-011	conference_abstract_corpus; europe_pmc; pubmed	10.1158/1538-7445.am2024-3148; 10.1200/jco.2023.41.16_suppl.3002; 38050039; MED:38050039; MED:39287821; MED:39324657	development-code + explicit ADC-context match; example: A Phase I First-in-Human Study of ABBV-011, a Seizure-Related Homolog Protein 6-Targeting Antibody-Drug Conjugate, in Patients with Small Cell Lung Ca	2023-06-01	medium	NEEDS_REVIEW	development-code-shaped name found in explicit tight grammatical relationship with 'antibody-drug conjugate'/'ADC' (e.g. '<code> is a novel antibody-drug conjugate' or 'the ADC candidate <code>') in free-text title/abstract -- no structured field confirms this, and a development code alone (unlike a USAN/INN suffix) carries no independent payload/linker class evidence; needs a human check before promotion, not auto-promoted regardless of how many sources mention it.	PRESUMED_STRICT_ADC	
ADC_SUFFIX_cd62f9575d7d	ADC_CANDIDATE	DHES0815A	conference_abstract_corpus; europe_pmc; pubmed	10.1158/1538-7445.am2021-911; 38212321; MED:34452746; MED:38212321; PPR:PPR587714	development-code + explicit ADC-context match; example: Abstract 911: <i>In vitro</i> and <i>in vivo</i> activity of DHES0815A, an antibody-drug conjugate targeting HER2/neu in uterine serous carcinoma	2021-07-01	medium	NEEDS_REVIEW	development-code-shaped name found in explicit tight grammatical relationship with 'antibody-drug conjugate'/'ADC' (e.g. '<code> is a novel antibody-drug conjugate' or 'the ADC candidate <code>') in free-text title/abstract -- no structured field confirms this, and a development code alone (unlike a USAN/INN suffix) carries no independent payload/linker class evidence; needs a human check before promotion, not auto-promoted regardless of how many sources mention it.	PRESUMED_STRICT_ADC	
ADC_SUFFIX_2d27dc8a14d8	ADC_CANDIDATE	HDP-101	conference_abstract_corpus; europe_pmc; pubmed	10.1158/1538-7445.am2017-77; 10.1158/1538-7445.am2024-ct067; 38260385; MED:33298585; PPR:PPR786027	development-code + explicit ADC-context match; example: Abstract 77: Preclinical evaluation of HDP-101, an anti-BCMA antibody-drug conjugate	2017-07-01	medium	NEEDS_REVIEW	development-code-shaped name found in explicit tight grammatical relationship with 'antibody-drug conjugate'/'ADC' (e.g. '<code> is a novel antibody-drug conjugate' or 'the ADC candidate <code>') in free-text title/abstract -- no structured field confirms this, and a development code alone (unlike a USAN/INN suffix) carries no independent payload/linker class evidence; needs a human check before promotion, not auto-promoted regardless of how many sources mention it.	PRESUMED_STRICT_ADC	
ADC_SUFFIX_3a6f2b8624de	ADC_CANDIDATE	DP303c	europe_pmc; pubmed	39266619; MED:39266619	development-code + explicit ADC-context match; example: First-in-human study of DP303c, a HER2-targeted antibody-drug conjugate in patients with HER2 positive solid tumors.	2024-09-12	medium	NEEDS_REVIEW	development-code-shaped name found in explicit tight grammatical relationship with 'antibody-drug conjugate'/'ADC' (e.g. '<code> is a novel antibody-drug conjugate' or 'the ADC candidate <code>') in free-text title/abstract -- no structured field confirms this, and a development code alone (unlike a USAN/INN suffix) carries no independent payload/linker class evidence; needs a human check before promotion, not auto-promoted regardless of how many sources mention it.	PRESUMED_STRICT_ADC	
ADC_SUFFIX_62c9335b3447	ADC_CANDIDATE	STI-8811	europe_pmc; pubmed	39292169; MED:39292169	development-code + explicit ADC-context match; example: Preclinical Evaluation of STI-8811, a Novel Antibody-Drug Conjugate Targeting BCMA for the Treatment of Multiple Myeloma.	2024-10-01	medium	NEEDS_REVIEW	development-code-shaped name found in explicit tight grammatical relationship with 'antibody-drug conjugate'/'ADC' (e.g. '<code> is a novel antibody-drug conjugate' or 'the ADC candidate <code>') in free-text title/abstract -- no structured field confirms this, and a development code alone (unlike a USAN/INN suffix) carries no independent payload/linker class evidence; needs a human check before promotion, not auto-promoted regardless of how many sources mention it.	PRESUMED_STRICT_ADC	
ADC_SUFFIX_74810e000196	ADC_CANDIDATE	Tras-16b	europe_pmc; pubmed	39321689; MED:39321689	development-code + explicit ADC-context match; example: Synthesis and evaluation of homocamptothecin antibody-drug conjugates for cancer treatment.	2024-09-21	medium	NEEDS_REVIEW	development-code-shaped name found in explicit tight grammatical relationship with 'antibody-drug conjugate'/'ADC' (e.g. '<code> is a novel antibody-drug conjugate' or 'the ADC candidate <code>') in free-text title/abstract -- no structured field confirms this, and a development code alone (unlike a USAN/INN suffix) carries no independent payload/linker class evidence; needs a human check before promotion, not auto-promoted regardless of how many sources mention it.	PRESUMED_STRICT_ADC	
ADC_SUFFIX_868eb4c7e7c0	ADC_CANDIDATE	OBI-992	conference_abstract_corpus; europe_pmc; pubmed	10.1158/1538-7445.am2024-1893; 10.1158/1538-7445.am2024-3130; 10.1158/1538-7445.am2024-7179; 10.1158/1538-7445.am2025-1702; 39786401; 40082588; 40762235; MED:39786401; MED:40082588; MED:40762235	development-code + explicit ADC-context match; example: Abstract 1702: OBI-992, a novel TROP2 antibody-drug conjugate, exhibits distinct resistance profiles compared to other TROP2 targeting ADCs	2024-03-22	medium	NEEDS_REVIEW	development-code-shaped name found in explicit tight grammatical relationship with 'antibody-drug conjugate'/'ADC' (e.g. '<code> is a novel antibody-drug conjugate' or 'the ADC candidate <code>') in free-text title/abstract -- no structured field confirms this, and a development code alone (unlike a USAN/INN suffix) carries no independent payload/linker class evidence; needs a human check before promotion, not auto-promoted regardless of how many sources mention it.	PRESUMED_STRICT_ADC	
ADC_SUFFIX_ebdc332f2adb	ADC_CANDIDATE	DX126-262	europe_pmc; pubmed	39803638; 39995411; MED:39803638; MED:39995411	development-code + explicit ADC-context match; example: HER2-targeted ADC DX126-262 combined with chemotherapy demonstrates superior antitumor efficacy in HER2-positive gastric cancer.	2024	medium	NEEDS_REVIEW	development-code-shaped name found in explicit tight grammatical relationship with 'antibody-drug conjugate'/'ADC' (e.g. '<code> is a novel antibody-drug conjugate' or 'the ADC candidate <code>') in free-text title/abstract -- no structured field confirms this, and a development code alone (unlike a USAN/INN suffix) carries no independent payload/linker class evidence; needs a human check before promotion, not auto-promoted regardless of how many sources mention it.	PRESUMED_STRICT_ADC	
ADC_SUFFIX_63eb22f431e5	ADC_CANDIDATE	XMT-2056	conference_abstract_corpus; europe_pmc; pubmed	10.1158/1538-7445.am2021-1738; 10.1158/1538-7445.am2022-3503; 10.1158/1538-7445.am2023-4423; 40029253; MED:40029253	development-code + explicit ADC-context match; example: Abstract 1738: XMT-2056, a well-tolerated, Immunosynthen-based STING-agonist antibody-drug conjugate which induces anti-tumor immune activity	2021-07-01	medium	NEEDS_REVIEW	development-code-shaped name found in explicit tight grammatical relationship with 'antibody-drug conjugate'/'ADC' (e.g. '<code> is a novel antibody-drug conjugate' or 'the ADC candidate <code>') in free-text title/abstract -- no structured field confirms this, and a development code alone (unlike a USAN/INN suffix) carries no independent payload/linker class evidence; needs a human check before promotion, not auto-promoted regardless of how many sources mention it.	PRESUMED_STRICT_ADC	
ADC_SUFFIX_fb1411f8d4c0	ADC_CANDIDATE	SHR-A1811	clinicaltrials; conference_abstract_corpus; europe_pmc; pubmed	10.1158/1538-7445.am2023-ct204; 10.1158/1538-7445.am2023-lb031; 10.1158/1538-7445.am2025-ct009; 10.1200/jco.2024.42.16_suppl.e13006; 10.1200/jco.2025.43.16_suppl.1017; 40569929; MED:38900984; MED:39004647; MED:40215979; MED:40569929	development-code + explicit ADC-context match; example: Abstract CT009: SHR-A1811, a HER2-directed antibody-drug conjugate (ADC), in advanced <i>HER2</i>-mutant non-small cell lung cancer (NSCLC): Updated p	2023-04-14	medium	NEEDS_REVIEW	development-code-shaped name found in explicit tight grammatical relationship with 'antibody-drug conjugate'/'ADC' (e.g. '<code> is a novel antibody-drug conjugate' or 'the ADC candidate <code>') in free-text title/abstract -- no structured field confirms this, and a development code alone (unlike a USAN/INN suffix) carries no independent payload/linker class evidence; needs a human check before promotion, not auto-promoted regardless of how many sources mention it.	PRESUMED_STRICT_ADC	
ADC_SUFFIX_5bc7a0c8475f	ADC_CANDIDATE	TUB-010	europe_pmc; pubmed	40833272; MED:40833272; PPR:PPR968225	development-code + explicit ADC-context match; example: TUB-010, a Novel Anti-CD30 Antibody-Drug Conjugate Based on Tub-Tag Technology, Widens the Therapeutic Window by Reducing Toxicity While Maintaining H	2025-01-19	medium	NEEDS_REVIEW	development-code-shaped name found in explicit tight grammatical relationship with 'antibody-drug conjugate'/'ADC' (e.g. '<code> is a novel antibody-drug conjugate' or 'the ADC candidate <code>') in free-text title/abstract -- no structured field confirms this, and a development code alone (unlike a USAN/INN suffix) carries no independent payload/linker class evidence; needs a human check before promotion, not auto-promoted regardless of how many sources mention it.	PRESUMED_STRICT_ADC	
ADC_SUFFIX_1928d3ea638e	ADC_CANDIDATE	FDA018	europe_pmc; pubmed	41076974; MED:40375398; MED:41076974	development-code + explicit ADC-context match; example: Clinical pharmacokinetics and immunogenicity evaluation of a trophoblast cell surface antigen 2-targeted antibody-drug conjugate, FDA018, in patients 	2025-05-13	medium	NEEDS_REVIEW	development-code-shaped name found in explicit tight grammatical relationship with 'antibody-drug conjugate'/'ADC' (e.g. '<code> is a novel antibody-drug conjugate' or 'the ADC candidate <code>') in free-text title/abstract -- no structured field confirms this, and a development code alone (unlike a USAN/INN suffix) carries no independent payload/linker class evidence; needs a human check before promotion, not auto-promoted regardless of how many sources mention it.	PRESUMED_STRICT_ADC	
ADC_SUFFIX_6692932bc032	ADC_CANDIDATE	JSKN033	europe_pmc; pubmed	41340873; MED:41340873	development-code + explicit ADC-context match; example: Adverse events induced by the subcutaneous HER2-targeted antibody-drug conjugate JSKN033 in a male patient with breast cancer: A case report.	2025-11-24	medium	NEEDS_REVIEW	development-code-shaped name found in explicit tight grammatical relationship with 'antibody-drug conjugate'/'ADC' (e.g. '<code> is a novel antibody-drug conjugate' or 'the ADC candidate <code>') in free-text title/abstract -- no structured field confirms this, and a development code alone (unlike a USAN/INN suffix) carries no independent payload/linker class evidence; needs a human check before promotion, not auto-promoted regardless of how many sources mention it.	PRESUMED_STRICT_ADC	
ADC_SUFFIX_c888276002d4	ADC_CANDIDATE	PL119	europe_pmc; pubmed	42168339; MED:42168339	development-code + explicit ADC-context match; example: Development of a translational murine model for antibody-drug conjugate-induced interstitial lung disease.	2026-05-21	medium	NEEDS_REVIEW	development-code-shaped name found in explicit tight grammatical relationship with 'antibody-drug conjugate'/'ADC' (e.g. '<code> is a novel antibody-drug conjugate' or 'the ADC candidate <code>') in free-text title/abstract -- no structured field confirms this, and a development code alone (unlike a USAN/INN suffix) carries no independent payload/linker class evidence; needs a human check before promotion, not auto-promoted regardless of how many sources mention it.	PRESUMED_STRICT_ADC	
ADC_SUFFIX_0afa40cb1c17	ADC_CANDIDATE	GenSci143	europe_pmc; pubmed	42216797; MED:42216797	development-code + explicit ADC-context match; example: Molecular Design and Preclinical Evaluation of GenSci143, a Novel B7-H3- and PSMA-Directed Bispecific Antibody-Drug Conjugate, for the Treatment of Pr	2026-05-29	medium	NEEDS_REVIEW	development-code-shaped name found in explicit tight grammatical relationship with 'antibody-drug conjugate'/'ADC' (e.g. '<code> is a novel antibody-drug conjugate' or 'the ADC candidate <code>') in free-text title/abstract -- no structured field confirms this, and a development code alone (unlike a USAN/INN suffix) carries no independent payload/linker class evidence; needs a human check before promotion, not auto-promoted regardless of how many sources mention it.	PRESUMED_STRICT_ADC	
ADC_SUFFIX_6797e6654c13	ADC_CANDIDATE	YL205	conference_abstract_corpus; europe_pmc; pubmed	10.1158/1538-7445.am2024-1894; 10.1200/jco.2026.44.16_suppl.5551; 42255229; MED:42255229	development-code + explicit ADC-context match; example: Abstract 1894: Preclinical development of YL205, a novel NaPi2b-targeting antibody-drug conjugate (ADC) with novel topoisomerase I inhibitor-based lin	2024-03-22	medium	NEEDS_REVIEW	development-code-shaped name found in explicit tight grammatical relationship with 'antibody-drug conjugate'/'ADC' (e.g. '<code> is a novel antibody-drug conjugate' or 'the ADC candidate <code>') in free-text title/abstract -- no structured field confirms this, and a development code alone (unlike a USAN/INN suffix) carries no independent payload/linker class evidence; needs a human check before promotion, not auto-promoted regardless of how many sources mention it.	PRESUMED_STRICT_ADC	
ADC_SUFFIX_7bf77c38d91f	ADC_CANDIDATE	BR112	europe_pmc; pubmed	42303884; MED:42303884	development-code + explicit ADC-context match; example: A Newly Designed Antibody-drug Conjugate Targeting B7-H3 Demonstrates Enhanced Therapeutic Efficacy Across a Spectrum of Cancers.	2026-06-16	medium	NEEDS_REVIEW	development-code-shaped name found in explicit tight grammatical relationship with 'antibody-drug conjugate'/'ADC' (e.g. '<code> is a novel antibody-drug conjugate' or 'the ADC candidate <code>') in free-text title/abstract -- no structured field confirms this, and a development code alone (unlike a USAN/INN suffix) carries no independent payload/linker class evidence; needs a human check before promotion, not auto-promoted regardless of how many sources mention it.	PRESUMED_STRICT_ADC	
ADC_SUFFIX_8b24027f97cd	ADC_CANDIDATE	ABBV-154	europe_pmc; pubmed	42352921; MED:37656698; MED:39866124; MED:40495262; MED:42027411; MED:42352921	development-code + explicit ADC-context match; example: Antibody-Drug Conjugates in Solid Tumor Oncology and the Frontier of Precision Immunosuppression: A Mechanistic, Translational, and Clinical Review.	2023-09-01	medium	NEEDS_REVIEW	development-code-shaped name found in explicit tight grammatical relationship with 'antibody-drug conjugate'/'ADC' (e.g. '<code> is a novel antibody-drug conjugate' or 'the ADC candidate <code>') in free-text title/abstract -- no structured field confirms this, and a development code alone (unlike a USAN/INN suffix) carries no independent payload/linker class evidence; needs a human check before promotion, not auto-promoted regardless of how many sources mention it.	PRESUMED_STRICT_ADC	
ADC_SUFFIX_e11962996d04	ADC_CANDIDATE	OBI-999	conference_abstract_corpus; europe_pmc; pubmed	10.1158/1538-7445.am2019-4815; 10.1158/1538-7445.am2023-5946; 10.1200/jco.2022.40.16_suppl.3029; 42371780; MED:33722855; MED:36701651; MED:42371780	development-code + explicit ADC-context match; example: Abstract 4815: Novel Globo H targeting antibody-drug conjugate with binding specificity and anti-tumor efficacy in multiple cancer types	2019-07-01	medium	NEEDS_REVIEW	development-code-shaped name found in explicit tight grammatical relationship with 'antibody-drug conjugate'/'ADC' (e.g. '<code> is a novel antibody-drug conjugate' or 'the ADC candidate <code>') in free-text title/abstract -- no structured field confirms this, and a development code alone (unlike a USAN/INN suffix) carries no independent payload/linker class evidence; needs a human check before promotion, not auto-promoted regardless of how many sources mention it.	PRESUMED_STRICT_ADC	
ADC_SUFFIX_965d2a5cdcd8	ADC_CANDIDATE	ABBV-706	conference_abstract_corpus; europe_pmc; pubmed	10.1158/1538-7445.am2024-3148; 10.1200/jco.2024.42.16_suppl.3001; 10.1200/jco.2025.43.16_suppl.105; 42374088; MED:42225988; MED:42374088; aacr:2026:7815	development-code + explicit ADC-context match; example: Abstract 3148: ABBV-706 is a novel SEZ6-targeted topoisomerase 1 inhibitor ADC for SCLC and other neuroendocrine cancers	2024-03-22	medium	NEEDS_REVIEW	development-code-shaped name found in explicit tight grammatical relationship with 'antibody-drug conjugate'/'ADC' (e.g. '<code> is a novel antibody-drug conjugate' or 'the ADC candidate <code>') in free-text title/abstract -- no structured field confirms this, and a development code alone (unlike a USAN/INN suffix) carries no independent payload/linker class evidence; needs a human check before promotion, not auto-promoted regardless of how many sources mention it.	PRESUMED_STRICT_ADC	
ADC_SUFFIX_f049c1a1fc91	ADC_CANDIDATE	DYP688	conference_abstract_corpus; europe_pmc; pubmed	10.1200/jco.2025.43.16_suppl.9509; 42443515; MED:39690276; MED:41798271; MED:42443515	development-code + explicit ADC-context match; example: A first-in-human study of DYP688, an antibody drug conjugate delivering a direct Gq/11 inhibitor, in patients with metastatic uveal melanoma (MUM) and	2024-12-17	medium	NEEDS_REVIEW	development-code-shaped name found in explicit tight grammatical relationship with 'antibody-drug conjugate'/'ADC' (e.g. '<code> is a novel antibody-drug conjugate' or 'the ADC candidate <code>') in free-text title/abstract -- no structured field confirms this, and a development code alone (unlike a USAN/INN suffix) carries no independent payload/linker class evidence; needs a human check before promotion, not auto-promoted regardless of how many sources mention it.	PRESUMED_STRICT_ADC	
ADC_SUFFIX_db9ca04e30cb	ADC_CANDIDATE	NRBM-25	europe_pmc; pubmed	42447794; MED:42447794	development-code + explicit ADC-context match; example: A novel NAD(P)H:quinone oxidoreductase 1-responsive vascular endothelial growth factor-targeted antibody-drug conjugate induces dual apoptosis and fer	2026-06-23	medium	NEEDS_REVIEW	development-code-shaped name found in explicit tight grammatical relationship with 'antibody-drug conjugate'/'ADC' (e.g. '<code> is a novel antibody-drug conjugate' or 'the ADC candidate <code>') in free-text title/abstract -- no structured field confirms this, and a development code alone (unlike a USAN/INN suffix) carries no independent payload/linker class evidence; needs a human check before promotion, not auto-promoted regardless of how many sources mention it.	PRESUMED_STRICT_ADC	
ADC_SUFFIX_8de7619943ba	ADC_CANDIDATE	CRB-701	clinicaltrials; conference_abstract_corpus; europe_pmc; pubmed	10.1200/jco.2026.44.16_suppl.5508; 10.1200/jco.2026.44.16_suppl.6062; 42636059; MED:42636059	development-code + explicit ADC-context match; example: A Phase 1/2 Study to Investigate CRB-701 in Solid Tumors	2024-02-20	medium	NEEDS_REVIEW	development-code-shaped name found in explicit tight grammatical relationship with 'antibody-drug conjugate'/'ADC' (e.g. '<code> is a novel antibody-drug conjugate' or 'the ADC candidate <code>') in free-text title/abstract -- no structured field confirms this, and a development code alone (unlike a USAN/INN suffix) carries no independent payload/linker class evidence; needs a human check before promotion, not auto-promoted regardless of how many sources mention it.	PRESUMED_STRICT_ADC	
ADC_SUFFIX_2876cca1c59b	ADC_CANDIDATE	SGN-15	conference_abstract_corpus; europe_pmc	10.1200/jco.2025.43.16_suppl.e15013; MED:16934909	development-code + explicit ADC-context match; example: A randomized, multicenter study to determine the safety and efficacy of the immunoconjugate SGN-15 plus docetaxel for the treatment of non-small cell 	2006-08-28	medium	NEEDS_REVIEW	development-code-shaped name found in explicit tight grammatical relationship with 'antibody-drug conjugate'/'ADC' (e.g. '<code> is a novel antibody-drug conjugate' or 'the ADC candidate <code>') in free-text title/abstract -- no structured field confirms this, and a development code alone (unlike a USAN/INN suffix) carries no independent payload/linker class evidence; needs a human check before promotion, not auto-promoted regardless of how many sources mention it.	PRESUMED_STRICT_ADC	
ADC_SUFFIX_a4f29b3d2646	ADC_CANDIDATE	SGN-75	europe_pmc	MED:20664585; MED:25142258	development-code + explicit ADC-context match; example: Phase I dose-escalation study of SGN-75 in patients with CD70-positive relapsed/refractory non-Hodgkin lymphoma or metastatic renal cell carcinoma.	2010-07-27	medium	NEEDS_REVIEW	development-code-shaped name found in explicit tight grammatical relationship with 'antibody-drug conjugate'/'ADC' (e.g. '<code> is a novel antibody-drug conjugate' or 'the ADC candidate <code>') in free-text title/abstract -- no structured field confirms this, and a development code alone (unlike a USAN/INN suffix) carries no independent payload/linker class evidence; needs a human check before promotion, not auto-promoted regardless of how many sources mention it.	PRESUMED_STRICT_ADC	
ADC_SUFFIX_007824bab18d	ADC_CANDIDATE	MEDI-547	europe_pmc	MED:22370972	development-code + explicit ADC-context match; example: Phase 1, open-label study of MEDI-547 in patients with relapsed or refractory solid tumors.	2012-02-28	medium	NEEDS_REVIEW	development-code-shaped name found in explicit tight grammatical relationship with 'antibody-drug conjugate'/'ADC' (e.g. '<code> is a novel antibody-drug conjugate' or 'the ADC candidate <code>') in free-text title/abstract -- no structured field confirms this, and a development code alone (unlike a USAN/INN suffix) carries no independent payload/linker class evidence; needs a human check before promotion, not auto-promoted regardless of how many sources mention it.	PRESUMED_STRICT_ADC	
ADC_SUFFIX_8d84fd69fcf5	ADC_CANDIDATE	SAR3419	europe_pmc	MED:22753910; MED:23426279; MED:24132920	development-code + explicit ADC-context match; example: A dose-escalation study of SAR3419, an anti-CD19 antibody maytansinoid conjugate, administered by intravenous infusion once weekly in patients with re	2012-07-02	medium	NEEDS_REVIEW	development-code-shaped name found in explicit tight grammatical relationship with 'antibody-drug conjugate'/'ADC' (e.g. '<code> is a novel antibody-drug conjugate' or 'the ADC candidate <code>') in free-text title/abstract -- no structured field confirms this, and a development code alone (unlike a USAN/INN suffix) carries no independent payload/linker class evidence; needs a human check before promotion, not auto-promoted regardless of how many sources mention it.	PRESUMED_STRICT_ADC	
ADC_SUFFIX_5df351a18e8e	ADC_CANDIDATE	DCDT2980S	europe_pmc	MED:23598530	development-code + explicit ADC-context match; example: DCDT2980S, an anti-CD22-monomethyl auristatin E antibody-drug conjugate, is a potential treatment for non-Hodgkin lymphoma.	2013-04-18	medium	NEEDS_REVIEW	development-code-shaped name found in explicit tight grammatical relationship with 'antibody-drug conjugate'/'ADC' (e.g. '<code> is a novel antibody-drug conjugate' or 'the ADC candidate <code>') in free-text title/abstract -- no structured field confirms this, and a development code alone (unlike a USAN/INN suffix) carries no independent payload/linker class evidence; needs a human check before promotion, not auto-promoted regardless of how many sources mention it.	PRESUMED_STRICT_ADC	
ADC_SUFFIX_31d84621e0bd	ADC_CANDIDATE	MDX-1203	europe_pmc	MED:23641697	development-code + explicit ADC-context match; example: Novel detection of DNA-alkylated adducts of antibody-drug conjugates with potentially unique preclinical and biomarker applications.	2013-05-01	medium	NEEDS_REVIEW	development-code-shaped name found in explicit tight grammatical relationship with 'antibody-drug conjugate'/'ADC' (e.g. '<code> is a novel antibody-drug conjugate' or 'the ADC candidate <code>') in free-text title/abstract -- no structured field confirms this, and a development code alone (unlike a USAN/INN suffix) carries no independent payload/linker class evidence; needs a human check before promotion, not auto-promoted regardless of how many sources mention it.	PRESUMED_STRICT_ADC	
ADC_SUFFIX_b85544124aee	ADC_CANDIDATE	SYD983	europe_pmc	MED:25189543	development-code + explicit ADC-context match; example: Preclinical profile of the HER2-targeting ADC SYD983/SYD985: introduction of a new duocarmycin-based linker-drug platform.	2014-09-04	medium	NEEDS_REVIEW	development-code-shaped name found in explicit tight grammatical relationship with 'antibody-drug conjugate'/'ADC' (e.g. '<code> is a novel antibody-drug conjugate' or 'the ADC candidate <code>') in free-text title/abstract -- no structured field confirms this, and a development code alone (unlike a USAN/INN suffix) carries no independent payload/linker class evidence; needs a human check before promotion, not auto-promoted regardless of how many sources mention it.	PRESUMED_STRICT_ADC	
ADC_SUFFIX_a5a83d76cdd9	ADC_CANDIDATE	BMS-936561	europe_pmc	MED:25869904; MED:26576779	development-code + explicit ADC-context match; example: First-in-human multicenter phase I study of BMS-936561 (MDX-1203), an antibody-drug conjugate targeting CD70.	2015-05-15	medium	NEEDS_REVIEW	development-code-shaped name found in explicit tight grammatical relationship with 'antibody-drug conjugate'/'ADC' (e.g. '<code> is a novel antibody-drug conjugate' or 'the ADC candidate <code>') in free-text title/abstract -- no structured field confirms this, and a development code alone (unlike a USAN/INN suffix) carries no independent payload/linker class evidence; needs a human check before promotion, not auto-promoted regardless of how many sources mention it.	PRESUMED_STRICT_ADC	
ADC_SUFFIX_429c328ac8c3	ADC_CANDIDATE	DMOT4039A	europe_pmc	MED:26589435; MED:26823490	development-code + explicit ADC-context match; example: ImmunoPET with Anti-Mesothelin Antibody in Patients with Pancreatic and Ovarian Cancer before Anti-Mesothelin Antibody-Drug Conjugate Treatment.	2015-11-20	medium	NEEDS_REVIEW	development-code-shaped name found in explicit tight grammatical relationship with 'antibody-drug conjugate'/'ADC' (e.g. '<code> is a novel antibody-drug conjugate' or 'the ADC candidate <code>') in free-text title/abstract -- no structured field confirms this, and a development code alone (unlike a USAN/INN suffix) carries no independent payload/linker class evidence; needs a human check before promotion, not auto-promoted regardless of how many sources mention it.	PRESUMED_STRICT_ADC	
ADC_SUFFIX_d93eaf86a52f	ADC_CANDIDATE	ASG-15ME	europe_pmc	MED:26944921	development-code + explicit ADC-context match; example: Development of ASG-15ME, a Novel Antibody-Drug Conjugate Targeting SLITRK6, a New Urothelial Cancer Biomarker.	2016-03-04	medium	NEEDS_REVIEW	development-code-shaped name found in explicit tight grammatical relationship with 'antibody-drug conjugate'/'ADC' (e.g. '<code> is a novel antibody-drug conjugate' or 'the ADC candidate <code>') in free-text title/abstract -- no structured field confirms this, and a development code alone (unlike a USAN/INN suffix) carries no independent payload/linker class evidence; needs a human check before promotion, not auto-promoted regardless of how many sources mention it.	PRESUMED_STRICT_ADC	
ADC_SUFFIX_353ad1a1448c	ADC_CANDIDATE	TAK-264	conference_abstract_corpus; europe_pmc	10.1158/1538-7445.am2016-ct117; MED:27178743; MED:28188407; MED:28527133; MED:29728518; MED:30631747; MED:32788205	development-code + explicit ADC-context match; example: A phase II study of antibody-drug conjugate, TAK-264 (MLN0264) in previously treated patients with advanced or metastatic pancreatic adenocarcinoma ex	2016-05-13	medium	NEEDS_REVIEW	development-code-shaped name found in explicit tight grammatical relationship with 'antibody-drug conjugate'/'ADC' (e.g. '<code> is a novel antibody-drug conjugate' or 'the ADC candidate <code>') in free-text title/abstract -- no structured field confirms this, and a development code alone (unlike a USAN/INN suffix) carries no independent payload/linker class evidence; needs a human check before promotion, not auto-promoted regardless of how many sources mention it.	PRESUMED_STRICT_ADC	
ADC_SUFFIX_59d202901c61	ADC_CANDIDATE	RN927C	europe_pmc	MED:27582525	development-code + explicit ADC-context match; example: RN927C, a Site-Specific Trop-2 Antibody-Drug Conjugate (ADC) with Enhanced Stability, Is Highly Efficacious in Preclinical Solid Tumor Models.	2016-08-31	medium	NEEDS_REVIEW	development-code-shaped name found in explicit tight grammatical relationship with 'antibody-drug conjugate'/'ADC' (e.g. '<code> is a novel antibody-drug conjugate' or 'the ADC candidate <code>') in free-text title/abstract -- no structured field confirms this, and a development code alone (unlike a USAN/INN suffix) carries no independent payload/linker class evidence; needs a human check before promotion, not auto-promoted regardless of how many sources mention it.	PRESUMED_STRICT_ADC	
ADC_SUFFIX_f8aabb4cde6d	ADC_CANDIDATE	MLN2704	europe_pmc	MED:27765518	development-code + explicit ADC-context match; example: Phase 1/2 multiple ascending dose trial of the prostate-specific membrane antigen-targeted antibody drug conjugate MLN2704 in metastatic castration-re	2016-10-17	medium	NEEDS_REVIEW	development-code-shaped name found in explicit tight grammatical relationship with 'antibody-drug conjugate'/'ADC' (e.g. '<code> is a novel antibody-drug conjugate' or 'the ADC candidate <code>') in free-text title/abstract -- no structured field confirms this, and a development code alone (unlike a USAN/INN suffix) carries no independent payload/linker class evidence; needs a human check before promotion, not auto-promoted regardless of how many sources mention it.	PRESUMED_STRICT_ADC	
ADC_SUFFIX_436117ed3fcf	ADC_CANDIDATE	MLN0264	europe_pmc	MED:27765652	development-code + explicit ADC-context match; example: Antibody-drug conjugate directed against the guanylyl cyclase antigen for the treatment of gastrointestinal malignancies.	2016-10-18	medium	NEEDS_REVIEW	development-code-shaped name found in explicit tight grammatical relationship with 'antibody-drug conjugate'/'ADC' (e.g. '<code> is a novel antibody-drug conjugate' or 'the ADC candidate <code>') in free-text title/abstract -- no structured field confirms this, and a development code alone (unlike a USAN/INN suffix) carries no independent payload/linker class evidence; needs a human check before promotion, not auto-promoted regardless of how many sources mention it.	PRESUMED_STRICT_ADC	
ADC_SUFFIX_b77d28587231	ADC_CANDIDATE	MEDI0641	europe_pmc	MED:27780858; MED:28522587	development-code + explicit ADC-context match; example: 5T4-Targeted Therapy Ablates Cancer Stem Cells and Prevents Recurrence of Head and Neck Squamous Cell Carcinoma.	2016-10-25	medium	NEEDS_REVIEW	development-code-shaped name found in explicit tight grammatical relationship with 'antibody-drug conjugate'/'ADC' (e.g. '<code> is a novel antibody-drug conjugate' or 'the ADC candidate <code>') in free-text title/abstract -- no structured field confirms this, and a development code alone (unlike a USAN/INN suffix) carries no independent payload/linker class evidence; needs a human check before promotion, not auto-promoted regardless of how many sources mention it.	PRESUMED_STRICT_ADC	
ADC_SUFFIX_465858701e61	ADC_CANDIDATE	DMUC5754A	europe_pmc	MED:27793850	development-code + explicit ADC-context match; example: Phase I study of safety and pharmacokinetics of the anti-MUC16 antibody-drug conjugate DMUC5754A in patients with platinum-resistant ovarian cancer or	2016-11-01	medium	NEEDS_REVIEW	development-code-shaped name found in explicit tight grammatical relationship with 'antibody-drug conjugate'/'ADC' (e.g. '<code> is a novel antibody-drug conjugate' or 'the ADC candidate <code>') in free-text title/abstract -- no structured field confirms this, and a development code alone (unlike a USAN/INN suffix) carries no independent payload/linker class evidence; needs a human check before promotion, not auto-promoted regardless of how many sources mention it.	PRESUMED_STRICT_ADC	
ADC_SUFFIX_b8be8efb00bb	ADC_CANDIDATE	SG3227	europe_pmc	MED:28188066	development-code + explicit ADC-context match; example: Synthesis and in vitro evaluation of SG3227, a pyrrolobenzodiazepine dimer antibody-drug conjugate payload based on sibiromycin.	2017-01-30	medium	NEEDS_REVIEW	development-code-shaped name found in explicit tight grammatical relationship with 'antibody-drug conjugate'/'ADC' (e.g. '<code> is a novel antibody-drug conjugate' or 'the ADC candidate <code>') in free-text title/abstract -- no structured field confirms this, and a development code alone (unlike a USAN/INN suffix) carries no independent payload/linker class evidence; needs a human check before promotion, not auto-promoted regardless of how many sources mention it.	PRESUMED_STRICT_ADC	
ADC_SUFFIX_a710efc45d77	ADC_CANDIDATE	REGN2878	europe_pmc	MED:28377489	development-code + explicit ADC-context match; example: Preclinical Activity of the Novel Anti-Prolactin Receptor (PRLR) Antibody-Drug Conjugate REGN2878-DM1 in PRLR-Positive Breast Cancers.	2017-04-04	medium	NEEDS_REVIEW	development-code-shaped name found in explicit tight grammatical relationship with 'antibody-drug conjugate'/'ADC' (e.g. '<code> is a novel antibody-drug conjugate' or 'the ADC candidate <code>') in free-text title/abstract -- no structured field confirms this, and a development code alone (unlike a USAN/INN suffix) carries no independent payload/linker class evidence; needs a human check before promotion, not auto-promoted regardless of how many sources mention it.	PRESUMED_STRICT_ADC	
ADC_SUFFIX_0405ab1a3760	ADC_CANDIDATE	HKT288	europe_pmc	MED:28526733; MED:34515215	development-code + explicit ADC-context match; example: A Phase 1 Study of a CDH6-Targeting Antibody-Drug Conjugate in Patients with Advanced Solid Tumors with Evaluation of Inflammatory and Neurological Ad	2017-05-19	medium	NEEDS_REVIEW	development-code-shaped name found in explicit tight grammatical relationship with 'antibody-drug conjugate'/'ADC' (e.g. '<code> is a novel antibody-drug conjugate' or 'the ADC candidate <code>') in free-text title/abstract -- no structured field confirms this, and a development code alone (unlike a USAN/INN suffix) carries no independent payload/linker class evidence; needs a human check before promotion, not auto-promoted regardless of how many sources mention it.	PRESUMED_STRICT_ADC	
ADC_SUFFIX_7753940820c4	ADC_CANDIDATE	IMMU-140	europe_pmc	MED:29133623	development-code + explicit ADC-context match; example: IMMU-140, a Novel SN-38 Antibody-Drug Conjugate Targeting HLA-DR, Mediates Dual Cytotoxic Effects in Hematologic Cancers and Malignant Melanoma.	2017-11-13	medium	NEEDS_REVIEW	development-code-shaped name found in explicit tight grammatical relationship with 'antibody-drug conjugate'/'ADC' (e.g. '<code> is a novel antibody-drug conjugate' or 'the ADC candidate <code>') in free-text title/abstract -- no structured field confirms this, and a development code alone (unlike a USAN/INN suffix) carries no independent payload/linker class evidence; needs a human check before promotion, not auto-promoted regardless of how many sources mention it.	PRESUMED_STRICT_ADC	
ADC_SUFFIX_51f53212cfa2	ADC_CANDIDATE	CD123A	europe_pmc	MED:29142066	development-code + explicit ADC-context match; example: Characterization of SGN-CD123A, A Potent CD123-Directed Antibody-Drug Conjugate for Acute Myeloid Leukemia.	2017-11-15	medium	NEEDS_REVIEW	development-code-shaped name found in explicit tight grammatical relationship with 'antibody-drug conjugate'/'ADC' (e.g. '<code> is a novel antibody-drug conjugate' or 'the ADC candidate <code>') in free-text title/abstract -- no structured field confirms this, and a development code alone (unlike a USAN/INN suffix) carries no independent payload/linker class evidence; needs a human check before promotion, not auto-promoted regardless of how many sources mention it.	PRESUMED_STRICT_ADC	
ADC_SUFFIX_f6f465aaaa27	ADC_CANDIDATE	AXL-107	europe_pmc	MED:29334371	development-code + explicit ADC-context match; example: Cooperative targeting of melanoma heterogeneity with an AXL antibody-drug conjugate and BRAF/MEK inhibitors.	2018-01-15	medium	NEEDS_REVIEW	development-code-shaped name found in explicit tight grammatical relationship with 'antibody-drug conjugate'/'ADC' (e.g. '<code> is a novel antibody-drug conjugate' or 'the ADC candidate <code>') in free-text title/abstract -- no structured field confirms this, and a development code alone (unlike a USAN/INN suffix) carries no independent payload/linker class evidence; needs a human check before promotion, not auto-promoted regardless of how many sources mention it.	PRESUMED_STRICT_ADC	
ADC_SUFFIX_acc34f5ac45a	ADC_CANDIDATE	MI130004	europe_pmc	MED:29440297	development-code + explicit ADC-context match; example: MI130004, a Novel Antibody-Drug Conjugate Combining Trastuzumab with a Molecule of Marine Origin, Shows Outstanding <i>In Vivo</i> Activity against HE	2018-02-13	medium	NEEDS_REVIEW	development-code-shaped name found in explicit tight grammatical relationship with 'antibody-drug conjugate'/'ADC' (e.g. '<code> is a novel antibody-drug conjugate' or 'the ADC candidate <code>') in free-text title/abstract -- no structured field confirms this, and a development code alone (unlike a USAN/INN suffix) carries no independent payload/linker class evidence; needs a human check before promotion, not auto-promoted regardless of how many sources mention it.	PRESUMED_STRICT_ADC	
ADC_SUFFIX_79fd78208ab0	ADC_CANDIDATE	ABBV-221	conference_abstract_corpus; europe_pmc	10.1200/jco.2017.35.15_suppl.2510; MED:29483208	development-code + explicit ADC-context match; example: Characterization of ABBV-221, a Tumor-Selective EGFR-Targeting Antibody Drug Conjugate.	2017-05-20	medium	NEEDS_REVIEW	development-code-shaped name found in explicit tight grammatical relationship with 'antibody-drug conjugate'/'ADC' (e.g. '<code> is a novel antibody-drug conjugate' or 'the ADC candidate <code>') in free-text title/abstract -- no structured field confirms this, and a development code alone (unlike a USAN/INN suffix) carries no independent payload/linker class evidence; needs a human check before promotion, not auto-promoted regardless of how many sources mention it.	PRESUMED_STRICT_ADC	
ADC_SUFFIX_2ab5a863b012	ADC_CANDIDATE	LOP628	europe_pmc	MED:29615457; MED:29764854; MED:40408838	development-code + explicit ADC-context match; example: Mechanistic Insights of an Immunological Adverse Event Induced by an Anti-KIT Antibody Drug Conjugate and Mitigation Strategies.	2018-04-03	medium	NEEDS_REVIEW	development-code-shaped name found in explicit tight grammatical relationship with 'antibody-drug conjugate'/'ADC' (e.g. '<code> is a novel antibody-drug conjugate' or 'the ADC candidate <code>') in free-text title/abstract -- no structured field confirms this, and a development code alone (unlike a USAN/INN suffix) carries no independent payload/linker class evidence; needs a human check before promotion, not auto-promoted regardless of how many sources mention it.	PRESUMED_STRICT_ADC	
ADC_SUFFIX_40d8ba5f6141	ADC_CANDIDATE	IMGN632	conference_abstract_corpus; europe_pmc	10.1158/1538-7445.am2019-4820; 10.1200/jco.2020.38.15_suppl.tps7563; 10.1200/jco.2020.38.15_suppl.tps7564; MED:29661755; MED:30361418	development-code + explicit ADC-context match; example: A CD123-targeting antibody-drug conjugate, IMGN632, designed to eradicate AML while sparing normal bone marrow cells.	2018-04-01	medium	NEEDS_REVIEW	development-code-shaped name found in explicit tight grammatical relationship with 'antibody-drug conjugate'/'ADC' (e.g. '<code> is a novel antibody-drug conjugate' or 'the ADC candidate <code>') in free-text title/abstract -- no structured field confirms this, and a development code alone (unlike a USAN/INN suffix) carries no independent payload/linker class evidence; needs a human check before promotion, not auto-promoted regardless of how many sources mention it.	PRESUMED_STRICT_ADC	
ADC_SUFFIX_6e5e282926d5	ADC_CANDIDATE	ABBV-085	clinicaltrials; conference_abstract_corpus; europe_pmc	10.1200/jco.2019.37.15_suppl.3004; MED:29764866; MED:33298592; MED:33820780; MED:34654724	development-code + explicit ADC-context match; example: ABBV-085, Antibody-Drug Conjugate Targeting LRRC15, Is Effective in Osteosarcoma: A Report by the Pediatric Preclinical Testing Consortium.	2015-10-01	medium	NEEDS_REVIEW	development-code-shaped name found in explicit tight grammatical relationship with 'antibody-drug conjugate'/'ADC' (e.g. '<code> is a novel antibody-drug conjugate' or 'the ADC candidate <code>') in free-text title/abstract -- no structured field confirms this, and a development code alone (unlike a USAN/INN suffix) carries no independent payload/linker class evidence; needs a human check before promotion, not auto-promoted regardless of how many sources mention it.	PRESUMED_STRICT_ADC	
ADC_SUFFIX_2a75ee5c4d37	ADC_CANDIDATE	CLT030	europe_pmc	MED:30037800	development-code + explicit ADC-context match; example: CLT030, a leukemic stem cell-targeting CLL1 antibody-drug conjugate for treatment of acute myeloid leukemia.	2018-07-01	medium	NEEDS_REVIEW	development-code-shaped name found in explicit tight grammatical relationship with 'antibody-drug conjugate'/'ADC' (e.g. '<code> is a novel antibody-drug conjugate' or 'the ADC candidate <code>') in free-text title/abstract -- no structured field confirms this, and a development code alone (unlike a USAN/INN suffix) carries no independent payload/linker class evidence; needs a human check before promotion, not auto-promoted regardless of how many sources mention it.	PRESUMED_STRICT_ADC	
ADC_SUFFIX_9544a59c8c68	ADC_CANDIDATE	DCLL9718A	europe_pmc	MED:30183491	development-code + explicit ADC-context match; example: Preclinical pharmacokinetics and pharmacodynamics of DCLL9718A: An antibody-drug conjugate for the treatment of acute myeloid leukemia.	2018-10-02	medium	NEEDS_REVIEW	development-code-shaped name found in explicit tight grammatical relationship with 'antibody-drug conjugate'/'ADC' (e.g. '<code> is a novel antibody-drug conjugate' or 'the ADC candidate <code>') in free-text title/abstract -- no structured field confirms this, and a development code alone (unlike a USAN/INN suffix) carries no independent payload/linker class evidence; needs a human check before promotion, not auto-promoted regardless of how many sources mention it.	PRESUMED_STRICT_ADC	
ADC_SUFFIX_339ec382cc00	ADC_CANDIDATE	MORAb-202	clinicaltrials; conference_abstract_corpus; europe_pmc	10.1158/1538-7445.am2018-1770; 10.1158/1538-7445.am2018-952; 10.1158/1538-7445.am2023-ct056; 10.1200/jco.2022.40.16_suppl.3090; MED:30262588; MED:33535554; MED:33756060; MED:33926914; aacr:2026:1816	development-code + explicit ADC-context match; example: A Study of MORAb-202 Versus Investigator's Choice Chemotherapy in Female Participants With Platinum-resistant High-grade Serous (HGS) Ovarian, Primary	2018-07-01	medium	NEEDS_REVIEW	development-code-shaped name found in explicit tight grammatical relationship with 'antibody-drug conjugate'/'ADC' (e.g. '<code> is a novel antibody-drug conjugate' or 'the ADC candidate <code>') in free-text title/abstract -- no structured field confirms this, and a development code alone (unlike a USAN/INN suffix) carries no independent payload/linker class evidence; needs a human check before promotion, not auto-promoted regardless of how many sources mention it.	PRESUMED_STRICT_ADC	
ADC_SUFFIX_49fb87d171fa	ADC_CANDIDATE	SHR-A1403	europe_pmc	MED:30299189; MED:30643210	development-code + explicit ADC-context match; example: Preclinical pharmacokinetics of a novel anti-c-Met antibody-drug conjugate, SHR-A1403, in rodents and non-human primates.	2019-01-04	medium	NEEDS_REVIEW	development-code-shaped name found in explicit tight grammatical relationship with 'antibody-drug conjugate'/'ADC' (e.g. '<code> is a novel antibody-drug conjugate' or 'the ADC candidate <code>') in free-text title/abstract -- no structured field confirms this, and a development code alone (unlike a USAN/INN suffix) carries no independent payload/linker class evidence; needs a human check before promotion, not auto-promoted regardless of how many sources mention it.	PRESUMED_STRICT_ADC	
ADC_SUFFIX_9359466dc65a	ADC_CANDIDATE	RN765C	europe_pmc	MED:30323890	development-code + explicit ADC-context match; example: RN765C, a low affinity EGFR antibody drug conjugate with potent anti-tumor activity in preclinical solid tumor models.	2018-09-11	medium	NEEDS_REVIEW	development-code-shaped name found in explicit tight grammatical relationship with 'antibody-drug conjugate'/'ADC' (e.g. '<code> is a novel antibody-drug conjugate' or 'the ADC candidate <code>') in free-text title/abstract -- no structured field confirms this, and a development code alone (unlike a USAN/INN suffix) carries no independent payload/linker class evidence; needs a human check before promotion, not auto-promoted regardless of how many sources mention it.	PRESUMED_STRICT_ADC	
ADC_SUFFIX_3bdb7fb98a59	ADC_CANDIDATE	LR004	europe_pmc	MED:30372581	development-code + explicit ADC-context match; example: An EGFR-targeting antibody-drug conjugate LR004-VC-MMAE: potential in esophageal squamous cell carcinoma and other malignancies.	2018-11-15	medium	NEEDS_REVIEW	development-code-shaped name found in explicit tight grammatical relationship with 'antibody-drug conjugate'/'ADC' (e.g. '<code> is a novel antibody-drug conjugate' or 'the ADC candidate <code>') in free-text title/abstract -- no structured field confirms this, and a development code alone (unlike a USAN/INN suffix) carries no independent payload/linker class evidence; needs a human check before promotion, not auto-promoted regardless of how many sources mention it.	PRESUMED_STRICT_ADC	
ADC_SUFFIX_78c44fd1f367	ADC_CANDIDATE	STRO-001	clinicaltrials; conference_abstract_corpus; europe_pmc	10.1158/1538-7445.am2017-67; 10.1158/1538-7445.am2018-742; 10.1158/1538-7445.am2019-ct104; 10.1200/jco.2018.36.15_suppl.tps7586; MED:30701025; MED:34638496; MED:36634212; MED:40036608	development-code + explicit ADC-context match; example: A phase 1 open-label, safety, pharmacokinetic, and preliminary efficacy study of STRO-001, an anti-CD74 antibody drug conjugate, in patients with adva	2017-07-01	medium	NEEDS_REVIEW	development-code-shaped name found in explicit tight grammatical relationship with 'antibody-drug conjugate'/'ADC' (e.g. '<code> is a novel antibody-drug conjugate' or 'the ADC candidate <code>') in free-text title/abstract -- no structured field confirms this, and a development code alone (unlike a USAN/INN suffix) carries no independent payload/linker class evidence; needs a human check before promotion, not auto-promoted regardless of how many sources mention it.	PRESUMED_STRICT_ADC	
ADC_SUFFIX_2ce4f2d4fcb9	ADC_CANDIDATE	DFRF4539A	europe_pmc	MED:30718503	development-code + explicit ADC-context match; example: Phase I study of the anti-FcRH5 antibody-drug conjugate DFRF4539A in relapsed or refractory multiple myeloma.	2019-02-04	medium	NEEDS_REVIEW	development-code-shaped name found in explicit tight grammatical relationship with 'antibody-drug conjugate'/'ADC' (e.g. '<code> is a novel antibody-drug conjugate' or 'the ADC candidate <code>') in free-text title/abstract -- no structured field confirms this, and a development code alone (unlike a USAN/INN suffix) carries no independent payload/linker class evidence; needs a human check before promotion, not auto-promoted regardless of how many sources mention it.	PRESUMED_STRICT_ADC	
ADC_SUFFIX_920bfdf787ce	ADC_CANDIDATE	DGN462	europe_pmc	MED:30733273	development-code + explicit ADC-context match; example: The novel CD19-targeting antibody-drug conjugate huB4-DGN462 shows improved anti-tumor activity compared to SAR3419 in CD19-positive lymphoma and leuk	2019-02-07	medium	NEEDS_REVIEW	development-code-shaped name found in explicit tight grammatical relationship with 'antibody-drug conjugate'/'ADC' (e.g. '<code> is a novel antibody-drug conjugate' or 'the ADC candidate <code>') in free-text title/abstract -- no structured field confirms this, and a development code alone (unlike a USAN/INN suffix) carries no independent payload/linker class evidence; needs a human check before promotion, not auto-promoted regardless of how many sources mention it.	PRESUMED_STRICT_ADC	
ADC_SUFFIX_54b6dad2ba6c	ADC_CANDIDATE	CDX-0125	conference_abstract_corpus; europe_pmc	10.1158/1538-7445.am2022-2012; MED:30867324	development-code + explicit ADC-context match; example: Abstract 2012: A humanized anaplastic lymphoma kinase (ALK)-directed antibody-drug conjugate (ADC) demonstrates potent cytotoxicity in neuroblastoma (	2019-03-01	medium	NEEDS_REVIEW	development-code-shaped name found in explicit tight grammatical relationship with 'antibody-drug conjugate'/'ADC' (e.g. '<code> is a novel antibody-drug conjugate' or 'the ADC candidate <code>') in free-text title/abstract -- no structured field confirms this, and a development code alone (unlike a USAN/INN suffix) carries no independent payload/linker class evidence; needs a human check before promotion, not auto-promoted regardless of how many sources mention it.	PRESUMED_STRICT_ADC	
ADC_SUFFIX_1bf36bfffb9c	ADC_CANDIDATE	SHR-A1307	europe_pmc	MED:30962319	development-code + explicit ADC-context match; example: Discovery of A Novel EGFR-Targeting Antibody-Drug Conjugate, SHR-A1307, for the Treatment of Solid Tumors Resistant or Refractory to Anti-EGFR Therapi	2019-04-08	medium	NEEDS_REVIEW	development-code-shaped name found in explicit tight grammatical relationship with 'antibody-drug conjugate'/'ADC' (e.g. '<code> is a novel antibody-drug conjugate' or 'the ADC candidate <code>') in free-text title/abstract -- no structured field confirms this, and a development code alone (unlike a USAN/INN suffix) carries no independent payload/linker class evidence; needs a human check before promotion, not auto-promoted regardless of how many sources mention it.	PRESUMED_STRICT_ADC	
ADC_SUFFIX_e87fbdd07d27	ADC_CANDIDATE	OBT076	conference_abstract_corpus; europe_pmc	10.1158/1538-7445.am2022-1069; 10.1158/1538-7445.am2022-1975; 10.1200/jco.2022.40.16_suppl.3028; MED:31227646	development-code + explicit ADC-context match; example: Abstract 1069: OBT076, a clinical-stage ADC, displays synergy with oxaliplatin and cisplatin in preclinical gastric cancer models	2019-06-21	medium	NEEDS_REVIEW	development-code-shaped name found in explicit tight grammatical relationship with 'antibody-drug conjugate'/'ADC' (e.g. '<code> is a novel antibody-drug conjugate' or 'the ADC candidate <code>') in free-text title/abstract -- no structured field confirms this, and a development code alone (unlike a USAN/INN suffix) carries no independent payload/linker class evidence; needs a human check before promotion, not auto-promoted regardless of how many sources mention it.	PRESUMED_STRICT_ADC	
ADC_SUFFIX_20d6f6eec687	ADC_CANDIDATE	DEDN6526A	europe_pmc	MED:31385109	development-code + explicit ADC-context match; example: Phase I study of the anti-endothelin B receptor antibody-drug conjugate DEDN6526A in patients with metastatic or unresectable cutaneous, mucosal, or u	2019-08-05	medium	NEEDS_REVIEW	development-code-shaped name found in explicit tight grammatical relationship with 'antibody-drug conjugate'/'ADC' (e.g. '<code> is a novel antibody-drug conjugate' or 'the ADC candidate <code>') in free-text title/abstract -- no structured field confirms this, and a development code alone (unlike a USAN/INN suffix) carries no independent payload/linker class evidence; needs a human check before promotion, not auto-promoted regardless of how many sources mention it.	PRESUMED_STRICT_ADC	
ADC_SUFFIX_d8e3e1919bd3	ADC_CANDIDATE	W0101	europe_pmc	MED:31594825	development-code + explicit ADC-context match; example: Efficacy of the Antibody-Drug Conjugate W0101 in Preclinical Models of IGF-1 Receptor Overexpressing Solid Tumors.	2019-10-08	medium	NEEDS_REVIEW	development-code-shaped name found in explicit tight grammatical relationship with 'antibody-drug conjugate'/'ADC' (e.g. '<code> is a novel antibody-drug conjugate' or 'the ADC candidate <code>') in free-text title/abstract -- no structured field confirms this, and a development code alone (unlike a USAN/INN suffix) carries no independent payload/linker class evidence; needs a human check before promotion, not auto-promoted regardless of how many sources mention it.	PRESUMED_STRICT_ADC	
ADC_SUFFIX_bac8e4b5bde6	ADC_CANDIDATE	DSTP3086S	europe_pmc	MED:31689155	development-code + explicit ADC-context match; example: Phase I Study of DSTP3086S, an Antibody-Drug Conjugate Targeting Six-Transmembrane Epithelial Antigen of Prostate 1, in Metastatic Castration-Resistan	2019-11-05	medium	NEEDS_REVIEW	development-code-shaped name found in explicit tight grammatical relationship with 'antibody-drug conjugate'/'ADC' (e.g. '<code> is a novel antibody-drug conjugate' or 'the ADC candidate <code>') in free-text title/abstract -- no structured field confirms this, and a development code alone (unlike a USAN/INN suffix) carries no independent payload/linker class evidence; needs a human check before promotion, not auto-promoted regardless of how many sources mention it.	PRESUMED_STRICT_ADC	
ADC_SUFFIX_89344d18d5f1	ADC_CANDIDATE	TR1801	conference_abstract_corpus; europe_pmc	10.1158/1538-7445.am2019-225; MED:31736230	development-code + explicit ADC-context match; example: Abstract 225: TR1801-ADC, an optimized anti cMet PBD ADC with high efficacy in solid tumors of the GI tract and head &amp; neck cancer	2019-07-01	medium	NEEDS_REVIEW	development-code-shaped name found in explicit tight grammatical relationship with 'antibody-drug conjugate'/'ADC' (e.g. '<code> is a novel antibody-drug conjugate' or 'the ADC candidate <code>') in free-text title/abstract -- no structured field confirms this, and a development code alone (unlike a USAN/INN suffix) carries no independent payload/linker class evidence; needs a human check before promotion, not auto-promoted regardless of how many sources mention it.	PRESUMED_STRICT_ADC	
ADC_SUFFIX_ad9d13c308cc	ADC_CANDIDATE	ABBV-838	clinicaltrials; europe_pmc	MED:31969330	development-code + explicit ADC-context match; example: Dose-Escalation Study of ABBV-838, an Antibody Drug Conjugate, in Subjects With Relapsed and Refractory Multiple Myeloma	2015-06-04	medium	NEEDS_REVIEW	development-code-shaped name found in explicit tight grammatical relationship with 'antibody-drug conjugate'/'ADC' (e.g. '<code> is a novel antibody-drug conjugate' or 'the ADC candidate <code>') in free-text title/abstract -- no structured field confirms this, and a development code alone (unlike a USAN/INN suffix) carries no independent payload/linker class evidence; needs a human check before promotion, not auto-promoted regardless of how many sources mention it.	PRESUMED_STRICT_ADC	
ADC_SUFFIX_138f5f553fc4	ADC_CANDIDATE	OMTX705	clinicaltrials; conference_abstract_corpus; europe_pmc	10.1158/1538-7445.am2025-6391; 10.1200/jco.2025.43.16_suppl.3028; MED:32161121	development-code + explicit ADC-context match; example: Abstract 6391: OMTX705: A dual-mechanism ADC targeting FAP-positive CAFs, to overcome chemo and immunotherapy resistance in solid tumors	2020-03-11	medium	NEEDS_REVIEW	development-code-shaped name found in explicit tight grammatical relationship with 'antibody-drug conjugate'/'ADC' (e.g. '<code> is a novel antibody-drug conjugate' or 'the ADC candidate <code>') in free-text title/abstract -- no structured field confirms this, and a development code alone (unlike a USAN/INN suffix) carries no independent payload/linker class evidence; needs a human check before promotion, not auto-promoted regardless of how many sources mention it.	PRESUMED_STRICT_ADC	
ADC_SUFFIX_cf18c5cef7bf	ADC_CANDIDATE	LCB14-0110	europe_pmc	MED:32225092	development-code + explicit ADC-context match; example: Quantification of an Antibody-Conjugated Drug in Fat Plasma by an Affinity Capture LC-MS/MS Method for a Novel Prenyl Transferase-Mediated Site-Specif	2020-03-26	medium	NEEDS_REVIEW	development-code-shaped name found in explicit tight grammatical relationship with 'antibody-drug conjugate'/'ADC' (e.g. '<code> is a novel antibody-drug conjugate' or 'the ADC candidate <code>') in free-text title/abstract -- no structured field confirms this, and a development code alone (unlike a USAN/INN suffix) carries no independent payload/linker class evidence; needs a human check before promotion, not auto-promoted regardless of how many sources mention it.	PRESUMED_STRICT_ADC	
ADC_SUFFIX_8e5eba97da3b	ADC_CANDIDATE	MI130110	europe_pmc	MED:32264921	development-code + explicit ADC-context match; example: CD13 as a new tumor target for antibody-drug conjugates: validation with the conjugate MI130110.	2020-04-07	medium	NEEDS_REVIEW	development-code-shaped name found in explicit tight grammatical relationship with 'antibody-drug conjugate'/'ADC' (e.g. '<code> is a novel antibody-drug conjugate' or 'the ADC candidate <code>') in free-text title/abstract -- no structured field confirms this, and a development code alone (unlike a USAN/INN suffix) carries no independent payload/linker class evidence; needs a human check before promotion, not auto-promoted regardless of how many sources mention it.	PRESUMED_STRICT_ADC	
ADC_SUFFIX_425a3fa9fb86	ADC_CANDIDATE	SC-002	europe_pmc	MED:32438272	development-code + explicit ADC-context match; example: SC-002 in patients with relapsed or refractory small cell lung cancer and large cell neuroendocrine carcinoma: Phase 1 study.	2020-05-12	medium	NEEDS_REVIEW	development-code-shaped name found in explicit tight grammatical relationship with 'antibody-drug conjugate'/'ADC' (e.g. '<code> is a novel antibody-drug conjugate' or 'the ADC candidate <code>') in free-text title/abstract -- no structured field confirms this, and a development code alone (unlike a USAN/INN suffix) carries no independent payload/linker class evidence; needs a human check before promotion, not auto-promoted regardless of how many sources mention it.	PRESUMED_STRICT_ADC	
ADC_SUFFIX_65322d193db2	ADC_CANDIDATE	MEDI3726	conference_abstract_corpus; europe_pmc	10.1158/1538-7445.am2017-3111a; MED:32459957; MED:33795255	development-code + explicit ADC-context match; example: Abstract 3111A: ADCT-401/MEDI3726, a novel pyrrolobenzodiazepine (PBD)-based antibody-drug conjugate (ADC) targeting PSMA-expressing prostate cancers	2017-07-01	medium	NEEDS_REVIEW	development-code-shaped name found in explicit tight grammatical relationship with 'antibody-drug conjugate'/'ADC' (e.g. '<code> is a novel antibody-drug conjugate' or 'the ADC candidate <code>') in free-text title/abstract -- no structured field confirms this, and a development code alone (unlike a USAN/INN suffix) carries no independent payload/linker class evidence; needs a human check before promotion, not auto-promoted regardless of how many sources mention it.	PRESUMED_STRICT_ADC	
ADC_SUFFIX_1db9ee7331e2	ADC_CANDIDATE	CDX-014	clinicaltrials; europe_pmc	MED:32472319	development-code + explicit ADC-context match; example: A Dose Escalation, Safety and Activity Study of CDX-014 in Patients With Renal Cell Carcinoma and Ovarian Clear Cell Carcinoma	2016-07-20	medium	NEEDS_REVIEW	development-code-shaped name found in explicit tight grammatical relationship with 'antibody-drug conjugate'/'ADC' (e.g. '<code> is a novel antibody-drug conjugate' or 'the ADC candidate <code>') in free-text title/abstract -- no structured field confirms this, and a development code alone (unlike a USAN/INN suffix) carries no independent payload/linker class evidence; needs a human check before promotion, not auto-promoted regardless of how many sources mention it.	PRESUMED_STRICT_ADC	
ADC_SUFFIX_e5d67c60e170	ADC_CANDIDATE	ABBV-176	europe_pmc	MED:32524319; MED:34107902	development-code + explicit ADC-context match; example: A first-in-human, phase 1, dose-escalation study of ABBV-176, an antibody-drug conjugate targeting the prolactin receptor, in patients with advanced s	2020-06-10	medium	NEEDS_REVIEW	development-code-shaped name found in explicit tight grammatical relationship with 'antibody-drug conjugate'/'ADC' (e.g. '<code> is a novel antibody-drug conjugate' or 'the ADC candidate <code>') in free-text title/abstract -- no structured field confirms this, and a development code alone (unlike a USAN/INN suffix) carries no independent payload/linker class evidence; needs a human check before promotion, not auto-promoted regardless of how many sources mention it.	PRESUMED_STRICT_ADC	
ADC_SUFFIX_4f02a9aa6b08	ADC_CANDIDATE	DLYE5953A	europe_pmc	MED:32694157	development-code + explicit ADC-context match; example: A Phase I Study of DLYE5953A, an Anti-LY6E Antibody Covalently Linked to Monomethyl Auristatin E, in Patients with Refractory Solid Tumors.	2020-07-21	medium	NEEDS_REVIEW	development-code-shaped name found in explicit tight grammatical relationship with 'antibody-drug conjugate'/'ADC' (e.g. '<code> is a novel antibody-drug conjugate' or 'the ADC candidate <code>') in free-text title/abstract -- no structured field confirms this, and a development code alone (unlike a USAN/INN suffix) carries no independent payload/linker class evidence; needs a human check before promotion, not auto-promoted regardless of how many sources mention it.	PRESUMED_STRICT_ADC	
ADC_SUFFIX_e9c865232b4a	ADC_CANDIDATE	TAK-164	clinicaltrials; conference_abstract_corpus; europe_pmc	10.1158/1538-7445.am2018-3916; MED:32843329; MED:33385970; MED:36207468; MED:36738333; MED:36967405	development-code + explicit ADC-context match; example: A Study of TAK-164 in Participants With Advanced Gastrointestinal (GI) Cancer Expressing Guanylyl Cyclase C (GCC)	2018-02-28	medium	NEEDS_REVIEW	development-code-shaped name found in explicit tight grammatical relationship with 'antibody-drug conjugate'/'ADC' (e.g. '<code> is a novel antibody-drug conjugate' or 'the ADC candidate <code>') in free-text title/abstract -- no structured field confirms this, and a development code alone (unlike a USAN/INN suffix) carries no independent payload/linker class evidence; needs a human check before promotion, not auto-promoted regardless of how many sources mention it.	PRESUMED_STRICT_ADC	
ADC_SUFFIX_981ed7f3252d	ADC_CANDIDATE	MEN1309	clinicaltrials; conference_abstract_corpus; europe_pmc	10.1158/1538-7445.am2017-1701; 10.1158/1538-7445.am2017-2630; 10.1158/1538-7445.am2017-3646; MED:33131247	development-code + explicit ADC-context match; example: Abstract 1701: The novel anti-CD205 antibody drug conjugate (ADC) MEN1309 shows strong antitumoral activity in diffuse large B cell lymphoma (DLBCL)	2017-07-01	medium	NEEDS_REVIEW	development-code-shaped name found in explicit tight grammatical relationship with 'antibody-drug conjugate'/'ADC' (e.g. '<code> is a novel antibody-drug conjugate' or 'the ADC candidate <code>') in free-text title/abstract -- no structured field confirms this, and a development code alone (unlike a USAN/INN suffix) carries no independent payload/linker class evidence; needs a human check before promotion, not auto-promoted regardless of how many sources mention it.	PRESUMED_STRICT_ADC	
ADC_SUFFIX_31b9846bca29	ADC_CANDIDATE	BAY-943	conference_abstract_corpus; europe_pmc	10.1158/1538-7445.am2019-4828; MED:33233768	development-code + explicit ADC-context match; example: Abstract 4828: Anti-tumor activity of BAY-943, an anti-IL3RA ADC with a novel KSP inhibitor payload, in CDX and PDX AML models	2019-07-01	medium	NEEDS_REVIEW	development-code-shaped name found in explicit tight grammatical relationship with 'antibody-drug conjugate'/'ADC' (e.g. '<code> is a novel antibody-drug conjugate' or 'the ADC candidate <code>') in free-text title/abstract -- no structured field confirms this, and a development code alone (unlike a USAN/INN suffix) carries no independent payload/linker class evidence; needs a human check before promotion, not auto-promoted regardless of how many sources mention it.	PRESUMED_STRICT_ADC	
ADC_SUFFIX_79354c70144d	ADC_CANDIDATE	BAT8001	conference_abstract_corpus; europe_pmc	10.1158/1538-7445.am2019-ct053; MED:33528890	development-code + explicit ADC-context match; example: Abstract CT053: BAT8001, a potent anti-HER2 antibody drug conjugate with a novel uncleavable linker to reduce toxicity for patients with HER2-positive	2019-07-01	medium	NEEDS_REVIEW	development-code-shaped name found in explicit tight grammatical relationship with 'antibody-drug conjugate'/'ADC' (e.g. '<code> is a novel antibody-drug conjugate' or 'the ADC candidate <code>') in free-text title/abstract -- no structured field confirms this, and a development code alone (unlike a USAN/INN suffix) carries no independent payload/linker class evidence; needs a human check before promotion, not auto-promoted regardless of how many sources mention it.	PRESUMED_STRICT_ADC	
ADC_SUFFIX_106ac772e300	ADC_CANDIDATE	DS-6157a	conference_abstract_corpus; europe_pmc	10.1158/1538-7445.am2020-5181; MED:33579785; MED:37363962	development-code + explicit ADC-context match; example: A Phase I, Multicenter, Open-Label, First-in-Human Study of DS-6157a in Patients with Advanced Gastrointestinal Stromal Tumor.	2020-08-15	medium	NEEDS_REVIEW	development-code-shaped name found in explicit tight grammatical relationship with 'antibody-drug conjugate'/'ADC' (e.g. '<code> is a novel antibody-drug conjugate' or 'the ADC candidate <code>') in free-text title/abstract -- no structured field confirms this, and a development code alone (unlike a USAN/INN suffix) carries no independent payload/linker class evidence; needs a human check before promotion, not auto-promoted regardless of how many sources mention it.	PRESUMED_STRICT_ADC	
ADC_SUFFIX_71bd39121696	ADC_CANDIDATE	DCLL9718S	europe_pmc	MED:33617672	development-code + explicit ADC-context match; example: A Phase I dose-escalation study of DCLL9718S, an antibody-drug conjugate targeting C-type lectin-like molecule-1 (CLL-1) in patients with acute myeloi	2021-03-11	medium	NEEDS_REVIEW	development-code-shaped name found in explicit tight grammatical relationship with 'antibody-drug conjugate'/'ADC' (e.g. '<code> is a novel antibody-drug conjugate' or 'the ADC candidate <code>') in free-text title/abstract -- no structured field confirms this, and a development code alone (unlike a USAN/INN suffix) carries no independent payload/linker class evidence; needs a human check before promotion, not auto-promoted regardless of how many sources mention it.	PRESUMED_STRICT_ADC	
ADC_SUFFIX_1d7a9c7d0fee	ADC_CANDIDATE	XMT-1536	conference_abstract_corpus; europe_pmc	10.1200/jco.2019.37.15_suppl.3010; 10.1200/jco.2020.38.15_suppl.3549; MED:33722858	development-code + explicit ADC-context match; example: Phase 1 dose escalation study of XMT-1536, a novel NaPi2b-targeting antibody-drug conjugate (ADC), in patients (pts) with solid tumors likely to expre	2019-05-20	medium	NEEDS_REVIEW	development-code-shaped name found in explicit tight grammatical relationship with 'antibody-drug conjugate'/'ADC' (e.g. '<code> is a novel antibody-drug conjugate' or 'the ADC candidate <code>') in free-text title/abstract -- no structured field confirms this, and a development code alone (unlike a USAN/INN suffix) carries no independent payload/linker class evidence; needs a human check before promotion, not auto-promoted regardless of how many sources mention it.	PRESUMED_STRICT_ADC	
ADC_SUFFIX_4556c7eb28df	ADC_CANDIDATE	DAXL-88	europe_pmc	MED:33777220	development-code + explicit ADC-context match; example: Novel AXL-targeted agents overcome FLT3 inhibitor resistance in FLT3-ITD<sup>+</sup> acute myeloid leukemia cells.	2021-03-18	medium	NEEDS_REVIEW	development-code-shaped name found in explicit tight grammatical relationship with 'antibody-drug conjugate'/'ADC' (e.g. '<code> is a novel antibody-drug conjugate' or 'the ADC candidate <code>') in free-text title/abstract -- no structured field confirms this, and a development code alone (unlike a USAN/INN suffix) carries no independent payload/linker class evidence; needs a human check before promotion, not auto-promoted regardless of how many sources mention it.	PRESUMED_STRICT_ADC	
ADC_SUFFIX_874e1d0dc5f3	ADC_CANDIDATE	PCA062	conference_abstract_corpus; europe_pmc	10.1158/1538-7445.am2019-4743; MED:33879555	development-code + explicit ADC-context match; example: Abstract 4743: Using genome-wide CRISPR screen to understand resistance mechanisms to PCA062, a P-cadherin targeting antibody-drug conjugate	2019-07-01	medium	NEEDS_REVIEW	development-code-shaped name found in explicit tight grammatical relationship with 'antibody-drug conjugate'/'ADC' (e.g. '<code> is a novel antibody-drug conjugate' or 'the ADC candidate <code>') in free-text title/abstract -- no structured field confirms this, and a development code alone (unlike a USAN/INN suffix) carries no independent payload/linker class evidence; needs a human check before promotion, not auto-promoted regardless of how many sources mention it.	PRESUMED_STRICT_ADC	
ADC_SUFFIX_32bcb78c5f16	ADC_CANDIDATE	NMS-P945	europe_pmc	MED:33918158	development-code + explicit ADC-context match; example: EV20/NMS-P945, a Novel Thienoindole Based Antibody-Drug Conjugate Targeting HER-3 for Solid Tumors.	2021-04-02	medium	NEEDS_REVIEW	development-code-shaped name found in explicit tight grammatical relationship with 'antibody-drug conjugate'/'ADC' (e.g. '<code> is a novel antibody-drug conjugate' or 'the ADC candidate <code>') in free-text title/abstract -- no structured field confirms this, and a development code alone (unlike a USAN/INN suffix) carries no independent payload/linker class evidence; needs a human check before promotion, not auto-promoted regardless of how many sources mention it.	PRESUMED_STRICT_ADC	
ADC_SUFFIX_24ed0b6d8eff	ADC_CANDIDATE	LY3076226	clinicaltrials; conference_abstract_corpus; europe_pmc	10.1158/1538-7445.am2019-4835; MED:34264412	development-code + explicit ADC-context match; example: A Study of LY3076226 in Participants With Advanced or Metastatic Cancer	2015-08-20	medium	NEEDS_REVIEW	development-code-shaped name found in explicit tight grammatical relationship with 'antibody-drug conjugate'/'ADC' (e.g. '<code> is a novel antibody-drug conjugate' or 'the ADC candidate <code>') in free-text title/abstract -- no structured field confirms this, and a development code alone (unlike a USAN/INN suffix) carries no independent payload/linker class evidence; needs a human check before promotion, not auto-promoted regardless of how many sources mention it.	PRESUMED_STRICT_ADC	
ADC_SUFFIX_fd940c7b290b	ADC_CANDIDATE	MEDI2228	europe_pmc	MED:34301753; MED:39404476	development-code + explicit ADC-context match; example: BCMA-Specific ADC MEDI2228 and Daratumumab Induce Synergistic Myeloma Cytotoxicity via IFN-Driven Immune Responses and Enhanced CD38 Expression.	2021-10-01	medium	NEEDS_REVIEW	development-code-shaped name found in explicit tight grammatical relationship with 'antibody-drug conjugate'/'ADC' (e.g. '<code> is a novel antibody-drug conjugate' or 'the ADC candidate <code>') in free-text title/abstract -- no structured field confirms this, and a development code alone (unlike a USAN/INN suffix) carries no independent payload/linker class evidence; needs a human check before promotion, not auto-promoted regardless of how many sources mention it.	PRESUMED_STRICT_ADC	
ADC_SUFFIX_d68b6ee44f89	ADC_CANDIDATE	huXBR1-402	conference_abstract_corpus; europe_pmc	10.1158/1538-7445.am2019-1541; MED:34424320	development-code + explicit ADC-context match; example: Abstract 1541: Evaluation of ROR1 targeted antibody drug conjugate in ROR1 positive leukemia	2019-07-01	medium	NEEDS_REVIEW	development-code-shaped name found in explicit tight grammatical relationship with 'antibody-drug conjugate'/'ADC' (e.g. '<code> is a novel antibody-drug conjugate' or 'the ADC candidate <code>') in free-text title/abstract -- no structured field confirms this, and a development code alone (unlike a USAN/INN suffix) carries no independent payload/linker class evidence; needs a human check before promotion, not auto-promoted regardless of how many sources mention it.	PRESUMED_STRICT_ADC	
ADC_SUFFIX_c03d8aa979db	ADC_CANDIDATE	BMS-986148	clinicaltrials; europe_pmc	MED:34615718	development-code + explicit ADC-context match; example: A Study of BMS-986148 in Patients With Select Advanced Solid Tumors	2015-01-19	medium	NEEDS_REVIEW	development-code-shaped name found in explicit tight grammatical relationship with 'antibody-drug conjugate'/'ADC' (e.g. '<code> is a novel antibody-drug conjugate' or 'the ADC candidate <code>') in free-text title/abstract -- no structured field confirms this, and a development code alone (unlike a USAN/INN suffix) carries no independent payload/linker class evidence; needs a human check before promotion, not auto-promoted regardless of how many sources mention it.	PRESUMED_STRICT_ADC	
ADC_SUFFIX_1aa62d135f99	ADC_CANDIDATE	DCDS0780A	europe_pmc	MED:34980599	development-code + explicit ADC-context match; example: Anti-CD79B Antibody-Drug Conjugate DCDS0780A in Patients with B-Cell Non-Hodgkin Lymphoma: Phase 1 Dose-Escalation Study.	2022-04-01	medium	NEEDS_REVIEW	development-code-shaped name found in explicit tight grammatical relationship with 'antibody-drug conjugate'/'ADC' (e.g. '<code> is a novel antibody-drug conjugate' or 'the ADC candidate <code>') in free-text title/abstract -- no structured field confirms this, and a development code alone (unlike a USAN/INN suffix) carries no independent payload/linker class evidence; needs a human check before promotion, not auto-promoted regardless of how many sources mention it.	PRESUMED_STRICT_ADC	
ADC_SUFFIX_b37ce60a8b12	ADC_CANDIDATE	ADCT-601	conference_abstract_corpus; europe_pmc	10.1158/1538-7445.am2018-2792a; 10.1158/1538-7445.am2022-lb084; MED:35086955	development-code + explicit ADC-context match; example: Abstract 2792A: Preclinical activity of ADCT-601, a novel pyrrolobenzodiazepine (PBD) dimer-based antibody-drug conjugate (ADC) targeting AXL-expressi	2018-07-01	medium	NEEDS_REVIEW	development-code-shaped name found in explicit tight grammatical relationship with 'antibody-drug conjugate'/'ADC' (e.g. '<code> is a novel antibody-drug conjugate' or 'the ADC candidate <code>') in free-text title/abstract -- no structured field confirms this, and a development code alone (unlike a USAN/INN suffix) carries no independent payload/linker class evidence; needs a human check before promotion, not auto-promoted regardless of how many sources mention it.	PRESUMED_STRICT_ADC	
ADC_SUFFIX_fcd8e998248b	ADC_CANDIDATE	IMGC936	clinicaltrials; conference_abstract_corpus; europe_pmc	10.1158/1538-7445.am2019-1533; 10.1158/1538-7445.am2021-1841; MED:35511740; aacr:2026:4418	development-code + explicit ADC-context match; example: Abstract 1533: IMGC936, a first-in-class ADAM9-targeting antibody-drug conjugate, demonstrates promising anti-tumor activity	2019-07-01	medium	NEEDS_REVIEW	development-code-shaped name found in explicit tight grammatical relationship with 'antibody-drug conjugate'/'ADC' (e.g. '<code> is a novel antibody-drug conjugate' or 'the ADC candidate <code>') in free-text title/abstract -- no structured field confirms this, and a development code alone (unlike a USAN/INN suffix) carries no independent payload/linker class evidence; needs a human check before promotion, not auto-promoted regardless of how many sources mention it.	PRESUMED_STRICT_ADC	
ADC_SUFFIX_89f5b149af9b	ADC_CANDIDATE	DS001	europe_pmc	MED:35535168; MED:39775231	development-code + explicit ADC-context match; example: Simultaneous Quantification of Total Antibody and Conjugated Payload for DS001 in Rat Serum Using a Hybrid Immuno-Capture LC-MS/MS.	2022-05-03	medium	NEEDS_REVIEW	development-code-shaped name found in explicit tight grammatical relationship with 'antibody-drug conjugate'/'ADC' (e.g. '<code> is a novel antibody-drug conjugate' or 'the ADC candidate <code>') in free-text title/abstract -- no structured field confirms this, and a development code alone (unlike a USAN/INN suffix) carries no independent payload/linker class evidence; needs a human check before promotion, not auto-promoted regardless of how many sources mention it.	PRESUMED_STRICT_ADC	
ADC_SUFFIX_dc6c42680aa6	ADC_CANDIDATE	SMADC001	europe_pmc	MED:36105165	development-code + explicit ADC-context match; example: Enzyme-linked immunosorbent assays for quantification of MMAE-conjugated ADCs and total antibodies in cynomolgus monkey sera.	2021-11-24	medium	NEEDS_REVIEW	development-code-shaped name found in explicit tight grammatical relationship with 'antibody-drug conjugate'/'ADC' (e.g. '<code> is a novel antibody-drug conjugate' or 'the ADC candidate <code>') in free-text title/abstract -- no structured field confirms this, and a development code alone (unlike a USAN/INN suffix) carries no independent payload/linker class evidence; needs a human check before promotion, not auto-promoted regardless of how many sources mention it.	PRESUMED_STRICT_ADC	
ADC_SUFFIX_13f9be565345	ADC_CANDIDATE	EC112002	europe_pmc	MED:36264003	development-code + explicit ADC-context match; example: Ultrasmall Folate Receptor Alpha Targeted Enzymatically Cleavable Silica Nanoparticle Drug Conjugates Augment Penetration and Therapeutic Efficacy in 	2022-10-20	medium	NEEDS_REVIEW	development-code-shaped name found in explicit tight grammatical relationship with 'antibody-drug conjugate'/'ADC' (e.g. '<code> is a novel antibody-drug conjugate' or 'the ADC candidate <code>') in free-text title/abstract -- no structured field confirms this, and a development code alone (unlike a USAN/INN suffix) carries no independent payload/linker class evidence; needs a human check before promotion, not auto-promoted regardless of how many sources mention it.	PRESUMED_STRICT_ADC	
ADC_SUFFIX_2890dd9af2b9	ADC_CANDIDATE	REGN5093	europe_pmc	MED:36269795	development-code + explicit ADC-context match; example: Preclinical Study of a Biparatopic METxMET Antibody-Drug Conjugate, REGN5093-M114, Overcomes MET-driven Acquired Resistance to EGFR TKIs in EGFR-mutan	2023-01-01	medium	NEEDS_REVIEW	development-code-shaped name found in explicit tight grammatical relationship with 'antibody-drug conjugate'/'ADC' (e.g. '<code> is a novel antibody-drug conjugate' or 'the ADC candidate <code>') in free-text title/abstract -- no structured field confirms this, and a development code alone (unlike a USAN/INN suffix) carries no independent payload/linker class evidence; needs a human check before promotion, not auto-promoted regardless of how many sources mention it.	PRESUMED_STRICT_ADC	
ADC_SUFFIX_ccc5d1b8c68e	ADC_CANDIDATE	M114	conference_abstract_corpus; europe_pmc	10.1200/jco.2022.40.16_suppl.tps8593; MED:36269795	development-code + explicit ADC-context match; example: A phase 1/2 study of REGN5093-M114, a METxMET antibody-drug conjugate, in patients with mesenchymal epithelial transition factor (MET)-overexpressing 	2022-06-01	medium	NEEDS_REVIEW	development-code-shaped name found in explicit tight grammatical relationship with 'antibody-drug conjugate'/'ADC' (e.g. '<code> is a novel antibody-drug conjugate' or 'the ADC candidate <code>') in free-text title/abstract -- no structured field confirms this, and a development code alone (unlike a USAN/INN suffix) carries no independent payload/linker class evidence; needs a human check before promotion, not auto-promoted regardless of how many sources mention it.	PRESUMED_STRICT_ADC	
ADC_SUFFIX_5a4d630396dc	ADC_CANDIDATE	AZD8205	conference_abstract_corpus; europe_pmc	10.1158/1538-7445.am2022-1765; 10.1158/1538-7445.am2023-2947; 10.1200/jco.2022.40.16_suppl.tps3153; MED:36355054; MED:37256648; MED:39392424; MED:39816793	development-code + explicit ADC-context match; example: Abstract 1765: Discovery and first disclosure of AZD8205, a B7-H4-targeted antibody-drug conjugate utilizing a novel topoisomerase I linker-warhead	2022-06-01	medium	NEEDS_REVIEW	development-code-shaped name found in explicit tight grammatical relationship with 'antibody-drug conjugate'/'ADC' (e.g. '<code> is a novel antibody-drug conjugate' or 'the ADC candidate <code>') in free-text title/abstract -- no structured field confirms this, and a development code alone (unlike a USAN/INN suffix) carries no independent payload/linker class evidence; needs a human check before promotion, not auto-promoted regardless of how many sources mention it.	PRESUMED_STRICT_ADC	
ADC_SUFFIX_6ff3402066b4	ADC_CANDIDATE	ABBV-3373	europe_pmc	MED:36394224; MED:36512671; MED:37027784; MED:37596703	development-code + explicit ADC-context match; example: A first-in-human study of the novel immunology antibody-drug conjugate, ABBV-3373, in healthy participants.	2022-11-17	medium	NEEDS_REVIEW	development-code-shaped name found in explicit tight grammatical relationship with 'antibody-drug conjugate'/'ADC' (e.g. '<code> is a novel antibody-drug conjugate' or 'the ADC candidate <code>') in free-text title/abstract -- no structured field confirms this, and a development code alone (unlike a USAN/INN suffix) carries no independent payload/linker class evidence; needs a human check before promotion, not auto-promoted regardless of how many sources mention it.	PRESUMED_STRICT_ADC	
ADC_SUFFIX_62841536a2c8	ADC_CANDIDATE	STRO-002	clinicaltrials; conference_abstract_corpus; europe_pmc	10.1158/1538-7445.am2018-1782; 10.1158/1538-7445.am2019-3897; 10.1158/1538-7445.am2020-2250; 10.1158/1538-7445.am2022-5591; MED:36459691	development-code + explicit ADC-context match; example: A Study of STRO-002, an Anti-Folate Receptor Alpha Antibody Drug Conjugate, in Combination With Bevacizumab in Epithelial Ovarian Cancer	2018-07-01	medium	NEEDS_REVIEW	development-code-shaped name found in explicit tight grammatical relationship with 'antibody-drug conjugate'/'ADC' (e.g. '<code> is a novel antibody-drug conjugate' or 'the ADC candidate <code>') in free-text title/abstract -- no structured field confirms this, and a development code alone (unlike a USAN/INN suffix) carries no independent payload/linker class evidence; needs a human check before promotion, not auto-promoted regardless of how many sources mention it.	PRESUMED_STRICT_ADC	
ADC_SUFFIX_4a3cccee4473	ADC_CANDIDATE	ASP1235	europe_pmc	MED:36537913; MED:40209615	development-code + explicit ADC-context match; example: Anti-tumor effect of antibody drug conjugate ASP1235 targeting Fms-like tyrosine kinase 3 with venetoclax plus azacitidine in an acute myeloid leukemi	2022-12-20	medium	NEEDS_REVIEW	development-code-shaped name found in explicit tight grammatical relationship with 'antibody-drug conjugate'/'ADC' (e.g. '<code> is a novel antibody-drug conjugate' or 'the ADC candidate <code>') in free-text title/abstract -- no structured field confirms this, and a development code alone (unlike a USAN/INN suffix) carries no independent payload/linker class evidence; needs a human check before promotion, not auto-promoted regardless of how many sources mention it.	PRESUMED_STRICT_ADC	
ADC_SUFFIX_d826789fcf25	ADC_CANDIDATE	LFA102	europe_pmc	MED:36714582	development-code + explicit ADC-context match; example: Prolactin receptor signaling: A novel target for cancer treatment - Exploring anti-PRLR signaling strategies.	2023-01-13	medium	NEEDS_REVIEW	development-code-shaped name found in explicit tight grammatical relationship with 'antibody-drug conjugate'/'ADC' (e.g. '<code> is a novel antibody-drug conjugate' or 'the ADC candidate <code>') in free-text title/abstract -- no structured field confirms this, and a development code alone (unlike a USAN/INN suffix) carries no independent payload/linker class evidence; needs a human check before promotion, not auto-promoted regardless of how many sources mention it.	PRESUMED_STRICT_ADC	
ADC_SUFFIX_840e8fa64093	ADC_CANDIDATE	CD228A	conference_abstract_corpus; europe_pmc	10.1158/1538-7445.am2019-2688; MED:36800443	development-code + explicit ADC-context match; example: Abstract 2688: SGN-CD228A: A novel humanized anti-CD228 antibody-drug conjugate for the treatment of solid tumors	2019-07-01	medium	NEEDS_REVIEW	development-code-shaped name found in explicit tight grammatical relationship with 'antibody-drug conjugate'/'ADC' (e.g. '<code> is a novel antibody-drug conjugate' or 'the ADC candidate <code>') in free-text title/abstract -- no structured field confirms this, and a development code alone (unlike a USAN/INN suffix) carries no independent payload/linker class evidence; needs a human check before promotion, not auto-promoted regardless of how many sources mention it.	PRESUMED_STRICT_ADC	
ADC_SUFFIX_f6ab8eedc4a4	ADC_CANDIDATE	PYX-201	conference_abstract_corpus; europe_pmc	10.1158/1538-7445.am2024-742; 10.1158/1538-7445.am2025-3120; 10.1158/1538-7445.am2025-3137; MED:36876967; MED:37352642; MED:37584364	development-code + explicit ADC-context match; example: A sensitive LC-MS/MS assay to quantitate free payload Aur0101 from ADC PYX-201 in rat and monkey plasma.	2023-01-01	medium	NEEDS_REVIEW	development-code-shaped name found in explicit tight grammatical relationship with 'antibody-drug conjugate'/'ADC' (e.g. '<code> is a novel antibody-drug conjugate' or 'the ADC candidate <code>') in free-text title/abstract -- no structured field confirms this, and a development code alone (unlike a USAN/INN suffix) carries no independent payload/linker class evidence; needs a human check before promotion, not auto-promoted regardless of how many sources mention it.	PRESUMED_STRICT_ADC	
ADC_SUFFIX_8a0c1d72a01d	ADC_CANDIDATE	CLDN6-23	europe_pmc	MED:36884217	development-code + explicit ADC-context match; example: Preclinical Efficacy of the Antibody-Drug Conjugate CLDN6-23-ADC for the Treatment of CLDN6-Positive Solid Tumors.	2023-06-01	medium	NEEDS_REVIEW	development-code-shaped name found in explicit tight grammatical relationship with 'antibody-drug conjugate'/'ADC' (e.g. '<code> is a novel antibody-drug conjugate' or 'the ADC candidate <code>') in free-text title/abstract -- no structured field confirms this, and a development code alone (unlike a USAN/INN suffix) carries no independent payload/linker class evidence; needs a human check before promotion, not auto-promoted regardless of how many sources mention it.	PRESUMED_STRICT_ADC	
ADC_SUFFIX_64561330f168	ADC_CANDIDATE	A166	conference_abstract_corpus; europe_pmc	10.1200/jco.2020.38.15_suppl.e13007; MED:37072437; PPR:PPR565403	development-code + explicit ADC-context match; example: A phase I study of safety and pharmacokinetics of A166, a novel selective inhibitor of human epidermal growth factor receptor-2 in Chinese patients wi	2020-05-20	medium	NEEDS_REVIEW	development-code-shaped name found in explicit tight grammatical relationship with 'antibody-drug conjugate'/'ADC' (e.g. '<code> is a novel antibody-drug conjugate' or 'the ADC candidate <code>') in free-text title/abstract -- no structured field confirms this, and a development code alone (unlike a USAN/INN suffix) carries no independent payload/linker class evidence; needs a human check before promotion, not auto-promoted regardless of how many sources mention it.	PRESUMED_STRICT_ADC	
ADC_SUFFIX_efaf1641d662	ADC_CANDIDATE	NAV-001	conference_abstract_corpus; europe_pmc	10.1158/1538-7445.am2023-1876; MED:37195923	development-code + explicit ADC-context match; example: Abstract 1876: NAV-001, a high-efficacy antibody-drug conjugate targeting mesothelin with improved delivery of potent payload by counteracting MUC16/C	2023-04-04	medium	NEEDS_REVIEW	development-code-shaped name found in explicit tight grammatical relationship with 'antibody-drug conjugate'/'ADC' (e.g. '<code> is a novel antibody-drug conjugate' or 'the ADC candidate <code>') in free-text title/abstract -- no structured field confirms this, and a development code alone (unlike a USAN/INN suffix) carries no independent payload/linker class evidence; needs a human check before promotion, not auto-promoted regardless of how many sources mention it.	PRESUMED_STRICT_ADC	
ADC_SUFFIX_83a8b31186bb	ADC_CANDIDATE	XMT-1660	conference_abstract_corpus; europe_pmc	10.1158/1538-7445.am2021-907; 10.1158/1538-7445.am2022-1756; MED:37294948	development-code + explicit ADC-context match; example: Abstract 1756: Antitumor effect of XMT1660, a B7H4 targeting antibody drug conjugate, in an unselected panel of patient derived xenograft models of br	2021-07-01	medium	NEEDS_REVIEW	development-code-shaped name found in explicit tight grammatical relationship with 'antibody-drug conjugate'/'ADC' (e.g. '<code> is a novel antibody-drug conjugate' or 'the ADC candidate <code>') in free-text title/abstract -- no structured field confirms this, and a development code alone (unlike a USAN/INN suffix) carries no independent payload/linker class evidence; needs a human check before promotion, not auto-promoted regardless of how many sources mention it.	PRESUMED_STRICT_ADC	
ADC_SUFFIX_70f645e111d3	ADC_CANDIDATE	AMT-562	europe_pmc	MED:37302522	development-code + explicit ADC-context match; example: AMT-562, a Novel HER3-targeting Antibody-Drug Conjugate, Demonstrates a Potential to Broaden Therapeutic Opportunities for HER3-expressing Tumors.	2023-09-01	medium	NEEDS_REVIEW	development-code-shaped name found in explicit tight grammatical relationship with 'antibody-drug conjugate'/'ADC' (e.g. '<code> is a novel antibody-drug conjugate' or 'the ADC candidate <code>') in free-text title/abstract -- no structured field confirms this, and a development code alone (unlike a USAN/INN suffix) carries no independent payload/linker class evidence; needs a human check before promotion, not auto-promoted regardless of how many sources mention it.	PRESUMED_STRICT_ADC	
ADC_SUFFIX_3af6d5c8df41	ADC_CANDIDATE	MTX-13	europe_pmc	MED:37352387	development-code + explicit ADC-context match; example: MTX-13, a Novel PTK7-Directed Antibody-Drug Conjugate with Widened Therapeutic Index Shows Sustained Tumor Regressions for a Broader Spectrum of PTK7-	2023-10-01	medium	NEEDS_REVIEW	development-code-shaped name found in explicit tight grammatical relationship with 'antibody-drug conjugate'/'ADC' (e.g. '<code> is a novel antibody-drug conjugate' or 'the ADC candidate <code>') in free-text title/abstract -- no structured field confirms this, and a development code alone (unlike a USAN/INN suffix) carries no independent payload/linker class evidence; needs a human check before promotion, not auto-promoted regardless of how many sources mention it.	PRESUMED_STRICT_ADC	
ADC_SUFFIX_0fc0ef669ecd	ADC_CANDIDATE	MEDI7247	conference_abstract_corpus; europe_pmc	10.1158/1538-7445.am2018-lb-295; 10.1158/1538-7445.am2018-lb-296; MED:37473513; MED:37873863; MED:38683495	development-code + explicit ADC-context match; example: ASCT2-Targeting Antibody-Drug Conjugate MEDI7247 in Adult Patients with Relapsed/Refractory Hematological Malignancies: A First-in-Human, Phase 1 Stud	2018-07-01	medium	NEEDS_REVIEW	development-code-shaped name found in explicit tight grammatical relationship with 'antibody-drug conjugate'/'ADC' (e.g. '<code> is a novel antibody-drug conjugate' or 'the ADC candidate <code>') in free-text title/abstract -- no structured field confirms this, and a development code alone (unlike a USAN/INN suffix) carries no independent payload/linker class evidence; needs a human check before promotion, not auto-promoted regardless of how many sources mention it.	PRESUMED_STRICT_ADC	
ADC_SUFFIX_c3fa66b6978b	ADC_CANDIDATE	ITC-6102RO	europe_pmc	MED:37596639; PPR:PPR666454	development-code + explicit ADC-context match; example: ITC-6102RO, A Novel B7-H3 Antibody-Drug Conjugate, Exhibits Potent Therapeutic Effects against B7-H3 Expressing Solid Tumors	2023-05-25	medium	NEEDS_REVIEW	development-code-shaped name found in explicit tight grammatical relationship with 'antibody-drug conjugate'/'ADC' (e.g. '<code> is a novel antibody-drug conjugate' or 'the ADC candidate <code>') in free-text title/abstract -- no structured field confirms this, and a development code alone (unlike a USAN/INN suffix) carries no independent payload/linker class evidence; needs a human check before promotion, not auto-promoted regardless of how many sources mention it.	PRESUMED_STRICT_ADC	
ADC_SUFFIX_6d4e47204bdd	ADC_CANDIDATE	AMT-253	conference_abstract_corpus; europe_pmc	10.1158/1538-7445.am2024-739; MED:37668527	development-code + explicit ADC-context match; example: A Cell Surface-Binding Antibody Atlas Nominates a MUC18-Directed Antibody-Drug Conjugate for Targeting Melanoma.	2023-11-01	medium	NEEDS_REVIEW	development-code-shaped name found in explicit tight grammatical relationship with 'antibody-drug conjugate'/'ADC' (e.g. '<code> is a novel antibody-drug conjugate' or 'the ADC candidate <code>') in free-text title/abstract -- no structured field confirms this, and a development code alone (unlike a USAN/INN suffix) carries no independent payload/linker class evidence; needs a human check before promotion, not auto-promoted regardless of how many sources mention it.	PRESUMED_STRICT_ADC	
ADC_SUFFIX_a581010d4c95	ADC_CANDIDATE	FS-1502	europe_pmc	MED:37926561; MED:38886347	development-code + explicit ADC-context match; example: HER2-targeting antibody drug conjugate FS-1502 in HER2-expressing metastatic breast cancer: a phase 1a/1b trial.	2024-01-25	medium	NEEDS_REVIEW	development-code-shaped name found in explicit tight grammatical relationship with 'antibody-drug conjugate'/'ADC' (e.g. '<code> is a novel antibody-drug conjugate' or 'the ADC candidate <code>') in free-text title/abstract -- no structured field confirms this, and a development code alone (unlike a USAN/INN suffix) carries no independent payload/linker class evidence; needs a human check before promotion, not auto-promoted regardless of how many sources mention it.	PRESUMED_STRICT_ADC	
ADC_SUFFIX_50dfa19b718f	ADC_CANDIDATE	SN-38	europe_pmc	MED:38178674	development-code + explicit ADC-context match; example: CT109-SN-38, a Novel Antibody-drug Conjugate with Dual Specificity for CEACAM5 and 6, Elicits Potent Killing of Pancreatic Cancer Cells.	2024-01-01	medium	NEEDS_REVIEW	development-code-shaped name found in explicit tight grammatical relationship with 'antibody-drug conjugate'/'ADC' (e.g. '<code> is a novel antibody-drug conjugate' or 'the ADC candidate <code>') in free-text title/abstract -- no structured field confirms this, and a development code alone (unlike a USAN/INN suffix) carries no independent payload/linker class evidence; needs a human check before promotion, not auto-promoted regardless of how many sources mention it.	PRESUMED_STRICT_ADC	
ADC_SUFFIX_8b87367a6f6d	ADC_CANDIDATE	ADCT-602	europe_pmc	MED:38324336	development-code + explicit ADC-context match; example: ADCT-602, a Novel PBD Dimer-containing Antibody-Drug Conjugate for Treating CD22-positive Hematologic Malignancies.	2024-04-01	medium	NEEDS_REVIEW	development-code-shaped name found in explicit tight grammatical relationship with 'antibody-drug conjugate'/'ADC' (e.g. '<code> is a novel antibody-drug conjugate' or 'the ADC candidate <code>') in free-text title/abstract -- no structured field confirms this, and a development code alone (unlike a USAN/INN suffix) carries no independent payload/linker class evidence; needs a human check before promotion, not auto-promoted regardless of how many sources mention it.	PRESUMED_STRICT_ADC	
ADC_SUFFIX_3f88e0fd4fb7	ADC_CANDIDATE	AGCM-22	europe_pmc	MED:38428068	development-code + explicit ADC-context match; example: AGCM-22, a novel cetuximab-based EGFR-targeting antibody-drug-conjugate with highly selective anti-glioblastoma efficacy.	2024-02-27	medium	NEEDS_REVIEW	development-code-shaped name found in explicit tight grammatical relationship with 'antibody-drug conjugate'/'ADC' (e.g. '<code> is a novel antibody-drug conjugate' or 'the ADC candidate <code>') in free-text title/abstract -- no structured field confirms this, and a development code alone (unlike a USAN/INN suffix) carries no independent payload/linker class evidence; needs a human check before promotion, not auto-promoted regardless of how many sources mention it.	PRESUMED_STRICT_ADC	
ADC_SUFFIX_0a707a8f4251	ADC_CANDIDATE	AbGn-107	conference_abstract_corpus; europe_pmc	10.1200/jco.2020.38.15_suppl.e16771; MED:38441850	development-code + explicit ADC-context match; example: A multicenter phase Ia study of AbGn-107, a novel antibody-drug conjugate, in patients with advanced gastrointestinal cancer.	2020-05-20	medium	NEEDS_REVIEW	development-code-shaped name found in explicit tight grammatical relationship with 'antibody-drug conjugate'/'ADC' (e.g. '<code> is a novel antibody-drug conjugate' or 'the ADC candidate <code>') in free-text title/abstract -- no structured field confirms this, and a development code alone (unlike a USAN/INN suffix) carries no independent payload/linker class evidence; needs a human check before promotion, not auto-promoted regardless of how many sources mention it.	PRESUMED_STRICT_ADC	
ADC_SUFFIX_4b3fbc19c1fa	ADC_CANDIDATE	TE-1146	conference_abstract_corpus; europe_pmc	10.1158/1538-7445.am2023-lb209; MED:38477561	development-code + explicit ADC-context match; example: Abstract LB209: An ADC composed of daratumumab and lenalidomide is extremely powerful in killing multiple myeloma cells	2023-04-14	medium	NEEDS_REVIEW	development-code-shaped name found in explicit tight grammatical relationship with 'antibody-drug conjugate'/'ADC' (e.g. '<code> is a novel antibody-drug conjugate' or 'the ADC candidate <code>') in free-text title/abstract -- no structured field confirms this, and a development code alone (unlike a USAN/INN suffix) carries no independent payload/linker class evidence; needs a human check before promotion, not auto-promoted regardless of how many sources mention it.	PRESUMED_STRICT_ADC	
ADC_SUFFIX_0541ebcd369d	ADC_CANDIDATE	DB-1310	conference_abstract_corpus; europe_pmc	10.1158/1538-7445.am2023-1884; 10.1158/1538-7445.am2024-ct168; 10.1200/jco.2025.43.16_suppl.3000; MED:38632563; MED:40110648	development-code + explicit ADC-context match; example: Abstract 1884: DB-1310, a novel Her3 targeting antibody-drug conjugate, exhibits therapeutic efficacy for solid tumors	2023-04-04	medium	NEEDS_REVIEW	development-code-shaped name found in explicit tight grammatical relationship with 'antibody-drug conjugate'/'ADC' (e.g. '<code> is a novel antibody-drug conjugate' or 'the ADC candidate <code>') in free-text title/abstract -- no structured field confirms this, and a development code alone (unlike a USAN/INN suffix) carries no independent payload/linker class evidence; needs a human check before promotion, not auto-promoted regardless of how many sources mention it.	PRESUMED_STRICT_ADC	
ADC_SUFFIX_83be0f0558e7	ADC_CANDIDATE	AD005	europe_pmc	MED:38940283	development-code + explicit ADC-context match; example: FZ-AD005, a Novel DLL3-Targeted Antibody-Drug Conjugate with Topoisomerase I Inhibitor, Shows Potent Antitumor Activity in Preclinical Models.	2024-10-01	medium	NEEDS_REVIEW	development-code-shaped name found in explicit tight grammatical relationship with 'antibody-drug conjugate'/'ADC' (e.g. '<code> is a novel antibody-drug conjugate' or 'the ADC candidate <code>') in free-text title/abstract -- no structured field confirms this, and a development code alone (unlike a USAN/INN suffix) carries no independent payload/linker class evidence; needs a human check before promotion, not auto-promoted regardless of how many sources mention it.	PRESUMED_STRICT_ADC	
ADC_SUFFIX_c9d307e32ffe	ADC_CANDIDATE	BB-1701	clinicaltrials; conference_abstract_corpus; europe_pmc	10.1158/1538-7445.am2023-1887; 10.1200/jco.2024.42.16_suppl.tps1122; MED:39036069	development-code + explicit ADC-context match; example: A Study of BB-1701 in Previously Treated Participants With Human Epidermal Growth Factor Receptor 2 (HER2)-Positive or HER2-low Unresectable or Metast	2023-04-04	medium	NEEDS_REVIEW	development-code-shaped name found in explicit tight grammatical relationship with 'antibody-drug conjugate'/'ADC' (e.g. '<code> is a novel antibody-drug conjugate' or 'the ADC candidate <code>') in free-text title/abstract -- no structured field confirms this, and a development code alone (unlike a USAN/INN suffix) carries no independent payload/linker class evidence; needs a human check before promotion, not auto-promoted regardless of how many sources mention it.	PRESUMED_STRICT_ADC	
ADC_SUFFIX_516d2dbe39a9	ADC_CANDIDATE	DB-1314	europe_pmc	MED:39143619	development-code + explicit ADC-context match; example: DB-1314, a novel DLL3-targeting ADC with DNA topoisomerase I inhibitor, exhibits promising safety profile and therapeutic efficacy in preclinical smal	2024-08-14	medium	NEEDS_REVIEW	development-code-shaped name found in explicit tight grammatical relationship with 'antibody-drug conjugate'/'ADC' (e.g. '<code> is a novel antibody-drug conjugate' or 'the ADC candidate <code>') in free-text title/abstract -- no structured field confirms this, and a development code alone (unlike a USAN/INN suffix) carries no independent payload/linker class evidence; needs a human check before promotion, not auto-promoted regardless of how many sources mention it.	PRESUMED_STRICT_ADC	
ADC_SUFFIX_b5822fbfdc71	ADC_CANDIDATE	ARX517	conference_abstract_corpus; europe_pmc	10.1158/1538-7445.am2023-3997; 10.1158/1538-7445.am2023-ct121; MED:39172730	development-code + explicit ADC-context match; example: Abstract 3997: Preclinical characterization of ARX517, a next-generation anti-PSMA antibody drug conjugate for the treatment of metastatic castration-	2023-04-04	medium	NEEDS_REVIEW	development-code-shaped name found in explicit tight grammatical relationship with 'antibody-drug conjugate'/'ADC' (e.g. '<code> is a novel antibody-drug conjugate' or 'the ADC candidate <code>') in free-text title/abstract -- no structured field confirms this, and a development code alone (unlike a USAN/INN suffix) carries no independent payload/linker class evidence; needs a human check before promotion, not auto-promoted regardless of how many sources mention it.	PRESUMED_STRICT_ADC	
ADC_SUFFIX_6c1f969838cc	ADC_CANDIDATE	ESG401	conference_abstract_corpus; europe_pmc	10.1200/jco.2024.42.16_suppl.e13132; 10.1200/jco.2025.43.16_suppl.1044; 10.1200/jco.2025.43.16_suppl.6100; MED:39216478; MED:39664178	development-code + explicit ADC-context match; example: Anti-TROP2 ADC ESG401 in a master protocol clinical trial for salivary gland cancer based on molecular typing.	2024-06-01	medium	NEEDS_REVIEW	development-code-shaped name found in explicit tight grammatical relationship with 'antibody-drug conjugate'/'ADC' (e.g. '<code> is a novel antibody-drug conjugate' or 'the ADC candidate <code>') in free-text title/abstract -- no structured field confirms this, and a development code alone (unlike a USAN/INN suffix) carries no independent payload/linker class evidence; needs a human check before promotion, not auto-promoted regardless of how many sources mention it.	PRESUMED_STRICT_ADC	
ADC_SUFFIX_7110008161b4	ADC_CANDIDATE	AM1-15	europe_pmc	MED:39365864	development-code + explicit ADC-context match; example: BCL-X&lt;sub&gt;L&lt;/sub&gt;-targeting antibody-drug conjugates are active in preclinical models and mitigate on-mechanism toxicity of small-molecule	2024-10-04	medium	NEEDS_REVIEW	development-code-shaped name found in explicit tight grammatical relationship with 'antibody-drug conjugate'/'ADC' (e.g. '<code> is a novel antibody-drug conjugate' or 'the ADC candidate <code>') in free-text title/abstract -- no structured field confirms this, and a development code alone (unlike a USAN/INN suffix) carries no independent payload/linker class evidence; needs a human check before promotion, not auto-promoted regardless of how many sources mention it.	PRESUMED_STRICT_ADC	
ADC_SUFFIX_6aa48cb6883a	ADC_CANDIDATE	ETx-22	europe_pmc	MED:39440991	development-code + explicit ADC-context match; example: ETx-22, a Novel Nectin-4-Directed Antibody-Drug Conjugate, Demonstrates Safety and Potent Antitumor Activity in Low-Nectin-4-Expressing Tumors.	2024-11-01	medium	NEEDS_REVIEW	development-code-shaped name found in explicit tight grammatical relationship with 'antibody-drug conjugate'/'ADC' (e.g. '<code> is a novel antibody-drug conjugate' or 'the ADC candidate <code>') in free-text title/abstract -- no structured field confirms this, and a development code alone (unlike a USAN/INN suffix) carries no independent payload/linker class evidence; needs a human check before promotion, not auto-promoted regardless of how many sources mention it.	PRESUMED_STRICT_ADC	
ADC_SUFFIX_fe3f40b892d7	ADC_CANDIDATE	FDA022	europe_pmc	MED:39444220	development-code + explicit ADC-context match; example: Evaluation of Double Self-Immolative Linker-Based Antibody-Drug Conjugate FDA022-BB05 with Enhanced Therapeutic Potential.	2024-10-23	medium	NEEDS_REVIEW	development-code-shaped name found in explicit tight grammatical relationship with 'antibody-drug conjugate'/'ADC' (e.g. '<code> is a novel antibody-drug conjugate' or 'the ADC candidate <code>') in free-text title/abstract -- no structured field confirms this, and a development code alone (unlike a USAN/INN suffix) carries no independent payload/linker class evidence; needs a human check before promotion, not auto-promoted regardless of how many sources mention it.	PRESUMED_STRICT_ADC	
ADC_SUFFIX_a1a49c606129	ADC_CANDIDATE	ADCT-701	clinicaltrials; conference_abstract_corpus; europe_pmc	10.1158/1538-7445.am2018-744; MED:39454577; MED:40595495; PPR:PPR770678; PPR:PPR923079	development-code + explicit ADC-context match; example: A First-in-Human Phase I Trial With Antibody Drug Conjugate ADCT-701 in Neuroendocrine Tumors, Carcinomas and Malignant Peripheral Nerve Sheath Tumors	2018-07-01	medium	NEEDS_REVIEW	development-code-shaped name found in explicit tight grammatical relationship with 'antibody-drug conjugate'/'ADC' (e.g. '<code> is a novel antibody-drug conjugate' or 'the ADC candidate <code>') in free-text title/abstract -- no structured field confirms this, and a development code alone (unlike a USAN/INN suffix) carries no independent payload/linker class evidence; needs a human check before promotion, not auto-promoted regardless of how many sources mention it.	PRESUMED_STRICT_ADC	
ADC_SUFFIX_06336b833f35	ADC_CANDIDATE	XB002	europe_pmc	MED:39494690	development-code + explicit ADC-context match; example: Preclinical Characterization of XB002, an Anti-Tissue Factor Antibody-Drug Conjugate for the Treatment of Solid Tumors.	2025-02-01	medium	NEEDS_REVIEW	development-code-shaped name found in explicit tight grammatical relationship with 'antibody-drug conjugate'/'ADC' (e.g. '<code> is a novel antibody-drug conjugate' or 'the ADC candidate <code>') in free-text title/abstract -- no structured field confirms this, and a development code alone (unlike a USAN/INN suffix) carries no independent payload/linker class evidence; needs a human check before promotion, not auto-promoted regardless of how many sources mention it.	PRESUMED_STRICT_ADC	
ADC_SUFFIX_dca5e5ba89e0	ADC_CANDIDATE	GQ1001	clinicaltrials; conference_abstract_corpus; europe_pmc	10.1200/jco.2024.42.16_suppl.e13020; MED:39743180; MED:39789619	development-code + explicit ADC-context match; example: A phase Ia study of a novel anti-HER2 antibody-drug conjugate GQ1001 in patients with previously treated HER2 positive advanced solid tumors.	2020-06-29	medium	NEEDS_REVIEW	development-code-shaped name found in explicit tight grammatical relationship with 'antibody-drug conjugate'/'ADC' (e.g. '<code> is a novel antibody-drug conjugate' or 'the ADC candidate <code>') in free-text title/abstract -- no structured field confirms this, and a development code alone (unlike a USAN/INN suffix) carries no independent payload/linker class evidence; needs a human check before promotion, not auto-promoted regardless of how many sources mention it.	PRESUMED_STRICT_ADC	
ADC_SUFFIX_d61db8f788e1	ADC_CANDIDATE	CMG901	europe_pmc	MED:39788133	development-code + explicit ADC-context match; example: Claudin 18.2-targeting antibody-drug conjugate CMG901 in patients with advanced gastric or gastro-oesophageal junction cancer (KYM901): a multicentre,	2025-01-06	medium	NEEDS_REVIEW	development-code-shaped name found in explicit tight grammatical relationship with 'antibody-drug conjugate'/'ADC' (e.g. '<code> is a novel antibody-drug conjugate' or 'the ADC candidate <code>') in free-text title/abstract -- no structured field confirms this, and a development code alone (unlike a USAN/INN suffix) carries no independent payload/linker class evidence; needs a human check before promotion, not auto-promoted regardless of how many sources mention it.	PRESUMED_STRICT_ADC	
ADC_SUFFIX_8a6893c4db01	ADC_CANDIDATE	TAK-500	europe_pmc	MED:39918395; MED:41143331; MED:41888610	development-code + explicit ADC-context match; example: Identification of a Novel Linker Enabling the Bioconjugation of a Cyclic Dinucleotide for the STING Antibody-Drug Conjugate TAK-500.	2025-05-01	medium	NEEDS_REVIEW	development-code-shaped name found in explicit tight grammatical relationship with 'antibody-drug conjugate'/'ADC' (e.g. '<code> is a novel antibody-drug conjugate' or 'the ADC candidate <code>') in free-text title/abstract -- no structured field confirms this, and a development code alone (unlike a USAN/INN suffix) carries no independent payload/linker class evidence; needs a human check before promotion, not auto-promoted regardless of how many sources mention it.	PRESUMED_STRICT_ADC	
ADC_SUFFIX_9fec2f952fd5	ADC_CANDIDATE	YL201	europe_pmc	MED:40082695	development-code + explicit ADC-context match; example: A B7H3-targeting antibody-drug conjugate in advanced solid tumors: a phase 1/1b trial.	2025-03-13	medium	NEEDS_REVIEW	development-code-shaped name found in explicit tight grammatical relationship with 'antibody-drug conjugate'/'ADC' (e.g. '<code> is a novel antibody-drug conjugate' or 'the ADC candidate <code>') in free-text title/abstract -- no structured field confirms this, and a development code alone (unlike a USAN/INN suffix) carries no independent payload/linker class evidence; needs a human check before promotion, not auto-promoted regardless of how many sources mention it.	PRESUMED_STRICT_ADC	
ADC_SUFFIX_05fcce258fda	ADC_CANDIDATE	NBE-002	clinicaltrials; conference_abstract_corpus; europe_pmc	10.1158/1538-7445.am2019-lb-197; 10.1200/jco.2021.39.15_suppl.tps1108; MED:40297621	development-code + explicit ADC-context match; example: Abstract LB-197: NBE-002, an anthracycline-based immune-stimulatory antibody drug conjugate (iADC) targeting ROR1 for the treatment of triple-negative	2019-07-01	medium	NEEDS_REVIEW	development-code-shaped name found in explicit tight grammatical relationship with 'antibody-drug conjugate'/'ADC' (e.g. '<code> is a novel antibody-drug conjugate' or 'the ADC candidate <code>') in free-text title/abstract -- no structured field confirms this, and a development code alone (unlike a USAN/INN suffix) carries no independent payload/linker class evidence; needs a human check before promotion, not auto-promoted regardless of how many sources mention it.	PRESUMED_STRICT_ADC	
ADC_SUFFIX_f6621cb1e6a1	ADC_CANDIDATE	KK2845	europe_pmc	MED:40404985	development-code + explicit ADC-context match; example: KK2845, a PBD dimer-containing antibody-drug conjugate targeting TIM-3-expressing AML.	2025-05-22	medium	NEEDS_REVIEW	development-code-shaped name found in explicit tight grammatical relationship with 'antibody-drug conjugate'/'ADC' (e.g. '<code> is a novel antibody-drug conjugate' or 'the ADC candidate <code>') in free-text title/abstract -- no structured field confirms this, and a development code alone (unlike a USAN/INN suffix) carries no independent payload/linker class evidence; needs a human check before promotion, not auto-promoted regardless of how many sources mention it.	PRESUMED_STRICT_ADC	
ADC_SUFFIX_470a0277f369	ADC_CANDIDATE	DX8951	europe_pmc	MED:40521369	development-code + explicit ADC-context match; example: Synergistic approach to combating triple-negative breast cancer: DDR1-targeted antibody-drug conjugate combined with pembrolizumab.	2024-09-13	medium	NEEDS_REVIEW	development-code-shaped name found in explicit tight grammatical relationship with 'antibody-drug conjugate'/'ADC' (e.g. '<code> is a novel antibody-drug conjugate' or 'the ADC candidate <code>') in free-text title/abstract -- no structured field confirms this, and a development code alone (unlike a USAN/INN suffix) carries no independent payload/linker class evidence; needs a human check before promotion, not auto-promoted regardless of how many sources mention it.	PRESUMED_STRICT_ADC	
ADC_SUFFIX_86b7fe77f616	ADC_CANDIDATE	JSKN003	conference_abstract_corpus; europe_pmc	10.1200/jco.2025.43.16_suppl.1028; 10.1200/jco.2025.43.16_suppl.5557; MED:40575132; PMC:PMC10370436	development-code + explicit ADC-context match; example: A biparatopic HER2-targeting ADC constructed &lt;i&gt;via&lt;/i&gt; site-specific glycan conjugation exhibits superior stability, safety, and efficacy	2023-07-01	medium	NEEDS_REVIEW	development-code-shaped name found in explicit tight grammatical relationship with 'antibody-drug conjugate'/'ADC' (e.g. '<code> is a novel antibody-drug conjugate' or 'the ADC candidate <code>') in free-text title/abstract -- no structured field confirms this, and a development code alone (unlike a USAN/INN suffix) carries no independent payload/linker class evidence; needs a human check before promotion, not auto-promoted regardless of how many sources mention it.	PRESUMED_STRICT_ADC	
ADC_SUFFIX_6e31b025acc6	ADC_CANDIDATE	7MW4911	conference_abstract_corpus; europe_pmc	10.1158/1538-7445.am2025-5466; MED:40602407	development-code + explicit ADC-context match; example: Abstract 5466: 7MW4911, a novel cadherin 17-targeting ADC, demonstrates potent efficacy in preclinical models of gastrointestinal cancers	2025-04-21	medium	NEEDS_REVIEW	development-code-shaped name found in explicit tight grammatical relationship with 'antibody-drug conjugate'/'ADC' (e.g. '<code> is a novel antibody-drug conjugate' or 'the ADC candidate <code>') in free-text title/abstract -- no structured field confirms this, and a development code alone (unlike a USAN/INN suffix) carries no independent payload/linker class evidence; needs a human check before promotion, not auto-promoted regardless of how many sources mention it.	PRESUMED_STRICT_ADC	
ADC_SUFFIX_7f7caae27c86	ADC_CANDIDATE	DS-3939a	conference_abstract_corpus; europe_pmc	10.1158/1538-7445.am2024-6579; 10.1158/1538-7445.am2024-ct291; 10.1200/jco.2024.42.16_suppl.tps3165; MED:40635151	development-code + explicit ADC-context match; example: A phase 1/2, first-in-human study of DS-3939a in patients with advanced solid tumors: A new DXd ADC targeting TA-MUC1.	2024-03-22	medium	NEEDS_REVIEW	development-code-shaped name found in explicit tight grammatical relationship with 'antibody-drug conjugate'/'ADC' (e.g. '<code> is a novel antibody-drug conjugate' or 'the ADC candidate <code>') in free-text title/abstract -- no structured field confirms this, and a development code alone (unlike a USAN/INN suffix) carries no independent payload/linker class evidence; needs a human check before promotion, not auto-promoted regardless of how many sources mention it.	PRESUMED_STRICT_ADC	
ADC_SUFFIX_ac6fd8618d4a	ADC_CANDIDATE	MBRC-101	conference_abstract_corpus; europe_pmc	10.1158/1538-7445.am2024-738; 10.1200/jco.2024.42.16_suppl.tps3161; MED:40662373	development-code + explicit ADC-context match; example: A multi-center, open-label phase 1/1b dose finding, safety, and pharmacokinetic study of MBRC-101, an Anth-EphA5 monomethyl auristatin (MMAE) antibody	2024-03-22	medium	NEEDS_REVIEW	development-code-shaped name found in explicit tight grammatical relationship with 'antibody-drug conjugate'/'ADC' (e.g. '<code> is a novel antibody-drug conjugate' or 'the ADC candidate <code>') in free-text title/abstract -- no structured field confirms this, and a development code alone (unlike a USAN/INN suffix) carries no independent payload/linker class evidence; needs a human check before promotion, not auto-promoted regardless of how many sources mention it.	PRESUMED_STRICT_ADC	
ADC_SUFFIX_e94d4ba9d7a0	ADC_CANDIDATE	TUB-040	clinicaltrials; conference_abstract_corpus; europe_pmc	10.1158/1538-7445.am2024-2622; 10.1200/jco.2025.43.16_suppl.tps8660; 10.1200/jco.2026.44.16_suppl.5513; MED:40667801	development-code + explicit ADC-context match; example: Abstract 2622: TUB-040, a novel Napi2b-targeting ADC built with ethynylphosphonamidate conjugation chemistry, demonstrates high and long-lasting anti-	2024-03-12	medium	NEEDS_REVIEW	development-code-shaped name found in explicit tight grammatical relationship with 'antibody-drug conjugate'/'ADC' (e.g. '<code> is a novel antibody-drug conjugate' or 'the ADC candidate <code>') in free-text title/abstract -- no structured field confirms this, and a development code alone (unlike a USAN/INN suffix) carries no independent payload/linker class evidence; needs a human check before promotion, not auto-promoted regardless of how many sources mention it.	PRESUMED_STRICT_ADC	
ADC_SUFFIX_974931b0606b	ADC_CANDIDATE	SHR-A1904	europe_pmc	MED:40670772	development-code + explicit ADC-context match; example: The antibody-drug conjugate SHR-A1904 for targeting CLDN18.2 in advanced gastric or gastroesophageal junction cancer: a phase 1 trial.	2025-07-16	medium	NEEDS_REVIEW	development-code-shaped name found in explicit tight grammatical relationship with 'antibody-drug conjugate'/'ADC' (e.g. '<code> is a novel antibody-drug conjugate' or 'the ADC candidate <code>') in free-text title/abstract -- no structured field confirms this, and a development code alone (unlike a USAN/INN suffix) carries no independent payload/linker class evidence; needs a human check before promotion, not auto-promoted regardless of how many sources mention it.	PRESUMED_STRICT_ADC	
ADC_SUFFIX_37bd92cec9fb	ADC_CANDIDATE	IBI343	conference_abstract_corpus; europe_pmc	10.1200/jco.2024.42.16_suppl.3037; MED:40670773	development-code + explicit ADC-context match; example: CLDN18.2-targeting antibody-drug conjugate IBI343 in advanced gastric or gastroesophageal junction adenocarcinoma: a phase 1 trial.	2024-06-01	medium	NEEDS_REVIEW	development-code-shaped name found in explicit tight grammatical relationship with 'antibody-drug conjugate'/'ADC' (e.g. '<code> is a novel antibody-drug conjugate' or 'the ADC candidate <code>') in free-text title/abstract -- no structured field confirms this, and a development code alone (unlike a USAN/INN suffix) carries no independent payload/linker class evidence; needs a human check before promotion, not auto-promoted regardless of how many sources mention it.	PRESUMED_STRICT_ADC	
ADC_SUFFIX_394eeb5b5453	ADC_CANDIDATE	BVX001	europe_pmc	MED:40888053	development-code + explicit ADC-context match; example: A bispecific antibody-drug conjugate targeting CD7 and CD33 shows anti-tumor activity and improved tumor selectivity in an aggressive subtype of acute	2025-09-01	medium	NEEDS_REVIEW	development-code-shaped name found in explicit tight grammatical relationship with 'antibody-drug conjugate'/'ADC' (e.g. '<code> is a novel antibody-drug conjugate' or 'the ADC candidate <code>') in free-text title/abstract -- no structured field confirms this, and a development code alone (unlike a USAN/INN suffix) carries no independent payload/linker class evidence; needs a human check before promotion, not auto-promoted regardless of how many sources mention it.	PRESUMED_STRICT_ADC	
ADC_SUFFIX_c1c26a5039f7	ADC_CANDIDATE	NN3201	clinicaltrials; conference_abstract_corpus; europe_pmc	10.1158/1538-7445.am2023-2648; 10.1158/1538-7445.am2024-3142; MED:40908547	development-code + explicit ADC-context match; example: A Study of the c-Kit Specific Antibody-Drug Conjugate NN3201 for Advanced and/or Metastatic Solid Tumors Known to Express c-Kit	2023-04-04	medium	NEEDS_REVIEW	development-code-shaped name found in explicit tight grammatical relationship with 'antibody-drug conjugate'/'ADC' (e.g. '<code> is a novel antibody-drug conjugate' or 'the ADC candidate <code>') in free-text title/abstract -- no structured field confirms this, and a development code alone (unlike a USAN/INN suffix) carries no independent payload/linker class evidence; needs a human check before promotion, not auto-promoted regardless of how many sources mention it.	PRESUMED_STRICT_ADC	
ADC_SUFFIX_a34b5c20e7ed	ADC_CANDIDATE	SHR-A1921	clinicaltrials; conference_abstract_corpus; europe_pmc	10.1158/1538-7445.am2023-ct181; 10.1158/1538-7445.am2023-lb030; MED:41135519; MED:41929251; MED:42129335	development-code + explicit ADC-context match; example: A Phase II study of SHR-A1921, a TROP2-targeted antibody-drug conjugate, in patients with recurrent or metastatic salivary gland carcinoma.	2023-04-14	medium	NEEDS_REVIEW	development-code-shaped name found in explicit tight grammatical relationship with 'antibody-drug conjugate'/'ADC' (e.g. '<code> is a novel antibody-drug conjugate' or 'the ADC candidate <code>') in free-text title/abstract -- no structured field confirms this, and a development code alone (unlike a USAN/INN suffix) carries no independent payload/linker class evidence; needs a human check before promotion, not auto-promoted regardless of how many sources mention it.	PRESUMED_STRICT_ADC	
ADC_SUFFIX_bf8bae647fb7	ADC_CANDIDATE	HRA00129	europe_pmc	MED:41166693	development-code + explicit ADC-context match; example: HRA00129-C004, a Novel c-Met Antibody-Drug Conjugate, Exerts Encouraging Antitumor Activities and Favorable Safety Profiles.	2026-03-01	medium	NEEDS_REVIEW	development-code-shaped name found in explicit tight grammatical relationship with 'antibody-drug conjugate'/'ADC' (e.g. '<code> is a novel antibody-drug conjugate' or 'the ADC candidate <code>') in free-text title/abstract -- no structured field confirms this, and a development code alone (unlike a USAN/INN suffix) carries no independent payload/linker class evidence; needs a human check before promotion, not auto-promoted regardless of how many sources mention it.	PRESUMED_STRICT_ADC	
ADC_SUFFIX_d6d1259559e6	ADC_CANDIDATE	C004	conference_abstract_corpus; europe_pmc	10.1158/1538-7445.am2024-3128; 10.1158/1538-7445.am2024-3145; 10.1158/1538-7445.am2024-3146; MED:41166693	development-code + explicit ADC-context match; example: Abstract 3128: HRA00184-C004, preclinical characterization of a novel tissue factor-targeted antibody-drug conjugate	2024-03-22	medium	NEEDS_REVIEW	development-code-shaped name found in explicit tight grammatical relationship with 'antibody-drug conjugate'/'ADC' (e.g. '<code> is a novel antibody-drug conjugate' or 'the ADC candidate <code>') in free-text title/abstract -- no structured field confirms this, and a development code alone (unlike a USAN/INN suffix) carries no independent payload/linker class evidence; needs a human check before promotion, not auto-promoted regardless of how many sources mention it.	PRESUMED_STRICT_ADC	
ADC_SUFFIX_ff20108e3d0b	ADC_CANDIDATE	MGC028	europe_pmc	MED:41166694	development-code + explicit ADC-context match; example: Preclinical Development of MGC028, an ADAM9-Targeted, Glycan-Linked, Exatecan-Based Antibody-Drug Conjugate for the Treatment of Solid Cancers.	2026-04-01	medium	NEEDS_REVIEW	development-code-shaped name found in explicit tight grammatical relationship with 'antibody-drug conjugate'/'ADC' (e.g. '<code> is a novel antibody-drug conjugate' or 'the ADC candidate <code>') in free-text title/abstract -- no structured field confirms this, and a development code alone (unlike a USAN/INN suffix) carries no independent payload/linker class evidence; needs a human check before promotion, not auto-promoted regardless of how many sources mention it.	PRESUMED_STRICT_ADC	
ADC_SUFFIX_eb170325d48e	ADC_CANDIDATE	FK002	europe_pmc	MED:41173824	development-code + explicit ADC-context match; example: Development of antibody drug conjugates targeting epithelial membrane protein 2-highly expressed lung cancer.	2025-10-31	medium	NEEDS_REVIEW	development-code-shaped name found in explicit tight grammatical relationship with 'antibody-drug conjugate'/'ADC' (e.g. '<code> is a novel antibody-drug conjugate' or 'the ADC candidate <code>') in free-text title/abstract -- no structured field confirms this, and a development code alone (unlike a USAN/INN suffix) carries no independent payload/linker class evidence; needs a human check before promotion, not auto-promoted regardless of how many sources mention it.	PRESUMED_STRICT_ADC	
ADC_SUFFIX_b841c053c84e	ADC_CANDIDATE	CX-2009	europe_pmc	MED:41202161	development-code + explicit ADC-context match; example: Defining the Functional Role and Potential as an Immunotherapeutic Target of ALCAM in Neuroblastoma.	2026-04-01	medium	NEEDS_REVIEW	development-code-shaped name found in explicit tight grammatical relationship with 'antibody-drug conjugate'/'ADC' (e.g. '<code> is a novel antibody-drug conjugate' or 'the ADC candidate <code>') in free-text title/abstract -- no structured field confirms this, and a development code alone (unlike a USAN/INN suffix) carries no independent payload/linker class evidence; needs a human check before promotion, not auto-promoted regardless of how many sources mention it.	PRESUMED_STRICT_ADC	
ADC_SUFFIX_1d385c51823f	ADC_CANDIDATE	TQB2102	conference_abstract_corpus; europe_pmc	10.1200/jco.2025.43.16_suppl.3003; MED:41289548; MED:42142622	development-code + explicit ADC-context match; example: Efficacy and Safety of Neoadjuvant TQB2102 in Locally Advanced or Early Human Epidermal Growth Factor Receptor 2-Positive Breast Cancer: A Randomized,	2025-11-25	medium	NEEDS_REVIEW	development-code-shaped name found in explicit tight grammatical relationship with 'antibody-drug conjugate'/'ADC' (e.g. '<code> is a novel antibody-drug conjugate' or 'the ADC candidate <code>') in free-text title/abstract -- no structured field confirms this, and a development code alone (unlike a USAN/INN suffix) carries no independent payload/linker class evidence; needs a human check before promotion, not auto-promoted regardless of how many sources mention it.	PRESUMED_STRICT_ADC	
ADC_SUFFIX_961cc83c46cc	ADC_CANDIDATE	NRTL-24	europe_pmc	MED:41389965	development-code + explicit ADC-context match; example: NQO1-responsive Trimethyl lock benzoquinone: A cleavable linker strategy for antibody-drug conjugates.	2025-12-11	medium	NEEDS_REVIEW	development-code-shaped name found in explicit tight grammatical relationship with 'antibody-drug conjugate'/'ADC' (e.g. '<code> is a novel antibody-drug conjugate' or 'the ADC candidate <code>') in free-text title/abstract -- no structured field confirms this, and a development code alone (unlike a USAN/INN suffix) carries no independent payload/linker class evidence; needs a human check before promotion, not auto-promoted regardless of how many sources mention it.	PRESUMED_STRICT_ADC	
ADC_SUFFIX_436e38fb5eda	ADC_CANDIDATE	ZL-1310	clinicaltrials; conference_abstract_corpus; europe_pmc	10.1158/1538-7445.am2026-ct189; 10.1158/1538-7445.am2026-ct193; 10.1200/jco.2025.43.16_suppl.3041; 10.1200/jco.2026.44.16_suppl.tps8136; MED:41405207	development-code + explicit ADC-context match; example: A Study of ZL-1310 Versus Investigator's Choice of Therapy in Participants With Relapsed Small Cell Lung Cancer (DLLEVATE)	2025-10-20	medium	NEEDS_REVIEW	development-code-shaped name found in explicit tight grammatical relationship with 'antibody-drug conjugate'/'ADC' (e.g. '<code> is a novel antibody-drug conjugate' or 'the ADC candidate <code>') in free-text title/abstract -- no structured field confirms this, and a development code alone (unlike a USAN/INN suffix) carries no independent payload/linker class evidence; needs a human check before promotion, not auto-promoted regardless of how many sources mention it.	PRESUMED_STRICT_ADC	
ADC_SUFFIX_bbe35d18d6aa	ADC_CANDIDATE	Y101S	europe_pmc	MED:41663428	development-code + explicit ADC-context match; example: Triple targeting of STING, TGF-β, and PD-L1 boosts CXCL16-CXCR6 signaling for potent antitumor response.	2026-02-09	medium	NEEDS_REVIEW	development-code-shaped name found in explicit tight grammatical relationship with 'antibody-drug conjugate'/'ADC' (e.g. '<code> is a novel antibody-drug conjugate' or 'the ADC candidate <code>') in free-text title/abstract -- no structured field confirms this, and a development code alone (unlike a USAN/INN suffix) carries no independent payload/linker class evidence; needs a human check before promotion, not auto-promoted regardless of how many sources mention it.	PRESUMED_STRICT_ADC	
ADC_SUFFIX_a882f5abe21a	ADC_CANDIDATE	HS-20093	europe_pmc	MED:41791381	development-code + explicit ADC-context match; example: HS-20093, a B7-H3-targeted antibody-drug conjugate in lung cancer: Results from the ARTEMIS-001 phase 1a/b trial.	2026-03-05	medium	NEEDS_REVIEW	development-code-shaped name found in explicit tight grammatical relationship with 'antibody-drug conjugate'/'ADC' (e.g. '<code> is a novel antibody-drug conjugate' or 'the ADC candidate <code>') in free-text title/abstract -- no structured field confirms this, and a development code alone (unlike a USAN/INN suffix) carries no independent payload/linker class evidence; needs a human check before promotion, not auto-promoted regardless of how many sources mention it.	PRESUMED_STRICT_ADC	
ADC_SUFFIX_52ee4c7ff1de	ADC_CANDIDATE	GL-2401	europe_pmc	MED:41875589	development-code + explicit ADC-context match; example: Quantification of total and conjugated antibody of a novel ADC in rat by two affinity-capture LC-MS/MS methods using a single surrogate peptide.	2026-03-19	medium	NEEDS_REVIEW	development-code-shaped name found in explicit tight grammatical relationship with 'antibody-drug conjugate'/'ADC' (e.g. '<code> is a novel antibody-drug conjugate' or 'the ADC candidate <code>') in free-text title/abstract -- no structured field confirms this, and a development code alone (unlike a USAN/INN suffix) carries no independent payload/linker class evidence; needs a human check before promotion, not auto-promoted regardless of how many sources mention it.	PRESUMED_STRICT_ADC	
ADC_SUFFIX_5283b1ff9f1f	ADC_CANDIDATE	RGX-019	conference_abstract_corpus; europe_pmc	10.1158/1538-7445.am2024-6341; MED:41896977	development-code + explicit ADC-context match; example: Abstract 6341: Targeting myeloid epithelial tyrosine kinase (MERTK) receptor in acute myeloid leukemia using a novel antibody-drug conjugate, RGX-019-	2024-03-22	medium	NEEDS_REVIEW	development-code-shaped name found in explicit tight grammatical relationship with 'antibody-drug conjugate'/'ADC' (e.g. '<code> is a novel antibody-drug conjugate' or 'the ADC candidate <code>') in free-text title/abstract -- no structured field confirms this, and a development code alone (unlike a USAN/INN suffix) carries no independent payload/linker class evidence; needs a human check before promotion, not auto-promoted regardless of how many sources mention it.	PRESUMED_STRICT_ADC	
ADC_SUFFIX_15cfcc7d1c77	ADC_CANDIDATE	BC3195	conference_abstract_corpus; europe_pmc	10.1200/jco.2024.42.16_suppl.e15008; 10.1200/jco.2025.43.16_suppl.3019; 10.1200/jco.2026.44.16_suppl.3035; MED:41962512	development-code + explicit ADC-context match; example: BC3195, a novel ADC targeting CDH3: Preliminary results of a first-in-human phase I study in patients with advanced solid malignancies.	2024-06-01	medium	NEEDS_REVIEW	development-code-shaped name found in explicit tight grammatical relationship with 'antibody-drug conjugate'/'ADC' (e.g. '<code> is a novel antibody-drug conjugate' or 'the ADC candidate <code>') in free-text title/abstract -- no structured field confirms this, and a development code alone (unlike a USAN/INN suffix) carries no independent payload/linker class evidence; needs a human check before promotion, not auto-promoted regardless of how many sources mention it.	PRESUMED_STRICT_ADC	
ADC_SUFFIX_2a130e6810fb	ADC_CANDIDATE	SOT102	clinicaltrials; europe_pmc	MED:42168932	development-code + explicit ADC-context match; example: Clinical Trial of SOT102 Antibody Drug Conjugate in Patients With Advanced Gastric and Pancreatic Adenocarcinoma	2022-09-01	medium	NEEDS_REVIEW	development-code-shaped name found in explicit tight grammatical relationship with 'antibody-drug conjugate'/'ADC' (e.g. '<code> is a novel antibody-drug conjugate' or 'the ADC candidate <code>') in free-text title/abstract -- no structured field confirms this, and a development code alone (unlike a USAN/INN suffix) carries no independent payload/linker class evidence; needs a human check before promotion, not auto-promoted regardless of how many sources mention it.	PRESUMED_STRICT_ADC	
ADC_SUFFIX_36cc6be057ec	ADC_CANDIDATE	Her2-W1507	europe_pmc	MED:42218895	development-code + explicit ADC-context match; example: NH&lt;sub&gt;2&lt;/sub&gt;-trimethyl lock (NH&lt;sub&gt;2&lt;/sub&gt;-TML): a stable and effective adapter for exatecan-based antibody-drug conjugates	2026-05-27	medium	NEEDS_REVIEW	development-code-shaped name found in explicit tight grammatical relationship with 'antibody-drug conjugate'/'ADC' (e.g. '<code> is a novel antibody-drug conjugate' or 'the ADC candidate <code>') in free-text title/abstract -- no structured field confirms this, and a development code alone (unlike a USAN/INN suffix) carries no independent payload/linker class evidence; needs a human check before promotion, not auto-promoted regardless of how many sources mention it.	PRESUMED_STRICT_ADC	
ADC_SUFFIX_ea80bdb184c4	ADC_CANDIDATE	SYS6010	conference_abstract_corpus; europe_pmc	10.1158/1538-7445.am2025-ct008; 10.1200/jco.2026.44.16_suppl.4047; MED:42594871	development-code + explicit ADC-context match; example: Abstract CT008: First-in-human study of SYS6010, a novel EGFR targeting antibody drug conjugate (ADC) for patients with advanced solid tumors	2025-04-25	medium	NEEDS_REVIEW	development-code-shaped name found in explicit tight grammatical relationship with 'antibody-drug conjugate'/'ADC' (e.g. '<code> is a novel antibody-drug conjugate' or 'the ADC candidate <code>') in free-text title/abstract -- no structured field confirms this, and a development code alone (unlike a USAN/INN suffix) carries no independent payload/linker class evidence; needs a human check before promotion, not auto-promoted regardless of how many sources mention it.	PRESUMED_STRICT_ADC	
ADC_SUFFIX_a9d211dab8b2	ADC_CANDIDATE	SHR-A2102	clinicaltrials; conference_abstract_corpus; europe_pmc	10.1200/jco.2025.43.16_suppl.107; 10.1200/jco.2026.44.16_suppl.4191; MED:42636836	development-code + explicit ADC-context match; example: Phase 1 trial of SHR-A2102, a nectin-4–directed antibody drug conjugate (ADC), in advanced solid tumors.	2024-05-30	medium	NEEDS_REVIEW	development-code-shaped name found in explicit tight grammatical relationship with 'antibody-drug conjugate'/'ADC' (e.g. '<code> is a novel antibody-drug conjugate' or 'the ADC candidate <code>') in free-text title/abstract -- no structured field confirms this, and a development code alone (unlike a USAN/INN suffix) carries no independent payload/linker class evidence; needs a human check before promotion, not auto-promoted regardless of how many sources mention it.	PRESUMED_STRICT_ADC	
ADC_SUFFIX_d3bf1f96ab5f	ADC_CANDIDATE	PRO1160	conference_abstract_corpus; europe_pmc	10.1158/1538-7445.am2022-1759; PMC:PMC10445573	development-code + explicit ADC-context match; example: Abstract 1759: PRO1160, a novel CD70-directed antibody-drug conjugate, demonstrates robust anti-tumor activity in mouse models of renal cell carcinoma	2022-06-15	medium	NEEDS_REVIEW	development-code-shaped name found in explicit tight grammatical relationship with 'antibody-drug conjugate'/'ADC' (e.g. '<code> is a novel antibody-drug conjugate' or 'the ADC candidate <code>') in free-text title/abstract -- no structured field confirms this, and a development code alone (unlike a USAN/INN suffix) carries no independent payload/linker class evidence; needs a human check before promotion, not auto-promoted regardless of how many sources mention it.	PRESUMED_STRICT_ADC	
ADC_SUFFIX_797cce8f7156	ADC_CANDIDATE	CD352A	conference_abstract_corpus	10.1158/1538-7445.am2016-1195	development-code + explicit ADC-context match; example: Abstract 1195: SGN-CD352A: A novel humanized anti-CD352 antibody-drug conjugate for the treatment of multiple myeloma	2016-07-15	medium	NEEDS_REVIEW	development-code-shaped name found in explicit tight grammatical relationship with 'antibody-drug conjugate'/'ADC' (e.g. '<code> is a novel antibody-drug conjugate' or 'the ADC candidate <code>') in free-text title/abstract -- no structured field confirms this, and a development code alone (unlike a USAN/INN suffix) carries no independent payload/linker class evidence; needs a human check before promotion, not auto-promoted regardless of how many sources mention it.	PRESUMED_STRICT_ADC	
ADC_SUFFIX_f0d2a681c1e4	ADC_CANDIDATE	SAR428926	conference_abstract_corpus	10.1158/1538-7445.am2016-1197; 10.1158/1538-7445.am2016-1198	development-code + explicit ADC-context match; example: Abstract 1197: Outstanding preclinical efficacy of a novel maytansinoid-antibody-drug conjugate targeting LAMP1 in patient-derived xenograft solid tum	2016-07-15	medium	NEEDS_REVIEW	development-code-shaped name found in explicit tight grammatical relationship with 'antibody-drug conjugate'/'ADC' (e.g. '<code> is a novel antibody-drug conjugate' or 'the ADC candidate <code>') in free-text title/abstract -- no structured field confirms this, and a development code alone (unlike a USAN/INN suffix) carries no independent payload/linker class evidence; needs a human check before promotion, not auto-promoted regardless of how many sources mention it.	PRESUMED_STRICT_ADC	
ADC_SUFFIX_54a1ac046b3f	ADC_CANDIDATE	HTI-1511	conference_abstract_corpus	10.1158/1538-7445.am2016-1217; 10.1158/1538-7445.am2017-50	development-code + explicit ADC-context match; example: Abstract 1217: Preclinical evaluation of a next-generation, EGFR targeting ADC that promotes regression in KRAS or BRAF mutant tumors	2016-07-15	medium	NEEDS_REVIEW	development-code-shaped name found in explicit tight grammatical relationship with 'antibody-drug conjugate'/'ADC' (e.g. '<code> is a novel antibody-drug conjugate' or 'the ADC candidate <code>') in free-text title/abstract -- no structured field confirms this, and a development code alone (unlike a USAN/INN suffix) carries no independent payload/linker class evidence; needs a human check before promotion, not auto-promoted regardless of how many sources mention it.	PRESUMED_STRICT_ADC	
ADC_SUFFIX_066e0fb2c99b	ADC_CANDIDATE	U3-1402a	conference_abstract_corpus	10.1158/1538-7445.am2017-3092	development-code + explicit ADC-context match; example: Abstract 3092: U3-1402a, a novel HER3-targeting ADC with a novel DNA topoisomerase I inhibitor, demonstrates a potent antitumor efficacy	2017-07-01	medium	NEEDS_REVIEW	development-code-shaped name found in explicit tight grammatical relationship with 'antibody-drug conjugate'/'ADC' (e.g. '<code> is a novel antibody-drug conjugate' or 'the ADC candidate <code>') in free-text title/abstract -- no structured field confirms this, and a development code alone (unlike a USAN/INN suffix) carries no independent payload/linker class evidence; needs a human check before promotion, not auto-promoted regardless of how many sources mention it.	PRESUMED_STRICT_ADC	
ADC_SUFFIX_462fef570d8d	ADC_CANDIDATE	ASN004	conference_abstract_corpus	10.1158/1538-7445.am2017-43	development-code + explicit ADC-context match; example: Abstract 43: ASN004, a novel 5T4-targeted Dolaflexin ADC, achieves complete regressions and tumor-free survivors in a broad variety of solid tumor mod	2017-07-01	medium	NEEDS_REVIEW	development-code-shaped name found in explicit tight grammatical relationship with 'antibody-drug conjugate'/'ADC' (e.g. '<code> is a novel antibody-drug conjugate' or 'the ADC candidate <code>') in free-text title/abstract -- no structured field confirms this, and a development code alone (unlike a USAN/INN suffix) carries no independent payload/linker class evidence; needs a human check before promotion, not auto-promoted regardless of how many sources mention it.	PRESUMED_STRICT_ADC	
ADC_SUFFIX_6c751089e23d	ADC_CANDIDATE	ADCT-502	conference_abstract_corpus	10.1158/1538-7445.am2017-52	development-code + explicit ADC-context match; example: Abstract 52: Mechanistic and benchmarking studies of ADCT-502, a pyrrolobenzodiazepine (PBD) dimer-containing antibody-drug conjugate (ADC) targeting 	2017-07-01	medium	NEEDS_REVIEW	development-code-shaped name found in explicit tight grammatical relationship with 'antibody-drug conjugate'/'ADC' (e.g. '<code> is a novel antibody-drug conjugate' or 'the ADC candidate <code>') in free-text title/abstract -- no structured field confirms this, and a development code alone (unlike a USAN/INN suffix) carries no independent payload/linker class evidence; needs a human check before promotion, not auto-promoted regardless of how many sources mention it.	PRESUMED_STRICT_ADC	
ADC_SUFFIX_2f1e9272c3a6	ADC_CANDIDATE	GM103	conference_abstract_corpus	10.1158/1538-7445.am2018-1779	development-code + explicit ADC-context match; example: Abstract 1779: Anti-Müllerian hormone type II receptor (AMHRII), a cancer target for GM103, a novel antibody-drug conjugate (ADC)	2018-07-01	medium	NEEDS_REVIEW	development-code-shaped name found in explicit tight grammatical relationship with 'antibody-drug conjugate'/'ADC' (e.g. '<code> is a novel antibody-drug conjugate' or 'the ADC candidate <code>') in free-text title/abstract -- no structured field confirms this, and a development code alone (unlike a USAN/INN suffix) carries no independent payload/linker class evidence; needs a human check before promotion, not auto-promoted regardless of how many sources mention it.	PRESUMED_STRICT_ADC	
ADC_SUFFIX_c955eb1f2c80	ADC_CANDIDATE	DCBD16001	conference_abstract_corpus	10.1158/1538-7445.am2018-813	development-code + explicit ADC-context match; example: Abstract 813: Development of anti-Globo H ADC against cancer	2018-07-01	medium	NEEDS_REVIEW	development-code-shaped name found in explicit tight grammatical relationship with 'antibody-drug conjugate'/'ADC' (e.g. '<code> is a novel antibody-drug conjugate' or 'the ADC candidate <code>') in free-text title/abstract -- no structured field confirms this, and a development code alone (unlike a USAN/INN suffix) carries no independent payload/linker class evidence; needs a human check before promotion, not auto-promoted regardless of how many sources mention it.	PRESUMED_STRICT_ADC	
ADC_SUFFIX_a346522e170c	ADC_CANDIDATE	TRPH-222	clinicaltrials; conference_abstract_corpus	10.1158/1538-7445.am2018-835	development-code + explicit ADC-context match; example: Abstract 835: TRPH-222, a novel anti-CD22 antibody drug conjugate (ADC), has significant anti-tumor activity in NHL xenografts and reduces B cells in 	2018-07-01	medium	NEEDS_REVIEW	development-code-shaped name found in explicit tight grammatical relationship with 'antibody-drug conjugate'/'ADC' (e.g. '<code> is a novel antibody-drug conjugate' or 'the ADC candidate <code>') in free-text title/abstract -- no structured field confirms this, and a development code alone (unlike a USAN/INN suffix) carries no independent payload/linker class evidence; needs a human check before promotion, not auto-promoted regardless of how many sources mention it.	PRESUMED_STRICT_ADC	
ADC_SUFFIX_015a13d9a4c4	ADC_CANDIDATE	TAK-522	conference_abstract_corpus	10.1158/1538-7445.am2018-lb-294	development-code + explicit ADC-context match; example: Abstract LB-294: Synergy of an anti-HER2 ADC TAK-522 (XMT-1522) in combination with anti-PD1 monoclonal antibody (mAb) in a syngeneic breast cancer mo	2018-07-01	medium	NEEDS_REVIEW	development-code-shaped name found in explicit tight grammatical relationship with 'antibody-drug conjugate'/'ADC' (e.g. '<code> is a novel antibody-drug conjugate' or 'the ADC candidate <code>') in free-text title/abstract -- no structured field confirms this, and a development code alone (unlike a USAN/INN suffix) carries no independent payload/linker class evidence; needs a human check before promotion, not auto-promoted regardless of how many sources mention it.	PRESUMED_STRICT_ADC	
ADC_SUFFIX_e257c46c7cc0	ADC_CANDIDATE	PL1601	conference_abstract_corpus	10.1158/1538-7445.am2019-234	development-code + explicit ADC-context match; example: Abstract 234: Pre-clinical characterization of 3A4-PL1601, a novel pyrrolobenzodiazepine (PBD) dimer-based antibody-drug conjugate (ADC) directed agai	2019-07-01	medium	NEEDS_REVIEW	development-code-shaped name found in explicit tight grammatical relationship with 'antibody-drug conjugate'/'ADC' (e.g. '<code> is a novel antibody-drug conjugate' or 'the ADC candidate <code>') in free-text title/abstract -- no structured field confirms this, and a development code alone (unlike a USAN/INN suffix) carries no independent payload/linker class evidence; needs a human check before promotion, not auto-promoted regardless of how many sources mention it.	PRESUMED_STRICT_ADC	
ADC_SUFFIX_909db03bb819	ADC_CANDIDATE	BAT8003	conference_abstract_corpus	10.1158/1538-7445.am2019-4821	development-code + explicit ADC-context match; example: Abstract 4821: Development of a potent Trop-2 antibody-drug conjugate, BAT8003, for the treatment of Trop-2 positive gastric tumors	2019-07-01	medium	NEEDS_REVIEW	development-code-shaped name found in explicit tight grammatical relationship with 'antibody-drug conjugate'/'ADC' (e.g. '<code> is a novel antibody-drug conjugate' or 'the ADC candidate <code>') in free-text title/abstract -- no structured field confirms this, and a development code alone (unlike a USAN/INN suffix) carries no independent payload/linker class evidence; needs a human check before promotion, not auto-promoted regardless of how many sources mention it.	PRESUMED_STRICT_ADC	
ADC_SUFFIX_8b74d992b906	ADC_CANDIDATE	BAY-924	conference_abstract_corpus	10.1158/1538-7445.am2019-4825	development-code + explicit ADC-context match; example: Abstract 4825: Preclinical characterization of BAY-924, a first in class ADC targeting CXCR5-positive B-cell malignancies, with a KSP inhibitor as nov	2019-07-01	medium	NEEDS_REVIEW	development-code-shaped name found in explicit tight grammatical relationship with 'antibody-drug conjugate'/'ADC' (e.g. '<code> is a novel antibody-drug conjugate' or 'the ADC candidate <code>') in free-text title/abstract -- no structured field confirms this, and a development code alone (unlike a USAN/INN suffix) carries no independent payload/linker class evidence; needs a human check before promotion, not auto-promoted regardless of how many sources mention it.	PRESUMED_STRICT_ADC	
ADC_SUFFIX_8f0d5a42e8ca	ADC_CANDIDATE	AVID100	conference_abstract_corpus	10.1158/1538-7445.am2019-ct056	development-code + explicit ADC-context match; example: Abstract CT056: A Phase Ia/IIa trial of AVID100, an anti-EGFR antibody-drug conjugate	2019-07-01	medium	NEEDS_REVIEW	development-code-shaped name found in explicit tight grammatical relationship with 'antibody-drug conjugate'/'ADC' (e.g. '<code> is a novel antibody-drug conjugate' or 'the ADC candidate <code>') in free-text title/abstract -- no structured field confirms this, and a development code alone (unlike a USAN/INN suffix) carries no independent payload/linker class evidence; needs a human check before promotion, not auto-promoted regardless of how many sources mention it.	PRESUMED_STRICT_ADC	
ADC_SUFFIX_cefbfed336fa	ADC_CANDIDATE	XMT-1592	conference_abstract_corpus	10.1158/1538-7445.am2020-2894	development-code + explicit ADC-context match; example: Abstract 2894: XMT-1592, a site-specific Dolasynthen-based NaPi2b-targeted antibody-drug conjugate for the treatment of ovarian cancer and lung adenoc	2020-08-15	medium	NEEDS_REVIEW	development-code-shaped name found in explicit tight grammatical relationship with 'antibody-drug conjugate'/'ADC' (e.g. '<code> is a novel antibody-drug conjugate' or 'the ADC candidate <code>') in free-text title/abstract -- no structured field confirms this, and a development code alone (unlike a USAN/INN suffix) carries no independent payload/linker class evidence; needs a human check before promotion, not auto-promoted regardless of how many sources mention it.	PRESUMED_STRICT_ADC	
ADC_SUFFIX_d4253d73f71b	ADC_CANDIDATE	SC-004	conference_abstract_corpus	10.1158/1538-7445.am2020-ct124	development-code + explicit ADC-context match; example: Abstract CT124: First-in-human study of SC-004, an antibody-drug conjugate targeting CLDN6/9, in patients with epithelial ovarian cancers	2020-08-15	medium	NEEDS_REVIEW	development-code-shaped name found in explicit tight grammatical relationship with 'antibody-drug conjugate'/'ADC' (e.g. '<code> is a novel antibody-drug conjugate' or 'the ADC candidate <code>') in free-text title/abstract -- no structured field confirms this, and a development code alone (unlike a USAN/INN suffix) carries no independent payload/linker class evidence; needs a human check before promotion, not auto-promoted regardless of how many sources mention it.	PRESUMED_STRICT_ADC	
ADC_SUFFIX_3320dce4b2bf	ADC_CANDIDATE	SC-006	conference_abstract_corpus	10.1158/1538-7445.am2020-ct167	development-code + explicit ADC-context match; example: Abstract CT167: First-in-human clinical trial of SC-006, a RNF43 targeted antibody-drug conjugate, as a monotherapy and in combination with budigalima	2020-08-15	medium	NEEDS_REVIEW	development-code-shaped name found in explicit tight grammatical relationship with 'antibody-drug conjugate'/'ADC' (e.g. '<code> is a novel antibody-drug conjugate' or 'the ADC candidate <code>') in free-text title/abstract -- no structured field confirms this, and a development code alone (unlike a USAN/INN suffix) carries no independent payload/linker class evidence; needs a human check before promotion, not auto-promoted regardless of how many sources mention it.	PRESUMED_STRICT_ADC	
ADC_SUFFIX_b91ea83fa059	ADC_CANDIDATE	STI-6129	clinicaltrials; conference_abstract_corpus	10.1158/1538-7445.am2020-lb-227	development-code + explicit ADC-context match; example: Abstract LB-227: Preclinical development and characterization of STI-6129, an anti-CD38 antibody-drug conjugate, as a new therapeutic agent for multip	2020-03-20	medium	NEEDS_REVIEW	development-code-shaped name found in explicit tight grammatical relationship with 'antibody-drug conjugate'/'ADC' (e.g. '<code> is a novel antibody-drug conjugate' or 'the ADC candidate <code>') in free-text title/abstract -- no structured field confirms this, and a development code alone (unlike a USAN/INN suffix) carries no independent payload/linker class evidence; needs a human check before promotion, not auto-promoted regardless of how many sources mention it.	PRESUMED_STRICT_ADC	
ADC_SUFFIX_4a4a8029da42	ADC_CANDIDATE	SYD1875	clinicaltrials; conference_abstract_corpus	10.1158/1538-7445.am2021-925	development-code + explicit ADC-context match; example: A First-in-human Dose-escalation and Expansion Study With the Antibody-drug Conjugate SYD1875	2019-12-17	medium	NEEDS_REVIEW	development-code-shaped name found in explicit tight grammatical relationship with 'antibody-drug conjugate'/'ADC' (e.g. '<code> is a novel antibody-drug conjugate' or 'the ADC candidate <code>') in free-text title/abstract -- no structured field confirms this, and a development code alone (unlike a USAN/INN suffix) carries no independent payload/linker class evidence; needs a human check before promotion, not auto-promoted regardless of how many sources mention it.	PRESUMED_STRICT_ADC	
ADC_SUFFIX_d1c2efdf5ba4	ADC_CANDIDATE	BYON3521	clinicaltrials; conference_abstract_corpus	10.1158/1538-7445.am2021-926; 10.1158/1538-7445.am2023-ct185	development-code + explicit ADC-context match; example: A First-in-human Dose-escalation and Expansion Study With the Antibody-drug Conjugate BYON3521	2021-07-01	medium	NEEDS_REVIEW	development-code-shaped name found in explicit tight grammatical relationship with 'antibody-drug conjugate'/'ADC' (e.g. '<code> is a novel antibody-drug conjugate' or 'the ADC candidate <code>') in free-text title/abstract -- no structured field confirms this, and a development code alone (unlike a USAN/INN suffix) carries no independent payload/linker class evidence; needs a human check before promotion, not auto-promoted regardless of how many sources mention it.	PRESUMED_STRICT_ADC	
ADC_SUFFIX_6603151c8d8d	ADC_CANDIDATE	OBI-998	conference_abstract_corpus	10.1158/1538-7445.am2021-955	development-code + explicit ADC-context match; example: Abstract 955: Preclinical characterization of a novel SSEA-4-targeting antibody drug conjugate, OBI-998	2021-07-01	medium	NEEDS_REVIEW	development-code-shaped name found in explicit tight grammatical relationship with 'antibody-drug conjugate'/'ADC' (e.g. '<code> is a novel antibody-drug conjugate' or 'the ADC candidate <code>') in free-text title/abstract -- no structured field confirms this, and a development code alone (unlike a USAN/INN suffix) carries no independent payload/linker class evidence; needs a human check before promotion, not auto-promoted regardless of how many sources mention it.	PRESUMED_STRICT_ADC	
ADC_SUFFIX_07ae1c8a58dd	ADC_CANDIDATE	PRO1184	conference_abstract_corpus	10.1158/1538-7445.am2022-1085; 10.1158/1538-7445.am2023-2637; 10.1158/1538-7445.am2023-ct244; 10.1200/jco.2023.41.16_suppl.tps3157	development-code + explicit ADC-context match; example: Abstract 1085: PRO1184, a novel folate receptor alpha-directed antibody-drug conjugate, demonstrates robust anti-tumor activity in mouse carcinoma mod	2022-06-15	medium	NEEDS_REVIEW	development-code-shaped name found in explicit tight grammatical relationship with 'antibody-drug conjugate'/'ADC' (e.g. '<code> is a novel antibody-drug conjugate' or 'the ADC candidate <code>') in free-text title/abstract -- no structured field confirms this, and a development code alone (unlike a USAN/INN suffix) carries no independent payload/linker class evidence; needs a human check before promotion, not auto-promoted regardless of how many sources mention it.	PRESUMED_STRICT_ADC	
ADC_SUFFIX_f87f611583c6	ADC_CANDIDATE	ATG-022	conference_abstract_corpus	10.1158/1538-7445.am2022-1143	development-code + explicit ADC-context match; example: Abstract 1143: ATG-022, an antibody-drug conjugate targeting Claudin 18.2, demonstrated potent <i>in vivo</i> efficacy in gastric cancer patient-deriv	2022-06-15	medium	NEEDS_REVIEW	development-code-shaped name found in explicit tight grammatical relationship with 'antibody-drug conjugate'/'ADC' (e.g. '<code> is a novel antibody-drug conjugate' or 'the ADC candidate <code>') in free-text title/abstract -- no structured field confirms this, and a development code alone (unlike a USAN/INN suffix) carries no independent payload/linker class evidence; needs a human check before promotion, not auto-promoted regardless of how many sources mention it.	PRESUMED_STRICT_ADC	
ADC_SUFFIX_ed540fc5ca1c	ADC_CANDIDATE	IKS014	clinicaltrials; conference_abstract_corpus	10.1158/1538-7445.am2022-1753	development-code + explicit ADC-context match; example: Abstract 1753: IKS014, a HER2-targeting antibody drug conjugate incorporating novel bioconjugation and tumor-selective linker technology with improved	2022-06-15	medium	NEEDS_REVIEW	development-code-shaped name found in explicit tight grammatical relationship with 'antibody-drug conjugate'/'ADC' (e.g. '<code> is a novel antibody-drug conjugate' or 'the ADC candidate <code>') in free-text title/abstract -- no structured field confirms this, and a development code alone (unlike a USAN/INN suffix) carries no independent payload/linker class evidence; needs a human check before promotion, not auto-promoted regardless of how many sources mention it.	PRESUMED_STRICT_ADC	
ADC_SUFFIX_89ac9e0067a0	ADC_CANDIDATE	PRO1102	conference_abstract_corpus	10.1158/1538-7445.am2022-1758	development-code + explicit ADC-context match; example: Abstract 1758: The preclinical pharmacology of PRO1102, a novel exatecan-based HER2-directed antibody-drug conjugate with robust anti-tumor activity	2022-06-15	medium	NEEDS_REVIEW	development-code-shaped name found in explicit tight grammatical relationship with 'antibody-drug conjugate'/'ADC' (e.g. '<code> is a novel antibody-drug conjugate' or 'the ADC candidate <code>') in free-text title/abstract -- no structured field confirms this, and a development code alone (unlike a USAN/INN suffix) carries no independent payload/linker class evidence; needs a human check before promotion, not auto-promoted regardless of how many sources mention it.	PRESUMED_STRICT_ADC	
ADC_SUFFIX_407ec94ca6eb	ADC_CANDIDATE	GENA-111	conference_abstract_corpus	10.1158/1538-7445.am2022-1760	development-code + explicit ADC-context match; example: Abstract 1760: The antibody-drug conjugate GENA-111 conjugated to auristatin F shows therapeutic potency in BCAM positive epithelial cancer	2022-06-15	medium	NEEDS_REVIEW	development-code-shaped name found in explicit tight grammatical relationship with 'antibody-drug conjugate'/'ADC' (e.g. '<code> is a novel antibody-drug conjugate' or 'the ADC candidate <code>') in free-text title/abstract -- no structured field confirms this, and a development code alone (unlike a USAN/INN suffix) carries no independent payload/linker class evidence; needs a human check before promotion, not auto-promoted regardless of how many sources mention it.	PRESUMED_STRICT_ADC	
ADC_SUFFIX_d10aad9939aa	ADC_CANDIDATE	YH012	conference_abstract_corpus	10.1158/1538-7445.am2022-4256	development-code + explicit ADC-context match; example: Abstract 4256: YH012, a novel bispecific anti-HER2 and TROP2 antibody-drug conjugate, exhibits potent antitumor efficacy	2022-06-15	medium	NEEDS_REVIEW	development-code-shaped name found in explicit tight grammatical relationship with 'antibody-drug conjugate'/'ADC' (e.g. '<code> is a novel antibody-drug conjugate' or 'the ADC candidate <code>') in free-text title/abstract -- no structured field confirms this, and a development code alone (unlike a USAN/INN suffix) carries no independent payload/linker class evidence; needs a human check before promotion, not auto-promoted regardless of how many sources mention it.	PRESUMED_STRICT_ADC	
ADC_SUFFIX_b19a21d8838f	ADC_CANDIDATE	PODO447	conference_abstract_corpus	10.1158/1538-7445.am2023-1134	development-code + explicit ADC-context match; example: Abstract 1134: Therapeutic potential of an antibody-drug conjugate directed against a tumor-specific epitope on podocalyxin	2023-04-04	medium	NEEDS_REVIEW	development-code-shaped name found in explicit tight grammatical relationship with 'antibody-drug conjugate'/'ADC' (e.g. '<code> is a novel antibody-drug conjugate' or 'the ADC candidate <code>') in free-text title/abstract -- no structured field confirms this, and a development code alone (unlike a USAN/INN suffix) carries no independent payload/linker class evidence; needs a human check before promotion, not auto-promoted regardless of how many sources mention it.	PRESUMED_STRICT_ADC	
ADC_SUFFIX_7e1c7d653de3	ADC_CANDIDATE	ZW220	conference_abstract_corpus	10.1158/1538-7445.am2023-1533	development-code + explicit ADC-context match; example: Abstract 1533: ZW220, a novel NaPi2b-targeting antibody drug conjugate bearing a topoisomerase 1 inhibitor payload	2023-04-04	medium	NEEDS_REVIEW	development-code-shaped name found in explicit tight grammatical relationship with 'antibody-drug conjugate'/'ADC' (e.g. '<code> is a novel antibody-drug conjugate' or 'the ADC candidate <code>') in free-text title/abstract -- no structured field confirms this, and a development code alone (unlike a USAN/INN suffix) carries no independent payload/linker class evidence; needs a human check before promotion, not auto-promoted regardless of how many sources mention it.	PRESUMED_STRICT_ADC	
ADC_SUFFIX_b9d06653033a	ADC_CANDIDATE	MBK-103	conference_abstract_corpus	10.1158/1538-7445.am2023-1544	development-code + explicit ADC-context match; example: Abstract 1544: MBK-103, a potent novel conjugation platform-based antibody-drug conjugate, changing therapeutic options in folate receptor alpha posit	2023-04-04	medium	NEEDS_REVIEW	development-code-shaped name found in explicit tight grammatical relationship with 'antibody-drug conjugate'/'ADC' (e.g. '<code> is a novel antibody-drug conjugate' or 'the ADC candidate <code>') in free-text title/abstract -- no structured field confirms this, and a development code alone (unlike a USAN/INN suffix) carries no independent payload/linker class evidence; needs a human check before promotion, not auto-promoted regardless of how many sources mention it.	PRESUMED_STRICT_ADC	
ADC_SUFFIX_d8250fa772c6	ADC_CANDIDATE	CO-1008	conference_abstract_corpus	10.1158/1538-7445.am2023-1548	development-code + explicit ADC-context match; example: Abstract 1548: CO-1008, an ADC program targeting leukemic progenitor and blast AML cells, but not normal hematopoetic progenitor cells	2023-04-04	medium	NEEDS_REVIEW	development-code-shaped name found in explicit tight grammatical relationship with 'antibody-drug conjugate'/'ADC' (e.g. '<code> is a novel antibody-drug conjugate' or 'the ADC candidate <code>') in free-text title/abstract -- no structured field confirms this, and a development code alone (unlike a USAN/INN suffix) carries no independent payload/linker class evidence; needs a human check before promotion, not auto-promoted regardless of how many sources mention it.	PRESUMED_STRICT_ADC	
ADC_SUFFIX_5fa1bab55b19	ADC_CANDIDATE	GQ1010	conference_abstract_corpus	10.1158/1538-7445.am2023-1549	development-code + explicit ADC-context match; example: Abstract 1549: Preclinical characterization of GQ1010, a next generation Trop2 ADC with the best-in-class potential against diverse Trop2+ solid tumor	2023-04-04	medium	NEEDS_REVIEW	development-code-shaped name found in explicit tight grammatical relationship with 'antibody-drug conjugate'/'ADC' (e.g. '<code> is a novel antibody-drug conjugate' or 'the ADC candidate <code>') in free-text title/abstract -- no structured field confirms this, and a development code alone (unlike a USAN/INN suffix) carries no independent payload/linker class evidence; needs a human check before promotion, not auto-promoted regardless of how many sources mention it.	PRESUMED_STRICT_ADC	
ADC_SUFFIX_c598fb841016	ADC_CANDIDATE	ADCT-211	conference_abstract_corpus	10.1158/1538-7445.am2023-1604	development-code + explicit ADC-context match; example: Abstract 1604: Preclinical development of ADCT-211, a novel pyrrolobenzodiazepine dimer-based antibody-drug conjugate targeting solid tumors expressin	2023-04-04	medium	NEEDS_REVIEW	development-code-shaped name found in explicit tight grammatical relationship with 'antibody-drug conjugate'/'ADC' (e.g. '<code> is a novel antibody-drug conjugate' or 'the ADC candidate <code>') in free-text title/abstract -- no structured field confirms this, and a development code alone (unlike a USAN/INN suffix) carries no independent payload/linker class evidence; needs a human check before promotion, not auto-promoted regardless of how many sources mention it.	PRESUMED_STRICT_ADC	
ADC_SUFFIX_42c75c6bb4fa	ADC_CANDIDATE	GR1017	conference_abstract_corpus	10.1158/1538-7445.am2023-2634	development-code + explicit ADC-context match; example: Abstract 2634: AMB302/GR1017, an antibody-drug conjugate (ADC) with topoisomerase 1 inhibitor shows therapeutic potency in orthotopic glioblastoma PDX	2023-04-04	medium	NEEDS_REVIEW	development-code-shaped name found in explicit tight grammatical relationship with 'antibody-drug conjugate'/'ADC' (e.g. '<code> is a novel antibody-drug conjugate' or 'the ADC candidate <code>') in free-text title/abstract -- no structured field confirms this, and a development code alone (unlike a USAN/INN suffix) carries no independent payload/linker class evidence; needs a human check before promotion, not auto-promoted regardless of how many sources mention it.	PRESUMED_STRICT_ADC	
ADC_SUFFIX_ef7442a2baf9	ADC_CANDIDATE	ADCT-212	conference_abstract_corpus	10.1158/1538-7445.am2023-2638	development-code + explicit ADC-context match; example: Abstract 2638: Preclinical development of ADCT-212, a PSMA-targeted antibody-drug conjugate employing the pyrrolobenzodiazepine dimer SG2000 for PSMA-	2023-04-04	medium	NEEDS_REVIEW	development-code-shaped name found in explicit tight grammatical relationship with 'antibody-drug conjugate'/'ADC' (e.g. '<code> is a novel antibody-drug conjugate' or 'the ADC candidate <code>') in free-text title/abstract -- no structured field confirms this, and a development code alone (unlike a USAN/INN suffix) carries no independent payload/linker class evidence; needs a human check before promotion, not auto-promoted regardless of how many sources mention it.	PRESUMED_STRICT_ADC	
ADC_SUFFIX_0eb7fe9c9d73	ADC_CANDIDATE	ZW191	clinicaltrials; conference_abstract_corpus	10.1158/1538-7445.am2023-2641; 10.1158/1538-7445.am2024-1862; 10.1158/1538-7445.am2025-1565	development-code + explicit ADC-context match; example: A Study of ZW191 in Participants With Solid Tumors	2023-04-04	medium	NEEDS_REVIEW	development-code-shaped name found in explicit tight grammatical relationship with 'antibody-drug conjugate'/'ADC' (e.g. '<code> is a novel antibody-drug conjugate' or 'the ADC candidate <code>') in free-text title/abstract -- no structured field confirms this, and a development code alone (unlike a USAN/INN suffix) carries no independent payload/linker class evidence; needs a human check before promotion, not auto-promoted regardless of how many sources mention it.	PRESUMED_STRICT_ADC	
ADC_SUFFIX_fef69e0c4d28	ADC_CANDIDATE	ZW251	clinicaltrials; conference_abstract_corpus	10.1158/1538-7445.am2023-2658	development-code + explicit ADC-context match; example: A Study of ZW251 in Participants With Advanced Solid Tumors	2023-04-04	medium	NEEDS_REVIEW	development-code-shaped name found in explicit tight grammatical relationship with 'antibody-drug conjugate'/'ADC' (e.g. '<code> is a novel antibody-drug conjugate' or 'the ADC candidate <code>') in free-text title/abstract -- no structured field confirms this, and a development code alone (unlike a USAN/INN suffix) carries no independent payload/linker class evidence; needs a human check before promotion, not auto-promoted regardless of how many sources mention it.	PRESUMED_STRICT_ADC	
ADC_SUFFIX_644e24741814	ADC_CANDIDATE	HMBD-501	conference_abstract_corpus	10.1158/1538-7445.am2023-2660	development-code + explicit ADC-context match; example: Abstract 2660: HMBD-501 - a novel Fc engineered, exatecan-based next generation HER3 targeting antibody drug conjugate shows robust efficacy and toler	2023-04-04	medium	NEEDS_REVIEW	development-code-shaped name found in explicit tight grammatical relationship with 'antibody-drug conjugate'/'ADC' (e.g. '<code> is a novel antibody-drug conjugate' or 'the ADC candidate <code>') in free-text title/abstract -- no structured field confirms this, and a development code alone (unlike a USAN/INN suffix) carries no independent payload/linker class evidence; needs a human check before promotion, not auto-promoted regardless of how many sources mention it.	PRESUMED_STRICT_ADC	
ADC_SUFFIX_1fe7a240074a	ADC_CANDIDATE	DB-1303	conference_abstract_corpus	10.1158/1538-7445.am2023-2793	development-code + explicit ADC-context match; example: Abstract 2793: Preclinical pharmacokinetics in cynomolgus monkeys and first in human dose prediction of DB-1303, a HER2-targeting antibody-drug conjug	2023-04-04	medium	NEEDS_REVIEW	development-code-shaped name found in explicit tight grammatical relationship with 'antibody-drug conjugate'/'ADC' (e.g. '<code> is a novel antibody-drug conjugate' or 'the ADC candidate <code>') in free-text title/abstract -- no structured field confirms this, and a development code alone (unlike a USAN/INN suffix) carries no independent payload/linker class evidence; needs a human check before promotion, not auto-promoted regardless of how many sources mention it.	PRESUMED_STRICT_ADC	
ADC_SUFFIX_22dc953b9c9a	ADC_CANDIDATE	DB-1311	conference_abstract_corpus	10.1158/1538-7445.am2023-2967; 10.1158/1538-7445.am2024-ct165; 10.1200/jco.2026.44.16_suppl.tps5137	development-code + explicit ADC-context match; example: Abstract 2967: Preclinical development of a B7-H3-targeting ADC with a novel DNA topoisomerase I inhibitor for solid tumors	2023-04-04	medium	NEEDS_REVIEW	development-code-shaped name found in explicit tight grammatical relationship with 'antibody-drug conjugate'/'ADC' (e.g. '<code> is a novel antibody-drug conjugate' or 'the ADC candidate <code>') in free-text title/abstract -- no structured field confirms this, and a development code alone (unlike a USAN/INN suffix) carries no independent payload/linker class evidence; needs a human check before promotion, not auto-promoted regardless of how many sources mention it.	PRESUMED_STRICT_ADC	
ADC_SUFFIX_3613123a26f4	ADC_CANDIDATE	YH013	conference_abstract_corpus	10.1158/1538-7445.am2023-2978	development-code + explicit ADC-context match; example: Abstract 2978: YH013, a novel EGFR x MET bispecific antibody-drug conjugate, exhibits potent antitumor efficacy	2023-04-04	medium	NEEDS_REVIEW	development-code-shaped name found in explicit tight grammatical relationship with 'antibody-drug conjugate'/'ADC' (e.g. '<code> is a novel antibody-drug conjugate' or 'the ADC candidate <code>') in free-text title/abstract -- no structured field confirms this, and a development code alone (unlike a USAN/INN suffix) carries no independent payload/linker class evidence; needs a human check before promotion, not auto-promoted regardless of how many sources mention it.	PRESUMED_STRICT_ADC	
ADC_SUFFIX_d45ef2cbdc17	ADC_CANDIDATE	STRO-003	conference_abstract_corpus	10.1158/1538-7445.am2023-4894	development-code + explicit ADC-context match; example: Abstract 4894: The anti-ROR1 ADC STRO-003 demonstrates immune-modulating properties that may enhance checkpoint blockade	2023-04-04	medium	NEEDS_REVIEW	development-code-shaped name found in explicit tight grammatical relationship with 'antibody-drug conjugate'/'ADC' (e.g. '<code> is a novel antibody-drug conjugate' or 'the ADC candidate <code>') in free-text title/abstract -- no structured field confirms this, and a development code alone (unlike a USAN/INN suffix) carries no independent payload/linker class evidence; needs a human check before promotion, not auto-promoted regardless of how many sources mention it.	PRESUMED_STRICT_ADC	
ADC_SUFFIX_0005d1a45508	ADC_CANDIDATE	MYTX-011	clinicaltrials; conference_abstract_corpus	10.1158/1538-7445.am2023-5000; 10.1200/jco.2023.41.16_suppl.tps9147; 10.1200/jco.2025.43.16_suppl.8613	development-code + explicit ADC-context match; example: Abstract 5000: MYTX-011: A novel cMET-targeting antibody drug conjugate (ADC) engineered to increase on-target uptake in and efficacy against cMET exp	2022-12-15	medium	NEEDS_REVIEW	development-code-shaped name found in explicit tight grammatical relationship with 'antibody-drug conjugate'/'ADC' (e.g. '<code> is a novel antibody-drug conjugate' or 'the ADC candidate <code>') in free-text title/abstract -- no structured field confirms this, and a development code alone (unlike a USAN/INN suffix) carries no independent payload/linker class evidence; needs a human check before promotion, not auto-promoted regardless of how many sources mention it.	PRESUMED_STRICT_ADC	
ADC_SUFFIX_ad6718be1ff5	ADC_CANDIDATE	YL202	conference_abstract_corpus	10.1158/1538-7445.am2023-563; 10.1200/jco.2026.44.16_suppl.tps3160	development-code + explicit ADC-context match; example: Abstract 563: Preclinical development of YL202, a novel HER3-targeting antibody-drug conjugate (ADC) with novel DNA topoisomerase I inhibitor for trea	2023-04-04	medium	NEEDS_REVIEW	development-code-shaped name found in explicit tight grammatical relationship with 'antibody-drug conjugate'/'ADC' (e.g. '<code> is a novel antibody-drug conjugate' or 'the ADC candidate <code>') in free-text title/abstract -- no structured field confirms this, and a development code alone (unlike a USAN/INN suffix) carries no independent payload/linker class evidence; needs a human check before promotion, not auto-promoted regardless of how many sources mention it.	PRESUMED_STRICT_ADC	
ADC_SUFFIX_d9c6c6782529	ADC_CANDIDATE	AZD9592	conference_abstract_corpus	10.1158/1538-7445.am2023-5737; 10.1158/1538-7445.am2024-lb043; 10.1158/1538-7445.am2025-2134; 10.1158/1538-7445.am2025-2957; 10.1158/1538-7445.am2025-2961; 10.1200/jco.2023.41.16_suppl.tps3156	development-code + explicit ADC-context match; example: Abstract 2134: KA-2886-LD38: a bispecific antibody-drug conjugate (ADC) targeting both EGFR and MET, incorporating a novel linker-payload that inhibit	2023-04-04	medium	NEEDS_REVIEW	development-code-shaped name found in explicit tight grammatical relationship with 'antibody-drug conjugate'/'ADC' (e.g. '<code> is a novel antibody-drug conjugate' or 'the ADC candidate <code>') in free-text title/abstract -- no structured field confirms this, and a development code alone (unlike a USAN/INN suffix) carries no independent payload/linker class evidence; needs a human check before promotion, not auto-promoted regardless of how many sources mention it.	PRESUMED_STRICT_ADC	
ADC_SUFFIX_93de8abf551b	ADC_CANDIDATE	ARX305	conference_abstract_corpus	10.1158/1538-7445.am2023-6318	development-code + explicit ADC-context match; example: Abstract 6318: Preclinical characterization of ARX305, a next-generation anti-CD70 antibody drug conjugate for the treatment of CD70-expressing cancer	2023-04-04	medium	NEEDS_REVIEW	development-code-shaped name found in explicit tight grammatical relationship with 'antibody-drug conjugate'/'ADC' (e.g. '<code> is a novel antibody-drug conjugate' or 'the ADC candidate <code>') in free-text title/abstract -- no structured field confirms this, and a development code alone (unlike a USAN/INN suffix) carries no independent payload/linker class evidence; needs a human check before promotion, not auto-promoted regardless of how many sources mention it.	PRESUMED_STRICT_ADC	
ADC_SUFFIX_bdee2a548167	ADC_CANDIDATE	AMT-707	conference_abstract_corpus	10.1158/1538-7445.am2023-6320	development-code + explicit ADC-context match; example: Abstract 6320: CUSP06/AMT-707, a new CDH6-targeting antibody-drug conjugate, demonstrates potent antitumor activity in preclinical models	2023-04-04	medium	NEEDS_REVIEW	development-code-shaped name found in explicit tight grammatical relationship with 'antibody-drug conjugate'/'ADC' (e.g. '<code> is a novel antibody-drug conjugate' or 'the ADC candidate <code>') in free-text title/abstract -- no structured field confirms this, and a development code alone (unlike a USAN/INN suffix) carries no independent payload/linker class evidence; needs a human check before promotion, not auto-promoted regardless of how many sources mention it.	PRESUMED_STRICT_ADC	
ADC_SUFFIX_14ebe44a0699	ADC_CANDIDATE	DM004	conference_abstract_corpus	10.1158/1538-7445.am2023-lb213	development-code + explicit ADC-context match; example: Abstract LB213: Identification of DM004, a first-in-class anti-5T4/MET bispecific antibody-drug conjugate	2023-04-14	medium	NEEDS_REVIEW	development-code-shaped name found in explicit tight grammatical relationship with 'antibody-drug conjugate'/'ADC' (e.g. '<code> is a novel antibody-drug conjugate' or 'the ADC candidate <code>') in free-text title/abstract -- no structured field confirms this, and a development code alone (unlike a USAN/INN suffix) carries no independent payload/linker class evidence; needs a human check before promotion, not auto-promoted regardless of how many sources mention it.	PRESUMED_STRICT_ADC	
ADC_SUFFIX_662d1b927043	ADC_CANDIDATE	DM001	conference_abstract_corpus	10.1158/1538-7445.am2023-lb215	development-code + explicit ADC-context match; example: Abstract LB215: A first-in-class anti-TROP2/EGFR bispecific antibody-drug conjugate, DM001, exhibits potent anti-tumor efficacy	2023-04-14	medium	NEEDS_REVIEW	development-code-shaped name found in explicit tight grammatical relationship with 'antibody-drug conjugate'/'ADC' (e.g. '<code> is a novel antibody-drug conjugate' or 'the ADC candidate <code>') in free-text title/abstract -- no structured field confirms this, and a development code alone (unlike a USAN/INN suffix) carries no independent payload/linker class evidence; needs a human check before promotion, not auto-promoted regardless of how many sources mention it.	PRESUMED_STRICT_ADC	
ADC_SUFFIX_82c97ea034e7	ADC_CANDIDATE	BCG033	conference_abstract_corpus	10.1158/1538-7445.am2023-lb216; 10.1158/1538-7445.am2024-2616	development-code + explicit ADC-context match; example: Abstract 2616: BCG033, a novel bispecific antibody-drug conjugate targeting PTK7 and TROP2, demonstrates preclinical efficacy against triple-negative 	2023-04-14	medium	NEEDS_REVIEW	development-code-shaped name found in explicit tight grammatical relationship with 'antibody-drug conjugate'/'ADC' (e.g. '<code> is a novel antibody-drug conjugate' or 'the ADC candidate <code>') in free-text title/abstract -- no structured field confirms this, and a development code alone (unlike a USAN/INN suffix) carries no independent payload/linker class evidence; needs a human check before promotion, not auto-promoted regardless of how many sources mention it.	PRESUMED_STRICT_ADC	
ADC_SUFFIX_21ba3788ea21	ADC_CANDIDATE	AT86474	conference_abstract_corpus	10.1158/1538-7445.am2024-1858	development-code + explicit ADC-context match; example: Abstract 1858: Discovery of AT86474, a highly efficacious anti-ROR1 ADC utilizing a proprietary payload	2024-03-22	medium	NEEDS_REVIEW	development-code-shaped name found in explicit tight grammatical relationship with 'antibody-drug conjugate'/'ADC' (e.g. '<code> is a novel antibody-drug conjugate' or 'the ADC candidate <code>') in free-text title/abstract -- no structured field confirms this, and a development code alone (unlike a USAN/INN suffix) carries no independent payload/linker class evidence; needs a human check before promotion, not auto-promoted regardless of how many sources mention it.	PRESUMED_STRICT_ADC	
ADC_SUFFIX_0fadecc50fb8	ADC_CANDIDATE	DXC006	conference_abstract_corpus	10.1158/1538-7445.am2024-1884; 10.1200/jco.2026.44.16_suppl.3000	development-code + explicit ADC-context match; example: Abstract 1884: DXC006, Anti-CD56-CPT113 ADC displays favorable anti-tumor efficacy, pharmacokinetic and safety profiles in preclinical studies	2024-03-22	medium	NEEDS_REVIEW	development-code-shaped name found in explicit tight grammatical relationship with 'antibody-drug conjugate'/'ADC' (e.g. '<code> is a novel antibody-drug conjugate' or 'the ADC candidate <code>') in free-text title/abstract -- no structured field confirms this, and a development code alone (unlike a USAN/INN suffix) carries no independent payload/linker class evidence; needs a human check before promotion, not auto-promoted regardless of how many sources mention it.	PRESUMED_STRICT_ADC	
ADC_SUFFIX_bdbee4ce673e	ADC_CANDIDATE	BR111	conference_abstract_corpus	10.1158/1538-7445.am2024-1885; 10.1158/1538-7445.am2025-659	development-code + explicit ADC-context match; example: Abstract 1885: Developing a biparatopic anti-ROR1 antibody drug conjugate BR111 for hematological and solid tumor treatment	2024-03-22	medium	NEEDS_REVIEW	development-code-shaped name found in explicit tight grammatical relationship with 'antibody-drug conjugate'/'ADC' (e.g. '<code> is a novel antibody-drug conjugate' or 'the ADC candidate <code>') in free-text title/abstract -- no structured field confirms this, and a development code alone (unlike a USAN/INN suffix) carries no independent payload/linker class evidence; needs a human check before promotion, not auto-promoted regardless of how many sources mention it.	PRESUMED_STRICT_ADC	
ADC_SUFFIX_028d5cb57862	ADC_CANDIDATE	BRY812	conference_abstract_corpus	10.1158/1538-7445.am2024-1886; 10.1158/1538-7445.am2025-6027	development-code + explicit ADC-context match; example: Abstract 1886: BRY812, an anti-LIV-1 antibody drug conjugate with novel conjugation method for cancer therapeutics	2024-03-22	medium	NEEDS_REVIEW	development-code-shaped name found in explicit tight grammatical relationship with 'antibody-drug conjugate'/'ADC' (e.g. '<code> is a novel antibody-drug conjugate' or 'the ADC candidate <code>') in free-text title/abstract -- no structured field confirms this, and a development code alone (unlike a USAN/INN suffix) carries no independent payload/linker class evidence; needs a human check before promotion, not auto-promoted regardless of how many sources mention it.	PRESUMED_STRICT_ADC	
ADC_SUFFIX_38ce7789e2f0	ADC_CANDIDATE	HMA800067	conference_abstract_corpus	10.1158/1538-7445.am2024-1890	development-code + explicit ADC-context match; example: Abstract 1890: HMA800067, a novel CD38-targeting antibody-drug conjugate (ADC), demonstrated superior anti-tumor activity to daratumumab in preclinica	2024-03-22	medium	NEEDS_REVIEW	development-code-shaped name found in explicit tight grammatical relationship with 'antibody-drug conjugate'/'ADC' (e.g. '<code> is a novel antibody-drug conjugate' or 'the ADC candidate <code>') in free-text title/abstract -- no structured field confirms this, and a development code alone (unlike a USAN/INN suffix) carries no independent payload/linker class evidence; needs a human check before promotion, not auto-promoted regardless of how many sources mention it.	PRESUMED_STRICT_ADC	
ADC_SUFFIX_6fbf22bb31ff	ADC_CANDIDATE	ADRX-0706	conference_abstract_corpus	10.1158/1538-7445.am2024-1891; 10.1158/1538-7445.am2024-1902; 10.1200/jco.2025.43.16_suppl.3018	development-code + explicit ADC-context match; example: Abstract 1891: Preclinical characterization of ADRX-0706: A next-generation anti-Nectin-4 antibody-drug conjugate with improved therapeutic window	2024-03-22	medium	NEEDS_REVIEW	development-code-shaped name found in explicit tight grammatical relationship with 'antibody-drug conjugate'/'ADC' (e.g. '<code> is a novel antibody-drug conjugate' or 'the ADC candidate <code>') in free-text title/abstract -- no structured field confirms this, and a development code alone (unlike a USAN/INN suffix) carries no independent payload/linker class evidence; needs a human check before promotion, not auto-promoted regardless of how many sources mention it.	PRESUMED_STRICT_ADC	
ADC_SUFFIX_73cb0a49c92b	ADC_CANDIDATE	MGC026	conference_abstract_corpus	10.1158/1538-7445.am2024-1904	development-code + explicit ADC-context match; example: Abstract 1904: Preclinical development of MGC026, a glycan-linked, exatecan-based antibody-drug conjugate (ADC) targeting B7-H3 for solid cancer	2024-03-22	medium	NEEDS_REVIEW	development-code-shaped name found in explicit tight grammatical relationship with 'antibody-drug conjugate'/'ADC' (e.g. '<code> is a novel antibody-drug conjugate' or 'the ADC candidate <code>') in free-text title/abstract -- no structured field confirms this, and a development code alone (unlike a USAN/INN suffix) carries no independent payload/linker class evidence; needs a human check before promotion, not auto-promoted regardless of how many sources mention it.	PRESUMED_STRICT_ADC	
ADC_SUFFIX_38ea98d00f97	ADC_CANDIDATE	PRO1106	conference_abstract_corpus	10.1158/1538-7445.am2024-2050	development-code + explicit ADC-context match; example: Abstract 2050: Preclinical characterization of PRO1106, a novel and promising SLITRK6-directed sesutecan ADC	2024-03-22	medium	NEEDS_REVIEW	development-code-shaped name found in explicit tight grammatical relationship with 'antibody-drug conjugate'/'ADC' (e.g. '<code> is a novel antibody-drug conjugate' or 'the ADC candidate <code>') in free-text title/abstract -- no structured field confirms this, and a development code alone (unlike a USAN/INN suffix) carries no independent payload/linker class evidence; needs a human check before promotion, not auto-promoted regardless of how many sources mention it.	PRESUMED_STRICT_ADC	
ADC_SUFFIX_7bac5e0ffbc6	ADC_CANDIDATE	VIP943	conference_abstract_corpus	10.1158/1538-7445.am2024-2051	development-code + explicit ADC-context match; example: Abstract 2051: Innovations in ADC technology platform with legumain-cleavable KSP-inhibitor payloads adaptable to various aspects of cancer biology	2024-03-22	medium	NEEDS_REVIEW	development-code-shaped name found in explicit tight grammatical relationship with 'antibody-drug conjugate'/'ADC' (e.g. '<code> is a novel antibody-drug conjugate' or 'the ADC candidate <code>') in free-text title/abstract -- no structured field confirms this, and a development code alone (unlike a USAN/INN suffix) carries no independent payload/linker class evidence; needs a human check before promotion, not auto-promoted regardless of how many sources mention it.	PRESUMED_STRICT_ADC	
ADC_SUFFIX_21e42f4f8059	ADC_CANDIDATE	SAR445953	conference_abstract_corpus	10.1158/1538-7445.am2024-2118	development-code + explicit ADC-context match; example: Abstract 2118: SGN-CEACAM5C/SAR445953, a novel topoisomerase I inhibitor antibody-drug conjugate targeting CEACAM5, has potent anti-tumor activity in 	2024-03-22	medium	NEEDS_REVIEW	development-code-shaped name found in explicit tight grammatical relationship with 'antibody-drug conjugate'/'ADC' (e.g. '<code> is a novel antibody-drug conjugate' or 'the ADC candidate <code>') in free-text title/abstract -- no structured field confirms this, and a development code alone (unlike a USAN/INN suffix) carries no independent payload/linker class evidence; needs a human check before promotion, not auto-promoted regardless of how many sources mention it.	PRESUMED_STRICT_ADC	
ADC_SUFFIX_58c67d78660a	ADC_CANDIDATE	GQ1012	conference_abstract_corpus	10.1158/1538-7445.am2024-2124	development-code + explicit ADC-context match; example: Abstract 2124: Validation of the intelligent glycotransferase-dependent conjugation (iGDC) platform: A groundbreaking approach for next-generation HER	2024-03-22	medium	NEEDS_REVIEW	development-code-shaped name found in explicit tight grammatical relationship with 'antibody-drug conjugate'/'ADC' (e.g. '<code> is a novel antibody-drug conjugate' or 'the ADC candidate <code>') in free-text title/abstract -- no structured field confirms this, and a development code alone (unlike a USAN/INN suffix) carries no independent payload/linker class evidence; needs a human check before promotion, not auto-promoted regardless of how many sources mention it.	PRESUMED_STRICT_ADC	
ADC_SUFFIX_a595aebfdbcc	ADC_CANDIDATE	ADV101	conference_abstract_corpus	10.1158/1538-7445.am2024-2360; 10.1158/1538-7445.am2025-4260	development-code + explicit ADC-context match; example: Abstract 2360: ADV101, a first-in-class IL-1RAP ADC demonstrates significant anti-tumor activity in solid tumor models	2024-03-22	medium	NEEDS_REVIEW	development-code-shaped name found in explicit tight grammatical relationship with 'antibody-drug conjugate'/'ADC' (e.g. '<code> is a novel antibody-drug conjugate' or 'the ADC candidate <code>') in free-text title/abstract -- no structured field confirms this, and a development code alone (unlike a USAN/INN suffix) carries no independent payload/linker class evidence; needs a human check before promotion, not auto-promoted regardless of how many sources mention it.	PRESUMED_STRICT_ADC	
ADC_SUFFIX_ebd3aeec8690	ADC_CANDIDATE	M9140	clinicaltrials; conference_abstract_corpus	10.1158/1538-7445.am2024-2362; 10.1200/jco.2024.42.16_suppl.3000	development-code + explicit ADC-context match; example: Abstract 2362: Preclinical efficacy and safety of M9140, a novel antibody-drug conjugate (ADC) with topoisomerase 1 (TOP1) inhibitor payload targeting	2022-07-19	medium	NEEDS_REVIEW	development-code-shaped name found in explicit tight grammatical relationship with 'antibody-drug conjugate'/'ADC' (e.g. '<code> is a novel antibody-drug conjugate' or 'the ADC candidate <code>') in free-text title/abstract -- no structured field confirms this, and a development code alone (unlike a USAN/INN suffix) carries no independent payload/linker class evidence; needs a human check before promotion, not auto-promoted regardless of how many sources mention it.	PRESUMED_STRICT_ADC	
ADC_SUFFIX_41cb1266d788	ADC_CANDIDATE	BCG017	conference_abstract_corpus	10.1158/1538-7445.am2024-2618; aacr:2026:6946	development-code + explicit ADC-context match; example: Abstract 2618: BCG017, a bispecific ADC targeting PTK7 and EGFR exhibits anti-tumor efficacy in PDX models	2024-03-22	medium	NEEDS_REVIEW	development-code-shaped name found in explicit tight grammatical relationship with 'antibody-drug conjugate'/'ADC' (e.g. '<code> is a novel antibody-drug conjugate' or 'the ADC candidate <code>') in free-text title/abstract -- no structured field confirms this, and a development code alone (unlike a USAN/INN suffix) carries no independent payload/linker class evidence; needs a human check before promotion, not auto-promoted regardless of how many sources mention it.	PRESUMED_STRICT_ADC	
ADC_SUFFIX_b48a542be33a	ADC_CANDIDATE	BCG016	conference_abstract_corpus	10.1158/1538-7445.am2024-2620; aacr:2026:6947	development-code + explicit ADC-context match; example: A novel bispecific antibody-drug conjugate, BCG016, that targets 5T4 and MUC1, demonstrates robust preclinical antitumor activity.	2024-03-22	medium	NEEDS_REVIEW	development-code-shaped name found in explicit tight grammatical relationship with 'antibody-drug conjugate'/'ADC' (e.g. '<code> is a novel antibody-drug conjugate' or 'the ADC candidate <code>') in free-text title/abstract -- no structured field confirms this, and a development code alone (unlike a USAN/INN suffix) carries no independent payload/linker class evidence; needs a human check before promotion, not auto-promoted regardless of how many sources mention it.	PRESUMED_STRICT_ADC	
ADC_SUFFIX_69c9757af635	ADC_CANDIDATE	TUB-030	clinicaltrials; conference_abstract_corpus	10.1158/1538-7445.am2024-2623; 10.1200/jco.2025.43.16_suppl.tps3164	development-code + explicit ADC-context match; example: Abstract 2623: Enabling 5T4 for targeted cancer therapy: TUB-030, a novel ADC built with ethynylphosphonamidate conjugation chemistry, shows long-last	2024-03-22	medium	NEEDS_REVIEW	development-code-shaped name found in explicit tight grammatical relationship with 'antibody-drug conjugate'/'ADC' (e.g. '<code> is a novel antibody-drug conjugate' or 'the ADC candidate <code>') in free-text title/abstract -- no structured field confirms this, and a development code alone (unlike a USAN/INN suffix) carries no independent payload/linker class evidence; needs a human check before promotion, not auto-promoted regardless of how many sources mention it.	PRESUMED_STRICT_ADC	
ADC_SUFFIX_31f12eb183b4	ADC_CANDIDATE	GQ1011	conference_abstract_corpus	10.1158/1538-7445.am2024-3123	development-code + explicit ADC-context match; example: Abstract 3123: Preclinical characterization of AMB302/GQ1011, a first-in-class FGFR3 antibody-drug conjugate (ADC) with topoisomerase 1 inhibitor agai	2024-03-22	medium	NEEDS_REVIEW	development-code-shaped name found in explicit tight grammatical relationship with 'antibody-drug conjugate'/'ADC' (e.g. '<code> is a novel antibody-drug conjugate' or 'the ADC candidate <code>') in free-text title/abstract -- no structured field confirms this, and a development code alone (unlike a USAN/INN suffix) carries no independent payload/linker class evidence; needs a human check before promotion, not auto-promoted regardless of how many sources mention it.	PRESUMED_STRICT_ADC	
ADC_SUFFIX_e754549a71e8	ADC_CANDIDATE	MRG006A	conference_abstract_corpus	10.1158/1538-7445.am2024-3124; 10.1200/jco.2026.44.16_suppl.3028	development-code + explicit ADC-context match; example: Abstract 3124: MRG006A, a novel glypican-3-targeting antibody-drug conjugate, demonstrated potent anti-tumor activity and good safety profile in precl	2024-03-22	medium	NEEDS_REVIEW	development-code-shaped name found in explicit tight grammatical relationship with 'antibody-drug conjugate'/'ADC' (e.g. '<code> is a novel antibody-drug conjugate' or 'the ADC candidate <code>') in free-text title/abstract -- no structured field confirms this, and a development code alone (unlike a USAN/INN suffix) carries no independent payload/linker class evidence; needs a human check before promotion, not auto-promoted regardless of how many sources mention it.	PRESUMED_STRICT_ADC	
ADC_SUFFIX_dec6b6be00f9	ADC_CANDIDATE	TCX-101	conference_abstract_corpus	10.1158/1538-7445.am2024-3125	development-code + explicit ADC-context match; example: Abstract 3125: TCX-101, a novel antibody-drug conjugate targeting a tumor-associated carbohydrate antigen for the treatment of solid tumors	2024-03-22	medium	NEEDS_REVIEW	development-code-shaped name found in explicit tight grammatical relationship with 'antibody-drug conjugate'/'ADC' (e.g. '<code> is a novel antibody-drug conjugate' or 'the ADC candidate <code>') in free-text title/abstract -- no structured field confirms this, and a development code alone (unlike a USAN/INN suffix) carries no independent payload/linker class evidence; needs a human check before promotion, not auto-promoted regardless of how many sources mention it.	PRESUMED_STRICT_ADC	
ADC_SUFFIX_bc2f8289ba80	ADC_CANDIDATE	BYON4413	clinicaltrials; conference_abstract_corpus	10.1158/1538-7445.am2024-3129	development-code + explicit ADC-context match; example: Abstract 3129: BYON4413, an <i>in vivo</i> active CD123-targeting antibody-drug conjugate, combines effectively with azacitidine and venetoclax in acu	2024-03-22	medium	NEEDS_REVIEW	development-code-shaped name found in explicit tight grammatical relationship with 'antibody-drug conjugate'/'ADC' (e.g. '<code> is a novel antibody-drug conjugate' or 'the ADC candidate <code>') in free-text title/abstract -- no structured field confirms this, and a development code alone (unlike a USAN/INN suffix) carries no independent payload/linker class evidence; needs a human check before promotion, not auto-promoted regardless of how many sources mention it.	PRESUMED_STRICT_ADC	
ADC_SUFFIX_9dca45578458	ADC_CANDIDATE	BIO-201	conference_abstract_corpus	10.1158/1538-7445.am2024-3133; 10.1200/jco.2023.41.16_suppl.e15013	development-code + explicit ADC-context match; example: Abstract 3133: A novel bispecific antibody-drug conjugate targeting HER2 and Trop-2 displays potent antitumor activity in a variety of tumor models wi	2023-06-01	medium	NEEDS_REVIEW	development-code-shaped name found in explicit tight grammatical relationship with 'antibody-drug conjugate'/'ADC' (e.g. '<code> is a novel antibody-drug conjugate' or 'the ADC candidate <code>') in free-text title/abstract -- no structured field confirms this, and a development code alone (unlike a USAN/INN suffix) carries no independent payload/linker class evidence; needs a human check before promotion, not auto-promoted regardless of how many sources mention it.	PRESUMED_STRICT_ADC	
ADC_SUFFIX_d7d4a4144449	ADC_CANDIDATE	SDP03923	conference_abstract_corpus	10.1158/1538-7445.am2024-3134	development-code + explicit ADC-context match; example: Abstract 3134: SDP03923-000-9106, a novel and optimized LIV-1 ADC with superior anti-tumor efficacy in breast cancer xenograft models	2024-03-22	medium	NEEDS_REVIEW	development-code-shaped name found in explicit tight grammatical relationship with 'antibody-drug conjugate'/'ADC' (e.g. '<code> is a novel antibody-drug conjugate' or 'the ADC candidate <code>') in free-text title/abstract -- no structured field confirms this, and a development code alone (unlike a USAN/INN suffix) carries no independent payload/linker class evidence; needs a human check before promotion, not auto-promoted regardless of how many sources mention it.	PRESUMED_STRICT_ADC	
ADC_SUFFIX_89c7b24e5271	ADC_CANDIDATE	AT2604	conference_abstract_corpus	10.1158/1538-7445.am2024-3137; 10.1158/1538-7445.am2025-6751	development-code + explicit ADC-context match; example: Abstract 3137: Development of AT2604, a highly efficacious  ADC targeting alkaline phosphatases ALPP  and ALPPL2​	2024-03-22	medium	NEEDS_REVIEW	development-code-shaped name found in explicit tight grammatical relationship with 'antibody-drug conjugate'/'ADC' (e.g. '<code> is a novel antibody-drug conjugate' or 'the ADC candidate <code>') in free-text title/abstract -- no structured field confirms this, and a development code alone (unlike a USAN/INN suffix) carries no independent payload/linker class evidence; needs a human check before promotion, not auto-promoted regardless of how many sources mention it.	PRESUMED_STRICT_ADC	
ADC_SUFFIX_0e53ae03f502	ADC_CANDIDATE	AT65474	conference_abstract_corpus	10.1158/1538-7445.am2024-3138; 10.1158/1538-7445.am2025-6741	development-code + explicit ADC-context match; example: Abstract 3138: Discovery of AT65474, a highly selective anti-CLDN6  ADC with a proprietary payload	2024-03-22	medium	NEEDS_REVIEW	development-code-shaped name found in explicit tight grammatical relationship with 'antibody-drug conjugate'/'ADC' (e.g. '<code> is a novel antibody-drug conjugate' or 'the ADC candidate <code>') in free-text title/abstract -- no structured field confirms this, and a development code alone (unlike a USAN/INN suffix) carries no independent payload/linker class evidence; needs a human check before promotion, not auto-promoted regardless of how many sources mention it.	PRESUMED_STRICT_ADC	
ADC_SUFFIX_645a91abfedf	ADC_CANDIDATE	HRA00242	conference_abstract_corpus	10.1158/1538-7445.am2024-3145	development-code + explicit ADC-context match; example: Abstract 3145: HRA00242-C004, a novel anti-PSMA ADC with high DAR reveals potent <i>in vitro</i> and <i>in vivo</i> anti-tumor efficacy	2024-03-22	medium	NEEDS_REVIEW	development-code-shaped name found in explicit tight grammatical relationship with 'antibody-drug conjugate'/'ADC' (e.g. '<code> is a novel antibody-drug conjugate' or 'the ADC candidate <code>') in free-text title/abstract -- no structured field confirms this, and a development code alone (unlike a USAN/INN suffix) carries no independent payload/linker class evidence; needs a human check before promotion, not auto-promoted regardless of how many sources mention it.	PRESUMED_STRICT_ADC	
ADC_SUFFIX_3c174eac9258	ADC_CANDIDATE	HRA00130	conference_abstract_corpus	10.1158/1538-7445.am2024-3146	development-code + explicit ADC-context match; example: Abstract 3146: HRA00130-C004, a novel anti-DLL3 ADC with bystander effect, high DAR and favorable safety profiles	2024-03-22	medium	NEEDS_REVIEW	development-code-shaped name found in explicit tight grammatical relationship with 'antibody-drug conjugate'/'ADC' (e.g. '<code> is a novel antibody-drug conjugate' or 'the ADC candidate <code>') in free-text title/abstract -- no structured field confirms this, and a development code alone (unlike a USAN/INN suffix) carries no independent payload/linker class evidence; needs a human check before promotion, not auto-promoted regardless of how many sources mention it.	PRESUMED_STRICT_ADC	
ADC_SUFFIX_463893365ca0	ADC_CANDIDATE	SHR-4602	conference_abstract_corpus	10.1158/1538-7445.am2024-3195	development-code + explicit ADC-context match; example: Abstract 3195: SHR-4602, next generation of HER2-targeting ADC with potent anti-tumor efficacy overcoming the resistance of HER2 ADC with Topo I inhib	2024-03-22	medium	NEEDS_REVIEW	development-code-shaped name found in explicit tight grammatical relationship with 'antibody-drug conjugate'/'ADC' (e.g. '<code> is a novel antibody-drug conjugate' or 'the ADC candidate <code>') in free-text title/abstract -- no structured field confirms this, and a development code alone (unlike a USAN/INN suffix) carries no independent payload/linker class evidence; needs a human check before promotion, not auto-promoted regardless of how many sources mention it.	PRESUMED_STRICT_ADC	
ADC_SUFFIX_68ae8b8310cd	ADC_CANDIDATE	PL2202	conference_abstract_corpus	10.1158/1538-7445.am2024-5085; 10.1158/1538-7445.am2025-1580	development-code + explicit ADC-context match; example: Abstract 1580: HuB14-VA-PL2202, a novel antibody-drug conjugate targeting ASCT2, a novel ADC target over-expressed in both solid and hematological can	2024-03-22	medium	NEEDS_REVIEW	development-code-shaped name found in explicit tight grammatical relationship with 'antibody-drug conjugate'/'ADC' (e.g. '<code> is a novel antibody-drug conjugate' or 'the ADC candidate <code>') in free-text title/abstract -- no structured field confirms this, and a development code alone (unlike a USAN/INN suffix) carries no independent payload/linker class evidence; needs a human check before promotion, not auto-promoted regardless of how many sources mention it.	PRESUMED_STRICT_ADC	
ADC_SUFFIX_2d9b9d459119	ADC_CANDIDATE	ILB-3101	conference_abstract_corpus	10.1158/1538-7445.am2024-5087	development-code + explicit ADC-context match; example: Abstract 5087: ILB-3101, a novel B7H3-targeting ADC with Eribulin as payload, demonstrates strong tumor killing activities and favorable PK/TOX profil	2024-03-22	medium	NEEDS_REVIEW	development-code-shaped name found in explicit tight grammatical relationship with 'antibody-drug conjugate'/'ADC' (e.g. '<code> is a novel antibody-drug conjugate' or 'the ADC candidate <code>') in free-text title/abstract -- no structured field confirms this, and a development code alone (unlike a USAN/INN suffix) carries no independent payload/linker class evidence; needs a human check before promotion, not auto-promoted regardless of how many sources mention it.	PRESUMED_STRICT_ADC	
ADC_SUFFIX_0e89fbc7397c	ADC_CANDIDATE	DXC1002	conference_abstract_corpus	10.1158/1538-7445.am2024-5819	development-code + explicit ADC-context match; example: Abstract 5819: An anti-TROP2-CPT113 ADC, exhibits potent targeted antitumor activity and favorable pharmacokinetic properties	2024-03-22	medium	NEEDS_REVIEW	development-code-shaped name found in explicit tight grammatical relationship with 'antibody-drug conjugate'/'ADC' (e.g. '<code> is a novel antibody-drug conjugate' or 'the ADC candidate <code>') in free-text title/abstract -- no structured field confirms this, and a development code alone (unlike a USAN/INN suffix) carries no independent payload/linker class evidence; needs a human check before promotion, not auto-promoted regardless of how many sources mention it.	PRESUMED_STRICT_ADC	
ADC_SUFFIX_cb02ec45050a	ADC_CANDIDATE	LM-317	conference_abstract_corpus	10.1158/1538-7445.am2024-5907	development-code + explicit ADC-context match; example: Abstract 5907: Pre-clinical evaluation of a novel antibody drug conjugate (ADC) LM-317 targeting NaPi2b	2024-03-22	medium	NEEDS_REVIEW	development-code-shaped name found in explicit tight grammatical relationship with 'antibody-drug conjugate'/'ADC' (e.g. '<code> is a novel antibody-drug conjugate' or 'the ADC candidate <code>') in free-text title/abstract -- no structured field confirms this, and a development code alone (unlike a USAN/INN suffix) carries no independent payload/linker class evidence; needs a human check before promotion, not auto-promoted regardless of how many sources mention it.	PRESUMED_STRICT_ADC	
ADC_SUFFIX_ce79647deda8	ADC_CANDIDATE	PRO1286	conference_abstract_corpus	10.1158/1538-7445.am2024-6580	development-code + explicit ADC-context match; example: Abstract 6580: A Novel EGFR x cMET bispecific ADC PRO1286 demonstrated broad antitumor activity and promising tolerability in preclinical models	2024-03-22	medium	NEEDS_REVIEW	development-code-shaped name found in explicit tight grammatical relationship with 'antibody-drug conjugate'/'ADC' (e.g. '<code> is a novel antibody-drug conjugate' or 'the ADC candidate <code>') in free-text title/abstract -- no structured field confirms this, and a development code alone (unlike a USAN/INN suffix) carries no independent payload/linker class evidence; needs a human check before promotion, not auto-promoted regardless of how many sources mention it.	PRESUMED_STRICT_ADC	
ADC_SUFFIX_96c87500d97f	ADC_CANDIDATE	SKB264	clinicaltrials; conference_abstract_corpus	10.1158/1538-7445.am2024-ct038; 10.1158/1538-7445.am2024-ct247	development-code + explicit ADC-context match; example: Abstract CT038: Preliminary efficacy and safety results of anti-TROP2 ADC SKB264 (MK-2870) in patients (pts) with previously treated advanced gastric 	2019-11-05	medium	NEEDS_REVIEW	development-code-shaped name found in explicit tight grammatical relationship with 'antibody-drug conjugate'/'ADC' (e.g. '<code> is a novel antibody-drug conjugate' or 'the ADC candidate <code>') in free-text title/abstract -- no structured field confirms this, and a development code alone (unlike a USAN/INN suffix) carries no independent payload/linker class evidence; needs a human check before promotion, not auto-promoted regardless of how many sources mention it.	PRESUMED_STRICT_ADC	
ADC_SUFFIX_93e4b4fba561	ADC_CANDIDATE	JBH492	conference_abstract_corpus	10.1158/1538-7445.am2024-ct174	development-code + explicit ADC-context match; example: Abstract CT174: A phase 1 study of JBH492, an anti C-C chemokine receptor 7 antibody-drug conjugate (anti-CCR7 ADC), assessing safety and efficacy in 	2024-04-05	medium	NEEDS_REVIEW	development-code-shaped name found in explicit tight grammatical relationship with 'antibody-drug conjugate'/'ADC' (e.g. '<code> is a novel antibody-drug conjugate' or 'the ADC candidate <code>') in free-text title/abstract -- no structured field confirms this, and a development code alone (unlike a USAN/INN suffix) carries no independent payload/linker class evidence; needs a human check before promotion, not auto-promoted regardless of how many sources mention it.	PRESUMED_STRICT_ADC	
ADC_SUFFIX_0fd1802261a4	ADC_CANDIDATE	CKD-703	conference_abstract_corpus	10.1158/1538-7445.am2024-lb025	development-code + explicit ADC-context match; example: Abstract LB025: CKD-703, a novel antibody-drug conjugate targeting cMET with an enhanced therapeutic index in solid tumors	2024-04-05	medium	NEEDS_REVIEW	development-code-shaped name found in explicit tight grammatical relationship with 'antibody-drug conjugate'/'ADC' (e.g. '<code> is a novel antibody-drug conjugate' or 'the ADC candidate <code>') in free-text title/abstract -- no structured field confirms this, and a development code alone (unlike a USAN/INN suffix) carries no independent payload/linker class evidence; needs a human check before promotion, not auto-promoted regardless of how many sources mention it.	PRESUMED_STRICT_ADC	
ADC_SUFFIX_b66c9ab223d4	ADC_CANDIDATE	IBI3001	conference_abstract_corpus	10.1158/1538-7445.am2024-lb055	development-code + explicit ADC-context match; example: Abstract LB055: IBI3001: A potentially first-in-class site-specifically conjugated B7-H3/EGFR bispecific ADC for multiple solid tumors	2024-04-05	medium	NEEDS_REVIEW	development-code-shaped name found in explicit tight grammatical relationship with 'antibody-drug conjugate'/'ADC' (e.g. '<code> is a novel antibody-drug conjugate' or 'the ADC candidate <code>') in free-text title/abstract -- no structured field confirms this, and a development code alone (unlike a USAN/INN suffix) carries no independent payload/linker class evidence; needs a human check before promotion, not auto-promoted regardless of how many sources mention it.	PRESUMED_STRICT_ADC	
ADC_SUFFIX_889e028e2aa9	ADC_CANDIDATE	BCG023	conference_abstract_corpus	10.1158/1538-7445.am2024-lb127	development-code + explicit ADC-context match; example: Abstract LB127: A first-in-class bispecific ADC targeting FORL1 and MUC1 exhibits promising anti-tumor activity in a FOLR1low xenograft model	2024-04-05	medium	NEEDS_REVIEW	development-code-shaped name found in explicit tight grammatical relationship with 'antibody-drug conjugate'/'ADC' (e.g. '<code> is a novel antibody-drug conjugate' or 'the ADC candidate <code>') in free-text title/abstract -- no structured field confirms this, and a development code alone (unlike a USAN/INN suffix) carries no independent payload/linker class evidence; needs a human check before promotion, not auto-promoted regardless of how many sources mention it.	PRESUMED_STRICT_ADC	
ADC_SUFFIX_270c18018949	ADC_CANDIDATE	AZD5335	clinicaltrials; conference_abstract_corpus	10.1158/1538-7445.am2024-lb406; 10.1158/1538-7445.am2025-815; aacr:2026:2661	development-code + explicit ADC-context match; example: AZD5335, a folate receptor alpha-targeted ADC, exerts anti-tumor responses within lung adenocarcinoma.	2024-04-05	medium	NEEDS_REVIEW	development-code-shaped name found in explicit tight grammatical relationship with 'antibody-drug conjugate'/'ADC' (e.g. '<code> is a novel antibody-drug conjugate' or 'the ADC candidate <code>') in free-text title/abstract -- no structured field confirms this, and a development code alone (unlike a USAN/INN suffix) carries no independent payload/linker class evidence; needs a human check before promotion, not auto-promoted regardless of how many sources mention it.	PRESUMED_STRICT_ADC	
ADC_SUFFIX_629cef63a0d6	ADC_CANDIDATE	M3554	clinicaltrials; conference_abstract_corpus	10.1158/1538-7445.am2024-nd08; 10.1158/1538-7445.am2025-ct113; aacr:2026:0644	development-code + explicit ADC-context match; example: Abstract CT113: A first-in-human phase 1, multicenter, open-label study of M3554, a novel anti-GD2 antibody-drug conjugate (ADC), in patients with adv	2024-04-05	medium	NEEDS_REVIEW	development-code-shaped name found in explicit tight grammatical relationship with 'antibody-drug conjugate'/'ADC' (e.g. '<code> is a novel antibody-drug conjugate' or 'the ADC candidate <code>') in free-text title/abstract -- no structured field confirms this, and a development code alone (unlike a USAN/INN suffix) carries no independent payload/linker class evidence; needs a human check before promotion, not auto-promoted regardless of how many sources mention it.	PRESUMED_STRICT_ADC	
ADC_SUFFIX_5487931afcd1	ADC_CANDIDATE	AZD0516	conference_abstract_corpus	10.1158/1538-7445.am2025-1158	development-code + explicit ADC-context match; example: Abstract 1158: Preclinical characterization of AZD0516, a novel STEAP2 antibody-drug conjugate (ADC) for the treatment of prostate cancer	2025-04-21	medium	NEEDS_REVIEW	development-code-shaped name found in explicit tight grammatical relationship with 'antibody-drug conjugate'/'ADC' (e.g. '<code> is a novel antibody-drug conjugate' or 'the ADC candidate <code>') in free-text title/abstract -- no structured field confirms this, and a development code alone (unlike a USAN/INN suffix) carries no independent payload/linker class evidence; needs a human check before promotion, not auto-promoted regardless of how many sources mention it.	PRESUMED_STRICT_ADC	
ADC_SUFFIX_6e805eeaddf3	ADC_CANDIDATE	ADRX-0405	conference_abstract_corpus	10.1158/1538-7445.am2025-1159	development-code + explicit ADC-context match; example: Abstract 1159: Preclinical characterization of a novel STEAP1 antibody-drug conjugate ADRX-0405 for the treatment of mCRPC	2025-04-21	medium	NEEDS_REVIEW	development-code-shaped name found in explicit tight grammatical relationship with 'antibody-drug conjugate'/'ADC' (e.g. '<code> is a novel antibody-drug conjugate' or 'the ADC candidate <code>') in free-text title/abstract -- no structured field confirms this, and a development code alone (unlike a USAN/INN suffix) carries no independent payload/linker class evidence; needs a human check before promotion, not auto-promoted regardless of how many sources mention it.	PRESUMED_STRICT_ADC	
ADC_SUFFIX_a93950ac1eb2	ADC_CANDIDATE	ADCT-242	conference_abstract_corpus	10.1158/1538-7445.am2025-1163	development-code + explicit ADC-context match; example: Abstract 1163: Preclinical investigation of ADCT-242, a novel exatecan-based antibody drug conjugate targeting Claudin-6, as single agent or in combin	2025-04-21	medium	NEEDS_REVIEW	development-code-shaped name found in explicit tight grammatical relationship with 'antibody-drug conjugate'/'ADC' (e.g. '<code> is a novel antibody-drug conjugate' or 'the ADC candidate <code>') in free-text title/abstract -- no structured field confirms this, and a development code alone (unlike a USAN/INN suffix) carries no independent payload/linker class evidence; needs a human check before promotion, not auto-promoted regardless of how many sources mention it.	PRESUMED_STRICT_ADC	
ADC_SUFFIX_c2515d3e1e7b	ADC_CANDIDATE	SOT106	conference_abstract_corpus	10.1158/1538-7445.am2025-1164	development-code + explicit ADC-context match; example: Abstract 1164: SOT106, a novel best-in-class antibody-drug conjugate targeting LRRC15, to treat sarcomas and other advanced solid cancers	2025-04-21	medium	NEEDS_REVIEW	development-code-shaped name found in explicit tight grammatical relationship with 'antibody-drug conjugate'/'ADC' (e.g. '<code> is a novel antibody-drug conjugate' or 'the ADC candidate <code>') in free-text title/abstract -- no structured field confirms this, and a development code alone (unlike a USAN/INN suffix) carries no independent payload/linker class evidence; needs a human check before promotion, not auto-promoted regardless of how many sources mention it.	PRESUMED_STRICT_ADC	
ADC_SUFFIX_f1c82d1c6138	ADC_CANDIDATE	SCR-A0011	conference_abstract_corpus	10.1158/1538-7445.am2025-1560	development-code + explicit ADC-context match; example: Abstract 1560: SCR-A0011, a novel bispecific ADC targeting cMET and B7H3, exhibits potent anti-tumor efficacy	2025-04-21	medium	NEEDS_REVIEW	development-code-shaped name found in explicit tight grammatical relationship with 'antibody-drug conjugate'/'ADC' (e.g. '<code> is a novel antibody-drug conjugate' or 'the ADC candidate <code>') in free-text title/abstract -- no structured field confirms this, and a development code alone (unlike a USAN/INN suffix) carries no independent payload/linker class evidence; needs a human check before promotion, not auto-promoted regardless of how many sources mention it.	PRESUMED_STRICT_ADC	
ADC_SUFFIX_424524ac77ad	ADC_CANDIDATE	ADRX-0134	conference_abstract_corpus	10.1158/1538-7445.am2025-1563	development-code + explicit ADC-context match; example: Abstract 1563: ADRX-0134 as a novel auristatin-based NaPi2b antibody-drug conjugate with widened therapeutic window	2025-04-21	medium	NEEDS_REVIEW	development-code-shaped name found in explicit tight grammatical relationship with 'antibody-drug conjugate'/'ADC' (e.g. '<code> is a novel antibody-drug conjugate' or 'the ADC candidate <code>') in free-text title/abstract -- no structured field confirms this, and a development code alone (unlike a USAN/INN suffix) carries no independent payload/linker class evidence; needs a human check before promotion, not auto-promoted regardless of how many sources mention it.	PRESUMED_STRICT_ADC	
ADC_SUFFIX_fb3f82ae3359	ADC_CANDIDATE	GLR1059	conference_abstract_corpus	10.1158/1538-7445.am2025-1567	development-code + explicit ADC-context match; example: Abstract 1567: GLR1059, next-generation nectin-4-targeted ADC with a novel mechanism-of-action payload, demonstrated significantly potent anti-tumor e	2025-04-21	medium	NEEDS_REVIEW	development-code-shaped name found in explicit tight grammatical relationship with 'antibody-drug conjugate'/'ADC' (e.g. '<code> is a novel antibody-drug conjugate' or 'the ADC candidate <code>') in free-text title/abstract -- no structured field confirms this, and a development code alone (unlike a USAN/INN suffix) carries no independent payload/linker class evidence; needs a human check before promotion, not auto-promoted regardless of how many sources mention it.	PRESUMED_STRICT_ADC	
ADC_SUFFIX_c1d3331a5ead	ADC_CANDIDATE	STRO-004	conference_abstract_corpus	10.1158/1538-7445.am2025-1572	development-code + explicit ADC-context match; example: Abstract 1572: Preclinical activity and safety of STRO-004, a novel ADC targeting tissue factor for solid tumors	2025-04-21	medium	NEEDS_REVIEW	development-code-shaped name found in explicit tight grammatical relationship with 'antibody-drug conjugate'/'ADC' (e.g. '<code> is a novel antibody-drug conjugate' or 'the ADC candidate <code>') in free-text title/abstract -- no structured field confirms this, and a development code alone (unlike a USAN/INN suffix) carries no independent payload/linker class evidence; needs a human check before promotion, not auto-promoted regardless of how many sources mention it.	PRESUMED_STRICT_ADC	
ADC_SUFFIX_7245e370e04a	ADC_CANDIDATE	BLB-101	conference_abstract_corpus	10.1158/1538-7445.am2025-1578	development-code + explicit ADC-context match; example: Abstract 1578: Preclinical evaluation of BLB-101, a topoisomerase-inhibitor-based anti-CLDN6/9 antibody-drug conjugate featuring a proprietary hydroph	2025-04-21	medium	NEEDS_REVIEW	development-code-shaped name found in explicit tight grammatical relationship with 'antibody-drug conjugate'/'ADC' (e.g. '<code> is a novel antibody-drug conjugate' or 'the ADC candidate <code>') in free-text title/abstract -- no structured field confirms this, and a development code alone (unlike a USAN/INN suffix) carries no independent payload/linker class evidence; needs a human check before promotion, not auto-promoted regardless of how many sources mention it.	PRESUMED_STRICT_ADC	
ADC_SUFFIX_3cc22b600d0f	ADC_CANDIDATE	PA289	conference_abstract_corpus	10.1158/1538-7445.am2025-1579	development-code + explicit ADC-context match; example: Abstract 1579: PA289, a prodrug linker-payload with a novel mechanism of action for the development of antibody drug conjugates	2025-04-21	medium	NEEDS_REVIEW	development-code-shaped name found in explicit tight grammatical relationship with 'antibody-drug conjugate'/'ADC' (e.g. '<code> is a novel antibody-drug conjugate' or 'the ADC candidate <code>') in free-text title/abstract -- no structured field confirms this, and a development code alone (unlike a USAN/INN suffix) carries no independent payload/linker class evidence; needs a human check before promotion, not auto-promoted regardless of how many sources mention it.	PRESUMED_STRICT_ADC	
ADC_SUFFIX_c79b4af645f1	ADC_CANDIDATE	KH815	conference_abstract_corpus	10.1158/1538-7445.am2025-1585; 10.1158/1538-7445.am2025-1586; 10.1158/1538-7445.am2026-lb333	development-code + explicit ADC-context match; example: Abstract 1585: KH815, a novel dual-payload TROP2-directed antibody-drug conjugate, shows potent antitumor efficacy in pre-clinical tumor model	2025-04-21	medium	NEEDS_REVIEW	development-code-shaped name found in explicit tight grammatical relationship with 'antibody-drug conjugate'/'ADC' (e.g. '<code> is a novel antibody-drug conjugate' or 'the ADC candidate <code>') in free-text title/abstract -- no structured field confirms this, and a development code alone (unlike a USAN/INN suffix) carries no independent payload/linker class evidence; needs a human check before promotion, not auto-promoted regardless of how many sources mention it.	PRESUMED_STRICT_ADC	
ADC_SUFFIX_9d1d30b24110	ADC_CANDIDATE	KHN922	conference_abstract_corpus	10.1158/1538-7445.am2025-1587; 10.1158/1538-7445.am2026-lb024	development-code + explicit ADC-context match; example: Abstract 1587: A novel dual-payload HER3-directed antibody-drug conjugate, shows potent antitumor efficacy in HER3-low <i>in vivo</i> tumor models	2025-04-21	medium	NEEDS_REVIEW	development-code-shaped name found in explicit tight grammatical relationship with 'antibody-drug conjugate'/'ADC' (e.g. '<code> is a novel antibody-drug conjugate' or 'the ADC candidate <code>') in free-text title/abstract -- no structured field confirms this, and a development code alone (unlike a USAN/INN suffix) carries no independent payload/linker class evidence; needs a human check before promotion, not auto-promoted regardless of how many sources mention it.	PRESUMED_STRICT_ADC	
ADC_SUFFIX_f87c5ba28648	ADC_CANDIDATE	TGW101	conference_abstract_corpus	10.1158/1538-7445.am2025-1794; aacr:2026:3738	development-code + explicit ADC-context match; example: Abstract 1794: Preclinical development of TGW101, a first in class click-cleavable ADC with MMAE against non-internalizing pan-carcinoma marker TAG72	2025-04-21	medium	NEEDS_REVIEW	development-code-shaped name found in explicit tight grammatical relationship with 'antibody-drug conjugate'/'ADC' (e.g. '<code> is a novel antibody-drug conjugate' or 'the ADC candidate <code>') in free-text title/abstract -- no structured field confirms this, and a development code alone (unlike a USAN/INN suffix) carries no independent payload/linker class evidence; needs a human check before promotion, not auto-promoted regardless of how many sources mention it.	PRESUMED_STRICT_ADC	
ADC_SUFFIX_37839daa66a5	ADC_CANDIDATE	SIM0680	conference_abstract_corpus	10.1158/1538-7445.am2025-2115	development-code + explicit ADC-context match; example: Abstract 2115: SIM0680, a potent antibody-drug conjugate for the treatment of solid tumors expressing ENPP3	2025-04-21	medium	NEEDS_REVIEW	development-code-shaped name found in explicit tight grammatical relationship with 'antibody-drug conjugate'/'ADC' (e.g. '<code> is a novel antibody-drug conjugate' or 'the ADC candidate <code>') in free-text title/abstract -- no structured field confirms this, and a development code alone (unlike a USAN/INN suffix) carries no independent payload/linker class evidence; needs a human check before promotion, not auto-promoted regardless of how many sources mention it.	PRESUMED_STRICT_ADC	
ADC_SUFFIX_019e31487fda	ADC_CANDIDATE	LD-38	conference_abstract_corpus	10.1158/1538-7445.am2025-2132; 10.1158/1538-7445.am2025-2133; 10.1158/1538-7445.am2025-2134	development-code + explicit ADC-context match; example: Abstract 2132: KA-3123-LD38: a novel bispecific antibody-drug conjugate (ADC) targeting EGFR and B7H3 with a DNA topoisomerase I inhibitor payload	2025-04-21	medium	NEEDS_REVIEW	development-code-shaped name found in explicit tight grammatical relationship with 'antibody-drug conjugate'/'ADC' (e.g. '<code> is a novel antibody-drug conjugate' or 'the ADC candidate <code>') in free-text title/abstract -- no structured field confirms this, and a development code alone (unlike a USAN/INN suffix) carries no independent payload/linker class evidence; needs a human check before promotion, not auto-promoted regardless of how many sources mention it.	PRESUMED_STRICT_ADC	
ADC_SUFFIX_1812d76e2295	ADC_CANDIDATE	KA-2887	conference_abstract_corpus	10.1158/1538-7445.am2025-2133	development-code + explicit ADC-context match; example: Abstract 2133: KA-2887-LD38: a novel bispecific antibody-drug conjugate (ADC) targeting both EGFR and PD-L1	2025-04-21	medium	NEEDS_REVIEW	development-code-shaped name found in explicit tight grammatical relationship with 'antibody-drug conjugate'/'ADC' (e.g. '<code> is a novel antibody-drug conjugate' or 'the ADC candidate <code>') in free-text title/abstract -- no structured field confirms this, and a development code alone (unlike a USAN/INN suffix) carries no independent payload/linker class evidence; needs a human check before promotion, not auto-promoted regardless of how many sources mention it.	PRESUMED_STRICT_ADC	
ADC_SUFFIX_9ec183aca16a	ADC_CANDIDATE	HDM2020	conference_abstract_corpus	10.1158/1538-7445.am2025-245	development-code + explicit ADC-context match; example: Abstract 245: Preclinical development of HDM2020, a novel ADC targeting FGFR2b, in gastric cancer (GC) and squamous non-small cell lung cancer (sq-NSC	2025-04-21	medium	NEEDS_REVIEW	development-code-shaped name found in explicit tight grammatical relationship with 'antibody-drug conjugate'/'ADC' (e.g. '<code> is a novel antibody-drug conjugate' or 'the ADC candidate <code>') in free-text title/abstract -- no structured field confirms this, and a development code alone (unlike a USAN/INN suffix) carries no independent payload/linker class evidence; needs a human check before promotion, not auto-promoted regardless of how many sources mention it.	PRESUMED_STRICT_ADC	
ADC_SUFFIX_ec1ad56b0aff	ADC_CANDIDATE	BA3361	conference_abstract_corpus	10.1158/1538-7445.am2025-2693	development-code + explicit ADC-context match; example: Abstract 2693: BA3361, a tumor selective, conditionally active biologic (CAB) anti-nectin4-ADC with a novel NextGen linker system enhances therapeutic	2025-04-21	medium	NEEDS_REVIEW	development-code-shaped name found in explicit tight grammatical relationship with 'antibody-drug conjugate'/'ADC' (e.g. '<code> is a novel antibody-drug conjugate' or 'the ADC candidate <code>') in free-text title/abstract -- no structured field confirms this, and a development code alone (unlike a USAN/INN suffix) carries no independent payload/linker class evidence; needs a human check before promotion, not auto-promoted regardless of how many sources mention it.	PRESUMED_STRICT_ADC	
ADC_SUFFIX_19abdb6d39e8	ADC_CANDIDATE	TAVO307	conference_abstract_corpus	10.1158/1538-7445.am2025-2863	development-code + explicit ADC-context match; example: Abstract 2863: TAVO307, a novel ADC targeting CDH17, for the therapy of gastrointestinal cancers	2025-04-21	medium	NEEDS_REVIEW	development-code-shaped name found in explicit tight grammatical relationship with 'antibody-drug conjugate'/'ADC' (e.g. '<code> is a novel antibody-drug conjugate' or 'the ADC candidate <code>') in free-text title/abstract -- no structured field confirms this, and a development code alone (unlike a USAN/INN suffix) carries no independent payload/linker class evidence; needs a human check before promotion, not auto-promoted regardless of how many sources mention it.	PRESUMED_STRICT_ADC	
ADC_SUFFIX_67ab6ceec16c	ADC_CANDIDATE	LM-350	conference_abstract_corpus	10.1158/1538-7445.am2025-2868	development-code + explicit ADC-context match; example: Abstract 2868: Preclinical evaluation of LM-350: An innovative anti-CDH17 antibody drug conjugate for gastrointestinal cancer therapy	2025-04-21	medium	NEEDS_REVIEW	development-code-shaped name found in explicit tight grammatical relationship with 'antibody-drug conjugate'/'ADC' (e.g. '<code> is a novel antibody-drug conjugate' or 'the ADC candidate <code>') in free-text title/abstract -- no structured field confirms this, and a development code alone (unlike a USAN/INN suffix) carries no independent payload/linker class evidence; needs a human check before promotion, not auto-promoted regardless of how many sources mention it.	PRESUMED_STRICT_ADC	
ADC_SUFFIX_0ce594d8e823	ADC_CANDIDATE	DXC014	conference_abstract_corpus	10.1158/1538-7445.am2025-2869	development-code + explicit ADC-context match; example: Abstract 2869: DXC014, a novel bispecific ADC targeting B7-H3 and PSMA, demonstrates favorable antitumor efficacy and safety profiles in preclinical e	2025-04-21	medium	NEEDS_REVIEW	development-code-shaped name found in explicit tight grammatical relationship with 'antibody-drug conjugate'/'ADC' (e.g. '<code> is a novel antibody-drug conjugate' or 'the ADC candidate <code>') in free-text title/abstract -- no structured field confirms this, and a development code alone (unlike a USAN/INN suffix) carries no independent payload/linker class evidence; needs a human check before promotion, not auto-promoted regardless of how many sources mention it.	PRESUMED_STRICT_ADC	
ADC_SUFFIX_5b2dee61153a	ADC_CANDIDATE	SMP-656	conference_abstract_corpus	10.1158/1538-7445.am2025-2873	development-code + explicit ADC-context match; example: Abstract 2873: Preclinical development of SMP-656: An eribulin-SuperHydraTM linker based ADC	2025-04-21	medium	NEEDS_REVIEW	development-code-shaped name found in explicit tight grammatical relationship with 'antibody-drug conjugate'/'ADC' (e.g. '<code> is a novel antibody-drug conjugate' or 'the ADC candidate <code>') in free-text title/abstract -- no structured field confirms this, and a development code alone (unlike a USAN/INN suffix) carries no independent payload/linker class evidence; needs a human check before promotion, not auto-promoted regardless of how many sources mention it.	PRESUMED_STRICT_ADC	
ADC_SUFFIX_e987f117ecb4	ADC_CANDIDATE	ZW327	conference_abstract_corpus	10.1158/1538-7445.am2025-2874	development-code + explicit ADC-context match; example: Abstract 2874: ZW327, a novel Ly6E-targeting antibody-drug conjugate bearing a topoisomerase 1 inhibitor payload	2025-04-21	medium	NEEDS_REVIEW	development-code-shaped name found in explicit tight grammatical relationship with 'antibody-drug conjugate'/'ADC' (e.g. '<code> is a novel antibody-drug conjugate' or 'the ADC candidate <code>') in free-text title/abstract -- no structured field confirms this, and a development code alone (unlike a USAN/INN suffix) carries no independent payload/linker class evidence; needs a human check before promotion, not auto-promoted regardless of how many sources mention it.	PRESUMED_STRICT_ADC	
ADC_SUFFIX_6ee4aaa9485e	ADC_CANDIDATE	GLR1061	conference_abstract_corpus	10.1158/1538-7445.am2025-2878	development-code + explicit ADC-context match; example: Abstract 2878: Preclinical characterization of GLR1061, a B7H3-targeted ADC with a novel DNA topoisomerase I inhibitor, demonstrated superior bystande	2025-04-21	medium	NEEDS_REVIEW	development-code-shaped name found in explicit tight grammatical relationship with 'antibody-drug conjugate'/'ADC' (e.g. '<code> is a novel antibody-drug conjugate' or 'the ADC candidate <code>') in free-text title/abstract -- no structured field confirms this, and a development code alone (unlike a USAN/INN suffix) carries no independent payload/linker class evidence; needs a human check before promotion, not auto-promoted regardless of how many sources mention it.	PRESUMED_STRICT_ADC	
ADC_SUFFIX_4e79caad508b	ADC_CANDIDATE	DB-1418	conference_abstract_corpus	10.1158/1538-7445.am2025-2888	development-code + explicit ADC-context match; example: Abstract 2888: DB-1418, a bispecific antibody-drug conjugate (ADC) targeting EGFR and HER3, demonstrates superior and broad antitumor efficacy and fav	2025-04-21	medium	NEEDS_REVIEW	development-code-shaped name found in explicit tight grammatical relationship with 'antibody-drug conjugate'/'ADC' (e.g. '<code> is a novel antibody-drug conjugate' or 'the ADC candidate <code>') in free-text title/abstract -- no structured field confirms this, and a development code alone (unlike a USAN/INN suffix) carries no independent payload/linker class evidence; needs a human check before promotion, not auto-promoted regardless of how many sources mention it.	PRESUMED_STRICT_ADC	
ADC_SUFFIX_7fe7ce89237c	ADC_CANDIDATE	GNX1021	conference_abstract_corpus	10.1158/1538-7445.am2025-2932	development-code + explicit ADC-context match; example: Abstract 2932: GNX1021, a novel ADC targeting glycans with branched Lewis B/Y, demonstrated preclinical tumor control activity in gastric cancer model	2025-04-21	medium	NEEDS_REVIEW	development-code-shaped name found in explicit tight grammatical relationship with 'antibody-drug conjugate'/'ADC' (e.g. '<code> is a novel antibody-drug conjugate' or 'the ADC candidate <code>') in free-text title/abstract -- no structured field confirms this, and a development code alone (unlike a USAN/INN suffix) carries no independent payload/linker class evidence; needs a human check before promotion, not auto-promoted regardless of how many sources mention it.	PRESUMED_STRICT_ADC	
ADC_SUFFIX_4c909f0c5fb1	ADC_CANDIDATE	LBL-054	conference_abstract_corpus	10.1158/1538-7445.am2025-2934	development-code + explicit ADC-context match; example: Abstract 2934: Novel hydrophilic CDH17-targeting antibody-drug conjugate exhibits anti-tumor efficacy in preclinical xenograft models	2025-04-21	medium	NEEDS_REVIEW	development-code-shaped name found in explicit tight grammatical relationship with 'antibody-drug conjugate'/'ADC' (e.g. '<code> is a novel antibody-drug conjugate' or 'the ADC candidate <code>') in free-text title/abstract -- no structured field confirms this, and a development code alone (unlike a USAN/INN suffix) carries no independent payload/linker class evidence; needs a human check before promotion, not auto-promoted regardless of how many sources mention it.	PRESUMED_STRICT_ADC	
ADC_SUFFIX_0787bf045828	ADC_CANDIDATE	XB371	conference_abstract_corpus	10.1158/1538-7445.am2025-2936	development-code + explicit ADC-context match; example: Abstract 2936: Preclinical characterization of XB371, a novel anti-tissue factor antibody-drug conjugate	2025-04-21	medium	NEEDS_REVIEW	development-code-shaped name found in explicit tight grammatical relationship with 'antibody-drug conjugate'/'ADC' (e.g. '<code> is a novel antibody-drug conjugate' or 'the ADC candidate <code>') in free-text title/abstract -- no structured field confirms this, and a development code alone (unlike a USAN/INN suffix) carries no independent payload/linker class evidence; needs a human check before promotion, not auto-promoted regardless of how many sources mention it.	PRESUMED_STRICT_ADC	
ADC_SUFFIX_5eed20ece030	ADC_CANDIDATE	SWY2321	conference_abstract_corpus	10.1158/1538-7445.am2025-2943	development-code + explicit ADC-context match; example: Abstract 2943: SWY2321, a novel topoisomerase I inhibitor linked bispecific ADC targeting EGFR/cMet, exhibits potent anti-tumor efficacy	2025-04-21	medium	NEEDS_REVIEW	development-code-shaped name found in explicit tight grammatical relationship with 'antibody-drug conjugate'/'ADC' (e.g. '<code> is a novel antibody-drug conjugate' or 'the ADC candidate <code>') in free-text title/abstract -- no structured field confirms this, and a development code alone (unlike a USAN/INN suffix) carries no independent payload/linker class evidence; needs a human check before promotion, not auto-promoted regardless of how many sources mention it.	PRESUMED_STRICT_ADC	
ADC_SUFFIX_d9e1ac4517f5	ADC_CANDIDATE	CS5006	conference_abstract_corpus	10.1158/1538-7445.am2025-2953	development-code + explicit ADC-context match; example: Abstract 2953: CS5006: A novel integrin β4-targeted antibody-drug conjugate (ADC) with robust antitumor activity in preclinical studies	2025-04-21	medium	NEEDS_REVIEW	development-code-shaped name found in explicit tight grammatical relationship with 'antibody-drug conjugate'/'ADC' (e.g. '<code> is a novel antibody-drug conjugate' or 'the ADC candidate <code>') in free-text title/abstract -- no structured field confirms this, and a development code alone (unlike a USAN/INN suffix) carries no independent payload/linker class evidence; needs a human check before promotion, not auto-promoted regardless of how many sources mention it.	PRESUMED_STRICT_ADC	
ADC_SUFFIX_b079d77dc202	ADC_CANDIDATE	TJ101	conference_abstract_corpus	10.1158/1538-7445.am2025-2955	development-code + explicit ADC-context match; example: Abstract 2955: Preclinical development of TJ101, a potent bispecific ADC targeting EGFR and B7-H3 for the treatment of solid cancers	2025-04-21	medium	NEEDS_REVIEW	development-code-shaped name found in explicit tight grammatical relationship with 'antibody-drug conjugate'/'ADC' (e.g. '<code> is a novel antibody-drug conjugate' or 'the ADC candidate <code>') in free-text title/abstract -- no structured field confirms this, and a development code alone (unlike a USAN/INN suffix) carries no independent payload/linker class evidence; needs a human check before promotion, not auto-promoted regardless of how many sources mention it.	PRESUMED_STRICT_ADC	
ADC_SUFFIX_5dd79b665b15	ADC_CANDIDATE	SCR-A002	conference_abstract_corpus	10.1158/1538-7445.am2025-2964	development-code + explicit ADC-context match; example: Abstract 2964: SCR-A002, a novel FGFR2b-targeting ADC for solid tumors	2025-04-21	medium	NEEDS_REVIEW	development-code-shaped name found in explicit tight grammatical relationship with 'antibody-drug conjugate'/'ADC' (e.g. '<code> is a novel antibody-drug conjugate' or 'the ADC candidate <code>') in free-text title/abstract -- no structured field confirms this, and a development code alone (unlike a USAN/INN suffix) carries no independent payload/linker class evidence; needs a human check before promotion, not auto-promoted regardless of how many sources mention it.	PRESUMED_STRICT_ADC	
ADC_SUFFIX_2f33558b7381	ADC_CANDIDATE	SCR-A006	conference_abstract_corpus	10.1158/1538-7445.am2025-2965	development-code + explicit ADC-context match; example: Abstract 2965: SCR-A006, an innovative and potential best-in-class EGFR/cMet bispecific antibody-drug conjugate	2025-04-21	medium	NEEDS_REVIEW	development-code-shaped name found in explicit tight grammatical relationship with 'antibody-drug conjugate'/'ADC' (e.g. '<code> is a novel antibody-drug conjugate' or 'the ADC candidate <code>') in free-text title/abstract -- no structured field confirms this, and a development code alone (unlike a USAN/INN suffix) carries no independent payload/linker class evidence; needs a human check before promotion, not auto-promoted regardless of how many sources mention it.	PRESUMED_STRICT_ADC	
ADC_SUFFIX_aa2ee06b8690	ADC_CANDIDATE	BB-205	conference_abstract_corpus	10.1158/1538-7445.am2025-2966	development-code + explicit ADC-context match; example: Abstract 2966: The anti-tumor activity of a novel anti-Her2 and anti-c-Met bispecific antibody-drug conjugate	2025-04-21	medium	NEEDS_REVIEW	development-code-shaped name found in explicit tight grammatical relationship with 'antibody-drug conjugate'/'ADC' (e.g. '<code> is a novel antibody-drug conjugate' or 'the ADC candidate <code>') in free-text title/abstract -- no structured field confirms this, and a development code alone (unlike a USAN/INN suffix) carries no independent payload/linker class evidence; needs a human check before promotion, not auto-promoted regardless of how many sources mention it.	PRESUMED_STRICT_ADC	
ADC_SUFFIX_8d88021d50c8	ADC_CANDIDATE	TD001	clinicaltrials; conference_abstract_corpus	10.1158/1538-7445.am2025-311; 10.1158/1538-7445.am2025-314; 10.1158/1538-7445.am2025-315; 10.1158/1538-7445.am2025-318	development-code + explicit ADC-context match; example: A Clinical Trial Evaluating the Safety of TD001 In Patients With PSMA-Expressing Metastatic Prostate Cancer	2025-04-21	medium	NEEDS_REVIEW	development-code-shaped name found in explicit tight grammatical relationship with 'antibody-drug conjugate'/'ADC' (e.g. '<code> is a novel antibody-drug conjugate' or 'the ADC candidate <code>') in free-text title/abstract -- no structured field confirms this, and a development code alone (unlike a USAN/INN suffix) carries no independent payload/linker class evidence; needs a human check before promotion, not auto-promoted regardless of how many sources mention it.	PRESUMED_STRICT_ADC	
ADC_SUFFIX_0ce36f52665a	ADC_CANDIDATE	IMB-201	conference_abstract_corpus	10.1158/1538-7445.am2025-3132	development-code + explicit ADC-context match; example: Abstract 3132: Innovative development of IMB-201, an anti-HLA-G antibody-drug conjugate (ADC), for enhanced tumor immunotherapy	2025-04-21	medium	NEEDS_REVIEW	development-code-shaped name found in explicit tight grammatical relationship with 'antibody-drug conjugate'/'ADC' (e.g. '<code> is a novel antibody-drug conjugate' or 'the ADC candidate <code>') in free-text title/abstract -- no structured field confirms this, and a development code alone (unlike a USAN/INN suffix) carries no independent payload/linker class evidence; needs a human check before promotion, not auto-promoted regardless of how many sources mention it.	PRESUMED_STRICT_ADC	
ADC_SUFFIX_ea85c900f327	ADC_CANDIDATE	YL242	conference_abstract_corpus	10.1158/1538-7445.am2025-3140	development-code + explicit ADC-context match; example: Abstract 3140: Preclinical development of YL242, a non-internalized antibody-drug conjugate (ADC) targeting soluble VEGF for treatment of solid tumors	2025-04-21	medium	NEEDS_REVIEW	development-code-shaped name found in explicit tight grammatical relationship with 'antibody-drug conjugate'/'ADC' (e.g. '<code> is a novel antibody-drug conjugate' or 'the ADC candidate <code>') in free-text title/abstract -- no structured field confirms this, and a development code alone (unlike a USAN/INN suffix) carries no independent payload/linker class evidence; needs a human check before promotion, not auto-promoted regardless of how many sources mention it.	PRESUMED_STRICT_ADC	
ADC_SUFFIX_aaedf5e13627	ADC_CANDIDATE	HDM2012	conference_abstract_corpus	10.1158/1538-7445.am2025-316	development-code + explicit ADC-context match; example: Abstract 316: Translational studies of HDM2012, a novel topoisomerase inhibitor ADC targeting MUC17, in patient derived GC, CRC, PDAC tumor models	2025-04-21	medium	NEEDS_REVIEW	development-code-shaped name found in explicit tight grammatical relationship with 'antibody-drug conjugate'/'ADC' (e.g. '<code> is a novel antibody-drug conjugate' or 'the ADC candidate <code>') in free-text title/abstract -- no structured field confirms this, and a development code alone (unlike a USAN/INN suffix) carries no independent payload/linker class evidence; needs a human check before promotion, not auto-promoted regardless of how many sources mention it.	PRESUMED_STRICT_ADC	
ADC_SUFFIX_242d36da7b10	ADC_CANDIDATE	HDM2017	conference_abstract_corpus	10.1158/1538-7445.am2025-317	development-code + explicit ADC-context match; example: Abstract 317: Discovery of HDM2017, a CDH17-targeting ADC for colorectal cancers	2025-04-21	medium	NEEDS_REVIEW	development-code-shaped name found in explicit tight grammatical relationship with 'antibody-drug conjugate'/'ADC' (e.g. '<code> is a novel antibody-drug conjugate' or 'the ADC candidate <code>') in free-text title/abstract -- no structured field confirms this, and a development code alone (unlike a USAN/INN suffix) carries no independent payload/linker class evidence; needs a human check before promotion, not auto-promoted regardless of how many sources mention it.	PRESUMED_STRICT_ADC	
ADC_SUFFIX_8e49b167ef77	ADC_CANDIDATE	SDV2102	conference_abstract_corpus	10.1158/1538-7445.am2025-323	development-code + explicit ADC-context match; example: Abstract 323: Preclinical evaluation of SDV2102, a novel PSMA-targeting DAR1 ADC for mCRPC treatment	2025-04-21	medium	NEEDS_REVIEW	development-code-shaped name found in explicit tight grammatical relationship with 'antibody-drug conjugate'/'ADC' (e.g. '<code> is a novel antibody-drug conjugate' or 'the ADC candidate <code>') in free-text title/abstract -- no structured field confirms this, and a development code alone (unlike a USAN/INN suffix) carries no independent payload/linker class evidence; needs a human check before promotion, not auto-promoted regardless of how many sources mention it.	PRESUMED_STRICT_ADC	
ADC_SUFFIX_b3baecb4c8ce	ADC_CANDIDATE	BR-2302	conference_abstract_corpus	10.1158/1538-7445.am2025-3417	development-code + explicit ADC-context match; example: Abstract 3417: Preclinical studies of BR-2302: A HER3xEGFR bi-specific Exd-containing ADC	2025-04-21	medium	NEEDS_REVIEW	development-code-shaped name found in explicit tight grammatical relationship with 'antibody-drug conjugate'/'ADC' (e.g. '<code> is a novel antibody-drug conjugate' or 'the ADC candidate <code>') in free-text title/abstract -- no structured field confirms this, and a development code alone (unlike a USAN/INN suffix) carries no independent payload/linker class evidence; needs a human check before promotion, not auto-promoted regardless of how many sources mention it.	PRESUMED_STRICT_ADC	
ADC_SUFFIX_e15c4300ce76	ADC_CANDIDATE	IBI3014	conference_abstract_corpus	10.1158/1538-7445.am2025-344	development-code + explicit ADC-context match; example: Abstract 344: IBI3014, a TROP2xPD-L1 bi-specific ADC integrating ADC killing with checkpoint blockade within one molecule, exhibits promising efficacy	2025-04-21	medium	NEEDS_REVIEW	development-code-shaped name found in explicit tight grammatical relationship with 'antibody-drug conjugate'/'ADC' (e.g. '<code> is a novel antibody-drug conjugate' or 'the ADC candidate <code>') in free-text title/abstract -- no structured field confirms this, and a development code alone (unlike a USAN/INN suffix) carries no independent payload/linker class evidence; needs a human check before promotion, not auto-promoted regardless of how many sources mention it.	PRESUMED_STRICT_ADC	
ADC_SUFFIX_4f6db8d2bbe3	ADC_CANDIDATE	IBI130	conference_abstract_corpus	10.1158/1538-7445.am2025-345	development-code + explicit ADC-context match; example: Abstract 345: Trop2 and B7H4 bi-specific ADC with improved efficacy and safety for gynecologic cancers	2025-04-21	medium	NEEDS_REVIEW	development-code-shaped name found in explicit tight grammatical relationship with 'antibody-drug conjugate'/'ADC' (e.g. '<code> is a novel antibody-drug conjugate' or 'the ADC candidate <code>') in free-text title/abstract -- no structured field confirms this, and a development code alone (unlike a USAN/INN suffix) carries no independent payload/linker class evidence; needs a human check before promotion, not auto-promoted regardless of how many sources mention it.	PRESUMED_STRICT_ADC	
ADC_SUFFIX_0523291cc3d6	ADC_CANDIDATE	GQ1033	conference_abstract_corpus	10.1158/1538-7445.am2025-347	development-code + explicit ADC-context match; example: Abstract 347: Novel EGFR x cMET bispecific ADC GQ1033 and DLL3-ADC GQ1030 demonstrated promising therapeutic efficacy in preclinical studies	2025-04-21	medium	NEEDS_REVIEW	development-code-shaped name found in explicit tight grammatical relationship with 'antibody-drug conjugate'/'ADC' (e.g. '<code> is a novel antibody-drug conjugate' or 'the ADC candidate <code>') in free-text title/abstract -- no structured field confirms this, and a development code alone (unlike a USAN/INN suffix) carries no independent payload/linker class evidence; needs a human check before promotion, not auto-promoted regardless of how many sources mention it.	PRESUMED_STRICT_ADC	
ADC_SUFFIX_5fb042556b85	ADC_CANDIDATE	GQ1030	conference_abstract_corpus	10.1158/1538-7445.am2025-347	development-code + explicit ADC-context match; example: Abstract 347: Novel EGFR x cMET bispecific ADC GQ1033 and DLL3-ADC GQ1030 demonstrated promising therapeutic efficacy in preclinical studies	2025-04-21	medium	NEEDS_REVIEW	development-code-shaped name found in explicit tight grammatical relationship with 'antibody-drug conjugate'/'ADC' (e.g. '<code> is a novel antibody-drug conjugate' or 'the ADC candidate <code>') in free-text title/abstract -- no structured field confirms this, and a development code alone (unlike a USAN/INN suffix) carries no independent payload/linker class evidence; needs a human check before promotion, not auto-promoted regardless of how many sources mention it.	PRESUMED_STRICT_ADC	
ADC_SUFFIX_806bc93eaa3d	ADC_CANDIDATE	MHB009C	conference_abstract_corpus	10.1158/1538-7445.am2025-351	development-code + explicit ADC-context match; example: Abstract 351: Preclinical development of MHB009C: A novel anti-B7-H4 ADC with a potent topoisomerase I inhibitor	2025-04-21	medium	NEEDS_REVIEW	development-code-shaped name found in explicit tight grammatical relationship with 'antibody-drug conjugate'/'ADC' (e.g. '<code> is a novel antibody-drug conjugate' or 'the ADC candidate <code>') in free-text title/abstract -- no structured field confirms this, and a development code alone (unlike a USAN/INN suffix) carries no independent payload/linker class evidence; needs a human check before promotion, not auto-promoted regardless of how many sources mention it.	PRESUMED_STRICT_ADC	
ADC_SUFFIX_f1184884ca22	ADC_CANDIDATE	MHB042C	conference_abstract_corpus	10.1158/1538-7445.am2025-352	development-code + explicit ADC-context match; example: Abstract 352: Preclinical development of MHB042C: A next-generation anti-c-Met ADC conjugating VHH-Fc fusion protein with a novel topoisomerase I inhi	2025-04-21	medium	NEEDS_REVIEW	development-code-shaped name found in explicit tight grammatical relationship with 'antibody-drug conjugate'/'ADC' (e.g. '<code> is a novel antibody-drug conjugate' or 'the ADC candidate <code>') in free-text title/abstract -- no structured field confirms this, and a development code alone (unlike a USAN/INN suffix) carries no independent payload/linker class evidence; needs a human check before promotion, not auto-promoted regardless of how many sources mention it.	PRESUMED_STRICT_ADC	
ADC_SUFFIX_c66ac7e1ab72	ADC_CANDIDATE	MHB048C	conference_abstract_corpus	10.1158/1538-7445.am2025-353	development-code + explicit ADC-context match; example: Abstract 353: Preclinical development of MHB048C: A novel anti-PSMA ADC with a potent topoisomerase I inhibitor	2025-04-21	medium	NEEDS_REVIEW	development-code-shaped name found in explicit tight grammatical relationship with 'antibody-drug conjugate'/'ADC' (e.g. '<code> is a novel antibody-drug conjugate' or 'the ADC candidate <code>') in free-text title/abstract -- no structured field confirms this, and a development code alone (unlike a USAN/INN suffix) carries no independent payload/linker class evidence; needs a human check before promotion, not auto-promoted regardless of how many sources mention it.	PRESUMED_STRICT_ADC	
ADC_SUFFIX_641063071a46	ADC_CANDIDATE	BG-C137	clinicaltrials; conference_abstract_corpus	10.1158/1538-7445.am2025-3778	development-code + explicit ADC-context match; example: A First-in-Human (FIH) Study of BG-C137, an Anti-Fibroblast Growth Factor Receptor 2b (FGFR2b) Antibody Drug Conjugate, in Participants With Advanced 	2024-10-03	medium	NEEDS_REVIEW	development-code-shaped name found in explicit tight grammatical relationship with 'antibody-drug conjugate'/'ADC' (e.g. '<code> is a novel antibody-drug conjugate' or 'the ADC candidate <code>') in free-text title/abstract -- no structured field confirms this, and a development code alone (unlike a USAN/INN suffix) carries no independent payload/linker class evidence; needs a human check before promotion, not auto-promoted regardless of how many sources mention it.	PRESUMED_STRICT_ADC	
ADC_SUFFIX_b381aaf708ec	ADC_CANDIDATE	IDP-001	conference_abstract_corpus	10.1158/1538-7445.am2025-4255; 10.1158/1538-7445.am2025-5445	development-code + explicit ADC-context match; example: Abstract 4255: Membrane interactomics (MInt) platform identifies EGFR and CDCP1 as effective co-targets for bispecific antibody drug conjugate IDP-001	2025-04-21	medium	NEEDS_REVIEW	development-code-shaped name found in explicit tight grammatical relationship with 'antibody-drug conjugate'/'ADC' (e.g. '<code> is a novel antibody-drug conjugate' or 'the ADC candidate <code>') in free-text title/abstract -- no structured field confirms this, and a development code alone (unlike a USAN/INN suffix) carries no independent payload/linker class evidence; needs a human check before promotion, not auto-promoted regardless of how many sources mention it.	PRESUMED_STRICT_ADC	
ADC_SUFFIX_f4454ec44b10	ADC_CANDIDATE	SCR-A008	conference_abstract_corpus	10.1158/1538-7445.am2025-4328	development-code + explicit ADC-context match; example: Abstract 4328: Preclinical development of SCR-A008: A CDH17-targeted ADC for gastrointestinal cancer	2025-04-21	medium	NEEDS_REVIEW	development-code-shaped name found in explicit tight grammatical relationship with 'antibody-drug conjugate'/'ADC' (e.g. '<code> is a novel antibody-drug conjugate' or 'the ADC candidate <code>') in free-text title/abstract -- no structured field confirms this, and a development code alone (unlike a USAN/INN suffix) carries no independent payload/linker class evidence; needs a human check before promotion, not auto-promoted regardless of how many sources mention it.	PRESUMED_STRICT_ADC	
ADC_SUFFIX_585cdd71a059	ADC_CANDIDATE	SYS6051	conference_abstract_corpus	10.1158/1538-7445.am2025-4337	development-code + explicit ADC-context match; example: Abstract 4337: SYS6051, a next-generation tissue factor-targeted antibody-drug conjugates for the treatment of TF-expressing malignancies	2025-04-21	medium	NEEDS_REVIEW	development-code-shaped name found in explicit tight grammatical relationship with 'antibody-drug conjugate'/'ADC' (e.g. '<code> is a novel antibody-drug conjugate' or 'the ADC candidate <code>') in free-text title/abstract -- no structured field confirms this, and a development code alone (unlike a USAN/INN suffix) carries no independent payload/linker class evidence; needs a human check before promotion, not auto-promoted regardless of how many sources mention it.	PRESUMED_STRICT_ADC	
ADC_SUFFIX_dc78a3320b9b	ADC_CANDIDATE	SYS6042	conference_abstract_corpus	10.1158/1538-7445.am2025-4338	development-code + explicit ADC-context match; example: Abstract 4338: SYS6042, a novel anti-TROP2 pH-sensitive antibody-drug conjugate (ADC) with improved therapeutic window	2025-04-21	medium	NEEDS_REVIEW	development-code-shaped name found in explicit tight grammatical relationship with 'antibody-drug conjugate'/'ADC' (e.g. '<code> is a novel antibody-drug conjugate' or 'the ADC candidate <code>') in free-text title/abstract -- no structured field confirms this, and a development code alone (unlike a USAN/INN suffix) carries no independent payload/linker class evidence; needs a human check before promotion, not auto-promoted regardless of how many sources mention it.	PRESUMED_STRICT_ADC	
ADC_SUFFIX_60fa0f0c2dfe	ADC_CANDIDATE	OBI-902	conference_abstract_corpus	10.1158/1538-7445.am2025-4356	development-code + explicit ADC-context match; example: Abstract 4356: OBI-902, a novel TROP2 targeted antibody-drug conjugate via GlycOBI® platform, has favorable pharmacokinetics and sustained antitumor a	2025-04-21	medium	NEEDS_REVIEW	development-code-shaped name found in explicit tight grammatical relationship with 'antibody-drug conjugate'/'ADC' (e.g. '<code> is a novel antibody-drug conjugate' or 'the ADC candidate <code>') in free-text title/abstract -- no structured field confirms this, and a development code alone (unlike a USAN/INN suffix) carries no independent payload/linker class evidence; needs a human check before promotion, not auto-promoted regardless of how many sources mention it.	PRESUMED_STRICT_ADC	
ADC_SUFFIX_84598fd70b69	ADC_CANDIDATE	BSI-721	conference_abstract_corpus	10.1158/1538-7445.am2025-4723	development-code + explicit ADC-context match; example: Abstract 4723: Development and preclinical activity of BSI-721, a novel antibody-drug conjugate (ADC) targeting cadherin 17 (CDH17) in gastrointestina	2025-04-21	medium	NEEDS_REVIEW	development-code-shaped name found in explicit tight grammatical relationship with 'antibody-drug conjugate'/'ADC' (e.g. '<code> is a novel antibody-drug conjugate' or 'the ADC candidate <code>') in free-text title/abstract -- no structured field confirms this, and a development code alone (unlike a USAN/INN suffix) carries no independent payload/linker class evidence; needs a human check before promotion, not auto-promoted regardless of how many sources mention it.	PRESUMED_STRICT_ADC	
ADC_SUFFIX_a6f29d62208f	ADC_CANDIDATE	PLB-001	conference_abstract_corpus	10.1158/1538-7445.am2025-4746	development-code + explicit ADC-context match; example: Abstract 4746: PLB-001, a novel anti-dll3 ADC with topoisomerase 1 inhibitor-based linker-payload for treatment of SCLC	2025-04-21	medium	NEEDS_REVIEW	development-code-shaped name found in explicit tight grammatical relationship with 'antibody-drug conjugate'/'ADC' (e.g. '<code> is a novel antibody-drug conjugate' or 'the ADC candidate <code>') in free-text title/abstract -- no structured field confirms this, and a development code alone (unlike a USAN/INN suffix) carries no independent payload/linker class evidence; needs a human check before promotion, not auto-promoted regardless of how many sources mention it.	PRESUMED_STRICT_ADC	
ADC_SUFFIX_9bb31f211b86	ADC_CANDIDATE	CS5005	conference_abstract_corpus	10.1158/1538-7445.am2025-4751	development-code + explicit ADC-context match; example: Abstract 4751: CS5005: A novel SSTR2-targeted antibody-drug conjugate (ADC) with robust antitumor activity in preclinical studies	2025-04-21	medium	NEEDS_REVIEW	development-code-shaped name found in explicit tight grammatical relationship with 'antibody-drug conjugate'/'ADC' (e.g. '<code> is a novel antibody-drug conjugate' or 'the ADC candidate <code>') in free-text title/abstract -- no structured field confirms this, and a development code alone (unlike a USAN/INN suffix) carries no independent payload/linker class evidence; needs a human check before promotion, not auto-promoted regardless of how many sources mention it.	PRESUMED_STRICT_ADC	
ADC_SUFFIX_c7591214c499	ADC_CANDIDATE	TST105	conference_abstract_corpus	10.1158/1538-7445.am2025-4769	development-code + explicit ADC-context match; example: Abstract 4769: Characterization of novel humanized FGFR2b antibody-based ADCs site-specifically conjugated with topoisomerase I inhibitor payload in p	2025-04-21	medium	NEEDS_REVIEW	development-code-shaped name found in explicit tight grammatical relationship with 'antibody-drug conjugate'/'ADC' (e.g. '<code> is a novel antibody-drug conjugate' or 'the ADC candidate <code>') in free-text title/abstract -- no structured field confirms this, and a development code alone (unlike a USAN/INN suffix) carries no independent payload/linker class evidence; needs a human check before promotion, not auto-promoted regardless of how many sources mention it.	PRESUMED_STRICT_ADC	
ADC_SUFFIX_11a94014f248	ADC_CANDIDATE	BB-1705	conference_abstract_corpus	10.1158/1538-7445.am2025-4779	development-code + explicit ADC-context match; example: Abstract 4779: Preclinical studies of BB-1705: An EGFR-targeting eribulin-containing ADC with an affinity optimized antibody to minimize potential tox	2025-04-21	medium	NEEDS_REVIEW	development-code-shaped name found in explicit tight grammatical relationship with 'antibody-drug conjugate'/'ADC' (e.g. '<code> is a novel antibody-drug conjugate' or 'the ADC candidate <code>') in free-text title/abstract -- no structured field confirms this, and a development code alone (unlike a USAN/INN suffix) carries no independent payload/linker class evidence; needs a human check before promotion, not auto-promoted regardless of how many sources mention it.	PRESUMED_STRICT_ADC	
ADC_SUFFIX_ace42ba310b3	ADC_CANDIDATE	IPH4502	conference_abstract_corpus	10.1158/1538-7445.am2025-5443	development-code + explicit ADC-context match; example: Abstract 5443: IPH4502, a differentiated Nectin-4 exatecan antibody-drug conjugate	2025-04-21	medium	NEEDS_REVIEW	development-code-shaped name found in explicit tight grammatical relationship with 'antibody-drug conjugate'/'ADC' (e.g. '<code> is a novel antibody-drug conjugate' or 'the ADC candidate <code>') in free-text title/abstract -- no structured field confirms this, and a development code alone (unlike a USAN/INN suffix) carries no independent payload/linker class evidence; needs a human check before promotion, not auto-promoted regardless of how many sources mention it.	PRESUMED_STRICT_ADC	
ADC_SUFFIX_4ec7d1dcd4c6	ADC_CANDIDATE	SCR-A003	conference_abstract_corpus	10.1158/1538-7445.am2025-5449	development-code + explicit ADC-context match; example: Abstract 5449: Preclinical development of SCR-A003, a novel topoisomerase I inhibitor-based antibody-drug conjugate (ADC) targeting LIV-1 for solid ca	2025-04-21	medium	NEEDS_REVIEW	development-code-shaped name found in explicit tight grammatical relationship with 'antibody-drug conjugate'/'ADC' (e.g. '<code> is a novel antibody-drug conjugate' or 'the ADC candidate <code>') in free-text title/abstract -- no structured field confirms this, and a development code alone (unlike a USAN/INN suffix) carries no independent payload/linker class evidence; needs a human check before promotion, not auto-promoted regardless of how many sources mention it.	PRESUMED_STRICT_ADC	
ADC_SUFFIX_293d63130f18	ADC_CANDIDATE	JSKN022	conference_abstract_corpus	10.1158/1538-7445.am2025-5450	development-code + explicit ADC-context match; example: Abstract 5450: JSKN022, a first in class multi-specific ADC targeting PD-L1 and ITGB6/8 with an innovative DNA topoisomerase I inhibitor demonstrates 	2025-04-21	medium	NEEDS_REVIEW	development-code-shaped name found in explicit tight grammatical relationship with 'antibody-drug conjugate'/'ADC' (e.g. '<code> is a novel antibody-drug conjugate' or 'the ADC candidate <code>') in free-text title/abstract -- no structured field confirms this, and a development code alone (unlike a USAN/INN suffix) carries no independent payload/linker class evidence; needs a human check before promotion, not auto-promoted regardless of how many sources mention it.	PRESUMED_STRICT_ADC	
ADC_SUFFIX_d1d7381c3f66	ADC_CANDIDATE	JSKN021	conference_abstract_corpus	10.1158/1538-7445.am2025-5451	development-code + explicit ADC-context match; example: Abstract 5451: JSKN021, an innovative site-specific dual-payload bispecific antibody drug conjugate targeting EGFR and HER3 exhibits potent preclinica	2025-04-21	medium	NEEDS_REVIEW	development-code-shaped name found in explicit tight grammatical relationship with 'antibody-drug conjugate'/'ADC' (e.g. '<code> is a novel antibody-drug conjugate' or 'the ADC candidate <code>') in free-text title/abstract -- no structured field confirms this, and a development code alone (unlike a USAN/INN suffix) carries no independent payload/linker class evidence; needs a human check before promotion, not auto-promoted regardless of how many sources mention it.	PRESUMED_STRICT_ADC	
ADC_SUFFIX_caaf660cb4b5	ADC_CANDIDATE	DB-1325	conference_abstract_corpus	10.1158/1538-7445.am2025-5454	development-code + explicit ADC-context match; example: Abstract 5454: DB-1325, a BCMA-targeting antibody-drug conjugate with a Duality Unique Payload, exhibits promising efficacy and safety in preclinical 	2025-04-21	medium	NEEDS_REVIEW	development-code-shaped name found in explicit tight grammatical relationship with 'antibody-drug conjugate'/'ADC' (e.g. '<code> is a novel antibody-drug conjugate' or 'the ADC candidate <code>') in free-text title/abstract -- no structured field confirms this, and a development code alone (unlike a USAN/INN suffix) carries no independent payload/linker class evidence; needs a human check before promotion, not auto-promoted regardless of how many sources mention it.	PRESUMED_STRICT_ADC	
ADC_SUFFIX_7d805c66026e	ADC_CANDIDATE	BG-C477	conference_abstract_corpus	10.1158/1538-7445.am2025-5461	development-code + explicit ADC-context match; example: Abstract 5461: BG-C477, a novel topoisomerase 1 inhibitor-based ADC, exhibits antitumor activity in carcinoembryonic antigen-related cell adhesion mol	2025-04-21	medium	NEEDS_REVIEW	development-code-shaped name found in explicit tight grammatical relationship with 'antibody-drug conjugate'/'ADC' (e.g. '<code> is a novel antibody-drug conjugate' or 'the ADC candidate <code>') in free-text title/abstract -- no structured field confirms this, and a development code alone (unlike a USAN/INN suffix) carries no independent payload/linker class evidence; needs a human check before promotion, not auto-promoted regardless of how many sources mention it.	PRESUMED_STRICT_ADC	
ADC_SUFFIX_4a68a24be61e	ADC_CANDIDATE	AMB303	conference_abstract_corpus	10.1158/1538-7445.am2025-5462	development-code + explicit ADC-context match; example: Abstract 5462: AMB303: A novel topo I payload ADC showing efficacy in NSCLC and TNBC, with potential for immune checkpoint combination therapy	2025-04-21	medium	NEEDS_REVIEW	development-code-shaped name found in explicit tight grammatical relationship with 'antibody-drug conjugate'/'ADC' (e.g. '<code> is a novel antibody-drug conjugate' or 'the ADC candidate <code>') in free-text title/abstract -- no structured field confirms this, and a development code alone (unlike a USAN/INN suffix) carries no independent payload/linker class evidence; needs a human check before promotion, not auto-promoted regardless of how many sources mention it.	PRESUMED_STRICT_ADC	
ADC_SUFFIX_f54b22529587	ADC_CANDIDATE	AMB304	conference_abstract_corpus	10.1158/1538-7445.am2025-5463	development-code + explicit ADC-context match; example: Abstract 5463: AMB304: A next generation ADC with topo I inhibitor, demonstrating robust preclinical efficacy against target overexpression tumors and	2025-04-21	medium	NEEDS_REVIEW	development-code-shaped name found in explicit tight grammatical relationship with 'antibody-drug conjugate'/'ADC' (e.g. '<code> is a novel antibody-drug conjugate' or 'the ADC candidate <code>') in free-text title/abstract -- no structured field confirms this, and a development code alone (unlike a USAN/INN suffix) carries no independent payload/linker class evidence; needs a human check before promotion, not auto-promoted regardless of how many sources mention it.	PRESUMED_STRICT_ADC	
ADC_SUFFIX_5453238d150d	ADC_CANDIDATE	SOT109	conference_abstract_corpus	10.1158/1538-7445.am2025-5469	development-code + explicit ADC-context match; example: Abstract 5469: Preclinical safety and efficacy of SOT109, an antibody-drug conjugate targeting cadherin 17 (CDH17) for the treatment of colorectal and	2025-04-21	medium	NEEDS_REVIEW	development-code-shaped name found in explicit tight grammatical relationship with 'antibody-drug conjugate'/'ADC' (e.g. '<code> is a novel antibody-drug conjugate' or 'the ADC candidate <code>') in free-text title/abstract -- no structured field confirms this, and a development code alone (unlike a USAN/INN suffix) carries no independent payload/linker class evidence; needs a human check before promotion, not auto-promoted regardless of how many sources mention it.	PRESUMED_STRICT_ADC	
ADC_SUFFIX_e76c9f123dc0	ADC_CANDIDATE	HLX91-048	conference_abstract_corpus	10.1158/1538-7445.am2025-5730	development-code + explicit ADC-context match; example: Abstract 5730: Discovery of a novel antibody-drug conjugate linker-payload with a distinct killing mechanism via prolonged unfolded protein response a	2025-04-21	medium	NEEDS_REVIEW	development-code-shaped name found in explicit tight grammatical relationship with 'antibody-drug conjugate'/'ADC' (e.g. '<code> is a novel antibody-drug conjugate' or 'the ADC candidate <code>') in free-text title/abstract -- no structured field confirms this, and a development code alone (unlike a USAN/INN suffix) carries no independent payload/linker class evidence; needs a human check before promotion, not auto-promoted regardless of how many sources mention it.	PRESUMED_STRICT_ADC	
ADC_SUFFIX_7d5cc5faf0c5	ADC_CANDIDATE	BGB-C354	clinicaltrials; conference_abstract_corpus	10.1158/1538-7445.am2025-5731	development-code + explicit ADC-context match; example: A First-in-Human Study of BGB-C354 Alone and in Combination With Tislelizumab in Participants With Advanced Solid Tumors	2024-05-21	medium	NEEDS_REVIEW	development-code-shaped name found in explicit tight grammatical relationship with 'antibody-drug conjugate'/'ADC' (e.g. '<code> is a novel antibody-drug conjugate' or 'the ADC candidate <code>') in free-text title/abstract -- no structured field confirms this, and a development code alone (unlike a USAN/INN suffix) carries no independent payload/linker class evidence; needs a human check before promotion, not auto-promoted regardless of how many sources mention it.	PRESUMED_STRICT_ADC	
ADC_SUFFIX_39501ac699c2	ADC_CANDIDATE	BB-1712	conference_abstract_corpus	10.1158/1538-7445.am2025-6173	development-code + explicit ADC-context match; example: Abstract 6173: Preclinical studies of BB-1712: A B7H3-targeting eribulin-containing ADC with the potential to overcome resistance to DNA topoisomerase	2025-04-21	medium	NEEDS_REVIEW	development-code-shaped name found in explicit tight grammatical relationship with 'antibody-drug conjugate'/'ADC' (e.g. '<code> is a novel antibody-drug conjugate' or 'the ADC candidate <code>') in free-text title/abstract -- no structured field confirms this, and a development code alone (unlike a USAN/INN suffix) carries no independent payload/linker class evidence; needs a human check before promotion, not auto-promoted regardless of how many sources mention it.	PRESUMED_STRICT_ADC	
ADC_SUFFIX_decd61c0510e	ADC_CANDIDATE	ADCT-241	conference_abstract_corpus	10.1158/1538-7445.am2025-6736	development-code + explicit ADC-context match; example: Abstract 6736: Preclinical development of ADCT-241, a novel exatecan-based antibody-drug conjugate targeting PSMA for the treatment of prostate cancer	2025-04-21	medium	NEEDS_REVIEW	development-code-shaped name found in explicit tight grammatical relationship with 'antibody-drug conjugate'/'ADC' (e.g. '<code> is a novel antibody-drug conjugate' or 'the ADC candidate <code>') in free-text title/abstract -- no structured field confirms this, and a development code alone (unlike a USAN/INN suffix) carries no independent payload/linker class evidence; needs a human check before promotion, not auto-promoted regardless of how many sources mention it.	PRESUMED_STRICT_ADC	
ADC_SUFFIX_759d2e34fd27	ADC_CANDIDATE	QLS5132	conference_abstract_corpus	10.1158/1538-7445.am2025-6750	development-code + explicit ADC-context match; example: Abstract 6750: QLS5132, a highly selective anti-CLDN6 ADC with broader therapeutic window	2025-04-21	medium	NEEDS_REVIEW	development-code-shaped name found in explicit tight grammatical relationship with 'antibody-drug conjugate'/'ADC' (e.g. '<code> is a novel antibody-drug conjugate' or 'the ADC candidate <code>') in free-text title/abstract -- no structured field confirms this, and a development code alone (unlike a USAN/INN suffix) carries no independent payload/linker class evidence; needs a human check before promotion, not auto-promoted regardless of how many sources mention it.	PRESUMED_STRICT_ADC	
ADC_SUFFIX_49409b133a44	ADC_CANDIDATE	SYS6041	conference_abstract_corpus	10.1158/1538-7445.am2025-6832	development-code + explicit ADC-context match; example: Abstract 6832: SYS6041, a next-generation Folate Receptor α-targeted antibody-drug conjugates for the treatment of FRα-expressing malignancies	2025-04-21	medium	NEEDS_REVIEW	development-code-shaped name found in explicit tight grammatical relationship with 'antibody-drug conjugate'/'ADC' (e.g. '<code> is a novel antibody-drug conjugate' or 'the ADC candidate <code>') in free-text title/abstract -- no structured field confirms this, and a development code alone (unlike a USAN/INN suffix) carries no independent payload/linker class evidence; needs a human check before promotion, not auto-promoted regardless of how many sources mention it.	PRESUMED_STRICT_ADC	
ADC_SUFFIX_2b8468f2a5c1	ADC_CANDIDATE	7MW3711	conference_abstract_corpus	10.1158/1538-7445.am2025-830	development-code + explicit ADC-context match; example: Abstract 830: Combined a B7-H3-targeting antibody-drug conjugate, 7MW3711, and PARP inhibitors synergistically potentiates the antitumor activity in B	2025-04-21	medium	NEEDS_REVIEW	development-code-shaped name found in explicit tight grammatical relationship with 'antibody-drug conjugate'/'ADC' (e.g. '<code> is a novel antibody-drug conjugate' or 'the ADC candidate <code>') in free-text title/abstract -- no structured field confirms this, and a development code alone (unlike a USAN/INN suffix) carries no independent payload/linker class evidence; needs a human check before promotion, not auto-promoted regardless of how many sources mention it.	PRESUMED_STRICT_ADC	
ADC_SUFFIX_0658d4488439	ADC_CANDIDATE	GSK5733584	conference_abstract_corpus	10.1158/1538-7445.am2025-ct188	development-code + explicit ADC-context match; example: Abstract CT188: BEHOLD-1: A Phase 1 Dose Escalation Study of GSK5733584, a B7-H4-Targeted Antibody-Drug Conjugate, in Patients With Advanced Solid Tum	2025-04-25	medium	NEEDS_REVIEW	development-code-shaped name found in explicit tight grammatical relationship with 'antibody-drug conjugate'/'ADC' (e.g. '<code> is a novel antibody-drug conjugate' or 'the ADC candidate <code>') in free-text title/abstract -- no structured field confirms this, and a development code alone (unlike a USAN/INN suffix) carries no independent payload/linker class evidence; needs a human check before promotion, not auto-promoted regardless of how many sources mention it.	PRESUMED_STRICT_ADC	
ADC_SUFFIX_624456bca27a	ADC_CANDIDATE	GSK5764227	clinicaltrials; conference_abstract_corpus	10.1158/1538-7445.am2025-ct195; aacr:2026:0675; aacr:2026:7097	development-code + explicit ADC-context match; example: A Comprehensive Multiomic Biomarker Evaluation Across Two Single-arm Cohorts to Elucidate Mechanisms of Response and Resistance in Recurrent/Metastati	2025-04-25	medium	NEEDS_REVIEW	development-code-shaped name found in explicit tight grammatical relationship with 'antibody-drug conjugate'/'ADC' (e.g. '<code> is a novel antibody-drug conjugate' or 'the ADC candidate <code>') in free-text title/abstract -- no structured field confirms this, and a development code alone (unlike a USAN/INN suffix) carries no independent payload/linker class evidence; needs a human check before promotion, not auto-promoted regardless of how many sources mention it.	PRESUMED_STRICT_ADC	
ADC_SUFFIX_964d552ab343	ADC_CANDIDATE	DAY301	clinicaltrials; conference_abstract_corpus	10.1158/1538-7445.am2025-ct196	development-code + explicit ADC-context match; example: Abstract CT196: Phase 1 dose escalation and expansion study of the PTK7-targeted antibody-drug conjugate DAY301 in patients with locally advanced or m	2024-12-31	medium	NEEDS_REVIEW	development-code-shaped name found in explicit tight grammatical relationship with 'antibody-drug conjugate'/'ADC' (e.g. '<code> is a novel antibody-drug conjugate' or 'the ADC candidate <code>') in free-text title/abstract -- no structured field confirms this, and a development code alone (unlike a USAN/INN suffix) carries no independent payload/linker class evidence; needs a human check before promotion, not auto-promoted regardless of how many sources mention it.	PRESUMED_STRICT_ADC	
ADC_SUFFIX_22cdee1a4fbb	ADC_CANDIDATE	EO-1022	conference_abstract_corpus	10.1158/1538-7445.am2025-lb004	development-code + explicit ADC-context match; example: Abstract LB004: Preclinical discovery and characterization of EO-1022, a site-specific glycan-conjugated anti-HER3 vc-MMAE ADC for treating solid tumo	2025-04-25	medium	NEEDS_REVIEW	development-code-shaped name found in explicit tight grammatical relationship with 'antibody-drug conjugate'/'ADC' (e.g. '<code> is a novel antibody-drug conjugate' or 'the ADC candidate <code>') in free-text title/abstract -- no structured field confirms this, and a development code alone (unlike a USAN/INN suffix) carries no independent payload/linker class evidence; needs a human check before promotion, not auto-promoted regardless of how many sources mention it.	PRESUMED_STRICT_ADC	
ADC_SUFFIX_dbc4092cf834	ADC_CANDIDATE	IBI3010	conference_abstract_corpus	10.1158/1538-7445.am2025-lb222	development-code + explicit ADC-context match; example: Abstract LB222: Preclinical characterization of IBI3010, a FRα targeting biparatopic antibody-drug conjugate (ADC), for the treatment of FRα expressin	2025-04-25	medium	NEEDS_REVIEW	development-code-shaped name found in explicit tight grammatical relationship with 'antibody-drug conjugate'/'ADC' (e.g. '<code> is a novel antibody-drug conjugate' or 'the ADC candidate <code>') in free-text title/abstract -- no structured field confirms this, and a development code alone (unlike a USAN/INN suffix) carries no independent payload/linker class evidence; needs a human check before promotion, not auto-promoted regardless of how many sources mention it.	PRESUMED_STRICT_ADC	
ADC_SUFFIX_84e9e6100ae0	ADC_CANDIDATE	ALK201	conference_abstract_corpus	10.1158/1538-7445.am2025-lb227; 10.1200/jco.2026.44.16_suppl.3025	development-code + explicit ADC-context match; example: Abstract LB227: ALK201, a first-in-class FGFR2b-targeting antibody-drug conjugate for patients with FGFR2b+ gastric cancer and other solid tumors	2025-04-25	medium	NEEDS_REVIEW	development-code-shaped name found in explicit tight grammatical relationship with 'antibody-drug conjugate'/'ADC' (e.g. '<code> is a novel antibody-drug conjugate' or 'the ADC candidate <code>') in free-text title/abstract -- no structured field confirms this, and a development code alone (unlike a USAN/INN suffix) carries no independent payload/linker class evidence; needs a human check before promotion, not auto-promoted regardless of how many sources mention it.	PRESUMED_STRICT_ADC	
ADC_SUFFIX_4608ed4171ae	ADC_CANDIDATE	SDP01873	conference_abstract_corpus	10.1158/1538-7445.am2025-lb279	development-code + explicit ADC-context match; example: Abstract LB279: SDP01873, a novel HER3×c-Met bispecific antibody-drug conjugate (ADC) targeting EGFR tyrosine kinase inhibitor (TKI)-resistant non-sma	2025-04-25	medium	NEEDS_REVIEW	development-code-shaped name found in explicit tight grammatical relationship with 'antibody-drug conjugate'/'ADC' (e.g. '<code> is a novel antibody-drug conjugate' or 'the ADC candidate <code>') in free-text title/abstract -- no structured field confirms this, and a development code alone (unlike a USAN/INN suffix) carries no independent payload/linker class evidence; needs a human check before promotion, not auto-promoted regardless of how many sources mention it.	PRESUMED_STRICT_ADC	
ADC_SUFFIX_85875a889934	ADC_CANDIDATE	ACR246	conference_abstract_corpus	10.1158/1538-7445.am2026-ct049; 10.1200/jco.2024.42.16_suppl.e15005; 10.1200/jco.2025.43.16_suppl.e15110; 10.1200/jco.2025.43.16_suppl.tps3166; aacr:2026:3794	development-code + explicit ADC-context match; example: A dose escalation and cohort expansion phase I/IIa study of ACR246, an innovative 5T4- antibody drug conjugate (ADC), in patients (pts) with advanced 	2024-06-01	medium	NEEDS_REVIEW	development-code-shaped name found in explicit tight grammatical relationship with 'antibody-drug conjugate'/'ADC' (e.g. '<code> is a novel antibody-drug conjugate' or 'the ADC candidate <code>') in free-text title/abstract -- no structured field confirms this, and a development code alone (unlike a USAN/INN suffix) carries no independent payload/linker class evidence; needs a human check before promotion, not auto-promoted regardless of how many sources mention it.	PRESUMED_STRICT_ADC	
ADC_SUFFIX_2a4c2951074b	ADC_CANDIDATE	IPN60300	conference_abstract_corpus	10.1158/1538-7445.am2026-ct087; aacr:2026:1665	development-code + explicit ADC-context match; example: Abstract CT087: Phase I/II FIH study of IPN60300, a first-in-class ADC targeting ITGA2, to assess the safety, tolerability, PK, biomarkers, immunogeni		medium	NEEDS_REVIEW	development-code-shaped name found in explicit tight grammatical relationship with 'antibody-drug conjugate'/'ADC' (e.g. '<code> is a novel antibody-drug conjugate' or 'the ADC candidate <code>') in free-text title/abstract -- no structured field confirms this, and a development code alone (unlike a USAN/INN suffix) carries no independent payload/linker class evidence; needs a human check before promotion, not auto-promoted regardless of how many sources mention it.	PRESUMED_STRICT_ADC	
ADC_SUFFIX_75698c594f9a	ADC_CANDIDATE	DB-1317	conference_abstract_corpus	10.1158/1538-7445.am2026-ct092	development-code + explicit ADC-context match; example: Abstract CT092: A Phase 1a/1b, first-in-human study of an ADC targeting ADAM9 (DB-1317) in participants with selected advanced or metastatic solid tum		medium	NEEDS_REVIEW	development-code-shaped name found in explicit tight grammatical relationship with 'antibody-drug conjugate'/'ADC' (e.g. '<code> is a novel antibody-drug conjugate' or 'the ADC candidate <code>') in free-text title/abstract -- no structured field confirms this, and a development code alone (unlike a USAN/INN suffix) carries no independent payload/linker class evidence; needs a human check before promotion, not auto-promoted regardless of how many sources mention it.	PRESUMED_STRICT_ADC	
ADC_SUFFIX_6759ec63ae2e	ADC_CANDIDATE	VBC101	clinicaltrials; conference_abstract_corpus	10.1158/1538-7445.am2026-ct099	development-code + explicit ADC-context match; example: Abstract CT099: Phase 1/2a open-label clinical trial evaluating VBC101, an EGFR and cMET targeted bi-specific antibody drug conjugate (ADC), in partic	2025-08-22	medium	NEEDS_REVIEW	development-code-shaped name found in explicit tight grammatical relationship with 'antibody-drug conjugate'/'ADC' (e.g. '<code> is a novel antibody-drug conjugate' or 'the ADC candidate <code>') in free-text title/abstract -- no structured field confirms this, and a development code alone (unlike a USAN/INN suffix) carries no independent payload/linker class evidence; needs a human check before promotion, not auto-promoted regardless of how many sources mention it.	PRESUMED_STRICT_ADC	
ADC_SUFFIX_0f8ea7a70ba9	ADC_CANDIDATE	JS212	conference_abstract_corpus	10.1158/1538-7445.am2026-ct128; aacr:2026:1715	development-code + explicit ADC-context match; example: Abstract CT128: Preliminary results from a first-in-human phase I/II study of JS212, an EGFR/HER3-targeted bispecific antibody-drug conjugate (ADC), i		medium	NEEDS_REVIEW	development-code-shaped name found in explicit tight grammatical relationship with 'antibody-drug conjugate'/'ADC' (e.g. '<code> is a novel antibody-drug conjugate' or 'the ADC candidate <code>') in free-text title/abstract -- no structured field confirms this, and a development code alone (unlike a USAN/INN suffix) carries no independent payload/linker class evidence; needs a human check before promotion, not auto-promoted regardless of how many sources mention it.	PRESUMED_STRICT_ADC	
ADC_SUFFIX_646f7d0f1b55	ADC_CANDIDATE	CAN016	conference_abstract_corpus	10.1158/1538-7445.am2026-ct292	development-code + explicit ADC-context match; example: Abstract CT292: CAN016, a HER2-targeted dual-payload ADC, phase 1 clinical development		medium	NEEDS_REVIEW	development-code-shaped name found in explicit tight grammatical relationship with 'antibody-drug conjugate'/'ADC' (e.g. '<code> is a novel antibody-drug conjugate' or 'the ADC candidate <code>') in free-text title/abstract -- no structured field confirms this, and a development code alone (unlike a USAN/INN suffix) carries no independent payload/linker class evidence; needs a human check before promotion, not auto-promoted regardless of how many sources mention it.	PRESUMED_STRICT_ADC	
ADC_SUFFIX_913bf60e2165	ADC_CANDIDATE	ARC-401	conference_abstract_corpus	10.1158/1538-7445.am2026-lb048	development-code + explicit ADC-context match; example: Abstract LB048: ARC-401 - a triple payload first-in-class ADC against Nectin-4 designed to overcome cancer resistance and tumor heterogeneity shows br		medium	NEEDS_REVIEW	development-code-shaped name found in explicit tight grammatical relationship with 'antibody-drug conjugate'/'ADC' (e.g. '<code> is a novel antibody-drug conjugate' or 'the ADC candidate <code>') in free-text title/abstract -- no structured field confirms this, and a development code alone (unlike a USAN/INN suffix) carries no independent payload/linker class evidence; needs a human check before promotion, not auto-promoted regardless of how many sources mention it.	PRESUMED_STRICT_ADC	
ADC_SUFFIX_47a60ecf7311	ADC_CANDIDATE	BCG048	conference_abstract_corpus	10.1158/1538-7445.am2026-lb051	development-code + explicit ADC-context match; example: Abstract LB051: BCG048, a novel bispecific dual-payload ADC targeting ITGB6 and B7H3, exhibited potent efficacy in patient-derived tumor xenograft mod		medium	NEEDS_REVIEW	development-code-shaped name found in explicit tight grammatical relationship with 'antibody-drug conjugate'/'ADC' (e.g. '<code> is a novel antibody-drug conjugate' or 'the ADC candidate <code>') in free-text title/abstract -- no structured field confirms this, and a development code alone (unlike a USAN/INN suffix) carries no independent payload/linker class evidence; needs a human check before promotion, not auto-promoted regardless of how many sources mention it.	PRESUMED_STRICT_ADC	
ADC_SUFFIX_d1b9126071f4	ADC_CANDIDATE	HSC00189	conference_abstract_corpus	10.1158/1538-7445.am2026-lb054	development-code + explicit ADC-context match; example: Abstract LB054: Preclinical characterization of HSC00189, a novel bispecific ADC targeting cadherin-6 (CDH6) and folate receptor alpha (FOLR1) for the		medium	NEEDS_REVIEW	development-code-shaped name found in explicit tight grammatical relationship with 'antibody-drug conjugate'/'ADC' (e.g. '<code> is a novel antibody-drug conjugate' or 'the ADC candidate <code>') in free-text title/abstract -- no structured field confirms this, and a development code alone (unlike a USAN/INN suffix) carries no independent payload/linker class evidence; needs a human check before promotion, not auto-promoted regardless of how many sources mention it.	PRESUMED_STRICT_ADC	
ADC_SUFFIX_9db48b977168	ADC_CANDIDATE	DEM301	conference_abstract_corpus	10.1158/1538-7445.am2026-lb062	development-code + explicit ADC-context match; example: Abstract LB062: DEM301, a novel bifunctional ADC with potent immunomodulatory activity for potential use in difficult to treat colorectal malignancies		medium	NEEDS_REVIEW	development-code-shaped name found in explicit tight grammatical relationship with 'antibody-drug conjugate'/'ADC' (e.g. '<code> is a novel antibody-drug conjugate' or 'the ADC candidate <code>') in free-text title/abstract -- no structured field confirms this, and a development code alone (unlike a USAN/INN suffix) carries no independent payload/linker class evidence; needs a human check before promotion, not auto-promoted regardless of how many sources mention it.	PRESUMED_STRICT_ADC	
ADC_SUFFIX_93f95d886538	ADC_CANDIDATE	PLB-015	conference_abstract_corpus	10.1158/1538-7445.am2026-lb069	development-code + explicit ADC-context match; example: Abstract LB069: PLB-015 a novel anti-HER2 dual payload ADC for the treatment of HER2 positive solid tumors		medium	NEEDS_REVIEW	development-code-shaped name found in explicit tight grammatical relationship with 'antibody-drug conjugate'/'ADC' (e.g. '<code> is a novel antibody-drug conjugate' or 'the ADC candidate <code>') in free-text title/abstract -- no structured field confirms this, and a development code alone (unlike a USAN/INN suffix) carries no independent payload/linker class evidence; needs a human check before promotion, not auto-promoted regardless of how many sources mention it.	PRESUMED_STRICT_ADC	
ADC_SUFFIX_d2a4b4d99a74	ADC_CANDIDATE	KHN928	conference_abstract_corpus	10.1158/1538-7445.am2026-lb193	development-code + explicit ADC-context match; example: Abstract LB193: A novel DLL3-B7H3 bispecific dual-payload ADC, KHN928, demonstrates potent antitumor efficacy in small cell lung cancer		medium	NEEDS_REVIEW	development-code-shaped name found in explicit tight grammatical relationship with 'antibody-drug conjugate'/'ADC' (e.g. '<code> is a novel antibody-drug conjugate' or 'the ADC candidate <code>') in free-text title/abstract -- no structured field confirms this, and a development code alone (unlike a USAN/INN suffix) carries no independent payload/linker class evidence; needs a human check before promotion, not auto-promoted regardless of how many sources mention it.	PRESUMED_STRICT_ADC	
ADC_SUFFIX_4952aa17c8b1	ADC_CANDIDATE	BCG047	conference_abstract_corpus	10.1158/1538-7445.am2026-lb263	development-code + explicit ADC-context match; example: Abstract LB263: BCG047, a novel heavy chain antibody-drug conjugate targeting FOLR1, demonstrates outstanding preclinical antitumor efficacy		medium	NEEDS_REVIEW	development-code-shaped name found in explicit tight grammatical relationship with 'antibody-drug conjugate'/'ADC' (e.g. '<code> is a novel antibody-drug conjugate' or 'the ADC candidate <code>') in free-text title/abstract -- no structured field confirms this, and a development code alone (unlike a USAN/INN suffix) carries no independent payload/linker class evidence; needs a human check before promotion, not auto-promoted regardless of how many sources mention it.	PRESUMED_STRICT_ADC	
ADC_SUFFIX_31d57c9c4ddf	ADC_CANDIDATE	3H-10000	clinicaltrials; conference_abstract_corpus	10.1158/1538-7445.am2026-lb268	development-code + explicit ADC-context match; example: A First-in-human Study of 3H-10000 in Patients With Unresectable or Metastatic Solid Tumors	2026-01-21	medium	NEEDS_REVIEW	development-code-shaped name found in explicit tight grammatical relationship with 'antibody-drug conjugate'/'ADC' (e.g. '<code> is a novel antibody-drug conjugate' or 'the ADC candidate <code>') in free-text title/abstract -- no structured field confirms this, and a development code alone (unlike a USAN/INN suffix) carries no independent payload/linker class evidence; needs a human check before promotion, not auto-promoted regardless of how many sources mention it.	PRESUMED_STRICT_ADC	
ADC_SUFFIX_84e8b5e35731	ADC_CANDIDATE	ICP-B794	conference_abstract_corpus	10.1158/1538-7445.am2026-lb355	development-code + explicit ADC-context match; example: Abstract LB355: ICP-B794, a B7H3-targeting ADC with a novel linker-payload, demonstrated superior anti-tumor activity and large therapeutic window in 		medium	NEEDS_REVIEW	development-code-shaped name found in explicit tight grammatical relationship with 'antibody-drug conjugate'/'ADC' (e.g. '<code> is a novel antibody-drug conjugate' or 'the ADC candidate <code>') in free-text title/abstract -- no structured field confirms this, and a development code alone (unlike a USAN/INN suffix) carries no independent payload/linker class evidence; needs a human check before promotion, not auto-promoted regardless of how many sources mention it.	PRESUMED_STRICT_ADC	
ADC_SUFFIX_8bddf4dcbcb8	ADC_CANDIDATE	MK-3120	conference_abstract_corpus	10.1158/1538-7445.am2026-lb490	development-code + explicit ADC-context match; example: Abstract LB490: Preclinical evaluation of the nectin-4 antibody-drug conjugate MK-3120 (SKB410) in a panel of solid-tumor patient-derived xenograft mo		medium	NEEDS_REVIEW	development-code-shaped name found in explicit tight grammatical relationship with 'antibody-drug conjugate'/'ADC' (e.g. '<code> is a novel antibody-drug conjugate' or 'the ADC candidate <code>') in free-text title/abstract -- no structured field confirms this, and a development code alone (unlike a USAN/INN suffix) carries no independent payload/linker class evidence; needs a human check before promotion, not auto-promoted regardless of how many sources mention it.	PRESUMED_STRICT_ADC	
ADC_SUFFIX_e96d5c5e050d	ADC_CANDIDATE	CD205	conference_abstract_corpus	10.1200/jco.2017.35.15_suppl.e14039; 10.1200/jco.2019.37.15_suppl.e14726	development-code + explicit ADC-context match; example: CD205, a target antigen for a novel ADC: Evaluation of antigen expression on TNBC, pancreatic adenocarcinoma and bladder urothelial carcinoma.	2017-05-20	medium	NEEDS_REVIEW	development-code-shaped name found in explicit tight grammatical relationship with 'antibody-drug conjugate'/'ADC' (e.g. '<code> is a novel antibody-drug conjugate' or 'the ADC candidate <code>') in free-text title/abstract -- no structured field confirms this, and a development code alone (unlike a USAN/INN suffix) carries no independent payload/linker class evidence; needs a human check before promotion, not auto-promoted regardless of how many sources mention it.	PRESUMED_STRICT_ADC	
ADC_SUFFIX_07b2ba08cde7	ADC_CANDIDATE	SYD988	conference_abstract_corpus	10.1200/jco.2021.39.15_suppl.10037	development-code + explicit ADC-context match; example: Testing of B7-H3 targeting antibody-drug conjugate (ADC) MGC018 in models of pediatric solid tumors by the Pediatric Preclinical Testing Consortium (P	2021-05-20	medium	NEEDS_REVIEW	development-code-shaped name found in explicit tight grammatical relationship with 'antibody-drug conjugate'/'ADC' (e.g. '<code> is a novel antibody-drug conjugate' or 'the ADC candidate <code>') in free-text title/abstract -- no structured field confirms this, and a development code alone (unlike a USAN/INN suffix) carries no independent payload/linker class evidence; needs a human check before promotion, not auto-promoted regardless of how many sources mention it.	PRESUMED_STRICT_ADC	
ADC_SUFFIX_1210e16af576	ADC_CANDIDATE	MGTA-117	conference_abstract_corpus	10.1200/jco.2022.40.16_suppl.tps3156	development-code + explicit ADC-context match; example: TIP: A phase I/II study of MGTA-117, an anti-CD117 antibody-drug conjugate, in patients with adult acute myeloid leukemia (AML) and myelodysplasia wit	2022-06-01	medium	NEEDS_REVIEW	development-code-shaped name found in explicit tight grammatical relationship with 'antibody-drug conjugate'/'ADC' (e.g. '<code> is a novel antibody-drug conjugate' or 'the ADC candidate <code>') in free-text title/abstract -- no structured field confirms this, and a development code alone (unlike a USAN/INN suffix) carries no independent payload/linker class evidence; needs a human check before promotion, not auto-promoted regardless of how many sources mention it.	PRESUMED_STRICT_ADC	
ADC_SUFFIX_5d9379ab98f5	ADC_CANDIDATE	SYSA1801	conference_abstract_corpus	10.1200/jco.2023.41.16_suppl.3016	development-code + explicit ADC-context match; example: First-in-human dose escalation and expansion study of SYSA1801, an antibody-drug conjugate targeting claudin 18.2 in patients with resistant/refractor	2023-06-01	medium	NEEDS_REVIEW	development-code-shaped name found in explicit tight grammatical relationship with 'antibody-drug conjugate'/'ADC' (e.g. '<code> is a novel antibody-drug conjugate' or 'the ADC candidate <code>') in free-text title/abstract -- no structured field confirms this, and a development code alone (unlike a USAN/INN suffix) carries no independent payload/linker class evidence; needs a human check before promotion, not auto-promoted regardless of how many sources mention it.	PRESUMED_STRICT_ADC	
ADC_SUFFIX_b73d6c09afd1	ADC_CANDIDATE	MRG004A	conference_abstract_corpus	10.1200/jco.2024.42.16_suppl.3002	development-code + explicit ADC-context match; example: Phase I/II first-in-human study to evaluate the safety and efficacy of tissue factor-ADC MRG004A in patients with solid tumors.	2024-06-01	medium	NEEDS_REVIEW	development-code-shaped name found in explicit tight grammatical relationship with 'antibody-drug conjugate'/'ADC' (e.g. '<code> is a novel antibody-drug conjugate' or 'the ADC candidate <code>') in free-text title/abstract -- no structured field confirms this, and a development code alone (unlike a USAN/INN suffix) carries no independent payload/linker class evidence; needs a human check before promotion, not auto-promoted regardless of how many sources mention it.	PRESUMED_STRICT_ADC	
ADC_SUFFIX_597cfe5edd1a	ADC_CANDIDATE	CS5001	clinicaltrials; conference_abstract_corpus	10.1200/jco.2024.42.16_suppl.3023	development-code + explicit ADC-context match; example: A Study of CS5001 in Patients With Advanced Solid Tumors and Lymphomas	2022-03-15	medium	NEEDS_REVIEW	development-code-shaped name found in explicit tight grammatical relationship with 'antibody-drug conjugate'/'ADC' (e.g. '<code> is a novel antibody-drug conjugate' or 'the ADC candidate <code>') in free-text title/abstract -- no structured field confirms this, and a development code alone (unlike a USAN/INN suffix) carries no independent payload/linker class evidence; needs a human check before promotion, not auto-promoted regardless of how many sources mention it.	PRESUMED_STRICT_ADC	
ADC_SUFFIX_cea3e3b96906	ADC_CANDIDATE	ABBV-400	conference_abstract_corpus	10.1200/jco.2024.42.16_suppl.3030; 10.1200/jco.2024.42.16_suppl.3515; 10.1200/jco.2024.42.16_suppl.tps3162	development-code + explicit ADC-context match; example: Dose optimization and exposure-response analyses to support optimal dose of ABBV-400, a novel C-met–targeting antibody drug conjugate, in patients wit	2024-06-01	medium	NEEDS_REVIEW	development-code-shaped name found in explicit tight grammatical relationship with 'antibody-drug conjugate'/'ADC' (e.g. '<code> is a novel antibody-drug conjugate' or 'the ADC candidate <code>') in free-text title/abstract -- no structured field confirms this, and a development code alone (unlike a USAN/INN suffix) carries no independent payload/linker class evidence; needs a human check before promotion, not auto-promoted regardless of how many sources mention it.	PRESUMED_STRICT_ADC	
ADC_SUFFIX_7b144dfeb5d2	ADC_CANDIDATE	BNT326	conference_abstract_corpus	10.1200/jco.2024.42.16_suppl.3034	development-code + explicit ADC-context match; example: YL202/BNT326, a HER3-targeted ADC, in patients with locally advanced or metastatic non-small cell lung cancer and breast cancer: Preliminary results f	2024-06-01	medium	NEEDS_REVIEW	development-code-shaped name found in explicit tight grammatical relationship with 'antibody-drug conjugate'/'ADC' (e.g. '<code> is a novel antibody-drug conjugate' or 'the ADC candidate <code>') in free-text title/abstract -- no structured field confirms this, and a development code alone (unlike a USAN/INN suffix) carries no independent payload/linker class evidence; needs a human check before promotion, not auto-promoted regardless of how many sources mention it.	PRESUMED_STRICT_ADC	
ADC_SUFFIX_7d6b1a56ef62	ADC_CANDIDATE	BAT8006	conference_abstract_corpus	10.1200/jco.2024.42.16_suppl.5550; 10.1200/jco.2025.43.16_suppl.5517	development-code + explicit ADC-context match; example: Phase 1 study of BAT8006, a folate receptor α antibody drug conjugate with strong bystander effect, in subjects with advanced solid tumors.	2024-06-01	medium	NEEDS_REVIEW	development-code-shaped name found in explicit tight grammatical relationship with 'antibody-drug conjugate'/'ADC' (e.g. '<code> is a novel antibody-drug conjugate' or 'the ADC candidate <code>') in free-text title/abstract -- no structured field confirms this, and a development code alone (unlike a USAN/INN suffix) carries no independent payload/linker class evidence; needs a human check before promotion, not auto-promoted regardless of how many sources mention it.	PRESUMED_STRICT_ADC	
ADC_SUFFIX_16137f1b448d	ADC_CANDIDATE	SHR-A1912	conference_abstract_corpus	10.1200/jco.2024.42.16_suppl.7064; 10.1200/jco.2025.43.16_suppl.7013	development-code + explicit ADC-context match; example: A phase 1 study of SHR-A1912, a CD79b targeted antibody-drug conjugate (ADC), in patients (pts) with B-cell non-Hodgkin lymphoma (B-NHL).	2024-06-01	medium	NEEDS_REVIEW	development-code-shaped name found in explicit tight grammatical relationship with 'antibody-drug conjugate'/'ADC' (e.g. '<code> is a novel antibody-drug conjugate' or 'the ADC candidate <code>') in free-text title/abstract -- no structured field confirms this, and a development code alone (unlike a USAN/INN suffix) carries no independent payload/linker class evidence; needs a human check before promotion, not auto-promoted regardless of how many sources mention it.	PRESUMED_STRICT_ADC	
ADC_SUFFIX_7e9794f76abb	ADC_CANDIDATE	F0024	conference_abstract_corpus	10.1200/jco.2024.42.16_suppl.e13131	development-code + explicit ADC-context match; example: Dose escalation and expansion results from the phase I study of F0024, a trophoblast cell-surface antigen 2 (TROP2) antibody-drug conjugate (ADC), in 	2024-06-01	medium	NEEDS_REVIEW	development-code-shaped name found in explicit tight grammatical relationship with 'antibody-drug conjugate'/'ADC' (e.g. '<code> is a novel antibody-drug conjugate' or 'the ADC candidate <code>') in free-text title/abstract -- no structured field confirms this, and a development code alone (unlike a USAN/INN suffix) carries no independent payload/linker class evidence; needs a human check before promotion, not auto-promoted regardless of how many sources mention it.	PRESUMED_STRICT_ADC	
ADC_SUFFIX_50454f24dcee	ADC_CANDIDATE	ZV0203	conference_abstract_corpus	10.1200/jco.2024.42.16_suppl.e15004	development-code + explicit ADC-context match; example: Phase 1 study of ZV0203, a first in class pertuzumab ADC, in patients with HER2 positive advanced solid tumors.	2024-06-01	medium	NEEDS_REVIEW	development-code-shaped name found in explicit tight grammatical relationship with 'antibody-drug conjugate'/'ADC' (e.g. '<code> is a novel antibody-drug conjugate' or 'the ADC candidate <code>') in free-text title/abstract -- no structured field confirms this, and a development code alone (unlike a USAN/INN suffix) carries no independent payload/linker class evidence; needs a human check before promotion, not auto-promoted regardless of how many sources mention it.	PRESUMED_STRICT_ADC	
ADC_SUFFIX_cf1ea249e7d8	ADC_CANDIDATE	MHB036C	conference_abstract_corpus	10.1200/jco.2024.42.16_suppl.e15007	development-code + explicit ADC-context match; example: Results of a phase 1/2 study of MHB036C: A potential best-in-class TROP2 antibody-drug conjugate (ADC) incorporating a potent DNA topoisomerase I inhi	2024-06-01	medium	NEEDS_REVIEW	development-code-shaped name found in explicit tight grammatical relationship with 'antibody-drug conjugate'/'ADC' (e.g. '<code> is a novel antibody-drug conjugate' or 'the ADC candidate <code>') in free-text title/abstract -- no structured field confirms this, and a development code alone (unlike a USAN/INN suffix) carries no independent payload/linker class evidence; needs a human check before promotion, not auto-promoted regardless of how many sources mention it.	PRESUMED_STRICT_ADC	
ADC_SUFFIX_d406ff0b27e0	ADC_CANDIDATE	AMT-116	conference_abstract_corpus	10.1200/jco.2024.42.16_suppl.e15010	development-code + explicit ADC-context match; example: Preliminary results from a first-in-human trial of AMT-116, a topoisomerase I inhibitor containing antibody-drug conjugate (ADC), in patients with adv	2024-06-01	medium	NEEDS_REVIEW	development-code-shaped name found in explicit tight grammatical relationship with 'antibody-drug conjugate'/'ADC' (e.g. '<code> is a novel antibody-drug conjugate' or 'the ADC candidate <code>') in free-text title/abstract -- no structured field confirms this, and a development code alone (unlike a USAN/INN suffix) carries no independent payload/linker class evidence; needs a human check before promotion, not auto-promoted regardless of how many sources mention it.	PRESUMED_STRICT_ADC	
ADC_SUFFIX_e3ec007412d5	ADC_CANDIDATE	BAT8007	conference_abstract_corpus	10.1200/jco.2024.42.16_suppl.e16567	development-code + explicit ADC-context match; example: A phase 1 study of BAT8007, an anti-nectin-4 monoclonal antibody-exatecan conjugate, in patients with advanced solid tumors.	2024-06-01	medium	NEEDS_REVIEW	development-code-shaped name found in explicit tight grammatical relationship with 'antibody-drug conjugate'/'ADC' (e.g. '<code> is a novel antibody-drug conjugate' or 'the ADC candidate <code>') in free-text title/abstract -- no structured field confirms this, and a development code alone (unlike a USAN/INN suffix) carries no independent payload/linker class evidence; needs a human check before promotion, not auto-promoted regardless of how many sources mention it.	PRESUMED_STRICT_ADC	
ADC_SUFFIX_9211c9eb50d7	ADC_CANDIDATE	AZD0901	conference_abstract_corpus	10.1200/jco.2024.42.16_suppl.tps3163	development-code + explicit ADC-context match; example: CLARITY-PanTumor01: A phase 2 trial of the claudin 18.2-specific antibody-drug conjugate AZD0901 (CMG901) in patients with CLDN18.2-expressing advance	2024-06-01	medium	NEEDS_REVIEW	development-code-shaped name found in explicit tight grammatical relationship with 'antibody-drug conjugate'/'ADC' (e.g. '<code> is a novel antibody-drug conjugate' or 'the ADC candidate <code>') in free-text title/abstract -- no structured field confirms this, and a development code alone (unlike a USAN/INN suffix) carries no independent payload/linker class evidence; needs a human check before promotion, not auto-promoted regardless of how many sources mention it.	PRESUMED_STRICT_ADC	
ADC_SUFFIX_a8b33f0d40fb	ADC_CANDIDATE	BAT8010	conference_abstract_corpus	10.1200/jco.2025.43.16_suppl.1027; 10.1200/jco.2026.44.16_suppl.1046; 10.1200/jco.2026.44.16_suppl.e16034	development-code + explicit ADC-context match; example: A phase Ib/IIa study of BAT8010+BAT1006, an anti-HER2 monoclonal antibody-exatecan conjugate combined with an ADCC-enhanced HER2 mAb in patients with 	2025-6	medium	NEEDS_REVIEW	development-code-shaped name found in explicit tight grammatical relationship with 'antibody-drug conjugate'/'ADC' (e.g. '<code> is a novel antibody-drug conjugate' or 'the ADC candidate <code>') in free-text title/abstract -- no structured field confirms this, and a development code alone (unlike a USAN/INN suffix) carries no independent payload/linker class evidence; needs a human check before promotion, not auto-promoted regardless of how many sources mention it.	PRESUMED_STRICT_ADC	
ADC_SUFFIX_d52ca9ab43e0	ADC_CANDIDATE	SHR-1826	conference_abstract_corpus	10.1200/jco.2025.43.16_suppl.106; 10.1200/jco.2026.44.16_suppl.8525	development-code + explicit ADC-context match; example: Phase 1 study of SHR-1826, a c-MET–directed antibody-drug-conjugate (ADC), in advanced solid tumors.	2025-6	medium	NEEDS_REVIEW	development-code-shaped name found in explicit tight grammatical relationship with 'antibody-drug conjugate'/'ADC' (e.g. '<code> is a novel antibody-drug conjugate' or 'the ADC candidate <code>') in free-text title/abstract -- no structured field confirms this, and a development code alone (unlike a USAN/INN suffix) carries no independent payload/linker class evidence; needs a human check before promotion, not auto-promoted regardless of how many sources mention it.	PRESUMED_STRICT_ADC	
ADC_SUFFIX_1242de8a1dc7	ADC_CANDIDATE	LY4170156	clinicaltrials; conference_abstract_corpus	10.1200/jco.2025.43.16_suppl.3023; aacr:2026:1769	development-code + explicit ADC-context match; example: A Study of LY4170156 in Participants With Selected Advanced Solid Tumors	2024-05-06	medium	NEEDS_REVIEW	development-code-shaped name found in explicit tight grammatical relationship with 'antibody-drug conjugate'/'ADC' (e.g. '<code> is a novel antibody-drug conjugate' or 'the ADC candidate <code>') in free-text title/abstract -- no structured field confirms this, and a development code alone (unlike a USAN/INN suffix) carries no independent payload/linker class evidence; needs a human check before promotion, not auto-promoted regardless of how many sources mention it.	PRESUMED_STRICT_ADC	
ADC_SUFFIX_87508b667a7d	ADC_CANDIDATE	BAT8008	conference_abstract_corpus	10.1200/jco.2025.43.16_suppl.3024; 10.1200/jco.2026.44.16_suppl.5507	development-code + explicit ADC-context match; example: BAT8008, a TROP-2 antibody-drug conjugate (ADC), in patients with advanced solid tumor: Results from a phase 1 study.	2025-6	medium	NEEDS_REVIEW	development-code-shaped name found in explicit tight grammatical relationship with 'antibody-drug conjugate'/'ADC' (e.g. '<code> is a novel antibody-drug conjugate' or 'the ADC candidate <code>') in free-text title/abstract -- no structured field confirms this, and a development code alone (unlike a USAN/INN suffix) carries no independent payload/linker class evidence; needs a human check before promotion, not auto-promoted regardless of how many sources mention it.	PRESUMED_STRICT_ADC	
ADC_SUFFIX_077001461bfd	ADC_CANDIDATE	TQB2103	conference_abstract_corpus	10.1200/jco.2025.43.16_suppl.3026	development-code + explicit ADC-context match; example: First in human phase I study of TQB2103, a Claudin18.2 (CLDN18.2) targeted antibody-drug conjugate (ADC), in patients with advanced solid tumors.	2025-6	medium	NEEDS_REVIEW	development-code-shaped name found in explicit tight grammatical relationship with 'antibody-drug conjugate'/'ADC' (e.g. '<code> is a novel antibody-drug conjugate' or 'the ADC candidate <code>') in free-text title/abstract -- no structured field confirms this, and a development code alone (unlike a USAN/INN suffix) carries no independent payload/linker class evidence; needs a human check before promotion, not auto-promoted regardless of how many sources mention it.	PRESUMED_STRICT_ADC	
ADC_SUFFIX_86f4e455d452	ADC_CANDIDATE	9MW2921	conference_abstract_corpus	10.1200/jco.2025.43.16_suppl.3029	development-code + explicit ADC-context match; example: A first-in-human clinical study of 9MW2921, a novel TROP-2 antibody-drug conjugate (ADC), in patients with advanced solid tumors.	2025-6	medium	NEEDS_REVIEW	development-code-shaped name found in explicit tight grammatical relationship with 'antibody-drug conjugate'/'ADC' (e.g. '<code> is a novel antibody-drug conjugate' or 'the ADC candidate <code>') in free-text title/abstract -- no structured field confirms this, and a development code alone (unlike a USAN/INN suffix) carries no independent payload/linker class evidence; needs a human check before promotion, not auto-promoted regardless of how many sources mention it.	PRESUMED_STRICT_ADC	
ADC_SUFFIX_e4ace3750d26	ADC_CANDIDATE	BG-C9074	clinicaltrials; conference_abstract_corpus	10.1200/jco.2025.43.16_suppl.3033	development-code + explicit ADC-context match; example: First-in-human study of BG-C9074, a B7-H4-targeting ADC in patients with advanced solid tumors: Preliminary results of the dose-escalation phase.	2024-01-31	medium	NEEDS_REVIEW	development-code-shaped name found in explicit tight grammatical relationship with 'antibody-drug conjugate'/'ADC' (e.g. '<code> is a novel antibody-drug conjugate' or 'the ADC candidate <code>') in free-text title/abstract -- no structured field confirms this, and a development code alone (unlike a USAN/INN suffix) carries no independent payload/linker class evidence; needs a human check before promotion, not auto-promoted regardless of how many sources mention it.	PRESUMED_STRICT_ADC	
ADC_SUFFIX_f63d933e0871	ADC_CANDIDATE	BNT324	conference_abstract_corpus	10.1200/jco.2025.43.16_suppl.5015	development-code + explicit ADC-context match; example: DB-1311/BNT324 (a novel B7H3 ADC) in patients with heavily pretreated castrate-resistant prostate cancer (CRPC).	2025-6	medium	NEEDS_REVIEW	development-code-shaped name found in explicit tight grammatical relationship with 'antibody-drug conjugate'/'ADC' (e.g. '<code> is a novel antibody-drug conjugate' or 'the ADC candidate <code>') in free-text title/abstract -- no structured field confirms this, and a development code alone (unlike a USAN/INN suffix) carries no independent payload/linker class evidence; needs a human check before promotion, not auto-promoted regardless of how many sources mention it.	PRESUMED_STRICT_ADC	
ADC_SUFFIX_cf01f0355df2	ADC_CANDIDATE	IBI354	conference_abstract_corpus	10.1200/jco.2025.43.16_suppl.5565	development-code + explicit ADC-context match; example: IBI354, an anti-HER2 antibody-drug conjugate, in patients with locally advanced unresectable or metastatic ovarian cancers: Updated results from a pha	2025-6	medium	NEEDS_REVIEW	development-code-shaped name found in explicit tight grammatical relationship with 'antibody-drug conjugate'/'ADC' (e.g. '<code> is a novel antibody-drug conjugate' or 'the ADC candidate <code>') in free-text title/abstract -- no structured field confirms this, and a development code alone (unlike a USAN/INN suffix) carries no independent payload/linker class evidence; needs a human check before promotion, not auto-promoted regardless of how many sources mention it.	PRESUMED_STRICT_ADC	
ADC_SUFFIX_49435ec58c33	ADC_CANDIDATE	MHB088C	conference_abstract_corpus	10.1200/jco.2025.43.16_suppl.8510	development-code + explicit ADC-context match; example: Efficacy and safety of MHB088C, a novel B7-H3-targeted ADC, in patients with relapsed extensive-stage small cell lung cancer (ES-SCLC): Subgroup analy	2025-6	medium	NEEDS_REVIEW	development-code-shaped name found in explicit tight grammatical relationship with 'antibody-drug conjugate'/'ADC' (e.g. '<code> is a novel antibody-drug conjugate' or 'the ADC candidate <code>') in free-text title/abstract -- no structured field confirms this, and a development code alone (unlike a USAN/INN suffix) carries no independent payload/linker class evidence; needs a human check before promotion, not auto-promoted regardless of how many sources mention it.	PRESUMED_STRICT_ADC	
ADC_SUFFIX_21d42036409d	ADC_CANDIDATE	JSKN016	conference_abstract_corpus	10.1200/jco.2025.43.16_suppl.e13138; 10.1200/jco.2026.44.16_suppl.1123	development-code + explicit ADC-context match; example: First-in-human study of JSKN016, a bispecific anti-TROP2/HER3 antibody drug conjugate (ADC): Antitumor activity in patients (pts) with metastatic trip	2025-6	medium	NEEDS_REVIEW	development-code-shaped name found in explicit tight grammatical relationship with 'antibody-drug conjugate'/'ADC' (e.g. '<code> is a novel antibody-drug conjugate' or 'the ADC candidate <code>') in free-text title/abstract -- no structured field confirms this, and a development code alone (unlike a USAN/INN suffix) carries no independent payload/linker class evidence; needs a human check before promotion, not auto-promoted regardless of how many sources mention it.	PRESUMED_STRICT_ADC	
ADC_SUFFIX_43418154e065	ADC_CANDIDATE	DM005	conference_abstract_corpus	10.1200/jco.2025.43.16_suppl.e15010; 10.1200/jco.2026.44.16_suppl.8530	development-code + explicit ADC-context match; example: DM005: An anti-EGFR/c-MET bispecific antibody-drug conjugate for advanced solid tumors.	2025-6	medium	NEEDS_REVIEW	development-code-shaped name found in explicit tight grammatical relationship with 'antibody-drug conjugate'/'ADC' (e.g. '<code> is a novel antibody-drug conjugate' or 'the ADC candidate <code>') in free-text title/abstract -- no structured field confirms this, and a development code alone (unlike a USAN/INN suffix) carries no independent payload/linker class evidence; needs a human check before promotion, not auto-promoted regardless of how many sources mention it.	PRESUMED_STRICT_ADC	
ADC_SUFFIX_38a50178f186	ADC_CANDIDATE	DXC008	conference_abstract_corpus	10.1200/jco.2025.43.16_suppl.e17161	development-code + explicit ADC-context match; example: The anti-STEAP1/PSMA ADC, DXC008: Assessment of anti-tumor efficacy, pharmacokinetic, and toxicity properties.	2025-6	medium	NEEDS_REVIEW	development-code-shaped name found in explicit tight grammatical relationship with 'antibody-drug conjugate'/'ADC' (e.g. '<code> is a novel antibody-drug conjugate' or 'the ADC candidate <code>') in free-text title/abstract -- no structured field confirms this, and a development code alone (unlike a USAN/INN suffix) carries no independent payload/linker class evidence; needs a human check before promotion, not auto-promoted regardless of how many sources mention it.	PRESUMED_STRICT_ADC	
ADC_SUFFIX_49d8e820b15c	ADC_CANDIDATE	AMT-676	clinicaltrials; conference_abstract_corpus	10.1200/jco.2025.43.16_suppl.tps3161	development-code + explicit ADC-context match; example: A phase 1, first-in-human study of AMT-676, an anti-CDH17 antibody-drug conjugate, in patients with advanced gastrointestinal tumors.	2024-05-06	medium	NEEDS_REVIEW	development-code-shaped name found in explicit tight grammatical relationship with 'antibody-drug conjugate'/'ADC' (e.g. '<code> is a novel antibody-drug conjugate' or 'the ADC candidate <code>') in free-text title/abstract -- no structured field confirms this, and a development code alone (unlike a USAN/INN suffix) carries no independent payload/linker class evidence; needs a human check before promotion, not auto-promoted regardless of how many sources mention it.	PRESUMED_STRICT_ADC	
ADC_SUFFIX_34f2ed75b35c	ADC_CANDIDATE	ABBV-969	conference_abstract_corpus	10.1200/jco.2025.43.16_suppl.tps5111	development-code + explicit ADC-context match; example: Phase 1, open-label, first-in-human study of ABBV-969, a dual variable antibody-drug conjugate, in patients with metastatic castration-resistant prost	2025-6	medium	NEEDS_REVIEW	development-code-shaped name found in explicit tight grammatical relationship with 'antibody-drug conjugate'/'ADC' (e.g. '<code> is a novel antibody-drug conjugate' or 'the ADC candidate <code>') in free-text title/abstract -- no structured field confirms this, and a development code alone (unlike a USAN/INN suffix) carries no independent payload/linker class evidence; needs a human check before promotion, not auto-promoted regardless of how many sources mention it.	PRESUMED_STRICT_ADC	
ADC_SUFFIX_82fc1adda88b	ADC_CANDIDATE	ABBV-291	conference_abstract_corpus	10.1200/jco.2025.43.16_suppl.tps7093	development-code + explicit ADC-context match; example: A phase 1 first-in-human study evaluating safety, pharmacokinetics, and efficacy of ABBV-291, a CD79b-targeting antibody-drug conjugate, in patients w	2025-6	medium	NEEDS_REVIEW	development-code-shaped name found in explicit tight grammatical relationship with 'antibody-drug conjugate'/'ADC' (e.g. '<code> is a novel antibody-drug conjugate' or 'the ADC candidate <code>') in free-text title/abstract -- no structured field confirms this, and a development code alone (unlike a USAN/INN suffix) carries no independent payload/linker class evidence; needs a human check before promotion, not auto-promoted regardless of how many sources mention it.	PRESUMED_STRICT_ADC	
ADC_SUFFIX_80c6b9378632	ADC_CANDIDATE	SYS6043	conference_abstract_corpus	10.1200/jco.2026.44.16_suppl.3002	development-code + explicit ADC-context match; example: First-in-human study of SYS6043, a novel B7-H3–targeting antibody-drug conjugate, in patients with advanced pan-tumor malignancies.	2026-06-01	medium	NEEDS_REVIEW	development-code-shaped name found in explicit tight grammatical relationship with 'antibody-drug conjugate'/'ADC' (e.g. '<code> is a novel antibody-drug conjugate' or 'the ADC candidate <code>') in free-text title/abstract -- no structured field confirms this, and a development code alone (unlike a USAN/INN suffix) carries no independent payload/linker class evidence; needs a human check before promotion, not auto-promoted regardless of how many sources mention it.	PRESUMED_STRICT_ADC	
ADC_SUFFIX_4a7d1cc87061	ADC_CANDIDATE	TQB6411	conference_abstract_corpus	10.1200/jco.2026.44.16_suppl.3032	development-code + explicit ADC-context match; example: First-in-human phase 1 study of TQB6411, an EGFR/c-Met bispecific antibody-drug conjugate (ADC), in patients with advanced solid tumors.	2026-06-01	medium	NEEDS_REVIEW	development-code-shaped name found in explicit tight grammatical relationship with 'antibody-drug conjugate'/'ADC' (e.g. '<code> is a novel antibody-drug conjugate' or 'the ADC candidate <code>') in free-text title/abstract -- no structured field confirms this, and a development code alone (unlike a USAN/INN suffix) carries no independent payload/linker class evidence; needs a human check before promotion, not auto-promoted regardless of how many sources mention it.	PRESUMED_STRICT_ADC	
ADC_SUFFIX_97876ebb1019	ADC_CANDIDATE	XNW27011	conference_abstract_corpus	10.1200/jco.2026.44.16_suppl.3036; 10.1200/jco.2026.44.16_suppl.4061; aacr:2026:1690	development-code + explicit ADC-context match; example: Comparison of CLDN18/CLDN18.2 IHC assays (43-14A vs EPR19202) and the correlation with clinical efficacy in patients with gastric/gastroesophageal jun	2026-06-01	medium	NEEDS_REVIEW	development-code-shaped name found in explicit tight grammatical relationship with 'antibody-drug conjugate'/'ADC' (e.g. '<code> is a novel antibody-drug conjugate' or 'the ADC candidate <code>') in free-text title/abstract -- no structured field confirms this, and a development code alone (unlike a USAN/INN suffix) carries no independent payload/linker class evidence; needs a human check before promotion, not auto-promoted regardless of how many sources mention it.	PRESUMED_STRICT_ADC	
ADC_SUFFIX_65b06b5c08a9	ADC_CANDIDATE	DM002	conference_abstract_corpus	10.1200/jco.2026.44.16_suppl.3037	development-code + explicit ADC-context match; example: First-in-human study of DM002, an anti-MUC1/HER3 bispecific antibody-drug conjugate, in patients with advanced solid tumors.	2026-06-01	medium	NEEDS_REVIEW	development-code-shaped name found in explicit tight grammatical relationship with 'antibody-drug conjugate'/'ADC' (e.g. '<code> is a novel antibody-drug conjugate' or 'the ADC candidate <code>') in free-text title/abstract -- no structured field confirms this, and a development code alone (unlike a USAN/INN suffix) carries no independent payload/linker class evidence; needs a human check before promotion, not auto-promoted regardless of how many sources mention it.	PRESUMED_STRICT_ADC	
ADC_SUFFIX_d2a8f27128f6	ADC_CANDIDATE	XNW28012	conference_abstract_corpus	10.1200/jco.2026.44.16_suppl.3040; aacr:2026:4437	development-code + explicit ADC-context match; example: Preclinical development of XNW28012, an antibody drug conjugate targeting tissue factor for treatment of solid tumors.	2026-06-01	medium	NEEDS_REVIEW	development-code-shaped name found in explicit tight grammatical relationship with 'antibody-drug conjugate'/'ADC' (e.g. '<code> is a novel antibody-drug conjugate' or 'the ADC candidate <code>') in free-text title/abstract -- no structured field confirms this, and a development code alone (unlike a USAN/INN suffix) carries no independent payload/linker class evidence; needs a human check before promotion, not auto-promoted regardless of how many sources mention it.	PRESUMED_STRICT_ADC	
ADC_SUFFIX_a26c4351f62b	ADC_CANDIDATE	BA1301	conference_abstract_corpus	10.1200/jco.2026.44.16_suppl.4031	development-code + explicit ADC-context match; example: CLDN18.2–targeting antibody-drug conjugate BA1301 in advanced solid tumors: Results from a phase I clinical trial.	2026-06-01	medium	NEEDS_REVIEW	development-code-shaped name found in explicit tight grammatical relationship with 'antibody-drug conjugate'/'ADC' (e.g. '<code> is a novel antibody-drug conjugate' or 'the ADC candidate <code>') in free-text title/abstract -- no structured field confirms this, and a development code alone (unlike a USAN/INN suffix) carries no independent payload/linker class evidence; needs a human check before promotion, not auto-promoted regardless of how many sources mention it.	PRESUMED_STRICT_ADC	
ADC_SUFFIX_89009b63f50a	ADC_CANDIDATE	LY4052031	clinicaltrials; conference_abstract_corpus	10.1200/jco.2026.44.16_suppl.4508	development-code + explicit ADC-context match; example: A Study of LY4052031 in Participants With Advanced or Metastatic Urothelial Cancer or Other Solid Tumors	2024-06-18	medium	NEEDS_REVIEW	development-code-shaped name found in explicit tight grammatical relationship with 'antibody-drug conjugate'/'ADC' (e.g. '<code> is a novel antibody-drug conjugate' or 'the ADC candidate <code>') in free-text title/abstract -- no structured field confirms this, and a development code alone (unlike a USAN/INN suffix) carries no independent payload/linker class evidence; needs a human check before promotion, not auto-promoted regardless of how many sources mention it.	PRESUMED_STRICT_ADC	
ADC_SUFFIX_2114d6900e80	ADC_CANDIDATE	LY4101174	clinicaltrials; conference_abstract_corpus	10.1200/jco.2026.44.16_suppl.4517	development-code + explicit ADC-context match; example: A Study of LY4101174 in Participants With Recurrent, Advanced or Metastatic Solid Tumors	2024-02-02	medium	NEEDS_REVIEW	development-code-shaped name found in explicit tight grammatical relationship with 'antibody-drug conjugate'/'ADC' (e.g. '<code> is a novel antibody-drug conjugate' or 'the ADC candidate <code>') in free-text title/abstract -- no structured field confirms this, and a development code alone (unlike a USAN/INN suffix) carries no independent payload/linker class evidence; needs a human check before promotion, not auto-promoted regardless of how many sources mention it.	PRESUMED_STRICT_ADC	
ADC_SUFFIX_524f6fbec7f9	ADC_CANDIDATE	SIM0505	conference_abstract_corpus	10.1200/jco.2026.44.16_suppl.5580	development-code + explicit ADC-context match; example: Phase I, multicenter, first-in-human (FIH) global study of SIM0505, an anti-CDH6 (CDH6) antibody-drug conjugate (ADC) in patients with advanced solid 	2026-06-01	medium	NEEDS_REVIEW	development-code-shaped name found in explicit tight grammatical relationship with 'antibody-drug conjugate'/'ADC' (e.g. '<code> is a novel antibody-drug conjugate' or 'the ADC candidate <code>') in free-text title/abstract -- no structured field confirms this, and a development code alone (unlike a USAN/INN suffix) carries no independent payload/linker class evidence; needs a human check before promotion, not auto-promoted regardless of how many sources mention it.	PRESUMED_STRICT_ADC	
ADC_SUFFIX_1860529b38f6	ADC_CANDIDATE	AD004	conference_abstract_corpus	10.1200/jco.2026.44.16_suppl.8523	development-code + explicit ADC-context match; example: Dose-escalation results from a phase I study of FZ-AD004, a TROP2-directed ADC, in patients with advanced solid tumors.	2026-06-01	medium	NEEDS_REVIEW	development-code-shaped name found in explicit tight grammatical relationship with 'antibody-drug conjugate'/'ADC' (e.g. '<code> is a novel antibody-drug conjugate' or 'the ADC candidate <code>') in free-text title/abstract -- no structured field confirms this, and a development code alone (unlike a USAN/INN suffix) carries no independent payload/linker class evidence; needs a human check before promotion, not auto-promoted regardless of how many sources mention it.	PRESUMED_STRICT_ADC	
ADC_SUFFIX_f8cfeab1fa5a	ADC_CANDIDATE	T320	conference_abstract_corpus	10.1200/jco.2026.44.16_suppl.e15032	development-code + explicit ADC-context match; example: T320 tissue factor-targeted ADC from pre-clinical research to phase I clinical study.	2026-06-01	medium	NEEDS_REVIEW	development-code-shaped name found in explicit tight grammatical relationship with 'antibody-drug conjugate'/'ADC' (e.g. '<code> is a novel antibody-drug conjugate' or 'the ADC candidate <code>') in free-text title/abstract -- no structured field confirms this, and a development code alone (unlike a USAN/INN suffix) carries no independent payload/linker class evidence; needs a human check before promotion, not auto-promoted regardless of how many sources mention it.	PRESUMED_STRICT_ADC	
ADC_SUFFIX_f508f21b1d1e	ADC_CANDIDATE	AKTX-101	conference_abstract_corpus	10.1200/jco.2026.44.16_suppl.e16427	development-code + explicit ADC-context match; example: Combination synergy of spliceosome modulator ADC with a K-Ras inhibitor in <i>K-Ras</i> –mutated pancreatic cancers.	2026-06-01	medium	NEEDS_REVIEW	development-code-shaped name found in explicit tight grammatical relationship with 'antibody-drug conjugate'/'ADC' (e.g. '<code> is a novel antibody-drug conjugate' or 'the ADC candidate <code>') in free-text title/abstract -- no structured field confirms this, and a development code alone (unlike a USAN/INN suffix) carries no independent payload/linker class evidence; needs a human check before promotion, not auto-promoted regardless of how many sources mention it.	PRESUMED_STRICT_ADC	
ADC_SUFFIX_1f095c4a51be	ADC_CANDIDATE	IBI3017	conference_abstract_corpus	10.1200/jco.2026.44.16_suppl.e20508	development-code + explicit ADC-context match; example: Impact of IBI3017, an innovative bispecific anti-Trop2 and B7H3 antibody-drug conjugate, on anti-tumor efficacy in a wide range of tumors.	2026-06-01	medium	NEEDS_REVIEW	development-code-shaped name found in explicit tight grammatical relationship with 'antibody-drug conjugate'/'ADC' (e.g. '<code> is a novel antibody-drug conjugate' or 'the ADC candidate <code>') in free-text title/abstract -- no structured field confirms this, and a development code alone (unlike a USAN/INN suffix) carries no independent payload/linker class evidence; needs a human check before promotion, not auto-promoted regardless of how many sources mention it.	PRESUMED_STRICT_ADC	
ADC_SUFFIX_69aa9bc45dda	ADC_CANDIDATE	TAK-188	conference_abstract_corpus	10.1200/jco.2026.44.16_suppl.tps3155; aacr:2026:5604	development-code + explicit ADC-context match; example: A phase 1/2, first-in-human, open-label, dose-escalation and -expansion study of TAK-188, a novel antibody-drug conjugate (ADC) targeting CCR8 <sup>+<	2026-06-01	medium	NEEDS_REVIEW	development-code-shaped name found in explicit tight grammatical relationship with 'antibody-drug conjugate'/'ADC' (e.g. '<code> is a novel antibody-drug conjugate' or 'the ADC candidate <code>') in free-text title/abstract -- no structured field confirms this, and a development code alone (unlike a USAN/INN suffix) carries no independent payload/linker class evidence; needs a human check before promotion, not auto-promoted regardless of how many sources mention it.	PRESUMED_STRICT_ADC	
ADC_SUFFIX_f7a82a85a3da	ADC_CANDIDATE	KIVU-107	conference_abstract_corpus	10.1200/jco.2026.44.16_suppl.tps3158; aacr:2026:5649	development-code + explicit ADC-context match; example: A phase I, multi-center study of KIVU-107, a novel PTK7-targeting antibody-drug conjugate (ADC), in participants with advanced solid tumors.	2026-06-01	medium	NEEDS_REVIEW	development-code-shaped name found in explicit tight grammatical relationship with 'antibody-drug conjugate'/'ADC' (e.g. '<code> is a novel antibody-drug conjugate' or 'the ADC candidate <code>') in free-text title/abstract -- no structured field confirms this, and a development code alone (unlike a USAN/INN suffix) carries no independent payload/linker class evidence; needs a human check before promotion, not auto-promoted regardless of how many sources mention it.	PRESUMED_STRICT_ADC	
ADC_SUFFIX_de9db501f4b1	ADC_CANDIDATE	ASP2998	conference_abstract_corpus	aacr:2026:1289	development-code + explicit ADC-context match; example: ASP2998, a TROP2-targeted immunostimulatory antibody drug conjugate (iADC) with dual payloads, demonstrates potent efficacy and a favorable safety pro		medium	NEEDS_REVIEW	development-code-shaped name found in explicit tight grammatical relationship with 'antibody-drug conjugate'/'ADC' (e.g. '<code> is a novel antibody-drug conjugate' or 'the ADC candidate <code>') in free-text title/abstract -- no structured field confirms this, and a development code alone (unlike a USAN/INN suffix) carries no independent payload/linker class evidence; needs a human check before promotion, not auto-promoted regardless of how many sources mention it.	PRESUMED_STRICT_ADC	
ADC_SUFFIX_10c26ae4536f	ADC_CANDIDATE	M7437	clinicaltrials; conference_abstract_corpus	aacr:2026:1322	development-code + explicit ADC-context match; example: Anti-Ly6E Exatecan ADC M7437 in Advanced Solid Tumors	2026-01-22	medium	NEEDS_REVIEW	development-code-shaped name found in explicit tight grammatical relationship with 'antibody-drug conjugate'/'ADC' (e.g. '<code> is a novel antibody-drug conjugate' or 'the ADC candidate <code>') in free-text title/abstract -- no structured field confirms this, and a development code alone (unlike a USAN/INN suffix) carries no independent payload/linker class evidence; needs a human check before promotion, not auto-promoted regardless of how many sources mention it.	PRESUMED_STRICT_ADC	
ADC_SUFFIX_6f4e01d4c38c	ADC_CANDIDATE	NW008	conference_abstract_corpus	aacr:2026:1658	development-code + explicit ADC-context match; example: Preclinical study of NW008, a novel dual-functional anti-MICA/B antibody-drug conjugate.		medium	NEEDS_REVIEW	development-code-shaped name found in explicit tight grammatical relationship with 'antibody-drug conjugate'/'ADC' (e.g. '<code> is a novel antibody-drug conjugate' or 'the ADC candidate <code>') in free-text title/abstract -- no structured field confirms this, and a development code alone (unlike a USAN/INN suffix) carries no independent payload/linker class evidence; needs a human check before promotion, not auto-promoted regardless of how many sources mention it.	PRESUMED_STRICT_ADC	
ADC_SUFFIX_db4a2d46ed9a	ADC_CANDIDATE	XB773	conference_abstract_corpus	aacr:2026:1661	development-code + explicit ADC-context match; example: Preclinical characterization of XB773, a novel anti-DLL3 antibody-drug conjugate.		medium	NEEDS_REVIEW	development-code-shaped name found in explicit tight grammatical relationship with 'antibody-drug conjugate'/'ADC' (e.g. '<code> is a novel antibody-drug conjugate' or 'the ADC candidate <code>') in free-text title/abstract -- no structured field confirms this, and a development code alone (unlike a USAN/INN suffix) carries no independent payload/linker class evidence; needs a human check before promotion, not auto-promoted regardless of how many sources mention it.	PRESUMED_STRICT_ADC	
ADC_SUFFIX_7817168dfd4e	ADC_CANDIDATE	HA-00495	conference_abstract_corpus	aacr:2026:1676	development-code + explicit ADC-context match; example: HA-00495: A development candidate ADC featuring a novel protein translation inhibitor payload with broad efficacy and a favorable non human primate sa		medium	NEEDS_REVIEW	development-code-shaped name found in explicit tight grammatical relationship with 'antibody-drug conjugate'/'ADC' (e.g. '<code> is a novel antibody-drug conjugate' or 'the ADC candidate <code>') in free-text title/abstract -- no structured field confirms this, and a development code alone (unlike a USAN/INN suffix) carries no independent payload/linker class evidence; needs a human check before promotion, not auto-promoted regardless of how many sources mention it.	PRESUMED_STRICT_ADC	
ADC_SUFFIX_e972d727b9b6	ADC_CANDIDATE	NL019	conference_abstract_corpus	aacr:2026:1677	development-code + explicit ADC-context match; example: NL019: A next-generation TROP2/NECTIN4 dual-target nanobody-based ADC developed from the NanoOne™ Platform.		medium	NEEDS_REVIEW	development-code-shaped name found in explicit tight grammatical relationship with 'antibody-drug conjugate'/'ADC' (e.g. '<code> is a novel antibody-drug conjugate' or 'the ADC candidate <code>') in free-text title/abstract -- no structured field confirms this, and a development code alone (unlike a USAN/INN suffix) carries no independent payload/linker class evidence; needs a human check before promotion, not auto-promoted regardless of how many sources mention it.	PRESUMED_STRICT_ADC	
ADC_SUFFIX_a09638d65e38	ADC_CANDIDATE	ZW418	conference_abstract_corpus	aacr:2026:1686	development-code + explicit ADC-context match; example: Development of ZW418, a biparatopic PTK7-targeting antibody-drug conjugate incorporating a novel pan-RAS inhibitor payload for the treatment of non-sm		medium	NEEDS_REVIEW	development-code-shaped name found in explicit tight grammatical relationship with 'antibody-drug conjugate'/'ADC' (e.g. '<code> is a novel antibody-drug conjugate' or 'the ADC candidate <code>') in free-text title/abstract -- no structured field confirms this, and a development code alone (unlike a USAN/INN suffix) carries no independent payload/linker class evidence; needs a human check before promotion, not auto-promoted regardless of how many sources mention it.	PRESUMED_STRICT_ADC	
ADC_SUFFIX_8723703d6171	ADC_CANDIDATE	STRO-227	conference_abstract_corpus	aacr:2026:1695	development-code + explicit ADC-context match; example: Preclinical characterization of STRO-227: A PTK7-targeting dual-payload ADC with topoisomerase 1 and tubulin inhibitors.		medium	NEEDS_REVIEW	development-code-shaped name found in explicit tight grammatical relationship with 'antibody-drug conjugate'/'ADC' (e.g. '<code> is a novel antibody-drug conjugate' or 'the ADC candidate <code>') in free-text title/abstract -- no structured field confirms this, and a development code alone (unlike a USAN/INN suffix) carries no independent payload/linker class evidence; needs a human check before promotion, not auto-promoted regardless of how many sources mention it.	PRESUMED_STRICT_ADC	
ADC_SUFFIX_b6d124083511	ADC_CANDIDATE	IN30758	conference_abstract_corpus	aacr:2026:1696	development-code + explicit ADC-context match; example: IN30758, an integrin-targeted antibody drug conjugate (ADC) demonstrating strong therapeutic effects in multiple solid tumors.		medium	NEEDS_REVIEW	development-code-shaped name found in explicit tight grammatical relationship with 'antibody-drug conjugate'/'ADC' (e.g. '<code> is a novel antibody-drug conjugate' or 'the ADC candidate <code>') in free-text title/abstract -- no structured field confirms this, and a development code alone (unlike a USAN/INN suffix) carries no independent payload/linker class evidence; needs a human check before promotion, not auto-promoted regardless of how many sources mention it.	PRESUMED_STRICT_ADC	
ADC_SUFFIX_0ecc0eb1aef1	ADC_CANDIDATE	NW024	conference_abstract_corpus	aacr:2026:1697	development-code + explicit ADC-context match; example: NW024-1, a novel ALPP/ALPPL2-targeting antibody drug conjugate with a topoisomerase 1 inhibitor payload, demonstrates potent antitumor efficacy.		medium	NEEDS_REVIEW	development-code-shaped name found in explicit tight grammatical relationship with 'antibody-drug conjugate'/'ADC' (e.g. '<code> is a novel antibody-drug conjugate' or 'the ADC candidate <code>') in free-text title/abstract -- no structured field confirms this, and a development code alone (unlike a USAN/INN suffix) carries no independent payload/linker class evidence; needs a human check before promotion, not auto-promoted regardless of how many sources mention it.	PRESUMED_STRICT_ADC	
ADC_SUFFIX_f02d8510ba9d	ADC_CANDIDATE	GS002	conference_abstract_corpus	aacr:2026:1711	development-code + explicit ADC-context match; example: GS002, a novel anti-PD-L1 ADC with targeted cytotoxic delivery and immune checkpoint inhibition.		medium	NEEDS_REVIEW	development-code-shaped name found in explicit tight grammatical relationship with 'antibody-drug conjugate'/'ADC' (e.g. '<code> is a novel antibody-drug conjugate' or 'the ADC candidate <code>') in free-text title/abstract -- no structured field confirms this, and a development code alone (unlike a USAN/INN suffix) carries no independent payload/linker class evidence; needs a human check before promotion, not auto-promoted regardless of how many sources mention it.	PRESUMED_STRICT_ADC	
ADC_SUFFIX_f21992362233	ADC_CANDIDATE	STRO-006	conference_abstract_corpus	aacr:2026:1713	development-code + explicit ADC-context match; example: STRO-006: An Integrin beta-6-targeting ADC demonstrates favorable safety profile and potent antitumor activity in preclinical solid tumors.		medium	NEEDS_REVIEW	development-code-shaped name found in explicit tight grammatical relationship with 'antibody-drug conjugate'/'ADC' (e.g. '<code> is a novel antibody-drug conjugate' or 'the ADC candidate <code>') in free-text title/abstract -- no structured field confirms this, and a development code alone (unlike a USAN/INN suffix) carries no independent payload/linker class evidence; needs a human check before promotion, not auto-promoted regardless of how many sources mention it.	PRESUMED_STRICT_ADC	
ADC_SUFFIX_430b44f25dbf	ADC_CANDIDATE	SCR-A014	conference_abstract_corpus	aacr:2026:1717	development-code + explicit ADC-context match; example: SCR-A014, a novel bispecific ADC targeting B7H3 and DLL3 for SCLC therapy, exhibits potent anti-tumor efficacy.		medium	NEEDS_REVIEW	development-code-shaped name found in explicit tight grammatical relationship with 'antibody-drug conjugate'/'ADC' (e.g. '<code> is a novel antibody-drug conjugate' or 'the ADC candidate <code>') in free-text title/abstract -- no structured field confirms this, and a development code alone (unlike a USAN/INN suffix) carries no independent payload/linker class evidence; needs a human check before promotion, not auto-promoted regardless of how many sources mention it.	PRESUMED_STRICT_ADC	
ADC_SUFFIX_bbce15ee419f	ADC_CANDIDATE	RT023	conference_abstract_corpus	aacr:2026:1718	development-code + explicit ADC-context match; example: RT023, a first-in-class CEACAM5/EGFR targeted bispecific antibody drug conjugate (ADC) in colorectal cancer (CRC).		medium	NEEDS_REVIEW	development-code-shaped name found in explicit tight grammatical relationship with 'antibody-drug conjugate'/'ADC' (e.g. '<code> is a novel antibody-drug conjugate' or 'the ADC candidate <code>') in free-text title/abstract -- no structured field confirms this, and a development code alone (unlike a USAN/INN suffix) carries no independent payload/linker class evidence; needs a human check before promotion, not auto-promoted regardless of how many sources mention it.	PRESUMED_STRICT_ADC	
ADC_SUFFIX_8b69e4e36e56	ADC_CANDIDATE	NEOK002	clinicaltrials; conference_abstract_corpus	aacr:2026:1726	development-code + explicit ADC-context match; example: A Study of NEOK002, an EGFR and MUC1 Targeting Bispecific ADC, in Participants With Select Solid Tumors	2026-05-28	medium	NEEDS_REVIEW	development-code-shaped name found in explicit tight grammatical relationship with 'antibody-drug conjugate'/'ADC' (e.g. '<code> is a novel antibody-drug conjugate' or 'the ADC candidate <code>') in free-text title/abstract -- no structured field confirms this, and a development code alone (unlike a USAN/INN suffix) carries no independent payload/linker class evidence; needs a human check before promotion, not auto-promoted regardless of how many sources mention it.	PRESUMED_STRICT_ADC	
ADC_SUFFIX_2b25a773a677	ADC_CANDIDATE	OBI-904	conference_abstract_corpus	aacr:2026:1729; aacr:2026:1819	development-code + explicit ADC-context match; example: OBI-904, a glycan-based site-specific Nectin-4-targeted ADC, demonstrates potent and durable antitumor activity with an improved PK profile and overco		medium	NEEDS_REVIEW	development-code-shaped name found in explicit tight grammatical relationship with 'antibody-drug conjugate'/'ADC' (e.g. '<code> is a novel antibody-drug conjugate' or 'the ADC candidate <code>') in free-text title/abstract -- no structured field confirms this, and a development code alone (unlike a USAN/INN suffix) carries no independent payload/linker class evidence; needs a human check before promotion, not auto-promoted regardless of how many sources mention it.	PRESUMED_STRICT_ADC	
ADC_SUFFIX_ebdfd511b2cf	ADC_CANDIDATE	XB404	conference_abstract_corpus	aacr:2026:1760	development-code + explicit ADC-context match; example: Preclinical characterization of XB404, a masked anti-ROR1/2 antibody-drug conjugate.		medium	NEEDS_REVIEW	development-code-shaped name found in explicit tight grammatical relationship with 'antibody-drug conjugate'/'ADC' (e.g. '<code> is a novel antibody-drug conjugate' or 'the ADC candidate <code>') in free-text title/abstract -- no structured field confirms this, and a development code alone (unlike a USAN/INN suffix) carries no independent payload/linker class evidence; needs a human check before promotion, not auto-promoted regardless of how many sources mention it.	PRESUMED_STRICT_ADC	
ADC_SUFFIX_7ecb3b7797fa	ADC_CANDIDATE	BSI-737	conference_abstract_corpus	aacr:2026:1763	development-code + explicit ADC-context match; example: BSI-737, a best-in-class B7H3xPD-L1 bi-specific ADC with dual function to eliminate tumor via selective killing and exacerbated anti-tumor immune resp		medium	NEEDS_REVIEW	development-code-shaped name found in explicit tight grammatical relationship with 'antibody-drug conjugate'/'ADC' (e.g. '<code> is a novel antibody-drug conjugate' or 'the ADC candidate <code>') in free-text title/abstract -- no structured field confirms this, and a development code alone (unlike a USAN/INN suffix) carries no independent payload/linker class evidence; needs a human check before promotion, not auto-promoted regardless of how many sources mention it.	PRESUMED_STRICT_ADC	
ADC_SUFFIX_8ed6e5c23aa7	ADC_CANDIDATE	YL413	conference_abstract_corpus	aacr:2026:1765	development-code + explicit ADC-context match; example: YL413: A novel dual-payload anti-HER2 antibody-drug conjugate demonstrating potent preclinical activity.		medium	NEEDS_REVIEW	development-code-shaped name found in explicit tight grammatical relationship with 'antibody-drug conjugate'/'ADC' (e.g. '<code> is a novel antibody-drug conjugate' or 'the ADC candidate <code>') in free-text title/abstract -- no structured field confirms this, and a development code alone (unlike a USAN/INN suffix) carries no independent payload/linker class evidence; needs a human check before promotion, not auto-promoted regardless of how many sources mention it.	PRESUMED_STRICT_ADC	
ADC_SUFFIX_baac4a039a41	ADC_CANDIDATE	ACR317	conference_abstract_corpus	aacr:2026:1774	development-code + explicit ADC-context match; example: ACR317, a novel CDH17-ADC, shows potent efficacy in preclinical gastrointestinal cancer models.		medium	NEEDS_REVIEW	development-code-shaped name found in explicit tight grammatical relationship with 'antibody-drug conjugate'/'ADC' (e.g. '<code> is a novel antibody-drug conjugate' or 'the ADC candidate <code>') in free-text title/abstract -- no structured field confirms this, and a development code alone (unlike a USAN/INN suffix) carries no independent payload/linker class evidence; needs a human check before promotion, not auto-promoted regardless of how many sources mention it.	PRESUMED_STRICT_ADC	
ADC_SUFFIX_07e7a1345c88	ADC_CANDIDATE	ACR335	conference_abstract_corpus	aacr:2026:1775	development-code + explicit ADC-context match; example: ACR335, a novel cMET/EGFR bispecific dual-payload antibody-drug conjugate, demonstrates potent and broad antitumor activity in preclinical models of s		medium	NEEDS_REVIEW	development-code-shaped name found in explicit tight grammatical relationship with 'antibody-drug conjugate'/'ADC' (e.g. '<code> is a novel antibody-drug conjugate' or 'the ADC candidate <code>') in free-text title/abstract -- no structured field confirms this, and a development code alone (unlike a USAN/INN suffix) carries no independent payload/linker class evidence; needs a human check before promotion, not auto-promoted regardless of how many sources mention it.	PRESUMED_STRICT_ADC	
ADC_SUFFIX_fda876797d84	ADC_CANDIDATE	DXC016	conference_abstract_corpus	aacr:2026:2393	development-code + explicit ADC-context match; example: DXC016, a novel cMET-targeting dual payload antibody-drug conjugate, demonstrates potent antitumor activity and favorable PK for potential subcutaneou		medium	NEEDS_REVIEW	development-code-shaped name found in explicit tight grammatical relationship with 'antibody-drug conjugate'/'ADC' (e.g. '<code> is a novel antibody-drug conjugate' or 'the ADC candidate <code>') in free-text title/abstract -- no structured field confirms this, and a development code alone (unlike a USAN/INN suffix) carries no independent payload/linker class evidence; needs a human check before promotion, not auto-promoted regardless of how many sources mention it.	PRESUMED_STRICT_ADC	
ADC_SUFFIX_fe1133e6efc6	ADC_CANDIDATE	DXC011	conference_abstract_corpus	aacr:2026:2395	development-code + explicit ADC-context match; example: DXC011, a novel dual-payload antibody-drug conjugate targeting folate receptor alpha.		medium	NEEDS_REVIEW	development-code-shaped name found in explicit tight grammatical relationship with 'antibody-drug conjugate'/'ADC' (e.g. '<code> is a novel antibody-drug conjugate' or 'the ADC candidate <code>') in free-text title/abstract -- no structured field confirms this, and a development code alone (unlike a USAN/INN suffix) carries no independent payload/linker class evidence; needs a human check before promotion, not auto-promoted regardless of how many sources mention it.	PRESUMED_STRICT_ADC	
ADC_SUFFIX_0085785a47c9	ADC_CANDIDATE	ZL-6201	conference_abstract_corpus	aacr:2026:2399	development-code + explicit ADC-context match; example: Discovery of ZL-6201, a novel LRRC15-targeting antibody drug conjugate (ADC) for the treatment of sarcomas and epithelial solid tumors.		medium	NEEDS_REVIEW	development-code-shaped name found in explicit tight grammatical relationship with 'antibody-drug conjugate'/'ADC' (e.g. '<code> is a novel antibody-drug conjugate' or 'the ADC candidate <code>') in free-text title/abstract -- no structured field confirms this, and a development code alone (unlike a USAN/INN suffix) carries no independent payload/linker class evidence; needs a human check before promotion, not auto-promoted regardless of how many sources mention it.	PRESUMED_STRICT_ADC	
ADC_SUFFIX_d48477221570	ADC_CANDIDATE	MGT-1142	conference_abstract_corpus	aacr:2026:2652	development-code + explicit ADC-context match; example: MGT-1142, an antibody-drug conjugate targeting a novel glycan for small-cell lung cancer.		medium	NEEDS_REVIEW	development-code-shaped name found in explicit tight grammatical relationship with 'antibody-drug conjugate'/'ADC' (e.g. '<code> is a novel antibody-drug conjugate' or 'the ADC candidate <code>') in free-text title/abstract -- no structured field confirms this, and a development code alone (unlike a USAN/INN suffix) carries no independent payload/linker class evidence; needs a human check before promotion, not auto-promoted regardless of how many sources mention it.	PRESUMED_STRICT_ADC	
ADC_SUFFIX_1a5e6d596794	ADC_CANDIDATE	DB-1421	conference_abstract_corpus	aacr:2026:2654	development-code + explicit ADC-context match; example: DB-1421, an optimized EGFR/MUC1 bispecific ADC, exhibits improved tumor selectivity, promising efficacy and safety in preclinical studies.		medium	NEEDS_REVIEW	development-code-shaped name found in explicit tight grammatical relationship with 'antibody-drug conjugate'/'ADC' (e.g. '<code> is a novel antibody-drug conjugate' or 'the ADC candidate <code>') in free-text title/abstract -- no structured field confirms this, and a development code alone (unlike a USAN/INN suffix) carries no independent payload/linker class evidence; needs a human check before promotion, not auto-promoted regardless of how many sources mention it.	PRESUMED_STRICT_ADC	
ADC_SUFFIX_99d6a9d9cd8f	ADC_CANDIDATE	DB-1323	conference_abstract_corpus	aacr:2026:2655	development-code + explicit ADC-context match; example: DB-1323, a next-generation mesothelin targeting antibody-drug conjugate, demonstrated anti-tumor activity and favorable safety profile in pre-clinical		medium	NEEDS_REVIEW	development-code-shaped name found in explicit tight grammatical relationship with 'antibody-drug conjugate'/'ADC' (e.g. '<code> is a novel antibody-drug conjugate' or 'the ADC candidate <code>') in free-text title/abstract -- no structured field confirms this, and a development code alone (unlike a USAN/INN suffix) carries no independent payload/linker class evidence; needs a human check before promotion, not auto-promoted regardless of how many sources mention it.	PRESUMED_STRICT_ADC	
ADC_SUFFIX_f99674ecbf18	ADC_CANDIDATE	DB-1329	conference_abstract_corpus	aacr:2026:2656	development-code + explicit ADC-context match; example: DB-1329: A novel antibody-drug conjugate targeting CDCP1 demonstrates potent preclinical anti-tumor activity across multiple solid tumors.		medium	NEEDS_REVIEW	development-code-shaped name found in explicit tight grammatical relationship with 'antibody-drug conjugate'/'ADC' (e.g. '<code> is a novel antibody-drug conjugate' or 'the ADC candidate <code>') in free-text title/abstract -- no structured field confirms this, and a development code alone (unlike a USAN/INN suffix) carries no independent payload/linker class evidence; needs a human check before promotion, not auto-promoted regardless of how many sources mention it.	PRESUMED_STRICT_ADC	
ADC_SUFFIX_ac2fdbde6c0d	ADC_CANDIDATE	DB-1326	conference_abstract_corpus	aacr:2026:2657	development-code + explicit ADC-context match; example: DB-1326, a novel dual-payload TA-MUC1-directed antibody-drug conjugate, shows potent antitumor efficacy in preclinical tumor model.		medium	NEEDS_REVIEW	development-code-shaped name found in explicit tight grammatical relationship with 'antibody-drug conjugate'/'ADC' (e.g. '<code> is a novel antibody-drug conjugate' or 'the ADC candidate <code>') in free-text title/abstract -- no structured field confirms this, and a development code alone (unlike a USAN/INN suffix) carries no independent payload/linker class evidence; needs a human check before promotion, not auto-promoted regardless of how many sources mention it.	PRESUMED_STRICT_ADC	
ADC_SUFFIX_cfccf5eb70ac	ADC_CANDIDATE	MGT-1143	conference_abstract_corpus	aacr:2026:2664	development-code + explicit ADC-context match; example: MGT-1143, a novel CDH17-targeting ADC for gastrointestinal cancers.		medium	NEEDS_REVIEW	development-code-shaped name found in explicit tight grammatical relationship with 'antibody-drug conjugate'/'ADC' (e.g. '<code> is a novel antibody-drug conjugate' or 'the ADC candidate <code>') in free-text title/abstract -- no structured field confirms this, and a development code alone (unlike a USAN/INN suffix) carries no independent payload/linker class evidence; needs a human check before promotion, not auto-promoted regardless of how many sources mention it.	PRESUMED_STRICT_ADC	
ADC_SUFFIX_a5a6d28ff403	ADC_CANDIDATE	RC108	clinicaltrials; conference_abstract_corpus	aacr:2026:2931	development-code + explicit ADC-context match; example: A Study of RC108-ADC in Subjects With Advanced Malignant Solid Tumors	2020-11-05	medium	NEEDS_REVIEW	development-code-shaped name found in explicit tight grammatical relationship with 'antibody-drug conjugate'/'ADC' (e.g. '<code> is a novel antibody-drug conjugate' or 'the ADC candidate <code>') in free-text title/abstract -- no structured field confirms this, and a development code alone (unlike a USAN/INN suffix) carries no independent payload/linker class evidence; needs a human check before promotion, not auto-promoted regardless of how many sources mention it.	PRESUMED_STRICT_ADC	
ADC_SUFFIX_883a11944640	ADC_CANDIDATE	B836	conference_abstract_corpus	aacr:2026:2969	development-code + explicit ADC-context match; example: B836: A novel bispecific antibody-drug conjugate (ADC) as a clinical candidate to overcome trastuzumab deruxtecan resistance.		medium	NEEDS_REVIEW	development-code-shaped name found in explicit tight grammatical relationship with 'antibody-drug conjugate'/'ADC' (e.g. '<code> is a novel antibody-drug conjugate' or 'the ADC candidate <code>') in free-text title/abstract -- no structured field confirms this, and a development code alone (unlike a USAN/INN suffix) carries no independent payload/linker class evidence; needs a human check before promotion, not auto-promoted regardless of how many sources mention it.	PRESUMED_STRICT_ADC	
ADC_SUFFIX_b5e15d8edf54	ADC_CANDIDATE	HC029	conference_abstract_corpus	aacr:2026:3169	development-code + explicit ADC-context match; example: Development of conformation selective ITGB6 ADC.		medium	NEEDS_REVIEW	development-code-shaped name found in explicit tight grammatical relationship with 'antibody-drug conjugate'/'ADC' (e.g. '<code> is a novel antibody-drug conjugate' or 'the ADC candidate <code>') in free-text title/abstract -- no structured field confirms this, and a development code alone (unlike a USAN/INN suffix) carries no independent payload/linker class evidence; needs a human check before promotion, not auto-promoted regardless of how many sources mention it.	PRESUMED_STRICT_ADC	
ADC_SUFFIX_291f9d07f372	ADC_CANDIDATE	XYD-8006	conference_abstract_corpus	aacr:2026:3172	development-code + explicit ADC-context match; example: XYD-8006: A novel ADAM9-targeting dual-payload ADC demonstrates superior preclinical efficacy in gastrointestinal and lung cancer models.		medium	NEEDS_REVIEW	development-code-shaped name found in explicit tight grammatical relationship with 'antibody-drug conjugate'/'ADC' (e.g. '<code> is a novel antibody-drug conjugate' or 'the ADC candidate <code>') in free-text title/abstract -- no structured field confirms this, and a development code alone (unlike a USAN/INN suffix) carries no independent payload/linker class evidence; needs a human check before promotion, not auto-promoted regardless of how many sources mention it.	PRESUMED_STRICT_ADC	
ADC_SUFFIX_d52c72b54d3c	ADC_CANDIDATE	ATL-024	conference_abstract_corpus	aacr:2026:3180	development-code + explicit ADC-context match; example: ATL-024, a novel topoisomerase I-based ADC targeting the tumor-specific glycopepitope CA242 (CanAg), demonstrates potent activity in colorectal and pa		medium	NEEDS_REVIEW	development-code-shaped name found in explicit tight grammatical relationship with 'antibody-drug conjugate'/'ADC' (e.g. '<code> is a novel antibody-drug conjugate' or 'the ADC candidate <code>') in free-text title/abstract -- no structured field confirms this, and a development code alone (unlike a USAN/INN suffix) carries no independent payload/linker class evidence; needs a human check before promotion, not auto-promoted regardless of how many sources mention it.	PRESUMED_STRICT_ADC	
ADC_SUFFIX_18d572a272b4	ADC_CANDIDATE	SCR-A019	conference_abstract_corpus	aacr:2026:3185	development-code + explicit ADC-context match; example: SCR-A019, a first-in-class biparatopic ADC targeting MSLN, with a novel topoisomerase I inhibitor demonstrates encouraging efficacy in preclinical mod		medium	NEEDS_REVIEW	development-code-shaped name found in explicit tight grammatical relationship with 'antibody-drug conjugate'/'ADC' (e.g. '<code> is a novel antibody-drug conjugate' or 'the ADC candidate <code>') in free-text title/abstract -- no structured field confirms this, and a development code alone (unlike a USAN/INN suffix) carries no independent payload/linker class evidence; needs a human check before promotion, not auto-promoted regardless of how many sources mention it.	PRESUMED_STRICT_ADC	
ADC_SUFFIX_a9c7e75d9951	ADC_CANDIDATE	TJ106	conference_abstract_corpus	aacr:2026:3298	development-code + explicit ADC-context match; example: Preclinical development of TJ106, a potent biparatopic dual payload ADC targeting HER2 for the treatment of Enherturesistant tumors.		medium	NEEDS_REVIEW	development-code-shaped name found in explicit tight grammatical relationship with 'antibody-drug conjugate'/'ADC' (e.g. '<code> is a novel antibody-drug conjugate' or 'the ADC candidate <code>') in free-text title/abstract -- no structured field confirms this, and a development code alone (unlike a USAN/INN suffix) carries no independent payload/linker class evidence; needs a human check before promotion, not auto-promoted regardless of how many sources mention it.	PRESUMED_STRICT_ADC	
ADC_SUFFIX_baee4dfcba8b	ADC_CANDIDATE	TAG-72	conference_abstract_corpus	aacr:2026:3738	development-code + explicit ADC-context match; example: Characterization of TAG-72, a glycan-based ADC target and its pan-tumor expression profile.		medium	NEEDS_REVIEW	development-code-shaped name found in explicit tight grammatical relationship with 'antibody-drug conjugate'/'ADC' (e.g. '<code> is a novel antibody-drug conjugate' or 'the ADC candidate <code>') in free-text title/abstract -- no structured field confirms this, and a development code alone (unlike a USAN/INN suffix) carries no independent payload/linker class evidence; needs a human check before promotion, not auto-promoted regardless of how many sources mention it.	PRESUMED_STRICT_ADC	
ADC_SUFFIX_e6630e2bbfce	ADC_CANDIDATE	HP-004	conference_abstract_corpus	aacr:2026:4401	development-code + explicit ADC-context match; example: A novel antibody-drug conjugate targeting alkaline phosphatases ALPP and ALPPL2 in solid tumors.		medium	NEEDS_REVIEW	development-code-shaped name found in explicit tight grammatical relationship with 'antibody-drug conjugate'/'ADC' (e.g. '<code> is a novel antibody-drug conjugate' or 'the ADC candidate <code>') in free-text title/abstract -- no structured field confirms this, and a development code alone (unlike a USAN/INN suffix) carries no independent payload/linker class evidence; needs a human check before promotion, not auto-promoted regardless of how many sources mention it.	PRESUMED_STRICT_ADC	
ADC_SUFFIX_577fcdbf35b7	ADC_CANDIDATE	HB0085	conference_abstract_corpus	aacr:2026:4414	development-code + explicit ADC-context match; example: A bispecific antibody-drug conjugate targeting protein tyrosine kinase 7 and fibroblast activation protein alpha simultaneously acts on tumor cells an		medium	NEEDS_REVIEW	development-code-shaped name found in explicit tight grammatical relationship with 'antibody-drug conjugate'/'ADC' (e.g. '<code> is a novel antibody-drug conjugate' or 'the ADC candidate <code>') in free-text title/abstract -- no structured field confirms this, and a development code alone (unlike a USAN/INN suffix) carries no independent payload/linker class evidence; needs a human check before promotion, not auto-promoted regardless of how many sources mention it.	PRESUMED_STRICT_ADC	
ADC_SUFFIX_1baa85bd4967	ADC_CANDIDATE	GS24-B025	conference_abstract_corpus	aacr:2026:4417	development-code + explicit ADC-context match; example: GS24-B025, a novel CDH17and CEA-directed bispecific antibody-drug conjugate, for the treatment of colorectal cancer.		medium	NEEDS_REVIEW	development-code-shaped name found in explicit tight grammatical relationship with 'antibody-drug conjugate'/'ADC' (e.g. '<code> is a novel antibody-drug conjugate' or 'the ADC candidate <code>') in free-text title/abstract -- no structured field confirms this, and a development code alone (unlike a USAN/INN suffix) carries no independent payload/linker class evidence; needs a human check before promotion, not auto-promoted regardless of how many sources mention it.	PRESUMED_STRICT_ADC	
ADC_SUFFIX_5600363cc31a	ADC_CANDIDATE	CLIO-8221	conference_abstract_corpus	aacr:2026:4427	development-code + explicit ADC-context match; example: Development of CLIO-8221: A HER2-targeted multi-payload ADC to address ADC resistance.		medium	NEEDS_REVIEW	development-code-shaped name found in explicit tight grammatical relationship with 'antibody-drug conjugate'/'ADC' (e.g. '<code> is a novel antibody-drug conjugate' or 'the ADC candidate <code>') in free-text title/abstract -- no structured field confirms this, and a development code alone (unlike a USAN/INN suffix) carries no independent payload/linker class evidence; needs a human check before promotion, not auto-promoted regardless of how many sources mention it.	PRESUMED_STRICT_ADC	
ADC_SUFFIX_b17b4f347d88	ADC_CANDIDATE	ZW427	conference_abstract_corpus	aacr:2026:4431	development-code + explicit ADC-context match; example: ZW427, a Ly6E-targeting antibody drug conjugate bearing a novel pan-RAS inhibitor payload for the treatment of RAS mutated cancers.		medium	NEEDS_REVIEW	development-code-shaped name found in explicit tight grammatical relationship with 'antibody-drug conjugate'/'ADC' (e.g. '<code> is a novel antibody-drug conjugate' or 'the ADC candidate <code>') in free-text title/abstract -- no structured field confirms this, and a development code alone (unlike a USAN/INN suffix) carries no independent payload/linker class evidence; needs a human check before promotion, not auto-promoted regardless of how many sources mention it.	PRESUMED_STRICT_ADC	
ADC_SUFFIX_902c92b8ccc7	ADC_CANDIDATE	LNF2105	conference_abstract_corpus	aacr:2026:4432	development-code + explicit ADC-context match; example: LNF2105, a next-generation nectin-4-targeted ADC with a specially designed linker and a DXD analogue.		medium	NEEDS_REVIEW	development-code-shaped name found in explicit tight grammatical relationship with 'antibody-drug conjugate'/'ADC' (e.g. '<code> is a novel antibody-drug conjugate' or 'the ADC candidate <code>') in free-text title/abstract -- no structured field confirms this, and a development code alone (unlike a USAN/INN suffix) carries no independent payload/linker class evidence; needs a human check before promotion, not auto-promoted regardless of how many sources mention it.	PRESUMED_STRICT_ADC	
ADC_SUFFIX_98b532689ae6	ADC_CANDIDATE	GENA-120	conference_abstract_corpus	aacr:2026:4442	development-code + explicit ADC-context match; example: Targeting ITGB4 with a topoisomerase I ADC: Preclinical antitumor activity in colorectal and head and neck cancers.		medium	NEEDS_REVIEW	development-code-shaped name found in explicit tight grammatical relationship with 'antibody-drug conjugate'/'ADC' (e.g. '<code> is a novel antibody-drug conjugate' or 'the ADC candidate <code>') in free-text title/abstract -- no structured field confirms this, and a development code alone (unlike a USAN/INN suffix) carries no independent payload/linker class evidence; needs a human check before promotion, not auto-promoted regardless of how many sources mention it.	PRESUMED_STRICT_ADC	
ADC_SUFFIX_e52aefcc96f2	ADC_CANDIDATE	GFS784	conference_abstract_corpus	aacr:2026:4536	development-code + explicit ADC-context match; example: GFS784, a next-generation ADC with a novel panRAS(ON) inhibitor payload.		medium	NEEDS_REVIEW	development-code-shaped name found in explicit tight grammatical relationship with 'antibody-drug conjugate'/'ADC' (e.g. '<code> is a novel antibody-drug conjugate' or 'the ADC candidate <code>') in free-text title/abstract -- no structured field confirms this, and a development code alone (unlike a USAN/INN suffix) carries no independent payload/linker class evidence; needs a human check before promotion, not auto-promoted regardless of how many sources mention it.	PRESUMED_STRICT_ADC	
ADC_SUFFIX_83b5b53ef23a	ADC_CANDIDATE	DR319	conference_abstract_corpus	aacr:2026:4541	development-code + explicit ADC-context match; example: DR319-DP: A Nectin-4/Trop-2 bispecific ADC with an avidity-driven VHH design and dual-MOA payloads.		medium	NEEDS_REVIEW	development-code-shaped name found in explicit tight grammatical relationship with 'antibody-drug conjugate'/'ADC' (e.g. '<code> is a novel antibody-drug conjugate' or 'the ADC candidate <code>') in free-text title/abstract -- no structured field confirms this, and a development code alone (unlike a USAN/INN suffix) carries no independent payload/linker class evidence; needs a human check before promotion, not auto-promoted regardless of how many sources mention it.	PRESUMED_STRICT_ADC	
ADC_SUFFIX_9d5fec2537fb	ADC_CANDIDATE	TRO-02	conference_abstract_corpus	aacr:2026:4547	development-code + explicit ADC-context match; example: TRO-02, a conditionally activated EGFR-targeting ADC incorporating TROCADTM and TROSIGTM platforms, shows enhanced tumor selectivity and potent effica		medium	NEEDS_REVIEW	development-code-shaped name found in explicit tight grammatical relationship with 'antibody-drug conjugate'/'ADC' (e.g. '<code> is a novel antibody-drug conjugate' or 'the ADC candidate <code>') in free-text title/abstract -- no structured field confirms this, and a development code alone (unlike a USAN/INN suffix) carries no independent payload/linker class evidence; needs a human check before promotion, not auto-promoted regardless of how many sources mention it.	PRESUMED_STRICT_ADC	
ADC_SUFFIX_5e381c6dd3b1	ADC_CANDIDATE	BSI-730	conference_abstract_corpus	aacr:2026:4552	development-code + explicit ADC-context match; example: BSI-730, a first-in-class HER2xPD-L1 bi-specific ADC, demonstrates potent anti-tumor activity in HER2-low models via selective tumor cell killing and 		medium	NEEDS_REVIEW	development-code-shaped name found in explicit tight grammatical relationship with 'antibody-drug conjugate'/'ADC' (e.g. '<code> is a novel antibody-drug conjugate' or 'the ADC candidate <code>') in free-text title/abstract -- no structured field confirms this, and a development code alone (unlike a USAN/INN suffix) carries no independent payload/linker class evidence; needs a human check before promotion, not auto-promoted regardless of how many sources mention it.	PRESUMED_STRICT_ADC	
ADC_SUFFIX_abe9f4eec998	ADC_CANDIDATE	NPX125	conference_abstract_corpus	aacr:2026:5393	development-code + explicit ADC-context match; example: Preclinical efficacy and safety profile of NPX125, a novel ADC targeting B7-H7.		medium	NEEDS_REVIEW	development-code-shaped name found in explicit tight grammatical relationship with 'antibody-drug conjugate'/'ADC' (e.g. '<code> is a novel antibody-drug conjugate' or 'the ADC candidate <code>') in free-text title/abstract -- no structured field confirms this, and a development code alone (unlike a USAN/INN suffix) carries no independent payload/linker class evidence; needs a human check before promotion, not auto-promoted regardless of how many sources mention it.	PRESUMED_STRICT_ADC	
ADC_SUFFIX_7e22c310ee84	ADC_CANDIDATE	TCX-201	conference_abstract_corpus	aacr:2026:5631	development-code + explicit ADC-context match; example: TCX-201, a novel ADC targeting a specific tumor-associated carbohydrate antigen (TACA) with excellent preclinical efficacy, PK and safety profile in s		medium	NEEDS_REVIEW	development-code-shaped name found in explicit tight grammatical relationship with 'antibody-drug conjugate'/'ADC' (e.g. '<code> is a novel antibody-drug conjugate' or 'the ADC candidate <code>') in free-text title/abstract -- no structured field confirms this, and a development code alone (unlike a USAN/INN suffix) carries no independent payload/linker class evidence; needs a human check before promotion, not auto-promoted regardless of how many sources mention it.	PRESUMED_STRICT_ADC	
ADC_SUFFIX_4aac763167d4	ADC_CANDIDATE	YB-811	conference_abstract_corpus	aacr:2026:5633	development-code + explicit ADC-context match; example: YB-811, a novel antibody drug conjugate targeting the tumor-selective human neuronal pentraxin receptor shows pronounced efficacy in experimental tumo		medium	NEEDS_REVIEW	development-code-shaped name found in explicit tight grammatical relationship with 'antibody-drug conjugate'/'ADC' (e.g. '<code> is a novel antibody-drug conjugate' or 'the ADC candidate <code>') in free-text title/abstract -- no structured field confirms this, and a development code alone (unlike a USAN/INN suffix) carries no independent payload/linker class evidence; needs a human check before promotion, not auto-promoted regardless of how many sources mention it.	PRESUMED_STRICT_ADC	
ADC_SUFFIX_37eb5fcaedb5	ADC_CANDIDATE	LM-338	conference_abstract_corpus	aacr:2026:5636	development-code + explicit ADC-context match; example: Preclinical evaluation of LM-338: An innovative anti-STn antibody drug conjugate for solid tumors.		medium	NEEDS_REVIEW	development-code-shaped name found in explicit tight grammatical relationship with 'antibody-drug conjugate'/'ADC' (e.g. '<code> is a novel antibody-drug conjugate' or 'the ADC candidate <code>') in free-text title/abstract -- no structured field confirms this, and a development code alone (unlike a USAN/INN suffix) carries no independent payload/linker class evidence; needs a human check before promotion, not auto-promoted regardless of how many sources mention it.	PRESUMED_STRICT_ADC	
ADC_SUFFIX_a96eed1b0bd2	ADC_CANDIDATE	HDP-103	conference_abstract_corpus	aacr:2026:5639	development-code + explicit ADC-context match; example: HDP-103, a PSMA targeting amanitin-based ADC, is efficacious even in difficult to treat patient derived xenograft models with heterogenous PSMA expres		medium	NEEDS_REVIEW	development-code-shaped name found in explicit tight grammatical relationship with 'antibody-drug conjugate'/'ADC' (e.g. '<code> is a novel antibody-drug conjugate' or 'the ADC candidate <code>') in free-text title/abstract -- no structured field confirms this, and a development code alone (unlike a USAN/INN suffix) carries no independent payload/linker class evidence; needs a human check before promotion, not auto-promoted regardless of how many sources mention it.	PRESUMED_STRICT_ADC	
ADC_SUFFIX_69c8ec9904e6	ADC_CANDIDATE	ZW439	conference_abstract_corpus	aacr:2026:5640	development-code + explicit ADC-context match; example: ZW439, a novel CLDN18.2-targeting pan-RAS inhibitor antibody drug conjugate for the treatment of RAS mutated pancreatic cancer.		medium	NEEDS_REVIEW	development-code-shaped name found in explicit tight grammatical relationship with 'antibody-drug conjugate'/'ADC' (e.g. '<code> is a novel antibody-drug conjugate' or 'the ADC candidate <code>') in free-text title/abstract -- no structured field confirms this, and a development code alone (unlike a USAN/INN suffix) carries no independent payload/linker class evidence; needs a human check before promotion, not auto-promoted regardless of how many sources mention it.	PRESUMED_STRICT_ADC	
ADC_SUFFIX_03438f484348	ADC_CANDIDATE	BCG037	conference_abstract_corpus	aacr:2026:5641	development-code + explicit ADC-context match; example: BCG037, a first-in-class anti-human ALPP/ALPG therapeutic ADC that inhibits tumor growth in pancreatic cancer and gastric cancer PDX models.		medium	NEEDS_REVIEW	development-code-shaped name found in explicit tight grammatical relationship with 'antibody-drug conjugate'/'ADC' (e.g. '<code> is a novel antibody-drug conjugate' or 'the ADC candidate <code>') in free-text title/abstract -- no structured field confirms this, and a development code alone (unlike a USAN/INN suffix) carries no independent payload/linker class evidence; needs a human check before promotion, not auto-promoted regardless of how many sources mention it.	PRESUMED_STRICT_ADC	
ADC_SUFFIX_6020fa444ca9	ADC_CANDIDATE	BCG040	conference_abstract_corpus	aacr:2026:5642	development-code + explicit ADC-context match; example: BCG040, a novel B7-H4-targeting biparatopic ADC, demonstrates superior preclinical efficacy in heterogeneous tumors.		medium	NEEDS_REVIEW	development-code-shaped name found in explicit tight grammatical relationship with 'antibody-drug conjugate'/'ADC' (e.g. '<code> is a novel antibody-drug conjugate' or 'the ADC candidate <code>') in free-text title/abstract -- no structured field confirms this, and a development code alone (unlike a USAN/INN suffix) carries no independent payload/linker class evidence; needs a human check before promotion, not auto-promoted regardless of how many sources mention it.	PRESUMED_STRICT_ADC	
ADC_SUFFIX_c3511e19232e	ADC_CANDIDATE	NW006-296	conference_abstract_corpus	aacr:2026:5645	development-code + explicit ADC-context match; example: NW006-296, a novel ROR1 targeting ADC, demonstrates compelling anti-tumor efficacy in preclinical studies.		medium	NEEDS_REVIEW	development-code-shaped name found in explicit tight grammatical relationship with 'antibody-drug conjugate'/'ADC' (e.g. '<code> is a novel antibody-drug conjugate' or 'the ADC candidate <code>') in free-text title/abstract -- no structured field confirms this, and a development code alone (unlike a USAN/INN suffix) carries no independent payload/linker class evidence; needs a human check before promotion, not auto-promoted regardless of how many sources mention it.	PRESUMED_STRICT_ADC	
ADC_SUFFIX_92ecc111af02	ADC_CANDIDATE	GS24-B057	conference_abstract_corpus	aacr:2026:5647	development-code + explicit ADC-context match; example: GS24-B057, a potential best-in-class Nectin-4and Trop-2-directed bispecific ADC, for the treatment of urothelial carcinoma and other solid tumors.		medium	NEEDS_REVIEW	development-code-shaped name found in explicit tight grammatical relationship with 'antibody-drug conjugate'/'ADC' (e.g. '<code> is a novel antibody-drug conjugate' or 'the ADC candidate <code>') in free-text title/abstract -- no structured field confirms this, and a development code alone (unlike a USAN/INN suffix) carries no independent payload/linker class evidence; needs a human check before promotion, not auto-promoted regardless of how many sources mention it.	PRESUMED_STRICT_ADC	
ADC_SUFFIX_cbb1e1b87722	ADC_CANDIDATE	KIVU-305	conference_abstract_corpus	aacr:2026:5648	development-code + explicit ADC-context match; example: Preclinical efficacy and safety of KIVU-305, a novel CEACAM5-targeting antibody-drug conjugate (ADC) for colorectal cancer (CRC).		medium	NEEDS_REVIEW	development-code-shaped name found in explicit tight grammatical relationship with 'antibody-drug conjugate'/'ADC' (e.g. '<code> is a novel antibody-drug conjugate' or 'the ADC candidate <code>') in free-text title/abstract -- no structured field confirms this, and a development code alone (unlike a USAN/INN suffix) carries no independent payload/linker class evidence; needs a human check before promotion, not auto-promoted regardless of how many sources mention it.	PRESUMED_STRICT_ADC	
ADC_SUFFIX_83f34596a6b4	ADC_CANDIDATE	LUA006	conference_abstract_corpus	aacr:2026:5650	development-code + explicit ADC-context match; example: Preclinical development of LUA006: A bispecific EGFR/B7-H3 ADC with dual payloads to address tumor heterogeneity and resistance.		medium	NEEDS_REVIEW	development-code-shaped name found in explicit tight grammatical relationship with 'antibody-drug conjugate'/'ADC' (e.g. '<code> is a novel antibody-drug conjugate' or 'the ADC candidate <code>') in free-text title/abstract -- no structured field confirms this, and a development code alone (unlike a USAN/INN suffix) carries no independent payload/linker class evidence; needs a human check before promotion, not auto-promoted regardless of how many sources mention it.	PRESUMED_STRICT_ADC	
ADC_SUFFIX_d58708d4f584	ADC_CANDIDATE	LUA005	conference_abstract_corpus	aacr:2026:5651	development-code + explicit ADC-context match; example: Preclinical development of LUA005: A differentiated bivalent EGFR/cMET bispecific ADC displays strong anti-cancer efficacy and a wider therapeutic win		medium	NEEDS_REVIEW	development-code-shaped name found in explicit tight grammatical relationship with 'antibody-drug conjugate'/'ADC' (e.g. '<code> is a novel antibody-drug conjugate' or 'the ADC candidate <code>') in free-text title/abstract -- no structured field confirms this, and a development code alone (unlike a USAN/INN suffix) carries no independent payload/linker class evidence; needs a human check before promotion, not auto-promoted regardless of how many sources mention it.	PRESUMED_STRICT_ADC	
ADC_SUFFIX_c53373f9412c	ADC_CANDIDATE	LUA011	conference_abstract_corpus	aacr:2026:5652	development-code + explicit ADC-context match; example: Preclinical development of LUA011, a novel CDH17/cMET bispecific ADC with enhanced antitumor efficacy and mitigated gastrointestinal toxicity.		medium	NEEDS_REVIEW	development-code-shaped name found in explicit tight grammatical relationship with 'antibody-drug conjugate'/'ADC' (e.g. '<code> is a novel antibody-drug conjugate' or 'the ADC candidate <code>') in free-text title/abstract -- no structured field confirms this, and a development code alone (unlike a USAN/INN suffix) carries no independent payload/linker class evidence; needs a human check before promotion, not auto-promoted regardless of how many sources mention it.	PRESUMED_STRICT_ADC	
ADC_SUFFIX_240462dfd735	ADC_CANDIDATE	LUA004	conference_abstract_corpus	aacr:2026:5653	development-code + explicit ADC-context match; example: Preclinical characterization of LUA004, a novel 5T4-targeting ADC with improved therapeutic window.		medium	NEEDS_REVIEW	development-code-shaped name found in explicit tight grammatical relationship with 'antibody-drug conjugate'/'ADC' (e.g. '<code> is a novel antibody-drug conjugate' or 'the ADC candidate <code>') in free-text title/abstract -- no structured field confirms this, and a development code alone (unlike a USAN/INN suffix) carries no independent payload/linker class evidence; needs a human check before promotion, not auto-promoted regardless of how many sources mention it.	PRESUMED_STRICT_ADC	
ADC_SUFFIX_68a824cbdb8e	ADC_CANDIDATE	IMD2128	conference_abstract_corpus	aacr:2026:5654	development-code + explicit ADC-context match; example: Novel ALDC and ADC with TMEAlinker and eribulin payload demonstrate excellent safety and efficacy in preclinical evaluation.		medium	NEEDS_REVIEW	development-code-shaped name found in explicit tight grammatical relationship with 'antibody-drug conjugate'/'ADC' (e.g. '<code> is a novel antibody-drug conjugate' or 'the ADC candidate <code>') in free-text title/abstract -- no structured field confirms this, and a development code alone (unlike a USAN/INN suffix) carries no independent payload/linker class evidence; needs a human check before promotion, not auto-promoted regardless of how many sources mention it.	PRESUMED_STRICT_ADC	
ADC_SUFFIX_37336392881d	ADC_CANDIDATE	YL252	conference_abstract_corpus	aacr:2026:5655	development-code + explicit ADC-context match; example: YL252: A dual-functional PD-L1/VEGF-targeting ADC integrating immunotherapy, anti-angiogenesis, and cytotoxicity.		medium	NEEDS_REVIEW	development-code-shaped name found in explicit tight grammatical relationship with 'antibody-drug conjugate'/'ADC' (e.g. '<code> is a novel antibody-drug conjugate' or 'the ADC candidate <code>') in free-text title/abstract -- no structured field confirms this, and a development code alone (unlike a USAN/INN suffix) carries no independent payload/linker class evidence; needs a human check before promotion, not auto-promoted regardless of how many sources mention it.	PRESUMED_STRICT_ADC	
ADC_SUFFIX_6c1cdb33a602	ADC_CANDIDATE	BH4601	conference_abstract_corpus	aacr:2026:5756	development-code + explicit ADC-context match; example: Preclinical evaluation of BH4601, a novel tetravalent PD-L1 and B7H3 bispecific antibody-drug conjugate (ADC) with Topo1 inhibitor for the treatment o		medium	NEEDS_REVIEW	development-code-shaped name found in explicit tight grammatical relationship with 'antibody-drug conjugate'/'ADC' (e.g. '<code> is a novel antibody-drug conjugate' or 'the ADC candidate <code>') in free-text title/abstract -- no structured field confirms this, and a development code alone (unlike a USAN/INN suffix) carries no independent payload/linker class evidence; needs a human check before promotion, not auto-promoted regardless of how many sources mention it.	PRESUMED_STRICT_ADC	
ADC_SUFFIX_97f3999614d4	ADC_CANDIDATE	HX116	conference_abstract_corpus	aacr:2026:6536	development-code + explicit ADC-context match; example: A novel multi-modal PD-L1xVEGF-ADC, HX116, could be a new potent candidate treatment for pan-solid tumors.		medium	NEEDS_REVIEW	development-code-shaped name found in explicit tight grammatical relationship with 'antibody-drug conjugate'/'ADC' (e.g. '<code> is a novel antibody-drug conjugate' or 'the ADC candidate <code>') in free-text title/abstract -- no structured field confirms this, and a development code alone (unlike a USAN/INN suffix) carries no independent payload/linker class evidence; needs a human check before promotion, not auto-promoted regardless of how many sources mention it.	PRESUMED_STRICT_ADC	
ADC_SUFFIX_c94e5cddb779	ADC_CANDIDATE	BCG018	conference_abstract_corpus	aacr:2026:6930	development-code + explicit ADC-context match; example: Preclinical efficacy of BCG018, an ADC targeting ITGB6 and incorporating a topoisomerase I inhibitor payload, was demonstrated to be effective in PDX 		medium	NEEDS_REVIEW	development-code-shaped name found in explicit tight grammatical relationship with 'antibody-drug conjugate'/'ADC' (e.g. '<code> is a novel antibody-drug conjugate' or 'the ADC candidate <code>') in free-text title/abstract -- no structured field confirms this, and a development code alone (unlike a USAN/INN suffix) carries no independent payload/linker class evidence; needs a human check before promotion, not auto-promoted regardless of how many sources mention it.	PRESUMED_STRICT_ADC	
ADC_SUFFIX_61d9f90dc991	ADC_CANDIDATE	BCG044	conference_abstract_corpus	aacr:2026:6931	development-code + explicit ADC-context match; example: Preclinical study of BCG044, a novel bispecific ADC targeting EpCAM and HER3 for the treatment of colorectal and other tumors.		medium	NEEDS_REVIEW	development-code-shaped name found in explicit tight grammatical relationship with 'antibody-drug conjugate'/'ADC' (e.g. '<code> is a novel antibody-drug conjugate' or 'the ADC candidate <code>') in free-text title/abstract -- no structured field confirms this, and a development code alone (unlike a USAN/INN suffix) carries no independent payload/linker class evidence; needs a human check before promotion, not auto-promoted regardless of how many sources mention it.	PRESUMED_STRICT_ADC	
ADC_SUFFIX_d6d3a8673b3f	ADC_CANDIDATE	BCG046	conference_abstract_corpus	aacr:2026:6937	development-code + explicit ADC-context match; example: BCG046, a CDCP1 ADC that targets CTF, has demonstrated potent in vitro and in vivo efficacy.		medium	NEEDS_REVIEW	development-code-shaped name found in explicit tight grammatical relationship with 'antibody-drug conjugate'/'ADC' (e.g. '<code> is a novel antibody-drug conjugate' or 'the ADC candidate <code>') in free-text title/abstract -- no structured field confirms this, and a development code alone (unlike a USAN/INN suffix) carries no independent payload/linker class evidence; needs a human check before promotion, not auto-promoted regardless of how many sources mention it.	PRESUMED_STRICT_ADC	
ADC_SUFFIX_2ad6a2afb412	ADC_CANDIDATE	BCG026	conference_abstract_corpus	aacr:2026:6938	development-code + explicit ADC-context match; example: BCG026: FAP × GPC1 bispecific ADC A novel targeting approach for stromal and tumor cells in pancreatic cancer and other solid tumors.		medium	NEEDS_REVIEW	development-code-shaped name found in explicit tight grammatical relationship with 'antibody-drug conjugate'/'ADC' (e.g. '<code> is a novel antibody-drug conjugate' or 'the ADC candidate <code>') in free-text title/abstract -- no structured field confirms this, and a development code alone (unlike a USAN/INN suffix) carries no independent payload/linker class evidence; needs a human check before promotion, not auto-promoted regardless of how many sources mention it.	PRESUMED_STRICT_ADC	
ADC_SUFFIX_782bb65e833d	ADC_CANDIDATE	ALK208	conference_abstract_corpus	aacr:2026:6940	development-code + explicit ADC-context match; example: A first-in-class PD-L1/B7-H3/VEGF tri-specific ADC achieves enhanced preclinical antitumor efficacy through direct cytotoxicity, immune checkpoint blo		medium	NEEDS_REVIEW	development-code-shaped name found in explicit tight grammatical relationship with 'antibody-drug conjugate'/'ADC' (e.g. '<code> is a novel antibody-drug conjugate' or 'the ADC candidate <code>') in free-text title/abstract -- no structured field confirms this, and a development code alone (unlike a USAN/INN suffix) carries no independent payload/linker class evidence; needs a human check before promotion, not auto-promoted regardless of how many sources mention it.	PRESUMED_STRICT_ADC	
ADC_SUFFIX_acf3d0e01da0	ADC_CANDIDATE	TRO-01	conference_abstract_corpus	aacr:2026:7164	development-code + explicit ADC-context match; example: Preclinical characterization of TRO-01, a novel CLDN18.2-targeting ADC, with potent anti-tumor efficacy and favorable PK and safety.		medium	NEEDS_REVIEW	development-code-shaped name found in explicit tight grammatical relationship with 'antibody-drug conjugate'/'ADC' (e.g. '<code> is a novel antibody-drug conjugate' or 'the ADC candidate <code>') in free-text title/abstract -- no structured field confirms this, and a development code alone (unlike a USAN/INN suffix) carries no independent payload/linker class evidence; needs a human check before promotion, not auto-promoted regardless of how many sources mention it.	PRESUMED_STRICT_ADC	
ADC_SUFFIX_4a3656b9bc79	ADC_CANDIDATE	BAY94-9343	clinicaltrials		development-code + explicit ADC-context match; example: Phase I Study to Determine the Maximum Tolerable Dose of BAY94-9343 in Patients With Advanced Solid Tumors.	2011-09-23	medium	NEEDS_REVIEW	development-code-shaped name found in explicit tight grammatical relationship with 'antibody-drug conjugate'/'ADC' (e.g. '<code> is a novel antibody-drug conjugate' or 'the ADC candidate <code>') in free-text title/abstract -- no structured field confirms this, and a development code alone (unlike a USAN/INN suffix) carries no independent payload/linker class evidence; needs a human check before promotion, not auto-promoted regardless of how many sources mention it.	PRESUMED_STRICT_ADC	
ADC_SUFFIX_3ed03d63d002	ADC_CANDIDATE	BAY1187982	clinicaltrials		development-code + explicit ADC-context match; example: Phase I, Dose-escalation Trial of BAY1187982 in Subjects With Advanced Solid Tumors Known to Express Fibroblast Growth Factor Receptor 2 (FGFR2)	2015-02-23	medium	NEEDS_REVIEW	development-code-shaped name found in explicit tight grammatical relationship with 'antibody-drug conjugate'/'ADC' (e.g. '<code> is a novel antibody-drug conjugate' or 'the ADC candidate <code>') in free-text title/abstract -- no structured field confirms this, and a development code alone (unlike a USAN/INN suffix) carries no independent payload/linker class evidence; needs a human check before promotion, not auto-promoted regardless of how many sources mention it.	PRESUMED_STRICT_ADC	
ADC_SUFFIX_2f09e2d05628	ADC_CANDIDATE	CC-99712	clinicaltrials		development-code + explicit ADC-context match; example: A Study of CC-99712, a BCMA Antibody-Drug Conjugate, in Participants With Relapsed and Refractory Multiple Myeloma	2019-07-29	medium	NEEDS_REVIEW	development-code-shaped name found in explicit tight grammatical relationship with 'antibody-drug conjugate'/'ADC' (e.g. '<code> is a novel antibody-drug conjugate' or 'the ADC candidate <code>') in free-text title/abstract -- no structured field confirms this, and a development code alone (unlike a USAN/INN suffix) carries no independent payload/linker class evidence; needs a human check before promotion, not auto-promoted regardless of how many sources mention it.	PRESUMED_STRICT_ADC	
ADC_SUFFIX_ecb2118eeaac	ADC_CANDIDATE	BMS-986405	clinicaltrials		development-code + explicit ADC-context match; example: A Study of CC-99712, a BCMA Antibody-Drug Conjugate, in Participants With Relapsed and Refractory Multiple Myeloma	2019-07-29	medium	NEEDS_REVIEW	development-code-shaped name found in explicit tight grammatical relationship with 'antibody-drug conjugate'/'ADC' (e.g. '<code> is a novel antibody-drug conjugate' or 'the ADC candidate <code>') in free-text title/abstract -- no structured field confirms this, and a development code alone (unlike a USAN/INN suffix) carries no independent payload/linker class evidence; needs a human check before promotion, not auto-promoted regardless of how many sources mention it.	PRESUMED_STRICT_ADC	
ADC_SUFFIX_3b9930bfba9b	ADC_CANDIDATE	M1231	clinicaltrials		development-code + explicit ADC-context match; example: M1231 in Participants With Solid Tumors	2021-01-05	medium	NEEDS_REVIEW	development-code-shaped name found in explicit tight grammatical relationship with 'antibody-drug conjugate'/'ADC' (e.g. '<code> is a novel antibody-drug conjugate' or 'the ADC candidate <code>') in free-text title/abstract -- no structured field confirms this, and a development code alone (unlike a USAN/INN suffix) carries no independent payload/linker class evidence; needs a human check before promotion, not auto-promoted regardless of how many sources mention it.	PRESUMED_STRICT_ADC	
ADC_SUFFIX_3d0cd2f234b8	ADC_CANDIDATE	CPO102	clinicaltrials		development-code + explicit ADC-context match; example: Dose Escalation and Expansion Study of CPO102, an Anti-claudin 18.2 ADC in Patients With Advanced Cancers	2021-09-14	medium	NEEDS_REVIEW	development-code-shaped name found in explicit tight grammatical relationship with 'antibody-drug conjugate'/'ADC' (e.g. '<code> is a novel antibody-drug conjugate' or 'the ADC candidate <code>') in free-text title/abstract -- no structured field confirms this, and a development code alone (unlike a USAN/INN suffix) carries no independent payload/linker class evidence; needs a human check before promotion, not auto-promoted regardless of how many sources mention it.	PRESUMED_STRICT_ADC	
ADC_SUFFIX_523f9bfb53dc	ADC_CANDIDATE	STI-3258	clinicaltrials		development-code + explicit ADC-context match; example: Study to Assess an Anti-Trop2 Antibody Drug Conjugate in Relapsed or Refractory Solid Tumors	2021-09-29	medium	NEEDS_REVIEW	development-code-shaped name found in explicit tight grammatical relationship with 'antibody-drug conjugate'/'ADC' (e.g. '<code> is a novel antibody-drug conjugate' or 'the ADC candidate <code>') in free-text title/abstract -- no structured field confirms this, and a development code alone (unlike a USAN/INN suffix) carries no independent payload/linker class evidence; needs a human check before promotion, not auto-promoted regardless of how many sources mention it.	PRESUMED_STRICT_ADC	
ADC_SUFFIX_4ba0a957c89a	ADC_CANDIDATE	JS001	clinicaltrials		development-code + explicit ADC-context match; example: A Study of RC48-ADC Combined With JS001 For Perioperative Treatment of Muscle-Invasive Bladder Cancer	2022-03-28	medium	NEEDS_REVIEW	development-code-shaped name found in explicit tight grammatical relationship with 'antibody-drug conjugate'/'ADC' (e.g. '<code> is a novel antibody-drug conjugate' or 'the ADC candidate <code>') in free-text title/abstract -- no structured field confirms this, and a development code alone (unlike a USAN/INN suffix) carries no independent payload/linker class evidence; needs a human check before promotion, not auto-promoted regardless of how many sources mention it.	PRESUMED_STRICT_ADC	
ADC_SUFFIX_9d34820ad6d9	ADC_CANDIDATE	AMT-151	clinicaltrials		development-code + explicit ADC-context match; example: AMT-151 in Patients With Selected Advanced Solid Tumours	2022-08-12	medium	NEEDS_REVIEW	development-code-shaped name found in explicit tight grammatical relationship with 'antibody-drug conjugate'/'ADC' (e.g. '<code> is a novel antibody-drug conjugate' or 'the ADC candidate <code>') in free-text title/abstract -- no structured field confirms this, and a development code alone (unlike a USAN/INN suffix) carries no independent payload/linker class evidence; needs a human check before promotion, not auto-promoted regardless of how many sources mention it.	PRESUMED_STRICT_ADC	
ADC_SUFFIX_511520760115	ADC_CANDIDATE	IMGN151	clinicaltrials		development-code + explicit ADC-context match; example: First in Human Study of IMGN151 in Recurrent Gynaecological Cancers	2022-09-02	medium	NEEDS_REVIEW	development-code-shaped name found in explicit tight grammatical relationship with 'antibody-drug conjugate'/'ADC' (e.g. '<code> is a novel antibody-drug conjugate' or 'the ADC candidate <code>') in free-text title/abstract -- no structured field confirms this, and a development code alone (unlike a USAN/INN suffix) carries no independent payload/linker class evidence; needs a human check before promotion, not auto-promoted regardless of how many sources mention it.	PRESUMED_STRICT_ADC	
ADC_SUFFIX_c2492d1df325	ADC_CANDIDATE	BN301	clinicaltrials		development-code + explicit ADC-context match; example: Study of BN301, an Anti-CD74 Antibody Drug Conjugate, in Patients With Advanced B-Cell Malignancies	2022-11-10	medium	NEEDS_REVIEW	development-code-shaped name found in explicit tight grammatical relationship with 'antibody-drug conjugate'/'ADC' (e.g. '<code> is a novel antibody-drug conjugate' or 'the ADC candidate <code>') in free-text title/abstract -- no structured field confirms this, and a development code alone (unlike a USAN/INN suffix) carries no independent payload/linker class evidence; needs a human check before promotion, not auto-promoted regardless of how many sources mention it.	PRESUMED_STRICT_ADC	
ADC_SUFFIX_4ec9207ea684	ADC_CANDIDATE	CPO301	clinicaltrials		development-code + explicit ADC-context match; example: A Phase 1 Study of CPO301 in Adult Patients With Advanced or Metastatic Solid Tumors	2023-07-17	medium	NEEDS_REVIEW	development-code-shaped name found in explicit tight grammatical relationship with 'antibody-drug conjugate'/'ADC' (e.g. '<code> is a novel antibody-drug conjugate' or 'the ADC candidate <code>') in free-text title/abstract -- no structured field confirms this, and a development code alone (unlike a USAN/INN suffix) carries no independent payload/linker class evidence; needs a human check before promotion, not auto-promoted regardless of how many sources mention it.	PRESUMED_STRICT_ADC	
ADC_SUFFIX_8f1fa31e5987	ADC_CANDIDATE	EO-3021	clinicaltrials		development-code + explicit ADC-context match; example: Study of EO-3021 in Adult Patients With Solid Tumors Likely to Express CLDN18.2	2023-08-08	medium	NEEDS_REVIEW	development-code-shaped name found in explicit tight grammatical relationship with 'antibody-drug conjugate'/'ADC' (e.g. '<code> is a novel antibody-drug conjugate' or 'the ADC candidate <code>') in free-text title/abstract -- no structured field confirms this, and a development code alone (unlike a USAN/INN suffix) carries no independent payload/linker class evidence; needs a human check before promotion, not auto-promoted regardless of how many sources mention it.	PRESUMED_STRICT_ADC	
ADC_SUFFIX_892c45e7811d	ADC_CANDIDATE	AK104	clinicaltrials		development-code + explicit ADC-context match; example: A Study of RC48-ADC Combined With AK104 For Perioperative Treatment of Muscle-Invasive Bladder Cancer	2023-10-10	medium	NEEDS_REVIEW	development-code-shaped name found in explicit tight grammatical relationship with 'antibody-drug conjugate'/'ADC' (e.g. '<code> is a novel antibody-drug conjugate' or 'the ADC candidate <code>') in free-text title/abstract -- no structured field confirms this, and a development code alone (unlike a USAN/INN suffix) carries no independent payload/linker class evidence; needs a human check before promotion, not auto-promoted regardless of how many sources mention it.	PRESUMED_STRICT_ADC	
ADC_SUFFIX_4700cbed32ef	ADC_CANDIDATE	AGX101	clinicaltrials		development-code + explicit ADC-context match; example: A Study to Evaluate Safety, Tolerability and Preliminary Activity of AGX101 in Participants With Advanced Solid Tumors	2024-06-03	medium	NEEDS_REVIEW	development-code-shaped name found in explicit tight grammatical relationship with 'antibody-drug conjugate'/'ADC' (e.g. '<code> is a novel antibody-drug conjugate' or 'the ADC candidate <code>') in free-text title/abstract -- no structured field confirms this, and a development code alone (unlike a USAN/INN suffix) carries no independent payload/linker class evidence; needs a human check before promotion, not auto-promoted regardless of how many sources mention it.	PRESUMED_STRICT_ADC	
ADC_SUFFIX_d04ce9f51254	ADC_CANDIDATE	PHN-010	clinicaltrials		development-code + explicit ADC-context match; example: A Study of PHN-010 in Patients With Advanced Solid Tumors	2024-06-13	medium	NEEDS_REVIEW	development-code-shaped name found in explicit tight grammatical relationship with 'antibody-drug conjugate'/'ADC' (e.g. '<code> is a novel antibody-drug conjugate' or 'the ADC candidate <code>') in free-text title/abstract -- no structured field confirms this, and a development code alone (unlike a USAN/INN suffix) carries no independent payload/linker class evidence; needs a human check before promotion, not auto-promoted regardless of how many sources mention it.	PRESUMED_STRICT_ADC	
ADC_SUFFIX_36b40b66d86b	ADC_CANDIDATE	EIS-12656	clinicaltrials		development-code + explicit ADC-context match; example: EIS-12656 as Single Agent and in Combination in Patients With Specified Solid Tumors	2024-07-29	medium	NEEDS_REVIEW	development-code-shaped name found in explicit tight grammatical relationship with 'antibody-drug conjugate'/'ADC' (e.g. '<code> is a novel antibody-drug conjugate' or 'the ADC candidate <code>') in free-text title/abstract -- no structured field confirms this, and a development code alone (unlike a USAN/INN suffix) carries no independent payload/linker class evidence; needs a human check before promotion, not auto-promoted regardless of how many sources mention it.	PRESUMED_STRICT_ADC	
ADC_SUFFIX_1042e5f0f654	ADC_CANDIDATE	S227928	clinicaltrials		development-code + explicit ADC-context match; example: A Study to Evaluate S227928 as a Single Agent and in Combination With Venetoclax in Patients With R/R AML, MDS/AML, or CMML	2024-08-21	medium	NEEDS_REVIEW	development-code-shaped name found in explicit tight grammatical relationship with 'antibody-drug conjugate'/'ADC' (e.g. '<code> is a novel antibody-drug conjugate' or 'the ADC candidate <code>') in free-text title/abstract -- no structured field confirms this, and a development code alone (unlike a USAN/INN suffix) carries no independent payload/linker class evidence; needs a human check before promotion, not auto-promoted regardless of how many sources mention it.	PRESUMED_STRICT_ADC	
ADC_SUFFIX_bc805991b2b0	ADC_CANDIDATE	ADCE-T02	clinicaltrials		development-code + explicit ADC-context match; example: ADCE-T02, a Tissue Factor Targeted Antibody-Drug Conjugate, in Patients With Selected Advanced Solid Tumours	2024-09-19	medium	NEEDS_REVIEW	development-code-shaped name found in explicit tight grammatical relationship with 'antibody-drug conjugate'/'ADC' (e.g. '<code> is a novel antibody-drug conjugate' or 'the ADC candidate <code>') in free-text title/abstract -- no structured field confirms this, and a development code alone (unlike a USAN/INN suffix) carries no independent payload/linker class evidence; needs a human check before promotion, not auto-promoted regardless of how many sources mention it.	PRESUMED_STRICT_ADC	
ADC_SUFFIX_2ffef0e59898	ADC_CANDIDATE	SHR-A2009	clinicaltrials		development-code + explicit ADC-context match; example: Platform Study of ADC Rechallenge in ADC-treated Metastatic Breast Cancer	2024-10-18	medium	NEEDS_REVIEW	development-code-shaped name found in explicit tight grammatical relationship with 'antibody-drug conjugate'/'ADC' (e.g. '<code> is a novel antibody-drug conjugate' or 'the ADC candidate <code>') in free-text title/abstract -- no structured field confirms this, and a development code alone (unlike a USAN/INN suffix) carries no independent payload/linker class evidence; needs a human check before promotion, not auto-promoted regardless of how many sources mention it.	PRESUMED_STRICT_ADC	
ADC_SUFFIX_bcc9a820f1ce	ADC_CANDIDATE	FG-3246	clinicaltrials		development-code + explicit ADC-context match; example: A Study of FG-3246 in Participants With Metastatic Castration-Resistant Prostate Cancer (mCRPC)	2025-02-24	medium	NEEDS_REVIEW	development-code-shaped name found in explicit tight grammatical relationship with 'antibody-drug conjugate'/'ADC' (e.g. '<code> is a novel antibody-drug conjugate' or 'the ADC candidate <code>') in free-text title/abstract -- no structured field confirms this, and a development code alone (unlike a USAN/INN suffix) carries no independent payload/linker class evidence; needs a human check before promotion, not auto-promoted regardless of how many sources mention it.	PRESUMED_STRICT_ADC	
ADC_SUFFIX_bfbeb90e6f14	ADC_CANDIDATE	LY4175408	clinicaltrials		development-code + explicit ADC-context match; example: A Study of LY4175408 in Participants With Advanced Cancer	2025-07-02	medium	NEEDS_REVIEW	development-code-shaped name found in explicit tight grammatical relationship with 'antibody-drug conjugate'/'ADC' (e.g. '<code> is a novel antibody-drug conjugate' or 'the ADC candidate <code>') in free-text title/abstract -- no structured field confirms this, and a development code alone (unlike a USAN/INN suffix) carries no independent payload/linker class evidence; needs a human check before promotion, not auto-promoted regardless of how many sources mention it.	PRESUMED_STRICT_ADC	
ADC_SUFFIX_8e989eceaa1b	ADC_CANDIDATE	ALX2004	clinicaltrials		development-code + explicit ADC-context match; example: A First in Human Study of ALX2004 With Advanced or Metastatic Selected Solid Tumors	2025-07-25	medium	NEEDS_REVIEW	development-code-shaped name found in explicit tight grammatical relationship with 'antibody-drug conjugate'/'ADC' (e.g. '<code> is a novel antibody-drug conjugate' or 'the ADC candidate <code>') in free-text title/abstract -- no structured field confirms this, and a development code alone (unlike a USAN/INN suffix) carries no independent payload/linker class evidence; needs a human check before promotion, not auto-promoted regardless of how many sources mention it.	PRESUMED_STRICT_ADC	
ADC_SUFFIX_7d420e4691d1	ADC_CANDIDATE	PHN-012	clinicaltrials		development-code + explicit ADC-context match; example: A Study of PHN-012 in Patients With Advanced Solid Tumors	2025-08-17	medium	NEEDS_REVIEW	development-code-shaped name found in explicit tight grammatical relationship with 'antibody-drug conjugate'/'ADC' (e.g. '<code> is a novel antibody-drug conjugate' or 'the ADC candidate <code>') in free-text title/abstract -- no structured field confirms this, and a development code alone (unlike a USAN/INN suffix) carries no independent payload/linker class evidence; needs a human check before promotion, not auto-promoted regardless of how many sources mention it.	PRESUMED_STRICT_ADC	
ADC_SUFFIX_d1a480c97cda	ADC_CANDIDATE	BG-C0902	clinicaltrials		development-code + explicit ADC-context match; example: A First-in-Human Study of BG-C0902 Alone and in Combination With Other Therapeutic Agents in Patients With Advanced Solid Tumors	2025-09-18	medium	NEEDS_REVIEW	development-code-shaped name found in explicit tight grammatical relationship with 'antibody-drug conjugate'/'ADC' (e.g. '<code> is a novel antibody-drug conjugate' or 'the ADC candidate <code>') in free-text title/abstract -- no structured field confirms this, and a development code alone (unlike a USAN/INN suffix) carries no independent payload/linker class evidence; needs a human check before promotion, not auto-promoted regardless of how many sources mention it.	PRESUMED_STRICT_ADC	
ADC_SUFFIX_83922864c147	ADC_CANDIDATE	VBC103	clinicaltrials		development-code + explicit ADC-context match; example: Clinical Trial of VBC103 in Patients With Advanced Malignant Solid Tumors	2025-12-23	medium	NEEDS_REVIEW	development-code-shaped name found in explicit tight grammatical relationship with 'antibody-drug conjugate'/'ADC' (e.g. '<code> is a novel antibody-drug conjugate' or 'the ADC candidate <code>') in free-text title/abstract -- no structured field confirms this, and a development code alone (unlike a USAN/INN suffix) carries no independent payload/linker class evidence; needs a human check before promotion, not auto-promoted regardless of how many sources mention it.	PRESUMED_STRICT_ADC	
ADC_SUFFIX_81508ba4edec	ADC_CANDIDATE	PLB-002	clinicaltrials		development-code + explicit ADC-context match; example: A Study of PLB-002 in Advanced Solid Tumors	2025-12-26	medium	NEEDS_REVIEW	development-code-shaped name found in explicit tight grammatical relationship with 'antibody-drug conjugate'/'ADC' (e.g. '<code> is a novel antibody-drug conjugate' or 'the ADC candidate <code>') in free-text title/abstract -- no structured field confirms this, and a development code alone (unlike a USAN/INN suffix) carries no independent payload/linker class evidence; needs a human check before promotion, not auto-promoted regardless of how many sources mention it.	PRESUMED_STRICT_ADC	
ADC_SUFFIX_b1a38057c279	ADC_CANDIDATE	ADCE-B05	clinicaltrials		development-code + explicit ADC-context match; example: First-in-Human Study of ADCE-B05 in Patients With Advanced Solid Tumors	2026-01-23	medium	NEEDS_REVIEW	development-code-shaped name found in explicit tight grammatical relationship with 'antibody-drug conjugate'/'ADC' (e.g. '<code> is a novel antibody-drug conjugate' or 'the ADC candidate <code>') in free-text title/abstract -- no structured field confirms this, and a development code alone (unlike a USAN/INN suffix) carries no independent payload/linker class evidence; needs a human check before promotion, not auto-promoted regardless of how many sources mention it.	PRESUMED_STRICT_ADC	
ADC_SUFFIX_520d6f1b6823	ADC_CANDIDATE	HWK-007	clinicaltrials		development-code + explicit ADC-context match; example: Study Evaluating the Safety and Efficacy of HWK-007, a PTK7-directed Antibody Drug Conjugate in Participants With Advanced Solid Tumors	2026-03-03	medium	NEEDS_REVIEW	development-code-shaped name found in explicit tight grammatical relationship with 'antibody-drug conjugate'/'ADC' (e.g. '<code> is a novel antibody-drug conjugate' or 'the ADC candidate <code>') in free-text title/abstract -- no structured field confirms this, and a development code alone (unlike a USAN/INN suffix) carries no independent payload/linker class evidence; needs a human check before promotion, not auto-promoted regardless of how many sources mention it.	PRESUMED_STRICT_ADC	
ADC_SUFFIX_26e86ae0c549	ADC_CANDIDATE	NEOK001	clinicaltrials		development-code + explicit ADC-context match; example: A Phase 1 Study of NEOK001, a B7-H3 and ROR1 Targeting Bispecific ADC in Participants With Select Solid Tumors	2026-05-28	medium	NEEDS_REVIEW	development-code-shaped name found in explicit tight grammatical relationship with 'antibody-drug conjugate'/'ADC' (e.g. '<code> is a novel antibody-drug conjugate' or 'the ADC candidate <code>') in free-text title/abstract -- no structured field confirms this, and a development code alone (unlike a USAN/INN suffix) carries no independent payload/linker class evidence; needs a human check before promotion, not auto-promoted regardless of how many sources mention it.	PRESUMED_STRICT_ADC	
ADC_SUFFIX_ffe72f792309	ADC_CANDIDATE	CS5007	clinicaltrials		development-code + explicit ADC-context match; example: A Phase I Study of CS5007 in Participants With Advanced Solid Tumors	2026-06-03	medium	NEEDS_REVIEW	development-code-shaped name found in explicit tight grammatical relationship with 'antibody-drug conjugate'/'ADC' (e.g. '<code> is a novel antibody-drug conjugate' or 'the ADC candidate <code>') in free-text title/abstract -- no structured field confirms this, and a development code alone (unlike a USAN/INN suffix) carries no independent payload/linker class evidence; needs a human check before promotion, not auto-promoted regardless of how many sources mention it.	PRESUMED_STRICT_ADC	
ADC_SUFFIX_d8b1fd88aadd	ADC_CANDIDATE	DEC003M	clinicaltrials		development-code + explicit ADC-context match; example: DEC003M in Prostate Cancer	2026-06-18	medium	NEEDS_REVIEW	development-code-shaped name found in explicit tight grammatical relationship with 'antibody-drug conjugate'/'ADC' (e.g. '<code> is a novel antibody-drug conjugate' or 'the ADC candidate <code>') in free-text title/abstract -- no structured field confirms this, and a development code alone (unlike a USAN/INN suffix) carries no independent payload/linker class evidence; needs a human check before promotion, not auto-promoted regardless of how many sources mention it.	PRESUMED_STRICT_ADC	
ADC_SUFFIX_2ee02e27a459	ADC_CANDIDATE	VBC106	clinicaltrials		development-code + explicit ADC-context match; example: First-in-Human Trial of VBC106 in Participants With Advanced Solid Tumors	2026-07-07	medium	NEEDS_REVIEW	development-code-shaped name found in explicit tight grammatical relationship with 'antibody-drug conjugate'/'ADC' (e.g. '<code> is a novel antibody-drug conjugate' or 'the ADC candidate <code>') in free-text title/abstract -- no structured field confirms this, and a development code alone (unlike a USAN/INN suffix) carries no independent payload/linker class evidence; needs a human check before promotion, not auto-promoted regardless of how many sources mention it.	PRESUMED_STRICT_ADC	
ADC_SUFFIX_32f0823369fe	ADC_CANDIDATE	VBC108	clinicaltrials		development-code + explicit ADC-context match; example: First-in-Human Trial of VBC108 in Participants With Advanced Malignant Solid Tumors	2026-07-13	medium	NEEDS_REVIEW	development-code-shaped name found in explicit tight grammatical relationship with 'antibody-drug conjugate'/'ADC' (e.g. '<code> is a novel antibody-drug conjugate' or 'the ADC candidate <code>') in free-text title/abstract -- no structured field confirms this, and a development code alone (unlike a USAN/INN suffix) carries no independent payload/linker class evidence; needs a human check before promotion, not auto-promoted regardless of how many sources mention it.	PRESUMED_STRICT_ADC	
ADC_SUFFIX_4314460db834	ADC_CANDIDATE	FG-M131	clinicaltrials		development-code + explicit ADC-context match; example: A Phase I/II Study of FG-M131 in TRBC1+ Relapsed/Refractory Peripheral T-Cell Lymphoma	2026-08-11	medium	NEEDS_REVIEW	development-code-shaped name found in explicit tight grammatical relationship with 'antibody-drug conjugate'/'ADC' (e.g. '<code> is a novel antibody-drug conjugate' or 'the ADC candidate <code>') in free-text title/abstract -- no structured field confirms this, and a development code alone (unlike a USAN/INN suffix) carries no independent payload/linker class evidence; needs a human check before promotion, not auto-promoted regardless of how many sources mention it.	PRESUMED_STRICT_ADC	
ADC_SUFFIX_ea54452cda1b	ADC_CANDIDATE	VBC117	clinicaltrials		development-code + explicit ADC-context match; example: VBC117First-in-Human Trial of VBC117 in Participants With Advanced Malignant Solid Tumors	2026-08-19	medium	NEEDS_REVIEW	development-code-shaped name found in explicit tight grammatical relationship with 'antibody-drug conjugate'/'ADC' (e.g. '<code> is a novel antibody-drug conjugate' or 'the ADC candidate <code>') in free-text title/abstract -- no structured field confirms this, and a development code alone (unlike a USAN/INN suffix) carries no independent payload/linker class evidence; needs a human check before promotion, not auto-promoted regardless of how many sources mention it.	PRESUMED_STRICT_ADC	
