target	target_entity_id	indication	supporting_asset_count	supporting_adc_candidates	confidence	status
HER2	ADC_TARGET_HER2	Advanced Breast Cancer	3	ADC_CANDIDATE_DISITAMAB_VEDOTIN; ADC_CANDIDATE_TRASTUZUMAB_DERUXTECAN; ADC_CANDIDATE_TRASTUZUMAB_EMTANSINE	high	OBSERVED_CLINICAL_ASSOCIATION
HER2	ADC_TARGET_HER2	Advanced Cancer	3	ADC_CANDIDATE_DISITAMAB_VEDOTIN; ADC_CANDIDATE_TRASTUZUMAB_DERUXTECAN; ADC_CANDIDATE_TRASTUZUMAB_EMTANSINE	high	OBSERVED_CLINICAL_ASSOCIATION
HER2	ADC_TARGET_HER2	Advanced Solid Tumor	3	ADC_CANDIDATE_DISITAMAB_VEDOTIN; ADC_CANDIDATE_TRASTUZUMAB_DERUXTECAN; ADC_CANDIDATE_TRASTUZUMAB_EMTANSINE	high	OBSERVED_CLINICAL_ASSOCIATION
HER2	ADC_TARGET_HER2	Bladder Cancer	3	ADC_CANDIDATE_DISITAMAB_VEDOTIN; ADC_CANDIDATE_TRASTUZUMAB_DERUXTECAN; ADC_CANDIDATE_TRASTUZUMAB_EMTANSINE	high	OBSERVED_CLINICAL_ASSOCIATION
HER2	ADC_TARGET_HER2	Breast Cancer	3	ADC_CANDIDATE_DISITAMAB_VEDOTIN; ADC_CANDIDATE_TRASTUZUMAB_DERUXTECAN; ADC_CANDIDATE_TRASTUZUMAB_EMTANSINE	high	OBSERVED_CLINICAL_ASSOCIATION
HER2	ADC_TARGET_HER2	Breast Neoplasms	3	ADC_CANDIDATE_DISITAMAB_VEDOTIN; ADC_CANDIDATE_TRASTUZUMAB_DERUXTECAN; ADC_CANDIDATE_TRASTUZUMAB_EMTANSINE	high	OBSERVED_CLINICAL_ASSOCIATION
HER2	ADC_TARGET_HER2	Colorectal Cancer	3	ADC_CANDIDATE_DISITAMAB_VEDOTIN; ADC_CANDIDATE_TRASTUZUMAB_DERUXTECAN; ADC_CANDIDATE_TRASTUZUMAB_EMTANSINE	high	OBSERVED_CLINICAL_ASSOCIATION
HER2	ADC_TARGET_HER2	First-line Treatment	3	ADC_CANDIDATE_DISITAMAB_VEDOTIN; ADC_CANDIDATE_TRASTUZUMAB_DERUXTECAN; ADC_CANDIDATE_TRASTUZUMAB_EMTANSINE	high	OBSERVED_CLINICAL_ASSOCIATION
HER2	ADC_TARGET_HER2	Gastric Cancer	3	ADC_CANDIDATE_DISITAMAB_VEDOTIN; ADC_CANDIDATE_TRASTUZUMAB_DERUXTECAN; ADC_CANDIDATE_TRASTUZUMAB_EMTANSINE	high	OBSERVED_CLINICAL_ASSOCIATION
HER2	ADC_TARGET_HER2	Gastric Carcinoma	3	ADC_CANDIDATE_DISITAMAB_VEDOTIN; ADC_CANDIDATE_TRASTUZUMAB_DERUXTECAN; ADC_CANDIDATE_TRASTUZUMAB_EMTANSINE	high	OBSERVED_CLINICAL_ASSOCIATION
HER2	ADC_TARGET_HER2	Gastroesophageal Junction Adenocarcinoma	3	ADC_CANDIDATE_DISITAMAB_VEDOTIN; ADC_CANDIDATE_TRASTUZUMAB_DERUXTECAN; ADC_CANDIDATE_TRASTUZUMAB_EMTANSINE	high	OBSERVED_CLINICAL_ASSOCIATION
HER2	ADC_TARGET_HER2	HER2 Gene Mutation	3	ADC_CANDIDATE_DISITAMAB_VEDOTIN; ADC_CANDIDATE_TRASTUZUMAB_DERUXTECAN; ADC_CANDIDATE_TRASTUZUMAB_EMTANSINE	high	OBSERVED_CLINICAL_ASSOCIATION
HER2	ADC_TARGET_HER2	HER2 Positive Breast Carcinoma	3	ADC_CANDIDATE_DISITAMAB_VEDOTIN; ADC_CANDIDATE_TRASTUZUMAB_DERUXTECAN; ADC_CANDIDATE_TRASTUZUMAB_EMTANSINE	high	OBSERVED_CLINICAL_ASSOCIATION
HER2	ADC_TARGET_HER2	HER2 Positive Breast Neoplasms	3	ADC_CANDIDATE_DISITAMAB_VEDOTIN; ADC_CANDIDATE_TRASTUZUMAB_DERUXTECAN; ADC_CANDIDATE_TRASTUZUMAB_EMTANSINE	high	OBSERVED_CLINICAL_ASSOCIATION
HER2	ADC_TARGET_HER2	HER2+ Breast Cancer	3	ADC_CANDIDATE_DISITAMAB_VEDOTIN; ADC_CANDIDATE_TRASTUZUMAB_DERUXTECAN; ADC_CANDIDATE_TRASTUZUMAB_EMTANSINE	high	OBSERVED_CLINICAL_ASSOCIATION
HER2	ADC_TARGET_HER2	HER2-positive	3	ADC_CANDIDATE_DISITAMAB_VEDOTIN; ADC_CANDIDATE_TRASTUZUMAB_DERUXTECAN; ADC_CANDIDATE_TRASTUZUMAB_EMTANSINE	high	OBSERVED_CLINICAL_ASSOCIATION
HER2	ADC_TARGET_HER2	HER2-positive Breast Cancer	3	ADC_CANDIDATE_DISITAMAB_VEDOTIN; ADC_CANDIDATE_TRASTUZUMAB_DERUXTECAN; ADC_CANDIDATE_TRASTUZUMAB_EMTANSINE	high	OBSERVED_CLINICAL_ASSOCIATION
HER2	ADC_TARGET_HER2	HER2-positive Gastric Cancer	3	ADC_CANDIDATE_DISITAMAB_VEDOTIN; ADC_CANDIDATE_TRASTUZUMAB_DERUXTECAN; ADC_CANDIDATE_TRASTUZUMAB_EMTANSINE	high	OBSERVED_CLINICAL_ASSOCIATION
HER2	ADC_TARGET_HER2	HER2-positive Metastatic Breast Cancer	3	ADC_CANDIDATE_DISITAMAB_VEDOTIN; ADC_CANDIDATE_TRASTUZUMAB_DERUXTECAN; ADC_CANDIDATE_TRASTUZUMAB_EMTANSINE	high	OBSERVED_CLINICAL_ASSOCIATION
HER2	ADC_TARGET_HER2	Metastatic Breast Cancer	3	ADC_CANDIDATE_DISITAMAB_VEDOTIN; ADC_CANDIDATE_TRASTUZUMAB_DERUXTECAN; ADC_CANDIDATE_TRASTUZUMAB_EMTANSINE	high	OBSERVED_CLINICAL_ASSOCIATION
HER2	ADC_TARGET_HER2	Metastatic Gastric Cancer	3	ADC_CANDIDATE_DISITAMAB_VEDOTIN; ADC_CANDIDATE_TRASTUZUMAB_DERUXTECAN; ADC_CANDIDATE_TRASTUZUMAB_EMTANSINE	high	OBSERVED_CLINICAL_ASSOCIATION
HER2	ADC_TARGET_HER2	Metastatic HER2 Positive Gastroesophageal Junction Cancer	3	ADC_CANDIDATE_DISITAMAB_VEDOTIN; ADC_CANDIDATE_TRASTUZUMAB_DERUXTECAN; ADC_CANDIDATE_TRASTUZUMAB_EMTANSINE	high	OBSERVED_CLINICAL_ASSOCIATION
HER2	ADC_TARGET_HER2	Non Small Cell Lung Cancer	3	ADC_CANDIDATE_DISITAMAB_VEDOTIN; ADC_CANDIDATE_TRASTUZUMAB_DERUXTECAN; ADC_CANDIDATE_TRASTUZUMAB_EMTANSINE	high	OBSERVED_CLINICAL_ASSOCIATION
HER2	ADC_TARGET_HER2	Non-small Cell Lung Cancer	3	ADC_CANDIDATE_DISITAMAB_VEDOTIN; ADC_CANDIDATE_TRASTUZUMAB_DERUXTECAN; ADC_CANDIDATE_TRASTUZUMAB_EMTANSINE	high	OBSERVED_CLINICAL_ASSOCIATION
HER2	ADC_TARGET_HER2	Solid Tumor	3	ADC_CANDIDATE_DISITAMAB_VEDOTIN; ADC_CANDIDATE_TRASTUZUMAB_DERUXTECAN; ADC_CANDIDATE_TRASTUZUMAB_EMTANSINE	high	OBSERVED_CLINICAL_ASSOCIATION
HER2	ADC_TARGET_HER2	Triple Negative Breast Neoplasms	3	ADC_CANDIDATE_DISITAMAB_VEDOTIN; ADC_CANDIDATE_TRASTUZUMAB_DERUXTECAN; ADC_CANDIDATE_TRASTUZUMAB_EMTANSINE	high	OBSERVED_CLINICAL_ASSOCIATION
HER2	ADC_TARGET_HER2	Unresectable Gastric Carcinoma	3	ADC_CANDIDATE_DISITAMAB_VEDOTIN; ADC_CANDIDATE_TRASTUZUMAB_DERUXTECAN; ADC_CANDIDATE_TRASTUZUMAB_EMTANSINE	high	OBSERVED_CLINICAL_ASSOCIATION
HER2	ADC_TARGET_HER2	2L+ Cervical Cancer	2	ADC_CANDIDATE_TRASTUZUMAB_DERUXTECAN; ADC_CANDIDATE_TRASTUZUMAB_EMTANSINE	high	OBSERVED_CLINICAL_ASSOCIATION
HER2	ADC_TARGET_HER2	Advanced Breast Carcinoma	2	ADC_CANDIDATE_TRASTUZUMAB_DERUXTECAN; ADC_CANDIDATE_TRASTUZUMAB_EMTANSINE	high	OBSERVED_CLINICAL_ASSOCIATION
HER2	ADC_TARGET_HER2	Advanced Gastroesophageal Junction Adenocarcinoma	2	ADC_CANDIDATE_DISITAMAB_VEDOTIN; ADC_CANDIDATE_TRASTUZUMAB_DERUXTECAN	high	OBSERVED_CLINICAL_ASSOCIATION
HER2	ADC_TARGET_HER2	Advanced Lymphoma	2	ADC_CANDIDATE_TRASTUZUMAB_DERUXTECAN; ADC_CANDIDATE_TRASTUZUMAB_EMTANSINE	high	OBSERVED_CLINICAL_ASSOCIATION
HER2	ADC_TARGET_HER2	Advanced Malignant Solid Neoplasm	2	ADC_CANDIDATE_TRASTUZUMAB_DERUXTECAN; ADC_CANDIDATE_TRASTUZUMAB_EMTANSINE	high	OBSERVED_CLINICAL_ASSOCIATION
HER2	ADC_TARGET_HER2	Advanced Ovarian Carcinoma	2	ADC_CANDIDATE_TRASTUZUMAB_DERUXTECAN; ADC_CANDIDATE_TRASTUZUMAB_EMTANSINE	high	OBSERVED_CLINICAL_ASSOCIATION
HER2	ADC_TARGET_HER2	Advanced Pancreatic Carcinoma	2	ADC_CANDIDATE_TRASTUZUMAB_DERUXTECAN; ADC_CANDIDATE_TRASTUZUMAB_EMTANSINE	high	OBSERVED_CLINICAL_ASSOCIATION
HER2	ADC_TARGET_HER2	Advanced Prostate Carcinoma	2	ADC_CANDIDATE_TRASTUZUMAB_DERUXTECAN; ADC_CANDIDATE_TRASTUZUMAB_EMTANSINE	high	OBSERVED_CLINICAL_ASSOCIATION
HER2	ADC_TARGET_HER2	Advanced Sarcoma	2	ADC_CANDIDATE_TRASTUZUMAB_DERUXTECAN; ADC_CANDIDATE_TRASTUZUMAB_EMTANSINE	high	OBSERVED_CLINICAL_ASSOCIATION
HER2	ADC_TARGET_HER2	Advanced Solid Tumors	2	ADC_CANDIDATE_DISITAMAB_VEDOTIN; ADC_CANDIDATE_TRASTUZUMAB_DERUXTECAN	high	OBSERVED_CLINICAL_ASSOCIATION
HER2	ADC_TARGET_HER2	Anatomic Stage II Breast Cancer AJCC v8	2	ADC_CANDIDATE_TRASTUZUMAB_DERUXTECAN; ADC_CANDIDATE_TRASTUZUMAB_EMTANSINE	high	OBSERVED_CLINICAL_ASSOCIATION
HER2	ADC_TARGET_HER2	Anatomic Stage IIA Breast Cancer AJCC v8	2	ADC_CANDIDATE_TRASTUZUMAB_DERUXTECAN; ADC_CANDIDATE_TRASTUZUMAB_EMTANSINE	high	OBSERVED_CLINICAL_ASSOCIATION
HER2	ADC_TARGET_HER2	Anatomic Stage IIB Breast Cancer AJCC v8	2	ADC_CANDIDATE_TRASTUZUMAB_DERUXTECAN; ADC_CANDIDATE_TRASTUZUMAB_EMTANSINE	high	OBSERVED_CLINICAL_ASSOCIATION
HER2	ADC_TARGET_HER2	Anatomic Stage III Breast Cancer AJCC v8	2	ADC_CANDIDATE_TRASTUZUMAB_DERUXTECAN; ADC_CANDIDATE_TRASTUZUMAB_EMTANSINE	high	OBSERVED_CLINICAL_ASSOCIATION
HER2	ADC_TARGET_HER2	Anatomic Stage IIIA Breast Cancer AJCC v8	2	ADC_CANDIDATE_TRASTUZUMAB_DERUXTECAN; ADC_CANDIDATE_TRASTUZUMAB_EMTANSINE	high	OBSERVED_CLINICAL_ASSOCIATION
HER2	ADC_TARGET_HER2	Anatomic Stage IV Breast Cancer AJCC v8	2	ADC_CANDIDATE_TRASTUZUMAB_DERUXTECAN; ADC_CANDIDATE_TRASTUZUMAB_EMTANSINE	high	OBSERVED_CLINICAL_ASSOCIATION
HER2	ADC_TARGET_HER2	Biliary Tract Cancer	2	ADC_CANDIDATE_DISITAMAB_VEDOTIN; ADC_CANDIDATE_TRASTUZUMAB_DERUXTECAN	high	OBSERVED_CLINICAL_ASSOCIATION
HER2	ADC_TARGET_HER2	Bladder Carcinoma	2	ADC_CANDIDATE_TRASTUZUMAB_DERUXTECAN; ADC_CANDIDATE_TRASTUZUMAB_EMTANSINE	high	OBSERVED_CLINICAL_ASSOCIATION
HER2	ADC_TARGET_HER2	Bone Metastases	2	ADC_CANDIDATE_TRASTUZUMAB_DERUXTECAN; ADC_CANDIDATE_TRASTUZUMAB_EMTANSINE	high	OBSERVED_CLINICAL_ASSOCIATION
HER2	ADC_TARGET_HER2	Brain Metastases	2	ADC_CANDIDATE_TRASTUZUMAB_DERUXTECAN; ADC_CANDIDATE_TRASTUZUMAB_EMTANSINE	high	OBSERVED_CLINICAL_ASSOCIATION
HER2	ADC_TARGET_HER2	Breast Adenocarcinoma	2	ADC_CANDIDATE_TRASTUZUMAB_DERUXTECAN; ADC_CANDIDATE_TRASTUZUMAB_EMTANSINE	high	OBSERVED_CLINICAL_ASSOCIATION
HER2	ADC_TARGET_HER2	Breast Cancer Early Stage Breast Cancer (Stage 1-3)	2	ADC_CANDIDATE_TRASTUZUMAB_DERUXTECAN; ADC_CANDIDATE_TRASTUZUMAB_EMTANSINE	high	OBSERVED_CLINICAL_ASSOCIATION
HER2	ADC_TARGET_HER2	Breast Cancer Female	2	ADC_CANDIDATE_TRASTUZUMAB_DERUXTECAN; ADC_CANDIDATE_TRASTUZUMAB_EMTANSINE	high	OBSERVED_CLINICAL_ASSOCIATION
HER2	ADC_TARGET_HER2	Breast Cancer Invasive	2	ADC_CANDIDATE_TRASTUZUMAB_DERUXTECAN; ADC_CANDIDATE_TRASTUZUMAB_EMTANSINE	high	OBSERVED_CLINICAL_ASSOCIATION
HER2	ADC_TARGET_HER2	Breast Cancer Metastatic	2	ADC_CANDIDATE_TRASTUZUMAB_DERUXTECAN; ADC_CANDIDATE_TRASTUZUMAB_EMTANSINE	high	OBSERVED_CLINICAL_ASSOCIATION
HER2	ADC_TARGET_HER2	Breast Cancer, Metastatic	2	ADC_CANDIDATE_TRASTUZUMAB_DERUXTECAN; ADC_CANDIDATE_TRASTUZUMAB_EMTANSINE	high	OBSERVED_CLINICAL_ASSOCIATION
HER2	ADC_TARGET_HER2	Breast Carcinoma	2	ADC_CANDIDATE_TRASTUZUMAB_DERUXTECAN; ADC_CANDIDATE_TRASTUZUMAB_EMTANSINE	high	OBSERVED_CLINICAL_ASSOCIATION
HER2	ADC_TARGET_HER2	Breast Neoplasm	2	ADC_CANDIDATE_TRASTUZUMAB_DERUXTECAN; ADC_CANDIDATE_TRASTUZUMAB_EMTANSINE	high	OBSERVED_CLINICAL_ASSOCIATION
HER2	ADC_TARGET_HER2	Breast Tumors	2	ADC_CANDIDATE_TRASTUZUMAB_DERUXTECAN; ADC_CANDIDATE_TRASTUZUMAB_EMTANSINE	high	OBSERVED_CLINICAL_ASSOCIATION
HER2	ADC_TARGET_HER2	Cancer	2	ADC_CANDIDATE_TRASTUZUMAB_DERUXTECAN; ADC_CANDIDATE_TRASTUZUMAB_EMTANSINE	high	OBSERVED_CLINICAL_ASSOCIATION
HER2	ADC_TARGET_HER2	Carcinoma, Non-Small-Cell Lung	2	ADC_CANDIDATE_DISITAMAB_VEDOTIN; ADC_CANDIDATE_TRASTUZUMAB_EMTANSINE	high	OBSERVED_CLINICAL_ASSOCIATION
HER2	ADC_TARGET_HER2	Cervical Cancer	2	ADC_CANDIDATE_DISITAMAB_VEDOTIN; ADC_CANDIDATE_TRASTUZUMAB_DERUXTECAN	high	OBSERVED_CLINICAL_ASSOCIATION
HER2	ADC_TARGET_HER2	Cervical Carcinoma	2	ADC_CANDIDATE_TRASTUZUMAB_DERUXTECAN; ADC_CANDIDATE_TRASTUZUMAB_EMTANSINE	high	OBSERVED_CLINICAL_ASSOCIATION
HER2	ADC_TARGET_HER2	Colo-rectal Cancer	2	ADC_CANDIDATE_DISITAMAB_VEDOTIN; ADC_CANDIDATE_TRASTUZUMAB_EMTANSINE	high	OBSERVED_CLINICAL_ASSOCIATION
HER2	ADC_TARGET_HER2	Colon Carcinoma	2	ADC_CANDIDATE_TRASTUZUMAB_DERUXTECAN; ADC_CANDIDATE_TRASTUZUMAB_EMTANSINE	high	OBSERVED_CLINICAL_ASSOCIATION
HER2	ADC_TARGET_HER2	Colorectal Carcinoma	2	ADC_CANDIDATE_TRASTUZUMAB_DERUXTECAN; ADC_CANDIDATE_TRASTUZUMAB_EMTANSINE	high	OBSERVED_CLINICAL_ASSOCIATION
HER2	ADC_TARGET_HER2	Early Breast Cancer	2	ADC_CANDIDATE_TRASTUZUMAB_DERUXTECAN; ADC_CANDIDATE_TRASTUZUMAB_EMTANSINE	high	OBSERVED_CLINICAL_ASSOCIATION
HER2	ADC_TARGET_HER2	Early-stage Breast Cancer	2	ADC_CANDIDATE_TRASTUZUMAB_DERUXTECAN; ADC_CANDIDATE_TRASTUZUMAB_EMTANSINE	high	OBSERVED_CLINICAL_ASSOCIATION
HER2	ADC_TARGET_HER2	Endometrial Cancer	2	ADC_CANDIDATE_TRASTUZUMAB_DERUXTECAN; ADC_CANDIDATE_TRASTUZUMAB_EMTANSINE	high	OBSERVED_CLINICAL_ASSOCIATION
HER2	ADC_TARGET_HER2	Endometrial Carcinoma	2	ADC_CANDIDATE_TRASTUZUMAB_DERUXTECAN; ADC_CANDIDATE_TRASTUZUMAB_EMTANSINE	high	OBSERVED_CLINICAL_ASSOCIATION
HER2	ADC_TARGET_HER2	Esophageal Adenocarcinoma	2	ADC_CANDIDATE_TRASTUZUMAB_DERUXTECAN; ADC_CANDIDATE_TRASTUZUMAB_EMTANSINE	high	OBSERVED_CLINICAL_ASSOCIATION
HER2	ADC_TARGET_HER2	Esophageal Cancer	2	ADC_CANDIDATE_TRASTUZUMAB_DERUXTECAN; ADC_CANDIDATE_TRASTUZUMAB_EMTANSINE	high	OBSERVED_CLINICAL_ASSOCIATION
HER2	ADC_TARGET_HER2	Esophageal Carcinoma	2	ADC_CANDIDATE_TRASTUZUMAB_DERUXTECAN; ADC_CANDIDATE_TRASTUZUMAB_EMTANSINE	high	OBSERVED_CLINICAL_ASSOCIATION
HER2	ADC_TARGET_HER2	Estrogen Receptor-positive Breast Cancer	2	ADC_CANDIDATE_TRASTUZUMAB_DERUXTECAN; ADC_CANDIDATE_TRASTUZUMAB_EMTANSINE	high	OBSERVED_CLINICAL_ASSOCIATION
HER2	ADC_TARGET_HER2	Exocrine Pancreas Carcinoma	2	ADC_CANDIDATE_TRASTUZUMAB_DERUXTECAN; ADC_CANDIDATE_TRASTUZUMAB_EMTANSINE	high	OBSERVED_CLINICAL_ASSOCIATION
HER2	ADC_TARGET_HER2	Gastroesophageal Junction Cancer	2	ADC_CANDIDATE_TRASTUZUMAB_DERUXTECAN; ADC_CANDIDATE_TRASTUZUMAB_EMTANSINE	high	OBSERVED_CLINICAL_ASSOCIATION
HER2	ADC_TARGET_HER2	Gastrointestinal Cancer	2	ADC_CANDIDATE_TRASTUZUMAB_DERUXTECAN; ADC_CANDIDATE_TRASTUZUMAB_EMTANSINE	high	OBSERVED_CLINICAL_ASSOCIATION
HER2	ADC_TARGET_HER2	Glioma	2	ADC_CANDIDATE_TRASTUZUMAB_DERUXTECAN; ADC_CANDIDATE_TRASTUZUMAB_EMTANSINE	high	OBSERVED_CLINICAL_ASSOCIATION
HER2	ADC_TARGET_HER2	HER-2 Protein Overexpression	2	ADC_CANDIDATE_DISITAMAB_VEDOTIN; ADC_CANDIDATE_TRASTUZUMAB_DERUXTECAN	high	OBSERVED_CLINICAL_ASSOCIATION
HER2	ADC_TARGET_HER2	HER2	2	ADC_CANDIDATE_DISITAMAB_VEDOTIN; ADC_CANDIDATE_TRASTUZUMAB_DERUXTECAN	high	OBSERVED_CLINICAL_ASSOCIATION
HER2	ADC_TARGET_HER2	HER2 + Breast Cancer	2	ADC_CANDIDATE_DISITAMAB_VEDOTIN; ADC_CANDIDATE_TRASTUZUMAB_DERUXTECAN	high	OBSERVED_CLINICAL_ASSOCIATION
HER2	ADC_TARGET_HER2	HER2 Amplification	2	ADC_CANDIDATE_TRASTUZUMAB_DERUXTECAN; ADC_CANDIDATE_TRASTUZUMAB_EMTANSINE	high	OBSERVED_CLINICAL_ASSOCIATION
HER2	ADC_TARGET_HER2	HER2 Mutant Non-small Cell Lung Cancer	2	ADC_CANDIDATE_TRASTUZUMAB_DERUXTECAN; ADC_CANDIDATE_TRASTUZUMAB_EMTANSINE	high	OBSERVED_CLINICAL_ASSOCIATION
HER2	ADC_TARGET_HER2	HER2 Mutations Breast Neoplasms	2	ADC_CANDIDATE_TRASTUZUMAB_DERUXTECAN; ADC_CANDIDATE_TRASTUZUMAB_EMTANSINE	high	OBSERVED_CLINICAL_ASSOCIATION
HER2	ADC_TARGET_HER2	HER2 Positive	2	ADC_CANDIDATE_TRASTUZUMAB_DERUXTECAN; ADC_CANDIDATE_TRASTUZUMAB_EMTANSINE	high	OBSERVED_CLINICAL_ASSOCIATION
HER2	ADC_TARGET_HER2	HER2 Positive Breast Cancer	2	ADC_CANDIDATE_TRASTUZUMAB_DERUXTECAN; ADC_CANDIDATE_TRASTUZUMAB_EMTANSINE	high	OBSERVED_CLINICAL_ASSOCIATION
HER2	ADC_TARGET_HER2	HER2-Negative Metastatic Breast Cancer	2	ADC_CANDIDATE_TRASTUZUMAB_DERUXTECAN; ADC_CANDIDATE_TRASTUZUMAB_EMTANSINE	high	OBSERVED_CLINICAL_ASSOCIATION
HER2	ADC_TARGET_HER2	HER2-Positive Metastatic Breast Cancer	2	ADC_CANDIDATE_TRASTUZUMAB_DERUXTECAN; ADC_CANDIDATE_TRASTUZUMAB_EMTANSINE	high	OBSERVED_CLINICAL_ASSOCIATION
HER2	ADC_TARGET_HER2	HER2-expressing Non-small Cell Lung Cancer	2	ADC_CANDIDATE_TRASTUZUMAB_DERUXTECAN; ADC_CANDIDATE_TRASTUZUMAB_EMTANSINE	high	OBSERVED_CLINICAL_ASSOCIATION
HER2	ADC_TARGET_HER2	HER2-low Breast Cancer	2	ADC_CANDIDATE_DISITAMAB_VEDOTIN; ADC_CANDIDATE_TRASTUZUMAB_DERUXTECAN	high	OBSERVED_CLINICAL_ASSOCIATION
HER2	ADC_TARGET_HER2	HER2-negative Breast Cancer	2	ADC_CANDIDATE_TRASTUZUMAB_DERUXTECAN; ADC_CANDIDATE_TRASTUZUMAB_EMTANSINE	high	OBSERVED_CLINICAL_ASSOCIATION
HER2	ADC_TARGET_HER2	HER2-positive Colorectal Cancer	2	ADC_CANDIDATE_TRASTUZUMAB_DERUXTECAN; ADC_CANDIDATE_TRASTUZUMAB_EMTANSINE	high	OBSERVED_CLINICAL_ASSOCIATION
HER2	ADC_TARGET_HER2	HER2-positive Early Breast Cancer	2	ADC_CANDIDATE_TRASTUZUMAB_DERUXTECAN; ADC_CANDIDATE_TRASTUZUMAB_EMTANSINE	high	OBSERVED_CLINICAL_ASSOCIATION
HER2	ADC_TARGET_HER2	HER2-positive Gastroesophageal Junction Adenocarcinoma	2	ADC_CANDIDATE_DISITAMAB_VEDOTIN; ADC_CANDIDATE_TRASTUZUMAB_DERUXTECAN	high	OBSERVED_CLINICAL_ASSOCIATION
HER2	ADC_TARGET_HER2	HR Positive	2	ADC_CANDIDATE_TRASTUZUMAB_DERUXTECAN; ADC_CANDIDATE_TRASTUZUMAB_EMTANSINE	high	OBSERVED_CLINICAL_ASSOCIATION
HER2	ADC_TARGET_HER2	Head and Neck Carcinoma	2	ADC_CANDIDATE_TRASTUZUMAB_DERUXTECAN; ADC_CANDIDATE_TRASTUZUMAB_EMTANSINE	high	OBSERVED_CLINICAL_ASSOCIATION
HER2	ADC_TARGET_HER2	Heart Failure	2	ADC_CANDIDATE_TRASTUZUMAB_DERUXTECAN; ADC_CANDIDATE_TRASTUZUMAB_EMTANSINE	high	OBSERVED_CLINICAL_ASSOCIATION
HER2	ADC_TARGET_HER2	Hematopoietic and Lymphoid Cell Neoplasm	2	ADC_CANDIDATE_TRASTUZUMAB_DERUXTECAN; ADC_CANDIDATE_TRASTUZUMAB_EMTANSINE	high	OBSERVED_CLINICAL_ASSOCIATION
HER2	ADC_TARGET_HER2	Her 2 Positive Breast Cancer	2	ADC_CANDIDATE_TRASTUZUMAB_DERUXTECAN; ADC_CANDIDATE_TRASTUZUMAB_EMTANSINE	high	OBSERVED_CLINICAL_ASSOCIATION
HER2	ADC_TARGET_HER2	Hormone Receptor Negative Tumor	2	ADC_CANDIDATE_TRASTUZUMAB_DERUXTECAN; ADC_CANDIDATE_TRASTUZUMAB_EMTANSINE	high	OBSERVED_CLINICAL_ASSOCIATION
HER2	ADC_TARGET_HER2	Hormone Receptor Positive Breast Neoplasms	2	ADC_CANDIDATE_TRASTUZUMAB_DERUXTECAN; ADC_CANDIDATE_TRASTUZUMAB_EMTANSINE	high	OBSERVED_CLINICAL_ASSOCIATION
HER2	ADC_TARGET_HER2	Hormone Receptor Positive Tumor	2	ADC_CANDIDATE_TRASTUZUMAB_DERUXTECAN; ADC_CANDIDATE_TRASTUZUMAB_EMTANSINE	high	OBSERVED_CLINICAL_ASSOCIATION
HER2	ADC_TARGET_HER2	Human Epidermal Growth Factor 2 Positive Carcinoma of Breast	2	ADC_CANDIDATE_TRASTUZUMAB_DERUXTECAN; ADC_CANDIDATE_TRASTUZUMAB_EMTANSINE	high	OBSERVED_CLINICAL_ASSOCIATION
HER2	ADC_TARGET_HER2	Invasive Breast Carcinoma	2	ADC_CANDIDATE_TRASTUZUMAB_DERUXTECAN; ADC_CANDIDATE_TRASTUZUMAB_EMTANSINE	high	OBSERVED_CLINICAL_ASSOCIATION
HER2	ADC_TARGET_HER2	Kidney Carcinoma	2	ADC_CANDIDATE_TRASTUZUMAB_DERUXTECAN; ADC_CANDIDATE_TRASTUZUMAB_EMTANSINE	high	OBSERVED_CLINICAL_ASSOCIATION
HER2	ADC_TARGET_HER2	Left Ventricular Function Systolic Dysfunction	2	ADC_CANDIDATE_TRASTUZUMAB_DERUXTECAN; ADC_CANDIDATE_TRASTUZUMAB_EMTANSINE	high	OBSERVED_CLINICAL_ASSOCIATION
HER2	ADC_TARGET_HER2	Liver Carcinoma	2	ADC_CANDIDATE_TRASTUZUMAB_DERUXTECAN; ADC_CANDIDATE_TRASTUZUMAB_EMTANSINE	high	OBSERVED_CLINICAL_ASSOCIATION
HER2	ADC_TARGET_HER2	Liver Metastases	2	ADC_CANDIDATE_TRASTUZUMAB_DERUXTECAN; ADC_CANDIDATE_TRASTUZUMAB_EMTANSINE	high	OBSERVED_CLINICAL_ASSOCIATION
HER2	ADC_TARGET_HER2	Locally Advanced Breast Cancer	2	ADC_CANDIDATE_TRASTUZUMAB_DERUXTECAN; ADC_CANDIDATE_TRASTUZUMAB_EMTANSINE	high	OBSERVED_CLINICAL_ASSOCIATION
HER2	ADC_TARGET_HER2	Locally Advanced Solid Tumor	2	ADC_CANDIDATE_TRASTUZUMAB_DERUXTECAN; ADC_CANDIDATE_TRASTUZUMAB_EMTANSINE	high	OBSERVED_CLINICAL_ASSOCIATION
HER2	ADC_TARGET_HER2	Locally Advanced or Early Breast Cancer	2	ADC_CANDIDATE_TRASTUZUMAB_DERUXTECAN; ADC_CANDIDATE_TRASTUZUMAB_EMTANSINE	high	OBSERVED_CLINICAL_ASSOCIATION
HER2	ADC_TARGET_HER2	Lung Cancer	2	ADC_CANDIDATE_DISITAMAB_VEDOTIN; ADC_CANDIDATE_TRASTUZUMAB_EMTANSINE	high	OBSERVED_CLINICAL_ASSOCIATION
HER2	ADC_TARGET_HER2	Lung Cancer (Non-Small Cell)	2	ADC_CANDIDATE_DISITAMAB_VEDOTIN; ADC_CANDIDATE_TRASTUZUMAB_EMTANSINE	high	OBSERVED_CLINICAL_ASSOCIATION
HER2	ADC_TARGET_HER2	Lung Carcinoma	2	ADC_CANDIDATE_TRASTUZUMAB_DERUXTECAN; ADC_CANDIDATE_TRASTUZUMAB_EMTANSINE	high	OBSERVED_CLINICAL_ASSOCIATION
HER2	ADC_TARGET_HER2	Lung Metastases	2	ADC_CANDIDATE_TRASTUZUMAB_DERUXTECAN; ADC_CANDIDATE_TRASTUZUMAB_EMTANSINE	high	OBSERVED_CLINICAL_ASSOCIATION
HER2	ADC_TARGET_HER2	Lymphoma	2	ADC_CANDIDATE_TRASTUZUMAB_DERUXTECAN; ADC_CANDIDATE_TRASTUZUMAB_EMTANSINE	high	OBSERVED_CLINICAL_ASSOCIATION
HER2	ADC_TARGET_HER2	Malignant Uterine Corpus Neoplasm	2	ADC_CANDIDATE_TRASTUZUMAB_DERUXTECAN; ADC_CANDIDATE_TRASTUZUMAB_EMTANSINE	high	OBSERVED_CLINICAL_ASSOCIATION
HER2	ADC_TARGET_HER2	Malignant Uterine Neoplasm	2	ADC_CANDIDATE_TRASTUZUMAB_DERUXTECAN; ADC_CANDIDATE_TRASTUZUMAB_EMTANSINE	high	OBSERVED_CLINICAL_ASSOCIATION
HER2	ADC_TARGET_HER2	Melanoma	2	ADC_CANDIDATE_TRASTUZUMAB_DERUXTECAN; ADC_CANDIDATE_TRASTUZUMAB_EMTANSINE	high	OBSERVED_CLINICAL_ASSOCIATION
HER2	ADC_TARGET_HER2	Metastatic	2	ADC_CANDIDATE_TRASTUZUMAB_DERUXTECAN; ADC_CANDIDATE_TRASTUZUMAB_EMTANSINE	high	OBSERVED_CLINICAL_ASSOCIATION
HER2	ADC_TARGET_HER2	Metastatic Breast Cancer ( HER2 Negative)	2	ADC_CANDIDATE_DISITAMAB_VEDOTIN; ADC_CANDIDATE_TRASTUZUMAB_EMTANSINE	high	OBSERVED_CLINICAL_ASSOCIATION
HER2	ADC_TARGET_HER2	Metastatic Breast Carcinoma	2	ADC_CANDIDATE_TRASTUZUMAB_DERUXTECAN; ADC_CANDIDATE_TRASTUZUMAB_EMTANSINE	high	OBSERVED_CLINICAL_ASSOCIATION
HER2	ADC_TARGET_HER2	Metastatic Cancer	2	ADC_CANDIDATE_TRASTUZUMAB_DERUXTECAN; ADC_CANDIDATE_TRASTUZUMAB_EMTANSINE	high	OBSERVED_CLINICAL_ASSOCIATION
HER2	ADC_TARGET_HER2	Metastatic Colorectal Cancer	2	ADC_CANDIDATE_TRASTUZUMAB_DERUXTECAN; ADC_CANDIDATE_TRASTUZUMAB_EMTANSINE	high	OBSERVED_CLINICAL_ASSOCIATION
HER2	ADC_TARGET_HER2	Metastatic Gastric Adenocarcinoma	2	ADC_CANDIDATE_TRASTUZUMAB_DERUXTECAN; ADC_CANDIDATE_TRASTUZUMAB_EMTANSINE	high	OBSERVED_CLINICAL_ASSOCIATION
HER2	ADC_TARGET_HER2	Metastatic HER2+ Advanced Breast Cancer	2	ADC_CANDIDATE_TRASTUZUMAB_DERUXTECAN; ADC_CANDIDATE_TRASTUZUMAB_EMTANSINE	high	OBSERVED_CLINICAL_ASSOCIATION
HER2	ADC_TARGET_HER2	Metastatic HER2-Positive Breast Carcinoma	2	ADC_CANDIDATE_TRASTUZUMAB_DERUXTECAN; ADC_CANDIDATE_TRASTUZUMAB_EMTANSINE	high	OBSERVED_CLINICAL_ASSOCIATION
HER2	ADC_TARGET_HER2	Metastatic HER2-positive Breast Cancer	2	ADC_CANDIDATE_TRASTUZUMAB_DERUXTECAN; ADC_CANDIDATE_TRASTUZUMAB_EMTANSINE	high	OBSERVED_CLINICAL_ASSOCIATION
HER2	ADC_TARGET_HER2	Metastatic Malignant Neoplasm in the Brain	2	ADC_CANDIDATE_TRASTUZUMAB_DERUXTECAN; ADC_CANDIDATE_TRASTUZUMAB_EMTANSINE	high	OBSERVED_CLINICAL_ASSOCIATION
HER2	ADC_TARGET_HER2	Metastatic Malignant Solid Neoplasm	2	ADC_CANDIDATE_TRASTUZUMAB_DERUXTECAN; ADC_CANDIDATE_TRASTUZUMAB_EMTANSINE	high	OBSERVED_CLINICAL_ASSOCIATION
HER2	ADC_TARGET_HER2	Metastatic Pancreatic Adenocarcinoma	2	ADC_CANDIDATE_TRASTUZUMAB_DERUXTECAN; ADC_CANDIDATE_TRASTUZUMAB_EMTANSINE	high	OBSERVED_CLINICAL_ASSOCIATION
HER2	ADC_TARGET_HER2	Metastatic Salivary Gland Carcinoma	2	ADC_CANDIDATE_TRASTUZUMAB_DERUXTECAN; ADC_CANDIDATE_TRASTUZUMAB_EMTANSINE	high	OBSERVED_CLINICAL_ASSOCIATION
HER2	ADC_TARGET_HER2	Metastatic Solid Tumor	2	ADC_CANDIDATE_TRASTUZUMAB_DERUXTECAN; ADC_CANDIDATE_TRASTUZUMAB_EMTANSINE	high	OBSERVED_CLINICAL_ASSOCIATION
HER2	ADC_TARGET_HER2	Multiple Myeloma	2	ADC_CANDIDATE_TRASTUZUMAB_DERUXTECAN; ADC_CANDIDATE_TRASTUZUMAB_EMTANSINE	high	OBSERVED_CLINICAL_ASSOCIATION
HER2	ADC_TARGET_HER2	Neoadjuvant Melanoma	2	ADC_CANDIDATE_TRASTUZUMAB_DERUXTECAN; ADC_CANDIDATE_TRASTUZUMAB_EMTANSINE	high	OBSERVED_CLINICAL_ASSOCIATION
HER2	ADC_TARGET_HER2	Neoadjuvant Non-Small Cell Lung Cancer	2	ADC_CANDIDATE_TRASTUZUMAB_DERUXTECAN; ADC_CANDIDATE_TRASTUZUMAB_EMTANSINE	high	OBSERVED_CLINICAL_ASSOCIATION
HER2	ADC_TARGET_HER2	Neoplasm Metastasis	2	ADC_CANDIDATE_TRASTUZUMAB_DERUXTECAN; ADC_CANDIDATE_TRASTUZUMAB_EMTANSINE	high	OBSERVED_CLINICAL_ASSOCIATION
HER2	ADC_TARGET_HER2	Non-Small Cell Lung Cancer	2	ADC_CANDIDATE_TRASTUZUMAB_DERUXTECAN; ADC_CANDIDATE_TRASTUZUMAB_EMTANSINE	high	OBSERVED_CLINICAL_ASSOCIATION
HER2	ADC_TARGET_HER2	Oligometastatic Breast Carcinoma	2	ADC_CANDIDATE_TRASTUZUMAB_DERUXTECAN; ADC_CANDIDATE_TRASTUZUMAB_EMTANSINE	high	OBSERVED_CLINICAL_ASSOCIATION
HER2	ADC_TARGET_HER2	Other Cancer	2	ADC_CANDIDATE_TRASTUZUMAB_DERUXTECAN; ADC_CANDIDATE_TRASTUZUMAB_EMTANSINE	high	OBSERVED_CLINICAL_ASSOCIATION
HER2	ADC_TARGET_HER2	Ovarian Cancer	2	ADC_CANDIDATE_TRASTUZUMAB_DERUXTECAN; ADC_CANDIDATE_TRASTUZUMAB_EMTANSINE	high	OBSERVED_CLINICAL_ASSOCIATION
HER2	ADC_TARGET_HER2	Ovarian Carcinoma	2	ADC_CANDIDATE_TRASTUZUMAB_DERUXTECAN; ADC_CANDIDATE_TRASTUZUMAB_EMTANSINE	high	OBSERVED_CLINICAL_ASSOCIATION
HER2	ADC_TARGET_HER2	Pancreas Cancer, Duct Cell Adenocarcinoma	2	ADC_CANDIDATE_DISITAMAB_VEDOTIN; ADC_CANDIDATE_TRASTUZUMAB_EMTANSINE	high	OBSERVED_CLINICAL_ASSOCIATION
HER2	ADC_TARGET_HER2	Pancreatic Cancer	2	ADC_CANDIDATE_DISITAMAB_VEDOTIN; ADC_CANDIDATE_TRASTUZUMAB_DERUXTECAN	high	OBSERVED_CLINICAL_ASSOCIATION
HER2	ADC_TARGET_HER2	Platinum-resistant Ovarian Cancer	2	ADC_CANDIDATE_TRASTUZUMAB_DERUXTECAN; ADC_CANDIDATE_TRASTUZUMAB_EMTANSINE	high	OBSERVED_CLINICAL_ASSOCIATION
HER2	ADC_TARGET_HER2	Post Anti-PD-(L)1 Non-Small Cell Lung Cancer	2	ADC_CANDIDATE_TRASTUZUMAB_DERUXTECAN; ADC_CANDIDATE_TRASTUZUMAB_EMTANSINE	high	OBSERVED_CLINICAL_ASSOCIATION
HER2	ADC_TARGET_HER2	Post Anti-PD-(L)1 Small Cell Lung Cancer	2	ADC_CANDIDATE_TRASTUZUMAB_DERUXTECAN; ADC_CANDIDATE_TRASTUZUMAB_EMTANSINE	high	OBSERVED_CLINICAL_ASSOCIATION
HER2	ADC_TARGET_HER2	Post Anti-PD-1 Melanoma	2	ADC_CANDIDATE_TRASTUZUMAB_DERUXTECAN; ADC_CANDIDATE_TRASTUZUMAB_EMTANSINE	high	OBSERVED_CLINICAL_ASSOCIATION
HER2	ADC_TARGET_HER2	Precision Therapy	2	ADC_CANDIDATE_DISITAMAB_VEDOTIN; ADC_CANDIDATE_TRASTUZUMAB_DERUXTECAN	high	OBSERVED_CLINICAL_ASSOCIATION
HER2	ADC_TARGET_HER2	Pregnancy	2	ADC_CANDIDATE_TRASTUZUMAB_DERUXTECAN; ADC_CANDIDATE_TRASTUZUMAB_EMTANSINE	high	OBSERVED_CLINICAL_ASSOCIATION
HER2	ADC_TARGET_HER2	Prognostic Stage II Breast Cancer AJCC v8	2	ADC_CANDIDATE_TRASTUZUMAB_DERUXTECAN; ADC_CANDIDATE_TRASTUZUMAB_EMTANSINE	high	OBSERVED_CLINICAL_ASSOCIATION
HER2	ADC_TARGET_HER2	Prognostic Stage IIA Breast Cancer AJCC v8	2	ADC_CANDIDATE_TRASTUZUMAB_DERUXTECAN; ADC_CANDIDATE_TRASTUZUMAB_EMTANSINE	high	OBSERVED_CLINICAL_ASSOCIATION
HER2	ADC_TARGET_HER2	Prognostic Stage IIB Breast Cancer AJCC v8	2	ADC_CANDIDATE_TRASTUZUMAB_DERUXTECAN; ADC_CANDIDATE_TRASTUZUMAB_EMTANSINE	high	OBSERVED_CLINICAL_ASSOCIATION
HER2	ADC_TARGET_HER2	Prognostic Stage IIIA Breast Cancer AJCC v8	2	ADC_CANDIDATE_TRASTUZUMAB_DERUXTECAN; ADC_CANDIDATE_TRASTUZUMAB_EMTANSINE	high	OBSERVED_CLINICAL_ASSOCIATION
HER2	ADC_TARGET_HER2	Prostate Cancer	2	ADC_CANDIDATE_DISITAMAB_VEDOTIN; ADC_CANDIDATE_TRASTUZUMAB_DERUXTECAN	high	OBSERVED_CLINICAL_ASSOCIATION
HER2	ADC_TARGET_HER2	Prostate Cancer Castration-resistant Prostate Cancer	2	ADC_CANDIDATE_DISITAMAB_VEDOTIN; ADC_CANDIDATE_TRASTUZUMAB_EMTANSINE	high	OBSERVED_CLINICAL_ASSOCIATION
HER2	ADC_TARGET_HER2	Prostate Carcinoma	2	ADC_CANDIDATE_TRASTUZUMAB_DERUXTECAN; ADC_CANDIDATE_TRASTUZUMAB_EMTANSINE	high	OBSERVED_CLINICAL_ASSOCIATION
HER2	ADC_TARGET_HER2	Rectal Carcinoma	2	ADC_CANDIDATE_TRASTUZUMAB_DERUXTECAN; ADC_CANDIDATE_TRASTUZUMAB_EMTANSINE	high	OBSERVED_CLINICAL_ASSOCIATION
HER2	ADC_TARGET_HER2	Recurrent Adult Soft Tissue Sarcoma	2	ADC_CANDIDATE_TRASTUZUMAB_DERUXTECAN; ADC_CANDIDATE_TRASTUZUMAB_EMTANSINE	high	OBSERVED_CLINICAL_ASSOCIATION
HER2	ADC_TARGET_HER2	Recurrent Bladder Carcinoma	2	ADC_CANDIDATE_TRASTUZUMAB_DERUXTECAN; ADC_CANDIDATE_TRASTUZUMAB_EMTANSINE	high	OBSERVED_CLINICAL_ASSOCIATION
HER2	ADC_TARGET_HER2	Recurrent Breast Cancer	2	ADC_CANDIDATE_TRASTUZUMAB_DERUXTECAN; ADC_CANDIDATE_TRASTUZUMAB_EMTANSINE	high	OBSERVED_CLINICAL_ASSOCIATION
HER2	ADC_TARGET_HER2	Recurrent Breast Carcinoma	2	ADC_CANDIDATE_TRASTUZUMAB_DERUXTECAN; ADC_CANDIDATE_TRASTUZUMAB_EMTANSINE	high	OBSERVED_CLINICAL_ASSOCIATION
HER2	ADC_TARGET_HER2	Recurrent Cervical Carcinoma	2	ADC_CANDIDATE_TRASTUZUMAB_DERUXTECAN; ADC_CANDIDATE_TRASTUZUMAB_EMTANSINE	high	OBSERVED_CLINICAL_ASSOCIATION
HER2	ADC_TARGET_HER2	Recurrent Colon Carcinoma	2	ADC_CANDIDATE_TRASTUZUMAB_DERUXTECAN; ADC_CANDIDATE_TRASTUZUMAB_EMTANSINE	high	OBSERVED_CLINICAL_ASSOCIATION
HER2	ADC_TARGET_HER2	Recurrent Colorectal Carcinoma	2	ADC_CANDIDATE_TRASTUZUMAB_DERUXTECAN; ADC_CANDIDATE_TRASTUZUMAB_EMTANSINE	high	OBSERVED_CLINICAL_ASSOCIATION
HER2	ADC_TARGET_HER2	Recurrent Esophageal Carcinoma	2	ADC_CANDIDATE_TRASTUZUMAB_DERUXTECAN; ADC_CANDIDATE_TRASTUZUMAB_EMTANSINE	high	OBSERVED_CLINICAL_ASSOCIATION
HER2	ADC_TARGET_HER2	Recurrent Gastric Carcinoma	2	ADC_CANDIDATE_TRASTUZUMAB_DERUXTECAN; ADC_CANDIDATE_TRASTUZUMAB_EMTANSINE	high	OBSERVED_CLINICAL_ASSOCIATION
HER2	ADC_TARGET_HER2	Recurrent Glioma	2	ADC_CANDIDATE_TRASTUZUMAB_DERUXTECAN; ADC_CANDIDATE_TRASTUZUMAB_EMTANSINE	high	OBSERVED_CLINICAL_ASSOCIATION
HER2	ADC_TARGET_HER2	Recurrent Head and Neck Carcinoma	2	ADC_CANDIDATE_TRASTUZUMAB_DERUXTECAN; ADC_CANDIDATE_TRASTUZUMAB_EMTANSINE	high	OBSERVED_CLINICAL_ASSOCIATION
HER2	ADC_TARGET_HER2	Recurrent Liver Carcinoma	2	ADC_CANDIDATE_TRASTUZUMAB_DERUXTECAN; ADC_CANDIDATE_TRASTUZUMAB_EMTANSINE	high	OBSERVED_CLINICAL_ASSOCIATION
HER2	ADC_TARGET_HER2	Recurrent Lung Carcinoma	2	ADC_CANDIDATE_TRASTUZUMAB_DERUXTECAN; ADC_CANDIDATE_TRASTUZUMAB_EMTANSINE	high	OBSERVED_CLINICAL_ASSOCIATION
HER2	ADC_TARGET_HER2	Recurrent Lymphoma	2	ADC_CANDIDATE_TRASTUZUMAB_DERUXTECAN; ADC_CANDIDATE_TRASTUZUMAB_EMTANSINE	high	OBSERVED_CLINICAL_ASSOCIATION
HER2	ADC_TARGET_HER2	Recurrent Malignant Solid Neoplasm	2	ADC_CANDIDATE_TRASTUZUMAB_DERUXTECAN; ADC_CANDIDATE_TRASTUZUMAB_EMTANSINE	high	OBSERVED_CLINICAL_ASSOCIATION
HER2	ADC_TARGET_HER2	Recurrent Malignant Uterine Corpus Neoplasm	2	ADC_CANDIDATE_TRASTUZUMAB_DERUXTECAN; ADC_CANDIDATE_TRASTUZUMAB_EMTANSINE	high	OBSERVED_CLINICAL_ASSOCIATION
HER2	ADC_TARGET_HER2	Recurrent Melanoma	2	ADC_CANDIDATE_TRASTUZUMAB_DERUXTECAN; ADC_CANDIDATE_TRASTUZUMAB_EMTANSINE	high	OBSERVED_CLINICAL_ASSOCIATION
HER2	ADC_TARGET_HER2	Recurrent Multiple Myeloma	2	ADC_CANDIDATE_TRASTUZUMAB_DERUXTECAN; ADC_CANDIDATE_TRASTUZUMAB_EMTANSINE	high	OBSERVED_CLINICAL_ASSOCIATION
HER2	ADC_TARGET_HER2	Recurrent Ovarian Carcinoma	2	ADC_CANDIDATE_TRASTUZUMAB_DERUXTECAN; ADC_CANDIDATE_TRASTUZUMAB_EMTANSINE	high	OBSERVED_CLINICAL_ASSOCIATION
HER2	ADC_TARGET_HER2	Recurrent Pancreatic Carcinoma	2	ADC_CANDIDATE_TRASTUZUMAB_DERUXTECAN; ADC_CANDIDATE_TRASTUZUMAB_EMTANSINE	high	OBSERVED_CLINICAL_ASSOCIATION
HER2	ADC_TARGET_HER2	Recurrent Prostate Carcinoma	2	ADC_CANDIDATE_TRASTUZUMAB_DERUXTECAN; ADC_CANDIDATE_TRASTUZUMAB_EMTANSINE	high	OBSERVED_CLINICAL_ASSOCIATION
HER2	ADC_TARGET_HER2	Recurrent Rectal Carcinoma	2	ADC_CANDIDATE_TRASTUZUMAB_DERUXTECAN; ADC_CANDIDATE_TRASTUZUMAB_EMTANSINE	high	OBSERVED_CLINICAL_ASSOCIATION
HER2	ADC_TARGET_HER2	Recurrent Salivary Gland Carcinoma	2	ADC_CANDIDATE_TRASTUZUMAB_DERUXTECAN; ADC_CANDIDATE_TRASTUZUMAB_EMTANSINE	high	OBSERVED_CLINICAL_ASSOCIATION
HER2	ADC_TARGET_HER2	Recurrent Skin Carcinoma	2	ADC_CANDIDATE_TRASTUZUMAB_DERUXTECAN; ADC_CANDIDATE_TRASTUZUMAB_EMTANSINE	high	OBSERVED_CLINICAL_ASSOCIATION
HER2	ADC_TARGET_HER2	Recurrent Thyroid Gland Carcinoma	2	ADC_CANDIDATE_TRASTUZUMAB_DERUXTECAN; ADC_CANDIDATE_TRASTUZUMAB_EMTANSINE	high	OBSERVED_CLINICAL_ASSOCIATION
HER2	ADC_TARGET_HER2	Refractory Lymphoma	2	ADC_CANDIDATE_TRASTUZUMAB_DERUXTECAN; ADC_CANDIDATE_TRASTUZUMAB_EMTANSINE	high	OBSERVED_CLINICAL_ASSOCIATION
HER2	ADC_TARGET_HER2	Refractory Malignant Solid Neoplasm	2	ADC_CANDIDATE_TRASTUZUMAB_DERUXTECAN; ADC_CANDIDATE_TRASTUZUMAB_EMTANSINE	high	OBSERVED_CLINICAL_ASSOCIATION
HER2	ADC_TARGET_HER2	Refractory Multiple Myeloma	2	ADC_CANDIDATE_TRASTUZUMAB_DERUXTECAN; ADC_CANDIDATE_TRASTUZUMAB_EMTANSINE	high	OBSERVED_CLINICAL_ASSOCIATION
HER2	ADC_TARGET_HER2	Salivary Gland Carcinoma	2	ADC_CANDIDATE_DISITAMAB_VEDOTIN; ADC_CANDIDATE_TRASTUZUMAB_DERUXTECAN	high	OBSERVED_CLINICAL_ASSOCIATION
HER2	ADC_TARGET_HER2	Second or Third Line (2L/3L) Cervical Cancer	2	ADC_CANDIDATE_TRASTUZUMAB_DERUXTECAN; ADC_CANDIDATE_TRASTUZUMAB_EMTANSINE	high	OBSERVED_CLINICAL_ASSOCIATION
HER2	ADC_TARGET_HER2	Skin Carcinoma	2	ADC_CANDIDATE_TRASTUZUMAB_DERUXTECAN; ADC_CANDIDATE_TRASTUZUMAB_EMTANSINE	high	OBSERVED_CLINICAL_ASSOCIATION
HER2	ADC_TARGET_HER2	Soft Tissue Metastases	2	ADC_CANDIDATE_TRASTUZUMAB_DERUXTECAN; ADC_CANDIDATE_TRASTUZUMAB_EMTANSINE	high	OBSERVED_CLINICAL_ASSOCIATION
HER2	ADC_TARGET_HER2	Solid Cancer	2	ADC_CANDIDATE_TRASTUZUMAB_DERUXTECAN; ADC_CANDIDATE_TRASTUZUMAB_EMTANSINE	high	OBSERVED_CLINICAL_ASSOCIATION
HER2	ADC_TARGET_HER2	Solid Tumors	2	ADC_CANDIDATE_DISITAMAB_VEDOTIN; ADC_CANDIDATE_TRASTUZUMAB_EMTANSINE	high	OBSERVED_CLINICAL_ASSOCIATION
HER2	ADC_TARGET_HER2	Stage II Breast Cancer AJCC v6 and v7	2	ADC_CANDIDATE_TRASTUZUMAB_DERUXTECAN; ADC_CANDIDATE_TRASTUZUMAB_EMTANSINE	high	OBSERVED_CLINICAL_ASSOCIATION
HER2	ADC_TARGET_HER2	Stage II Pancreatic Cancer AJCC v8	2	ADC_CANDIDATE_TRASTUZUMAB_DERUXTECAN; ADC_CANDIDATE_TRASTUZUMAB_EMTANSINE	high	OBSERVED_CLINICAL_ASSOCIATION
HER2	ADC_TARGET_HER2	Stage IIA Breast Cancer AJCC v6 and v7	2	ADC_CANDIDATE_TRASTUZUMAB_DERUXTECAN; ADC_CANDIDATE_TRASTUZUMAB_EMTANSINE	high	OBSERVED_CLINICAL_ASSOCIATION
HER2	ADC_TARGET_HER2	Stage IIB Breast Cancer AJCC v6 and v7	2	ADC_CANDIDATE_TRASTUZUMAB_DERUXTECAN; ADC_CANDIDATE_TRASTUZUMAB_EMTANSINE	high	OBSERVED_CLINICAL_ASSOCIATION
HER2	ADC_TARGET_HER2	Stage III Breast Cancer	2	ADC_CANDIDATE_TRASTUZUMAB_DERUXTECAN; ADC_CANDIDATE_TRASTUZUMAB_EMTANSINE	high	OBSERVED_CLINICAL_ASSOCIATION
HER2	ADC_TARGET_HER2	Stage III Breast Cancer AJCC v7	2	ADC_CANDIDATE_TRASTUZUMAB_DERUXTECAN; ADC_CANDIDATE_TRASTUZUMAB_EMTANSINE	high	OBSERVED_CLINICAL_ASSOCIATION
HER2	ADC_TARGET_HER2	Stage III Major Salivary Gland Cancer AJCC v8	2	ADC_CANDIDATE_TRASTUZUMAB_DERUXTECAN; ADC_CANDIDATE_TRASTUZUMAB_EMTANSINE	high	OBSERVED_CLINICAL_ASSOCIATION
HER2	ADC_TARGET_HER2	Stage III Ovarian Cancer AJCC v8	2	ADC_CANDIDATE_TRASTUZUMAB_DERUXTECAN; ADC_CANDIDATE_TRASTUZUMAB_EMTANSINE	high	OBSERVED_CLINICAL_ASSOCIATION
HER2	ADC_TARGET_HER2	Stage III Pancreatic Cancer AJCC v8	2	ADC_CANDIDATE_TRASTUZUMAB_DERUXTECAN; ADC_CANDIDATE_TRASTUZUMAB_EMTANSINE	high	OBSERVED_CLINICAL_ASSOCIATION
HER2	ADC_TARGET_HER2	Stage IIIA Breast Cancer	2	ADC_CANDIDATE_TRASTUZUMAB_DERUXTECAN; ADC_CANDIDATE_TRASTUZUMAB_EMTANSINE	high	OBSERVED_CLINICAL_ASSOCIATION
HER2	ADC_TARGET_HER2	Stage IIIA Breast Cancer AJCC v7	2	ADC_CANDIDATE_TRASTUZUMAB_DERUXTECAN; ADC_CANDIDATE_TRASTUZUMAB_EMTANSINE	high	OBSERVED_CLINICAL_ASSOCIATION
HER2	ADC_TARGET_HER2	Stage IIIB Breast Cancer	2	ADC_CANDIDATE_TRASTUZUMAB_DERUXTECAN; ADC_CANDIDATE_TRASTUZUMAB_EMTANSINE	high	OBSERVED_CLINICAL_ASSOCIATION
HER2	ADC_TARGET_HER2	Stage IIIB Breast Cancer AJCC v7	2	ADC_CANDIDATE_TRASTUZUMAB_DERUXTECAN; ADC_CANDIDATE_TRASTUZUMAB_EMTANSINE	high	OBSERVED_CLINICAL_ASSOCIATION
HER2	ADC_TARGET_HER2	Stage IIIC Breast Cancer	2	ADC_CANDIDATE_TRASTUZUMAB_DERUXTECAN; ADC_CANDIDATE_TRASTUZUMAB_EMTANSINE	high	OBSERVED_CLINICAL_ASSOCIATION
HER2	ADC_TARGET_HER2	Stage IIIC Breast Cancer AJCC v7	2	ADC_CANDIDATE_TRASTUZUMAB_DERUXTECAN; ADC_CANDIDATE_TRASTUZUMAB_EMTANSINE	high	OBSERVED_CLINICAL_ASSOCIATION
HER2	ADC_TARGET_HER2	Stage IV Breast Cancer	2	ADC_CANDIDATE_TRASTUZUMAB_DERUXTECAN; ADC_CANDIDATE_TRASTUZUMAB_EMTANSINE	high	OBSERVED_CLINICAL_ASSOCIATION
HER2	ADC_TARGET_HER2	Stage IV Major Salivary Gland Cancer AJCC v8	2	ADC_CANDIDATE_TRASTUZUMAB_DERUXTECAN; ADC_CANDIDATE_TRASTUZUMAB_EMTANSINE	high	OBSERVED_CLINICAL_ASSOCIATION
HER2	ADC_TARGET_HER2	Stage IV Ovarian Cancer AJCC v8	2	ADC_CANDIDATE_TRASTUZUMAB_DERUXTECAN; ADC_CANDIDATE_TRASTUZUMAB_EMTANSINE	high	OBSERVED_CLINICAL_ASSOCIATION
HER2	ADC_TARGET_HER2	Stage IV Pancreatic Cancer AJCC v8	2	ADC_CANDIDATE_TRASTUZUMAB_DERUXTECAN; ADC_CANDIDATE_TRASTUZUMAB_EMTANSINE	high	OBSERVED_CLINICAL_ASSOCIATION
HER2	ADC_TARGET_HER2	Stomach Neoplasms	2	ADC_CANDIDATE_DISITAMAB_VEDOTIN; ADC_CANDIDATE_TRASTUZUMAB_DERUXTECAN	high	OBSERVED_CLINICAL_ASSOCIATION
HER2	ADC_TARGET_HER2	Third Line or Later (3L+) HER2+ Breast Cancer	2	ADC_CANDIDATE_TRASTUZUMAB_DERUXTECAN; ADC_CANDIDATE_TRASTUZUMAB_EMTANSINE	high	OBSERVED_CLINICAL_ASSOCIATION
HER2	ADC_TARGET_HER2	Third-line or Later (3L+) Platinum-resistant Ovarian Cancer (PROC)	2	ADC_CANDIDATE_TRASTUZUMAB_DERUXTECAN; ADC_CANDIDATE_TRASTUZUMAB_EMTANSINE	high	OBSERVED_CLINICAL_ASSOCIATION
HER2	ADC_TARGET_HER2	Thyroid Gland Carcinoma	2	ADC_CANDIDATE_TRASTUZUMAB_DERUXTECAN; ADC_CANDIDATE_TRASTUZUMAB_EMTANSINE	high	OBSERVED_CLINICAL_ASSOCIATION
HER2	ADC_TARGET_HER2	Triple Negative Breast Cancer	2	ADC_CANDIDATE_TRASTUZUMAB_DERUXTECAN; ADC_CANDIDATE_TRASTUZUMAB_EMTANSINE	high	OBSERVED_CLINICAL_ASSOCIATION
HER2	ADC_TARGET_HER2	Triple-Negative Breast Cancer (TNBC)	2	ADC_CANDIDATE_TRASTUZUMAB_DERUXTECAN; ADC_CANDIDATE_TRASTUZUMAB_EMTANSINE	high	OBSERVED_CLINICAL_ASSOCIATION
HER2	ADC_TARGET_HER2	Unresectable Breast Cancer	2	ADC_CANDIDATE_TRASTUZUMAB_DERUXTECAN; ADC_CANDIDATE_TRASTUZUMAB_EMTANSINE	high	OBSERVED_CLINICAL_ASSOCIATION
HER2	ADC_TARGET_HER2	Unresectable Pancreatic Adenocarcinoma	2	ADC_CANDIDATE_TRASTUZUMAB_DERUXTECAN; ADC_CANDIDATE_TRASTUZUMAB_EMTANSINE	high	OBSERVED_CLINICAL_ASSOCIATION
HER2	ADC_TARGET_HER2	Unresectable Salivary Gland Carcinoma	2	ADC_CANDIDATE_TRASTUZUMAB_DERUXTECAN; ADC_CANDIDATE_TRASTUZUMAB_EMTANSINE	high	OBSERVED_CLINICAL_ASSOCIATION
HER2	ADC_TARGET_HER2	Upper Tract Urothelial Carcinoma	2	ADC_CANDIDATE_DISITAMAB_VEDOTIN; ADC_CANDIDATE_TRASTUZUMAB_EMTANSINE	high	OBSERVED_CLINICAL_ASSOCIATION
HER2	ADC_TARGET_HER2	Urinary Bladder Neoplasms	2	ADC_CANDIDATE_DISITAMAB_VEDOTIN; ADC_CANDIDATE_TRASTUZUMAB_DERUXTECAN	high	OBSERVED_CLINICAL_ASSOCIATION
HER2	ADC_TARGET_HER2	Urothelial Carcinoma	2	ADC_CANDIDATE_DISITAMAB_VEDOTIN; ADC_CANDIDATE_TRASTUZUMAB_DERUXTECAN	high	OBSERVED_CLINICAL_ASSOCIATION
HER2	ADC_TARGET_HER2	ctDNA	2	ADC_CANDIDATE_DISITAMAB_VEDOTIN; ADC_CANDIDATE_TRASTUZUMAB_EMTANSINE	high	OBSERVED_CLINICAL_ASSOCIATION
Trop-2	ADC_TARGET_TROP2	Advanced Solid Tumor	2	ADC_CANDIDATE_DATOPOTAMAB_DERUXTECAN; ADC_CANDIDATE_SACITUZUMAB_GOVITECAN	high	OBSERVED_CLINICAL_ASSOCIATION
Trop-2	ADC_TARGET_TROP2	Bladder Cancer	2	ADC_CANDIDATE_DATOPOTAMAB_DERUXTECAN; ADC_CANDIDATE_SACITUZUMAB_GOVITECAN	high	OBSERVED_CLINICAL_ASSOCIATION
Trop-2	ADC_TARGET_TROP2	Breast Cancer	2	ADC_CANDIDATE_DATOPOTAMAB_DERUXTECAN; ADC_CANDIDATE_SACITUZUMAB_GOVITECAN	high	OBSERVED_CLINICAL_ASSOCIATION
Trop-2	ADC_TARGET_TROP2	Breast Cancer Female	2	ADC_CANDIDATE_DATOPOTAMAB_DERUXTECAN; ADC_CANDIDATE_SACITUZUMAB_GOVITECAN	high	OBSERVED_CLINICAL_ASSOCIATION
Trop-2	ADC_TARGET_TROP2	Breast Cancer Stage IV	2	ADC_CANDIDATE_DATOPOTAMAB_DERUXTECAN; ADC_CANDIDATE_SACITUZUMAB_GOVITECAN	high	OBSERVED_CLINICAL_ASSOCIATION
Trop-2	ADC_TARGET_TROP2	Breast Neoplasms	2	ADC_CANDIDATE_DATOPOTAMAB_DERUXTECAN; ADC_CANDIDATE_SACITUZUMAB_GOVITECAN	high	OBSERVED_CLINICAL_ASSOCIATION
Trop-2	ADC_TARGET_TROP2	Carcinoma, Non-Small-Cell Lung	2	ADC_CANDIDATE_DATOPOTAMAB_DERUXTECAN; ADC_CANDIDATE_SACITUZUMAB_GOVITECAN	high	OBSERVED_CLINICAL_ASSOCIATION
Trop-2	ADC_TARGET_TROP2	Cervical Cancer	2	ADC_CANDIDATE_DATOPOTAMAB_DERUXTECAN; ADC_CANDIDATE_SACITUZUMAB_GOVITECAN	high	OBSERVED_CLINICAL_ASSOCIATION
Trop-2	ADC_TARGET_TROP2	Drug-Related Side Effects and Adverse Reactions	2	ADC_CANDIDATE_DATOPOTAMAB_DERUXTECAN; ADC_CANDIDATE_SACITUZUMAB_GOVITECAN	high	OBSERVED_CLINICAL_ASSOCIATION
Trop-2	ADC_TARGET_TROP2	Early-stage Breast Cancer	2	ADC_CANDIDATE_DATOPOTAMAB_DERUXTECAN; ADC_CANDIDATE_SACITUZUMAB_GOVITECAN	high	OBSERVED_CLINICAL_ASSOCIATION
Trop-2	ADC_TARGET_TROP2	Endometrial Cancer	2	ADC_CANDIDATE_DATOPOTAMAB_DERUXTECAN; ADC_CANDIDATE_SACITUZUMAB_GOVITECAN	high	OBSERVED_CLINICAL_ASSOCIATION
Trop-2	ADC_TARGET_TROP2	HER2-negative Breast Cancer	2	ADC_CANDIDATE_DATOPOTAMAB_DERUXTECAN; ADC_CANDIDATE_SACITUZUMAB_GOVITECAN	high	OBSERVED_CLINICAL_ASSOCIATION
Trop-2	ADC_TARGET_TROP2	Lung Cancer	2	ADC_CANDIDATE_DATOPOTAMAB_DERUXTECAN; ADC_CANDIDATE_SACITUZUMAB_GOVITECAN	high	OBSERVED_CLINICAL_ASSOCIATION
Trop-2	ADC_TARGET_TROP2	Metastatic Breast Cancer	2	ADC_CANDIDATE_DATOPOTAMAB_DERUXTECAN; ADC_CANDIDATE_SACITUZUMAB_GOVITECAN	high	OBSERVED_CLINICAL_ASSOCIATION
Trop-2	ADC_TARGET_TROP2	Metastatic Breast Cancer ( HER2 Negative)	2	ADC_CANDIDATE_DATOPOTAMAB_DERUXTECAN; ADC_CANDIDATE_SACITUZUMAB_GOVITECAN	high	OBSERVED_CLINICAL_ASSOCIATION
Trop-2	ADC_TARGET_TROP2	Metastatic Triple-Negative Breast Carcinoma	2	ADC_CANDIDATE_DATOPOTAMAB_DERUXTECAN; ADC_CANDIDATE_SACITUZUMAB_GOVITECAN	high	OBSERVED_CLINICAL_ASSOCIATION
Trop-2	ADC_TARGET_TROP2	Non-Small Cell Lung Cancer	2	ADC_CANDIDATE_DATOPOTAMAB_DERUXTECAN; ADC_CANDIDATE_SACITUZUMAB_GOVITECAN	high	OBSERVED_CLINICAL_ASSOCIATION
Trop-2	ADC_TARGET_TROP2	Non-small Cell Lung Cancer	2	ADC_CANDIDATE_DATOPOTAMAB_DERUXTECAN; ADC_CANDIDATE_SACITUZUMAB_GOVITECAN	high	OBSERVED_CLINICAL_ASSOCIATION
Trop-2	ADC_TARGET_TROP2	Ovarian Cancer	2	ADC_CANDIDATE_DATOPOTAMAB_DERUXTECAN; ADC_CANDIDATE_SACITUZUMAB_GOVITECAN	high	OBSERVED_CLINICAL_ASSOCIATION
Trop-2	ADC_TARGET_TROP2	Pancreatic Cancer	2	ADC_CANDIDATE_DATOPOTAMAB_DERUXTECAN; ADC_CANDIDATE_SACITUZUMAB_GOVITECAN	high	OBSERVED_CLINICAL_ASSOCIATION
Trop-2	ADC_TARGET_TROP2	Pharmacogenetic Variant	2	ADC_CANDIDATE_DATOPOTAMAB_DERUXTECAN; ADC_CANDIDATE_SACITUZUMAB_GOVITECAN	high	OBSERVED_CLINICAL_ASSOCIATION
Trop-2	ADC_TARGET_TROP2	Prostate Cancer	2	ADC_CANDIDATE_DATOPOTAMAB_DERUXTECAN; ADC_CANDIDATE_SACITUZUMAB_GOVITECAN	high	OBSERVED_CLINICAL_ASSOCIATION
Trop-2	ADC_TARGET_TROP2	TNBC - Triple-Negative Breast Cancer	2	ADC_CANDIDATE_DATOPOTAMAB_DERUXTECAN; ADC_CANDIDATE_SACITUZUMAB_GOVITECAN	high	OBSERVED_CLINICAL_ASSOCIATION
Trop-2	ADC_TARGET_TROP2	Triple Negative Breast Cancer	2	ADC_CANDIDATE_DATOPOTAMAB_DERUXTECAN; ADC_CANDIDATE_SACITUZUMAB_GOVITECAN	high	OBSERVED_CLINICAL_ASSOCIATION
Trop-2	ADC_TARGET_TROP2	Triple Negative Breast Neoplasms	2	ADC_CANDIDATE_DATOPOTAMAB_DERUXTECAN; ADC_CANDIDATE_SACITUZUMAB_GOVITECAN	high	OBSERVED_CLINICAL_ASSOCIATION
Trop-2	ADC_TARGET_TROP2	Urothelial Cancer	2	ADC_CANDIDATE_DATOPOTAMAB_DERUXTECAN; ADC_CANDIDATE_SACITUZUMAB_GOVITECAN	high	OBSERVED_CLINICAL_ASSOCIATION
BCMA	ADC_TARGET_BCMA	AL Amyloidosis	1	ADC_CANDIDATE_BELANTAMAB_MAFODOTIN	high	OBSERVED_CLINICAL_ASSOCIATION
BCMA	ADC_TARGET_BCMA	Amyloidosis	1	ADC_CANDIDATE_BELANTAMAB_MAFODOTIN	high	OBSERVED_CLINICAL_ASSOCIATION
BCMA	ADC_TARGET_BCMA	Anaplastic Lymphoma Kinase Positive Large B-Cell Lymphoma	1	ADC_CANDIDATE_BELANTAMAB_MAFODOTIN	high	OBSERVED_CLINICAL_ASSOCIATION
BCMA	ADC_TARGET_BCMA	Autoimmune Diseases	1	ADC_CANDIDATE_BELANTAMAB_MAFODOTIN	high	OBSERVED_CLINICAL_ASSOCIATION
BCMA	ADC_TARGET_BCMA	Blood Protein Disorders	1	ADC_CANDIDATE_BELANTAMAB_MAFODOTIN	high	OBSERVED_CLINICAL_ASSOCIATION
BCMA	ADC_TARGET_BCMA	Corneal Cyst	1	ADC_CANDIDATE_BELANTAMAB_MAFODOTIN	high	OBSERVED_CLINICAL_ASSOCIATION
BCMA	ADC_TARGET_BCMA	Corneal Disease	1	ADC_CANDIDATE_BELANTAMAB_MAFODOTIN	high	OBSERVED_CLINICAL_ASSOCIATION
BCMA	ADC_TARGET_BCMA	Corneal Diseases	1	ADC_CANDIDATE_BELANTAMAB_MAFODOTIN	high	OBSERVED_CLINICAL_ASSOCIATION
BCMA	ADC_TARGET_BCMA	Gammopathy, Monoclonal	1	ADC_CANDIDATE_BELANTAMAB_MAFODOTIN	high	OBSERVED_CLINICAL_ASSOCIATION
BCMA	ADC_TARGET_BCMA	Haematologic Disease	1	ADC_CANDIDATE_BELANTAMAB_MAFODOTIN	high	OBSERVED_CLINICAL_ASSOCIATION
BCMA	ADC_TARGET_BCMA	Multiple Myeloma	1	ADC_CANDIDATE_BELANTAMAB_MAFODOTIN	high	OBSERVED_CLINICAL_ASSOCIATION
BCMA	ADC_TARGET_BCMA	Multiple Myeloma in Relapse	1	ADC_CANDIDATE_BELANTAMAB_MAFODOTIN	high	OBSERVED_CLINICAL_ASSOCIATION
BCMA	ADC_TARGET_BCMA	Multiple Myeloma, Refractory	1	ADC_CANDIDATE_BELANTAMAB_MAFODOTIN	high	OBSERVED_CLINICAL_ASSOCIATION
BCMA	ADC_TARGET_BCMA	Myeloma	1	ADC_CANDIDATE_BELANTAMAB_MAFODOTIN	high	OBSERVED_CLINICAL_ASSOCIATION
BCMA	ADC_TARGET_BCMA	Myeloma Multiple	1	ADC_CANDIDATE_BELANTAMAB_MAFODOTIN	high	OBSERVED_CLINICAL_ASSOCIATION
BCMA	ADC_TARGET_BCMA	Neoplasm, Plasma Cell	1	ADC_CANDIDATE_BELANTAMAB_MAFODOTIN	high	OBSERVED_CLINICAL_ASSOCIATION
BCMA	ADC_TARGET_BCMA	Neoplasms	1	ADC_CANDIDATE_BELANTAMAB_MAFODOTIN	high	OBSERVED_CLINICAL_ASSOCIATION
BCMA	ADC_TARGET_BCMA	Neoplasms, Plasma Cell	1	ADC_CANDIDATE_BELANTAMAB_MAFODOTIN	high	OBSERVED_CLINICAL_ASSOCIATION
BCMA	ADC_TARGET_BCMA	Newly Diagnosed Multiple Myeloma	1	ADC_CANDIDATE_BELANTAMAB_MAFODOTIN	high	OBSERVED_CLINICAL_ASSOCIATION
BCMA	ADC_TARGET_BCMA	Paraproteinemias	1	ADC_CANDIDATE_BELANTAMAB_MAFODOTIN	high	OBSERVED_CLINICAL_ASSOCIATION
BCMA	ADC_TARGET_BCMA	Plasma Cell Myeloma	1	ADC_CANDIDATE_BELANTAMAB_MAFODOTIN	high	OBSERVED_CLINICAL_ASSOCIATION
BCMA	ADC_TARGET_BCMA	Plasma Cell Myeloma Refractory	1	ADC_CANDIDATE_BELANTAMAB_MAFODOTIN	high	OBSERVED_CLINICAL_ASSOCIATION
BCMA	ADC_TARGET_BCMA	Primary Immune Thrombocytopenia (ITP)	1	ADC_CANDIDATE_BELANTAMAB_MAFODOTIN	high	OBSERVED_CLINICAL_ASSOCIATION
BCMA	ADC_TARGET_BCMA	RELAPSED AND/OR REFRACTORY MULTIPLE MYELOMA	1	ADC_CANDIDATE_BELANTAMAB_MAFODOTIN	high	OBSERVED_CLINICAL_ASSOCIATION
BCMA	ADC_TARGET_BCMA	Recurrent Multiple Myeloma	1	ADC_CANDIDATE_BELANTAMAB_MAFODOTIN	high	OBSERVED_CLINICAL_ASSOCIATION
BCMA	ADC_TARGET_BCMA	Recurrent Plasma Cell Myeloma	1	ADC_CANDIDATE_BELANTAMAB_MAFODOTIN	high	OBSERVED_CLINICAL_ASSOCIATION
BCMA	ADC_TARGET_BCMA	Refractory Multiple Myeloma	1	ADC_CANDIDATE_BELANTAMAB_MAFODOTIN	high	OBSERVED_CLINICAL_ASSOCIATION
BCMA	ADC_TARGET_BCMA	Refractory Plasma Cell Myeloma	1	ADC_CANDIDATE_BELANTAMAB_MAFODOTIN	high	OBSERVED_CLINICAL_ASSOCIATION
BCMA	ADC_TARGET_BCMA	Refractory Plasmablastic Lymphoma	1	ADC_CANDIDATE_BELANTAMAB_MAFODOTIN	high	OBSERVED_CLINICAL_ASSOCIATION
BCMA	ADC_TARGET_BCMA	Relapse Multiple Myeloma	1	ADC_CANDIDATE_BELANTAMAB_MAFODOTIN	high	OBSERVED_CLINICAL_ASSOCIATION
BCMA	ADC_TARGET_BCMA	Relapsed / Refractory Multiple Myeloma	1	ADC_CANDIDATE_BELANTAMAB_MAFODOTIN	high	OBSERVED_CLINICAL_ASSOCIATION
BCMA	ADC_TARGET_BCMA	Relapsed Cancer	1	ADC_CANDIDATE_BELANTAMAB_MAFODOTIN	high	OBSERVED_CLINICAL_ASSOCIATION
BCMA	ADC_TARGET_BCMA	Relapsed Multiple Myeloma	1	ADC_CANDIDATE_BELANTAMAB_MAFODOTIN	high	OBSERVED_CLINICAL_ASSOCIATION
BCMA	ADC_TARGET_BCMA	Relapsed Plasmablastic Lymphoma	1	ADC_CANDIDATE_BELANTAMAB_MAFODOTIN	high	OBSERVED_CLINICAL_ASSOCIATION
BCMA	ADC_TARGET_BCMA	Relapsed Refractory Multiple Myeloma	1	ADC_CANDIDATE_BELANTAMAB_MAFODOTIN	high	OBSERVED_CLINICAL_ASSOCIATION
BCMA	ADC_TARGET_BCMA	Relapsed and/or Refractory Multiple Myeloma	1	ADC_CANDIDATE_BELANTAMAB_MAFODOTIN	high	OBSERVED_CLINICAL_ASSOCIATION
BCMA	ADC_TARGET_BCMA	Relapsed/ Refractory Multiple Myeloma	1	ADC_CANDIDATE_BELANTAMAB_MAFODOTIN	high	OBSERVED_CLINICAL_ASSOCIATION
BCMA	ADC_TARGET_BCMA	Relapsed/Refractory Multiple Myeloma	1	ADC_CANDIDATE_BELANTAMAB_MAFODOTIN	high	OBSERVED_CLINICAL_ASSOCIATION
CD19	ADC_TARGET_CD19	Acute Lymphoblastic Leukemia	1	ADC_CANDIDATE_LONCASTUXIMAB_TESIRINE	high	OBSERVED_CLINICAL_ASSOCIATION
CD19	ADC_TARGET_CD19	Aggressive Diffuse Large B-cell Lymphoma	1	ADC_CANDIDATE_LONCASTUXIMAB_TESIRINE	high	OBSERVED_CLINICAL_ASSOCIATION
CD19	ADC_TARGET_CD19	B-Cell Lymphoma Treatment	1	ADC_CANDIDATE_LONCASTUXIMAB_TESIRINE	high	OBSERVED_CLINICAL_ASSOCIATION
CD19	ADC_TARGET_CD19	B-Cell Non-Hodgkin Lymphoma	1	ADC_CANDIDATE_LONCASTUXIMAB_TESIRINE	high	OBSERVED_CLINICAL_ASSOCIATION
CD19	ADC_TARGET_CD19	B-cell Lymphoma	1	ADC_CANDIDATE_LONCASTUXIMAB_TESIRINE	high	OBSERVED_CLINICAL_ASSOCIATION
CD19	ADC_TARGET_CD19	B-cell Non Hodgkin Lymphoma	1	ADC_CANDIDATE_LONCASTUXIMAB_TESIRINE	high	OBSERVED_CLINICAL_ASSOCIATION
CD19	ADC_TARGET_CD19	Breast Cancer	1	ADC_CANDIDATE_LONCASTUXIMAB_TESIRINE	high	OBSERVED_CLINICAL_ASSOCIATION
CD19	ADC_TARGET_CD19	Burkitt Lymphoma	1	ADC_CANDIDATE_LONCASTUXIMAB_TESIRINE	high	OBSERVED_CLINICAL_ASSOCIATION
CD19	ADC_TARGET_CD19	Burkitt's Lymphoma	1	ADC_CANDIDATE_LONCASTUXIMAB_TESIRINE	high	OBSERVED_CLINICAL_ASSOCIATION
CD19	ADC_TARGET_CD19	Central Nervous System Lymphoma	1	ADC_CANDIDATE_LONCASTUXIMAB_TESIRINE	high	OBSERVED_CLINICAL_ASSOCIATION
CD19	ADC_TARGET_CD19	Chronic Lymphocytic Leukemia	1	ADC_CANDIDATE_LONCASTUXIMAB_TESIRINE	high	OBSERVED_CLINICAL_ASSOCIATION
CD19	ADC_TARGET_CD19	Colo-rectal Cancer	1	ADC_CANDIDATE_LONCASTUXIMAB_TESIRINE	high	OBSERVED_CLINICAL_ASSOCIATION
CD19	ADC_TARGET_CD19	Diffuse Large B-Cell Lymphoma	1	ADC_CANDIDATE_LONCASTUXIMAB_TESIRINE	high	OBSERVED_CLINICAL_ASSOCIATION
CD19	ADC_TARGET_CD19	Diffuse Large B-Cell Lymphoma Refractory	1	ADC_CANDIDATE_LONCASTUXIMAB_TESIRINE	high	OBSERVED_CLINICAL_ASSOCIATION
CD19	ADC_TARGET_CD19	Diffuse Large B-cell Lymphoma	1	ADC_CANDIDATE_LONCASTUXIMAB_TESIRINE	high	OBSERVED_CLINICAL_ASSOCIATION
CD19	ADC_TARGET_CD19	Diffuse Large B-cell Lymphoma Recurrent	1	ADC_CANDIDATE_LONCASTUXIMAB_TESIRINE	high	OBSERVED_CLINICAL_ASSOCIATION
CD19	ADC_TARGET_CD19	Double-Expressor Lymphoma	1	ADC_CANDIDATE_LONCASTUXIMAB_TESIRINE	high	OBSERVED_CLINICAL_ASSOCIATION
CD19	ADC_TARGET_CD19	Follicular Lymphoma	1	ADC_CANDIDATE_LONCASTUXIMAB_TESIRINE	high	OBSERVED_CLINICAL_ASSOCIATION
CD19	ADC_TARGET_CD19	Follicular Lymphoma (FL) Grade 3B	1	ADC_CANDIDATE_LONCASTUXIMAB_TESIRINE	high	OBSERVED_CLINICAL_ASSOCIATION
CD19	ADC_TARGET_CD19	High Grade B-Cell Lymphoma With MYC and BCL2 and/or BCL6 Rearrangements	1	ADC_CANDIDATE_LONCASTUXIMAB_TESIRINE	high	OBSERVED_CLINICAL_ASSOCIATION
CD19	ADC_TARGET_CD19	High Grade B-Cell Lymphoma With MYC and BCL2 or BCL6 Rearrangements	1	ADC_CANDIDATE_LONCASTUXIMAB_TESIRINE	high	OBSERVED_CLINICAL_ASSOCIATION
CD19	ADC_TARGET_CD19	High Grade B-Cell Lymphoma With MYC, BCL2, and BCL6 Rearrangements	1	ADC_CANDIDATE_LONCASTUXIMAB_TESIRINE	high	OBSERVED_CLINICAL_ASSOCIATION
CD19	ADC_TARGET_CD19	High-grade B-cell Lymphoma	1	ADC_CANDIDATE_LONCASTUXIMAB_TESIRINE	high	OBSERVED_CLINICAL_ASSOCIATION
CD19	ADC_TARGET_CD19	High-grade B-cell Lymphoma (HGBCL)	1	ADC_CANDIDATE_LONCASTUXIMAB_TESIRINE	high	OBSERVED_CLINICAL_ASSOCIATION
CD19	ADC_TARGET_CD19	High-grade B-cell Lymphoma (HGBL)	1	ADC_CANDIDATE_LONCASTUXIMAB_TESIRINE	high	OBSERVED_CLINICAL_ASSOCIATION
CD19	ADC_TARGET_CD19	Large B-cell Lymphoma	1	ADC_CANDIDATE_LONCASTUXIMAB_TESIRINE	high	OBSERVED_CLINICAL_ASSOCIATION
CD19	ADC_TARGET_CD19	Lung Cancer (Non-Small Cell)	1	ADC_CANDIDATE_LONCASTUXIMAB_TESIRINE	high	OBSERVED_CLINICAL_ASSOCIATION
CD19	ADC_TARGET_CD19	Lymphoma	1	ADC_CANDIDATE_LONCASTUXIMAB_TESIRINE	high	OBSERVED_CLINICAL_ASSOCIATION
CD19	ADC_TARGET_CD19	Lymphoma, Follicular	1	ADC_CANDIDATE_LONCASTUXIMAB_TESIRINE	high	OBSERVED_CLINICAL_ASSOCIATION
CD19	ADC_TARGET_CD19	Lymphoma, Large B-Cell, Diffuse	1	ADC_CANDIDATE_LONCASTUXIMAB_TESIRINE	high	OBSERVED_CLINICAL_ASSOCIATION
CD19	ADC_TARGET_CD19	Lymphoma, Mantle-Cell	1	ADC_CANDIDATE_LONCASTUXIMAB_TESIRINE	high	OBSERVED_CLINICAL_ASSOCIATION
CD19	ADC_TARGET_CD19	Lymphoma, Marginal Zone	1	ADC_CANDIDATE_LONCASTUXIMAB_TESIRINE	high	OBSERVED_CLINICAL_ASSOCIATION
CD19	ADC_TARGET_CD19	Mantle Cell Lymphoma	1	ADC_CANDIDATE_LONCASTUXIMAB_TESIRINE	high	OBSERVED_CLINICAL_ASSOCIATION
CD19	ADC_TARGET_CD19	Marginal Zone Lymphoma	1	ADC_CANDIDATE_LONCASTUXIMAB_TESIRINE	high	OBSERVED_CLINICAL_ASSOCIATION
CD19	ADC_TARGET_CD19	Metastatic Breast Cancer ( HER2 Negative)	1	ADC_CANDIDATE_LONCASTUXIMAB_TESIRINE	high	OBSERVED_CLINICAL_ASSOCIATION
CD19	ADC_TARGET_CD19	Non-Hodgkin Lymphoma	1	ADC_CANDIDATE_LONCASTUXIMAB_TESIRINE	high	OBSERVED_CLINICAL_ASSOCIATION
CD19	ADC_TARGET_CD19	Pancreas Cancer, Duct Cell Adenocarcinoma	1	ADC_CANDIDATE_LONCASTUXIMAB_TESIRINE	high	OBSERVED_CLINICAL_ASSOCIATION
CD19	ADC_TARGET_CD19	Post-transplant Lymphoproliferative Disorder	1	ADC_CANDIDATE_LONCASTUXIMAB_TESIRINE	high	OBSERVED_CLINICAL_ASSOCIATION
CD19	ADC_TARGET_CD19	Primary Mediastinal B-cell Lymphoma	1	ADC_CANDIDATE_LONCASTUXIMAB_TESIRINE	high	OBSERVED_CLINICAL_ASSOCIATION
CD19	ADC_TARGET_CD19	Prostate Cancer Castration-resistant Prostate Cancer	1	ADC_CANDIDATE_LONCASTUXIMAB_TESIRINE	high	OBSERVED_CLINICAL_ASSOCIATION
CD19	ADC_TARGET_CD19	Recurrent B-Cell Non-Hodgkin Lymphoma	1	ADC_CANDIDATE_LONCASTUXIMAB_TESIRINE	high	OBSERVED_CLINICAL_ASSOCIATION
CD19	ADC_TARGET_CD19	Recurrent Diffuse Large B-Cell Lymphoma	1	ADC_CANDIDATE_LONCASTUXIMAB_TESIRINE	high	OBSERVED_CLINICAL_ASSOCIATION
CD19	ADC_TARGET_CD19	Recurrent Diffuse Large B-Cell Lymphoma, Not Otherwise Specified	1	ADC_CANDIDATE_LONCASTUXIMAB_TESIRINE	high	OBSERVED_CLINICAL_ASSOCIATION
CD19	ADC_TARGET_CD19	Recurrent Follicular Lymphoma	1	ADC_CANDIDATE_LONCASTUXIMAB_TESIRINE	high	OBSERVED_CLINICAL_ASSOCIATION
CD19	ADC_TARGET_CD19	Recurrent Grade 3b Follicular Lymphoma	1	ADC_CANDIDATE_LONCASTUXIMAB_TESIRINE	high	OBSERVED_CLINICAL_ASSOCIATION
CD19	ADC_TARGET_CD19	Recurrent High Grade B-Cell Lymphoma	1	ADC_CANDIDATE_LONCASTUXIMAB_TESIRINE	high	OBSERVED_CLINICAL_ASSOCIATION
CD19	ADC_TARGET_CD19	Recurrent High Grade B-Cell Lymphoma With MYC and BCL2 or BCL6 Rearrangements	1	ADC_CANDIDATE_LONCASTUXIMAB_TESIRINE	high	OBSERVED_CLINICAL_ASSOCIATION
CD19	ADC_TARGET_CD19	Recurrent Mantle Cell Lymphoma	1	ADC_CANDIDATE_LONCASTUXIMAB_TESIRINE	high	OBSERVED_CLINICAL_ASSOCIATION
CD19	ADC_TARGET_CD19	Recurrent Primary Mediastinal (Thymic) Large B-Cell Lymphoma	1	ADC_CANDIDATE_LONCASTUXIMAB_TESIRINE	high	OBSERVED_CLINICAL_ASSOCIATION
CD19	ADC_TARGET_CD19	Recurrent Transformed Chronic Lymphocytic Leukemia	1	ADC_CANDIDATE_LONCASTUXIMAB_TESIRINE	high	OBSERVED_CLINICAL_ASSOCIATION
CD19	ADC_TARGET_CD19	Recurrent Transformed Follicular Lymphoma to Diffuse Large B-Cell Lymphoma	1	ADC_CANDIDATE_LONCASTUXIMAB_TESIRINE	high	OBSERVED_CLINICAL_ASSOCIATION
CD19	ADC_TARGET_CD19	Recurrent Transformed Indolent B-Cell Non-Hodgkin Lymphoma to Diffuse Large B-Cell Lymphoma	1	ADC_CANDIDATE_LONCASTUXIMAB_TESIRINE	high	OBSERVED_CLINICAL_ASSOCIATION
CD19	ADC_TARGET_CD19	Refractory B-Cell Non-Hodgkin Lymphoma	1	ADC_CANDIDATE_LONCASTUXIMAB_TESIRINE	high	OBSERVED_CLINICAL_ASSOCIATION
CD19	ADC_TARGET_CD19	Refractory Diffuse Large B-Cell Lymphoma	1	ADC_CANDIDATE_LONCASTUXIMAB_TESIRINE	high	OBSERVED_CLINICAL_ASSOCIATION
CD19	ADC_TARGET_CD19	Refractory Diffuse Large B-Cell Lymphoma, Not Otherwise Specified	1	ADC_CANDIDATE_LONCASTUXIMAB_TESIRINE	high	OBSERVED_CLINICAL_ASSOCIATION
CD19	ADC_TARGET_CD19	Refractory Follicular Lymphoma	1	ADC_CANDIDATE_LONCASTUXIMAB_TESIRINE	high	OBSERVED_CLINICAL_ASSOCIATION
CD19	ADC_TARGET_CD19	Refractory Grade 3b Follicular Lymphoma	1	ADC_CANDIDATE_LONCASTUXIMAB_TESIRINE	high	OBSERVED_CLINICAL_ASSOCIATION
CD19	ADC_TARGET_CD19	Refractory High Grade B-Cell Lymphoma	1	ADC_CANDIDATE_LONCASTUXIMAB_TESIRINE	high	OBSERVED_CLINICAL_ASSOCIATION
CD19	ADC_TARGET_CD19	Refractory High Grade B-Cell Lymphoma With MYC and BCL2 or BCL6 Rearrangements	1	ADC_CANDIDATE_LONCASTUXIMAB_TESIRINE	high	OBSERVED_CLINICAL_ASSOCIATION
CD19	ADC_TARGET_CD19	Refractory Mantle Cell Lymphoma	1	ADC_CANDIDATE_LONCASTUXIMAB_TESIRINE	high	OBSERVED_CLINICAL_ASSOCIATION
CD19	ADC_TARGET_CD19	Refractory Non-Hodgkin Lymphoma	1	ADC_CANDIDATE_LONCASTUXIMAB_TESIRINE	high	OBSERVED_CLINICAL_ASSOCIATION
CD19	ADC_TARGET_CD19	Refractory Primary Mediastinal (Thymic) Large B-Cell Lymphoma	1	ADC_CANDIDATE_LONCASTUXIMAB_TESIRINE	high	OBSERVED_CLINICAL_ASSOCIATION
CD19	ADC_TARGET_CD19	Refractory Transformed Chronic Lymphocytic Leukemia	1	ADC_CANDIDATE_LONCASTUXIMAB_TESIRINE	high	OBSERVED_CLINICAL_ASSOCIATION
CD19	ADC_TARGET_CD19	Refractory Transformed Follicular Lymphoma to Diffuse Large B-Cell Lymphoma	1	ADC_CANDIDATE_LONCASTUXIMAB_TESIRINE	high	OBSERVED_CLINICAL_ASSOCIATION
CD19	ADC_TARGET_CD19	Refractory Transformed Indolent B-Cell Non-Hodgkin Lymphoma to Diffuse Large B-Cell Lymphoma	1	ADC_CANDIDATE_LONCASTUXIMAB_TESIRINE	high	OBSERVED_CLINICAL_ASSOCIATION
CD19	ADC_TARGET_CD19	Relapse	1	ADC_CANDIDATE_LONCASTUXIMAB_TESIRINE	high	OBSERVED_CLINICAL_ASSOCIATION
CD19	ADC_TARGET_CD19	Relapsed B-Cell Non-Hodgkin Lymphoma	1	ADC_CANDIDATE_LONCASTUXIMAB_TESIRINE	high	OBSERVED_CLINICAL_ASSOCIATION
CD19	ADC_TARGET_CD19	Relapsed Diffuse Large B-Cell Lymphoma	1	ADC_CANDIDATE_LONCASTUXIMAB_TESIRINE	high	OBSERVED_CLINICAL_ASSOCIATION
CD19	ADC_TARGET_CD19	Relapsed Diffuse Large B-cell Lymphoma	1	ADC_CANDIDATE_LONCASTUXIMAB_TESIRINE	high	OBSERVED_CLINICAL_ASSOCIATION
CD19	ADC_TARGET_CD19	Relapsed Follicular Lymphoma	1	ADC_CANDIDATE_LONCASTUXIMAB_TESIRINE	high	OBSERVED_CLINICAL_ASSOCIATION
CD19	ADC_TARGET_CD19	Relapsed Mantle Cell Lymphoma	1	ADC_CANDIDATE_LONCASTUXIMAB_TESIRINE	high	OBSERVED_CLINICAL_ASSOCIATION
CD19	ADC_TARGET_CD19	Relapsed Non Hodgkin Lymphoma	1	ADC_CANDIDATE_LONCASTUXIMAB_TESIRINE	high	OBSERVED_CLINICAL_ASSOCIATION
CD19	ADC_TARGET_CD19	Relapsed or Refractory Diffuse Large B-Cell Lymphoma (R/R DLBCL)	1	ADC_CANDIDATE_LONCASTUXIMAB_TESIRINE	high	OBSERVED_CLINICAL_ASSOCIATION
CD19	ADC_TARGET_CD19	Relapsed or Refractory Large B-cell Lymphoma	1	ADC_CANDIDATE_LONCASTUXIMAB_TESIRINE	high	OBSERVED_CLINICAL_ASSOCIATION
CD19	ADC_TARGET_CD19	Relapsed or Refractory Lymphoma	1	ADC_CANDIDATE_LONCASTUXIMAB_TESIRINE	high	OBSERVED_CLINICAL_ASSOCIATION
CD19	ADC_TARGET_CD19	Upper Tract Urothelial Carcinoma	1	ADC_CANDIDATE_LONCASTUXIMAB_TESIRINE	high	OBSERVED_CLINICAL_ASSOCIATION
CD19	ADC_TARGET_CD19	Waldenstrom Macroglobulinemia	1	ADC_CANDIDATE_LONCASTUXIMAB_TESIRINE	high	OBSERVED_CLINICAL_ASSOCIATION
CD19	ADC_TARGET_CD19	ctDNA	1	ADC_CANDIDATE_LONCASTUXIMAB_TESIRINE	high	OBSERVED_CLINICAL_ASSOCIATION
CD22	ADC_TARGET_CD22	ACUTE LYMPHOBLASTIC LEUKEMIA	1	ADC_CANDIDATE_INOTUZUMAB_OZOGAMICIN	high	OBSERVED_CLINICAL_ASSOCIATION
CD22	ADC_TARGET_CD22	ALL	1	ADC_CANDIDATE_INOTUZUMAB_OZOGAMICIN	high	OBSERVED_CLINICAL_ASSOCIATION
CD22	ADC_TARGET_CD22	Acute Leukemias of Ambiguous Lineage	1	ADC_CANDIDATE_INOTUZUMAB_OZOGAMICIN	high	OBSERVED_CLINICAL_ASSOCIATION
CD22	ADC_TARGET_CD22	Acute Lymphoblastic Leukaemia	1	ADC_CANDIDATE_INOTUZUMAB_OZOGAMICIN	high	OBSERVED_CLINICAL_ASSOCIATION
CD22	ADC_TARGET_CD22	Acute Lymphoblastic Leukaemias (ALL)	1	ADC_CANDIDATE_INOTUZUMAB_OZOGAMICIN	high	OBSERVED_CLINICAL_ASSOCIATION
CD22	ADC_TARGET_CD22	Acute Lymphoblastic Leukemia	1	ADC_CANDIDATE_INOTUZUMAB_OZOGAMICIN	high	OBSERVED_CLINICAL_ASSOCIATION
CD22	ADC_TARGET_CD22	Acute Lymphoblastic Leukemia (ALL) - Philadelphia Chromosome (Ph)-Negative CD22+ B-cell Precursor (BCP)	1	ADC_CANDIDATE_INOTUZUMAB_OZOGAMICIN	high	OBSERVED_CLINICAL_ASSOCIATION
CD22	ADC_TARGET_CD22	Acute Lymphoblastic Leukemia in Remission	1	ADC_CANDIDATE_INOTUZUMAB_OZOGAMICIN	high	OBSERVED_CLINICAL_ASSOCIATION
CD22	ADC_TARGET_CD22	Acute Lymphocytic Leukemia	1	ADC_CANDIDATE_INOTUZUMAB_OZOGAMICIN	high	OBSERVED_CLINICAL_ASSOCIATION
CD22	ADC_TARGET_CD22	Acute Lymphoid Leukemia	1	ADC_CANDIDATE_INOTUZUMAB_OZOGAMICIN	high	OBSERVED_CLINICAL_ASSOCIATION
CD22	ADC_TARGET_CD22	Acute Myeloid Leukemia	1	ADC_CANDIDATE_INOTUZUMAB_OZOGAMICIN	high	OBSERVED_CLINICAL_ASSOCIATION
CD22	ADC_TARGET_CD22	Adult Relapsed/Refractory B Cell Acute Lymphoblastic Leukemia	1	ADC_CANDIDATE_INOTUZUMAB_OZOGAMICIN	high	OBSERVED_CLINICAL_ASSOCIATION
CD22	ADC_TARGET_CD22	Allogeneic Hematopoietic Stem Cell Transplantation Recipient	1	ADC_CANDIDATE_INOTUZUMAB_OZOGAMICIN	high	OBSERVED_CLINICAL_ASSOCIATION
CD22	ADC_TARGET_CD22	B Acute Lymphoblastic Leukemia	1	ADC_CANDIDATE_INOTUZUMAB_OZOGAMICIN	high	OBSERVED_CLINICAL_ASSOCIATION
CD22	ADC_TARGET_CD22	B Acute Lymphoblastic Leukemia With t(9;22)(q34.1;q11.2)	1	ADC_CANDIDATE_INOTUZUMAB_OZOGAMICIN	high	OBSERVED_CLINICAL_ASSOCIATION
CD22	ADC_TARGET_CD22	B Acute Lymphoblastic Leukemia, Philadelphia Chromosome Negative	1	ADC_CANDIDATE_INOTUZUMAB_OZOGAMICIN	high	OBSERVED_CLINICAL_ASSOCIATION
CD22	ADC_TARGET_CD22	B Lymphoblastic Lymphoma	1	ADC_CANDIDATE_INOTUZUMAB_OZOGAMICIN	high	OBSERVED_CLINICAL_ASSOCIATION
CD22	ADC_TARGET_CD22	B-Cell Acute Lymphoblastic Leukaemia	1	ADC_CANDIDATE_INOTUZUMAB_OZOGAMICIN	high	OBSERVED_CLINICAL_ASSOCIATION
CD22	ADC_TARGET_CD22	B-Cell Lymphoma	1	ADC_CANDIDATE_INOTUZUMAB_OZOGAMICIN	high	OBSERVED_CLINICAL_ASSOCIATION
CD22	ADC_TARGET_CD22	B-cell Acute Lymphoblastic Leukemia	1	ADC_CANDIDATE_INOTUZUMAB_OZOGAMICIN	high	OBSERVED_CLINICAL_ASSOCIATION
CD22	ADC_TARGET_CD22	B-cell Acute Lymphocytic Leukemia	1	ADC_CANDIDATE_INOTUZUMAB_OZOGAMICIN	high	OBSERVED_CLINICAL_ASSOCIATION
CD22	ADC_TARGET_CD22	B-cell Adult Acute Lymphoblastic Leukemia	1	ADC_CANDIDATE_INOTUZUMAB_OZOGAMICIN	high	OBSERVED_CLINICAL_ASSOCIATION
CD22	ADC_TARGET_CD22	B-cell Lymphoma Refractory	1	ADC_CANDIDATE_INOTUZUMAB_OZOGAMICIN	high	OBSERVED_CLINICAL_ASSOCIATION
CD22	ADC_TARGET_CD22	BCR-ABL1	1	ADC_CANDIDATE_INOTUZUMAB_OZOGAMICIN	high	OBSERVED_CLINICAL_ASSOCIATION
CD22	ADC_TARGET_CD22	Blast Phase Chronic Myelogenous Leukemia, BCR-ABL1 Positive	1	ADC_CANDIDATE_INOTUZUMAB_OZOGAMICIN	high	OBSERVED_CLINICAL_ASSOCIATION
CD22	ADC_TARGET_CD22	Blasts 5 Percent or More of Bone Marrow Nucleated Cells	1	ADC_CANDIDATE_INOTUZUMAB_OZOGAMICIN	high	OBSERVED_CLINICAL_ASSOCIATION
CD22	ADC_TARGET_CD22	Blasts 5 Percent or More of Peripheral Blood White Cells	1	ADC_CANDIDATE_INOTUZUMAB_OZOGAMICIN	high	OBSERVED_CLINICAL_ASSOCIATION
CD22	ADC_TARGET_CD22	Blasts More Than 5 Percent of Bone Marrow Nucleated Cells	1	ADC_CANDIDATE_INOTUZUMAB_OZOGAMICIN	high	OBSERVED_CLINICAL_ASSOCIATION
CD22	ADC_TARGET_CD22	Blinatumomab	1	ADC_CANDIDATE_INOTUZUMAB_OZOGAMICIN	high	OBSERVED_CLINICAL_ASSOCIATION
CD22	ADC_TARGET_CD22	Bone Marrow Transplant	1	ADC_CANDIDATE_INOTUZUMAB_OZOGAMICIN	high	OBSERVED_CLINICAL_ASSOCIATION
CD22	ADC_TARGET_CD22	Burkitt-Like Lymphoma With 11q Aberration	1	ADC_CANDIDATE_INOTUZUMAB_OZOGAMICIN	high	OBSERVED_CLINICAL_ASSOCIATION
CD22	ADC_TARGET_CD22	CD22 Positive	1	ADC_CANDIDATE_INOTUZUMAB_OZOGAMICIN	high	OBSERVED_CLINICAL_ASSOCIATION
CD22	ADC_TARGET_CD22	Central Nervous System Leukemia	1	ADC_CANDIDATE_INOTUZUMAB_OZOGAMICIN	high	OBSERVED_CLINICAL_ASSOCIATION
CD22	ADC_TARGET_CD22	Diffuse Large B Cell Lymphoma	1	ADC_CANDIDATE_INOTUZUMAB_OZOGAMICIN	high	OBSERVED_CLINICAL_ASSOCIATION
CD22	ADC_TARGET_CD22	Diffuse Large B-Cell Lymphoma	1	ADC_CANDIDATE_INOTUZUMAB_OZOGAMICIN	high	OBSERVED_CLINICAL_ASSOCIATION
CD22	ADC_TARGET_CD22	Hematologic Malignancy	1	ADC_CANDIDATE_INOTUZUMAB_OZOGAMICIN	high	OBSERVED_CLINICAL_ASSOCIATION
CD22	ADC_TARGET_CD22	Hematopoietic Stem Cell Transplantation	1	ADC_CANDIDATE_INOTUZUMAB_OZOGAMICIN	high	OBSERVED_CLINICAL_ASSOCIATION
CD22	ADC_TARGET_CD22	Hematopoietic and Lymphoid Cell Neoplasm	1	ADC_CANDIDATE_INOTUZUMAB_OZOGAMICIN	high	OBSERVED_CLINICAL_ASSOCIATION
CD22	ADC_TARGET_CD22	High Grade B-Cell Lymphoma With MYC and BCL2 and/or BCL6 Rearrangements	1	ADC_CANDIDATE_INOTUZUMAB_OZOGAMICIN	high	OBSERVED_CLINICAL_ASSOCIATION
CD22	ADC_TARGET_CD22	High Grade B-Cell Lymphoma, Not Otherwise Specified	1	ADC_CANDIDATE_INOTUZUMAB_OZOGAMICIN	high	OBSERVED_CLINICAL_ASSOCIATION
CD22	ADC_TARGET_CD22	Immunotherapy	1	ADC_CANDIDATE_INOTUZUMAB_OZOGAMICIN	high	OBSERVED_CLINICAL_ASSOCIATION
CD22	ADC_TARGET_CD22	Inotuzumab Ozogamicin	1	ADC_CANDIDATE_INOTUZUMAB_OZOGAMICIN	high	OBSERVED_CLINICAL_ASSOCIATION
CD22	ADC_TARGET_CD22	Leukemia	1	ADC_CANDIDATE_INOTUZUMAB_OZOGAMICIN	high	OBSERVED_CLINICAL_ASSOCIATION
CD22	ADC_TARGET_CD22	Leukemia, Acute Lymphoblastic	1	ADC_CANDIDATE_INOTUZUMAB_OZOGAMICIN	high	OBSERVED_CLINICAL_ASSOCIATION
CD22	ADC_TARGET_CD22	Leukemia, Lymphocytic, Acute	1	ADC_CANDIDATE_INOTUZUMAB_OZOGAMICIN	high	OBSERVED_CLINICAL_ASSOCIATION
CD22	ADC_TARGET_CD22	Lymphoblastic Leukemia	1	ADC_CANDIDATE_INOTUZUMAB_OZOGAMICIN	high	OBSERVED_CLINICAL_ASSOCIATION
CD22	ADC_TARGET_CD22	Lymphoblastic Lymphoma	1	ADC_CANDIDATE_INOTUZUMAB_OZOGAMICIN	high	OBSERVED_CLINICAL_ASSOCIATION
CD22	ADC_TARGET_CD22	Lymphoblasts 20 Percent or More of Bone Marrow Nucleated Cells	1	ADC_CANDIDATE_INOTUZUMAB_OZOGAMICIN	high	OBSERVED_CLINICAL_ASSOCIATION
CD22	ADC_TARGET_CD22	Lymphoblasts 20 Percent or More of Peripheral Blood White Cells	1	ADC_CANDIDATE_INOTUZUMAB_OZOGAMICIN	high	OBSERVED_CLINICAL_ASSOCIATION
CD22	ADC_TARGET_CD22	Lymphocytic Neoplasm	1	ADC_CANDIDATE_INOTUZUMAB_OZOGAMICIN	high	OBSERVED_CLINICAL_ASSOCIATION
CD22	ADC_TARGET_CD22	Lymphoma	1	ADC_CANDIDATE_INOTUZUMAB_OZOGAMICIN	high	OBSERVED_CLINICAL_ASSOCIATION
CD22	ADC_TARGET_CD22	Lymphoma, B-Cell	1	ADC_CANDIDATE_INOTUZUMAB_OZOGAMICIN	high	OBSERVED_CLINICAL_ASSOCIATION
CD22	ADC_TARGET_CD22	Lymphoma, Follicular	1	ADC_CANDIDATE_INOTUZUMAB_OZOGAMICIN	high	OBSERVED_CLINICAL_ASSOCIATION
CD22	ADC_TARGET_CD22	Lymphoma, Non-Hodgkin	1	ADC_CANDIDATE_INOTUZUMAB_OZOGAMICIN	high	OBSERVED_CLINICAL_ASSOCIATION
CD22	ADC_TARGET_CD22	MRD-positive	1	ADC_CANDIDATE_INOTUZUMAB_OZOGAMICIN	high	OBSERVED_CLINICAL_ASSOCIATION
CD22	ADC_TARGET_CD22	Minimal Residual Disease	1	ADC_CANDIDATE_INOTUZUMAB_OZOGAMICIN	high	OBSERVED_CLINICAL_ASSOCIATION
CD22	ADC_TARGET_CD22	Mixed Phenotype Acute Leukemia	1	ADC_CANDIDATE_INOTUZUMAB_OZOGAMICIN	high	OBSERVED_CLINICAL_ASSOCIATION
CD22	ADC_TARGET_CD22	Pediatric ALL	1	ADC_CANDIDATE_INOTUZUMAB_OZOGAMICIN	high	OBSERVED_CLINICAL_ASSOCIATION
CD22	ADC_TARGET_CD22	Pediatric ALL, B Cell	1	ADC_CANDIDATE_INOTUZUMAB_OZOGAMICIN	high	OBSERVED_CLINICAL_ASSOCIATION
CD22	ADC_TARGET_CD22	Pediatric ALL, Relapsed	1	ADC_CANDIDATE_INOTUZUMAB_OZOGAMICIN	high	OBSERVED_CLINICAL_ASSOCIATION
CD22	ADC_TARGET_CD22	Pediatric AML	1	ADC_CANDIDATE_INOTUZUMAB_OZOGAMICIN	high	OBSERVED_CLINICAL_ASSOCIATION
CD22	ADC_TARGET_CD22	Pediatric Cancer	1	ADC_CANDIDATE_INOTUZUMAB_OZOGAMICIN	high	OBSERVED_CLINICAL_ASSOCIATION
CD22	ADC_TARGET_CD22	Ph+ ALL	1	ADC_CANDIDATE_INOTUZUMAB_OZOGAMICIN	high	OBSERVED_CLINICAL_ASSOCIATION
CD22	ADC_TARGET_CD22	Ph- Acute Lymphoblastic Leukemia (Ph-ALL)	1	ADC_CANDIDATE_INOTUZUMAB_OZOGAMICIN	high	OBSERVED_CLINICAL_ASSOCIATION
CD22	ADC_TARGET_CD22	Philadelphia Chromosome Positive Adult Precursor Acute Lymphoblastic Leukemia	1	ADC_CANDIDATE_INOTUZUMAB_OZOGAMICIN	high	OBSERVED_CLINICAL_ASSOCIATION
CD22	ADC_TARGET_CD22	Philadelphia Chromosome Positive, BCR-ABL1 Positive Chronic Myelogenous Leukemia	1	ADC_CANDIDATE_INOTUZUMAB_OZOGAMICIN	high	OBSERVED_CLINICAL_ASSOCIATION
CD22	ADC_TARGET_CD22	Precursor B-Cell Lymphoblastic Leukemia	1	ADC_CANDIDATE_INOTUZUMAB_OZOGAMICIN	high	OBSERVED_CLINICAL_ASSOCIATION
CD22	ADC_TARGET_CD22	Precursor Cell Lymphoblastic Leukemia	1	ADC_CANDIDATE_INOTUZUMAB_OZOGAMICIN	high	OBSERVED_CLINICAL_ASSOCIATION
CD22	ADC_TARGET_CD22	Precursor Cell Lymphoblastic Leukemia-Lymphoma	1	ADC_CANDIDATE_INOTUZUMAB_OZOGAMICIN	high	OBSERVED_CLINICAL_ASSOCIATION
CD22	ADC_TARGET_CD22	Precursor b-Cell Lymphoblastic Leukemia-Lymphoma	1	ADC_CANDIDATE_INOTUZUMAB_OZOGAMICIN	high	OBSERVED_CLINICAL_ASSOCIATION
CD22	ADC_TARGET_CD22	R/R AML	1	ADC_CANDIDATE_INOTUZUMAB_OZOGAMICIN	high	OBSERVED_CLINICAL_ASSOCIATION
CD22	ADC_TARGET_CD22	R/R B-cell ALL	1	ADC_CANDIDATE_INOTUZUMAB_OZOGAMICIN	high	OBSERVED_CLINICAL_ASSOCIATION
CD22	ADC_TARGET_CD22	Recurrent Acute Lymphoblastic Leukemia	1	ADC_CANDIDATE_INOTUZUMAB_OZOGAMICIN	high	OBSERVED_CLINICAL_ASSOCIATION
CD22	ADC_TARGET_CD22	Recurrent Adult Acute Lymphoblastic Leukemia	1	ADC_CANDIDATE_INOTUZUMAB_OZOGAMICIN	high	OBSERVED_CLINICAL_ASSOCIATION
CD22	ADC_TARGET_CD22	Recurrent Adult Burkitt Lymphoma	1	ADC_CANDIDATE_INOTUZUMAB_OZOGAMICIN	high	OBSERVED_CLINICAL_ASSOCIATION
CD22	ADC_TARGET_CD22	Recurrent B Acute Lymphoblastic Leukemia	1	ADC_CANDIDATE_INOTUZUMAB_OZOGAMICIN	high	OBSERVED_CLINICAL_ASSOCIATION
CD22	ADC_TARGET_CD22	Recurrent B Lymphoblastic Lymphoma	1	ADC_CANDIDATE_INOTUZUMAB_OZOGAMICIN	high	OBSERVED_CLINICAL_ASSOCIATION
CD22	ADC_TARGET_CD22	Recurrent Burkitt Lymphoma	1	ADC_CANDIDATE_INOTUZUMAB_OZOGAMICIN	high	OBSERVED_CLINICAL_ASSOCIATION
CD22	ADC_TARGET_CD22	Recurrent Chronic Myelogenous Leukemia, BCR-ABL1 Positive	1	ADC_CANDIDATE_INOTUZUMAB_OZOGAMICIN	high	OBSERVED_CLINICAL_ASSOCIATION
CD22	ADC_TARGET_CD22	Refractory Acute Lymphoblastic Leukemia	1	ADC_CANDIDATE_INOTUZUMAB_OZOGAMICIN	high	OBSERVED_CLINICAL_ASSOCIATION
CD22	ADC_TARGET_CD22	Refractory Acute Myeloid Leukemia	1	ADC_CANDIDATE_INOTUZUMAB_OZOGAMICIN	high	OBSERVED_CLINICAL_ASSOCIATION
CD22	ADC_TARGET_CD22	Refractory B Acute Lymphoblastic Leukemia	1	ADC_CANDIDATE_INOTUZUMAB_OZOGAMICIN	high	OBSERVED_CLINICAL_ASSOCIATION
CD22	ADC_TARGET_CD22	Refractory B Lymphoblastic Lymphoma	1	ADC_CANDIDATE_INOTUZUMAB_OZOGAMICIN	high	OBSERVED_CLINICAL_ASSOCIATION
CD22	ADC_TARGET_CD22	Refractory Burkitt Lymphoma	1	ADC_CANDIDATE_INOTUZUMAB_OZOGAMICIN	high	OBSERVED_CLINICAL_ASSOCIATION
CD22	ADC_TARGET_CD22	Refractory Chronic Myelogenous Leukemia, BCR-ABL1 Positive	1	ADC_CANDIDATE_INOTUZUMAB_OZOGAMICIN	high	OBSERVED_CLINICAL_ASSOCIATION
CD22	ADC_TARGET_CD22	Relapsed Acute Myeloid Leukemia	1	ADC_CANDIDATE_INOTUZUMAB_OZOGAMICIN	high	OBSERVED_CLINICAL_ASSOCIATION
CD22	ADC_TARGET_CD22	Relapsed/Refractory	1	ADC_CANDIDATE_INOTUZUMAB_OZOGAMICIN	high	OBSERVED_CLINICAL_ASSOCIATION
CD22	ADC_TARGET_CD22	Testicular Leukemia	1	ADC_CANDIDATE_INOTUZUMAB_OZOGAMICIN	high	OBSERVED_CLINICAL_ASSOCIATION
CD22	ADC_TARGET_CD22	Venetoclax	1	ADC_CANDIDATE_INOTUZUMAB_OZOGAMICIN	high	OBSERVED_CLINICAL_ASSOCIATION
CD22	ADC_TARGET_CD22	ph+ Acute Lymphoblastic Leukemia	1	ADC_CANDIDATE_INOTUZUMAB_OZOGAMICIN	high	OBSERVED_CLINICAL_ASSOCIATION
CD30	ADC_TARGET_CD30	AIDS-Related Hodgkin Lymphoma	1	ADC_CANDIDATE_BRENTUXIMAB_VEDOTIN	high	OBSERVED_CLINICAL_ASSOCIATION
CD30	ADC_TARGET_CD30	ALK+ Anaplastic Large Cell Lymphoma	1	ADC_CANDIDATE_BRENTUXIMAB_VEDOTIN	high	OBSERVED_CLINICAL_ASSOCIATION
CD30	ADC_TARGET_CD30	Acute Lymphoid Leukemia	1	ADC_CANDIDATE_BRENTUXIMAB_VEDOTIN	high	OBSERVED_CLINICAL_ASSOCIATION
CD30	ADC_TARGET_CD30	Acute Myelogenous Leukemia	1	ADC_CANDIDATE_BRENTUXIMAB_VEDOTIN	high	OBSERVED_CLINICAL_ASSOCIATION
CD30	ADC_TARGET_CD30	Acute Myeloid Leukemia	1	ADC_CANDIDATE_BRENTUXIMAB_VEDOTIN	high	OBSERVED_CLINICAL_ASSOCIATION
CD30	ADC_TARGET_CD30	Adolescent	1	ADC_CANDIDATE_BRENTUXIMAB_VEDOTIN	high	OBSERVED_CLINICAL_ASSOCIATION
CD30	ADC_TARGET_CD30	Adult Grade III Lymphomatoid Granulomatosis	1	ADC_CANDIDATE_BRENTUXIMAB_VEDOTIN	high	OBSERVED_CLINICAL_ASSOCIATION
CD30	ADC_TARGET_CD30	Adult Lymphocyte Depletion Hodgkin Lymphoma	1	ADC_CANDIDATE_BRENTUXIMAB_VEDOTIN	high	OBSERVED_CLINICAL_ASSOCIATION
CD30	ADC_TARGET_CD30	Adult Lymphocyte Predominant Hodgkin Lymphoma	1	ADC_CANDIDATE_BRENTUXIMAB_VEDOTIN	high	OBSERVED_CLINICAL_ASSOCIATION
CD30	ADC_TARGET_CD30	Adult Mixed Cellularity Hodgkin Lymphoma	1	ADC_CANDIDATE_BRENTUXIMAB_VEDOTIN	high	OBSERVED_CLINICAL_ASSOCIATION
CD30	ADC_TARGET_CD30	Adult Nasal Type Extranodal NK/T-cell Lymphoma	1	ADC_CANDIDATE_BRENTUXIMAB_VEDOTIN	high	OBSERVED_CLINICAL_ASSOCIATION
CD30	ADC_TARGET_CD30	Adult Nodular Sclerosis Hodgkin Lymphoma	1	ADC_CANDIDATE_BRENTUXIMAB_VEDOTIN	high	OBSERVED_CLINICAL_ASSOCIATION
CD30	ADC_TARGET_CD30	Adult T-Cell Leukemia/Lymphoma	1	ADC_CANDIDATE_BRENTUXIMAB_VEDOTIN	high	OBSERVED_CLINICAL_ASSOCIATION
CD30	ADC_TARGET_CD30	Adult T-cell Leukemia/Lymphoma	1	ADC_CANDIDATE_BRENTUXIMAB_VEDOTIN	high	OBSERVED_CLINICAL_ASSOCIATION
CD30	ADC_TARGET_CD30	Advanced Classical Hodgkin Lymphoma	1	ADC_CANDIDATE_BRENTUXIMAB_VEDOTIN	high	OBSERVED_CLINICAL_ASSOCIATION
CD30	ADC_TARGET_CD30	Advanced Hodgkin Lymphoma	1	ADC_CANDIDATE_BRENTUXIMAB_VEDOTIN	high	OBSERVED_CLINICAL_ASSOCIATION
CD30	ADC_TARGET_CD30	Aggressive Systemic Mastocytosis	1	ADC_CANDIDATE_BRENTUXIMAB_VEDOTIN	high	OBSERVED_CLINICAL_ASSOCIATION
CD30	ADC_TARGET_CD30	Anaplastic Large Cell Lymphoma	1	ADC_CANDIDATE_BRENTUXIMAB_VEDOTIN	high	OBSERVED_CLINICAL_ASSOCIATION
CD30	ADC_TARGET_CD30	Anaplastic Large Cell Lymphoma, ALK-Negative	1	ADC_CANDIDATE_BRENTUXIMAB_VEDOTIN	high	OBSERVED_CLINICAL_ASSOCIATION
CD30	ADC_TARGET_CD30	Anaplastic Large Cell Lymphoma, ALK-Positive	1	ADC_CANDIDATE_BRENTUXIMAB_VEDOTIN	high	OBSERVED_CLINICAL_ASSOCIATION
CD30	ADC_TARGET_CD30	Anaplastic Large-Cell Lymphoma	1	ADC_CANDIDATE_BRENTUXIMAB_VEDOTIN	high	OBSERVED_CLINICAL_ASSOCIATION
CD30	ADC_TARGET_CD30	Anaplastic Large-cell Lymphoma	1	ADC_CANDIDATE_BRENTUXIMAB_VEDOTIN	high	OBSERVED_CLINICAL_ASSOCIATION
CD30	ADC_TARGET_CD30	Anemia, Refractory, With Excess of Blasts	1	ADC_CANDIDATE_BRENTUXIMAB_VEDOTIN	high	OBSERVED_CLINICAL_ASSOCIATION
CD30	ADC_TARGET_CD30	Angioimmunoblastic T-Cell Lymphoma	1	ADC_CANDIDATE_BRENTUXIMAB_VEDOTIN	high	OBSERVED_CLINICAL_ASSOCIATION
CD30	ADC_TARGET_CD30	Angioimmunoblastic T-cell Lymphoma	1	ADC_CANDIDATE_BRENTUXIMAB_VEDOTIN	high	OBSERVED_CLINICAL_ASSOCIATION
CD30	ADC_TARGET_CD30	Ann Arbor Stage I Hodgkin Lymphoma	1	ADC_CANDIDATE_BRENTUXIMAB_VEDOTIN	high	OBSERVED_CLINICAL_ASSOCIATION
CD30	ADC_TARGET_CD30	Ann Arbor Stage I Lymphocyte-Depleted Classic HL	1	ADC_CANDIDATE_BRENTUXIMAB_VEDOTIN	high	OBSERVED_CLINICAL_ASSOCIATION
CD30	ADC_TARGET_CD30	Ann Arbor Stage I Mixed Cellularity Classic Hodgkin Lymphoma	1	ADC_CANDIDATE_BRENTUXIMAB_VEDOTIN	high	OBSERVED_CLINICAL_ASSOCIATION
CD30	ADC_TARGET_CD30	Ann Arbor Stage I Nodular Sclerosis Classic Hodgkin Lymphoma	1	ADC_CANDIDATE_BRENTUXIMAB_VEDOTIN	high	OBSERVED_CLINICAL_ASSOCIATION
CD30	ADC_TARGET_CD30	Ann Arbor Stage I Primary Mediastinal (Thymic) Large B-Cell Lymphoma	1	ADC_CANDIDATE_BRENTUXIMAB_VEDOTIN	high	OBSERVED_CLINICAL_ASSOCIATION
CD30	ADC_TARGET_CD30	Ann Arbor Stage IA Hodgkin Lymphoma	1	ADC_CANDIDATE_BRENTUXIMAB_VEDOTIN	high	OBSERVED_CLINICAL_ASSOCIATION
CD30	ADC_TARGET_CD30	Ann Arbor Stage IB Hodgkin Lymphoma	1	ADC_CANDIDATE_BRENTUXIMAB_VEDOTIN	high	OBSERVED_CLINICAL_ASSOCIATION
CD30	ADC_TARGET_CD30	Ann Arbor Stage II Hodgkin Lymphoma	1	ADC_CANDIDATE_BRENTUXIMAB_VEDOTIN	high	OBSERVED_CLINICAL_ASSOCIATION
CD30	ADC_TARGET_CD30	Ann Arbor Stage II Lymphocyte-Depleted Classic HL	1	ADC_CANDIDATE_BRENTUXIMAB_VEDOTIN	high	OBSERVED_CLINICAL_ASSOCIATION
CD30	ADC_TARGET_CD30	Ann Arbor Stage II Mixed Cellularity Classic HL	1	ADC_CANDIDATE_BRENTUXIMAB_VEDOTIN	high	OBSERVED_CLINICAL_ASSOCIATION
CD30	ADC_TARGET_CD30	Ann Arbor Stage II Nodular Sclerosis Classic HL	1	ADC_CANDIDATE_BRENTUXIMAB_VEDOTIN	high	OBSERVED_CLINICAL_ASSOCIATION
CD30	ADC_TARGET_CD30	Ann Arbor Stage II Noncutaneous Anaplastic Large Cell Lymphoma	1	ADC_CANDIDATE_BRENTUXIMAB_VEDOTIN	high	OBSERVED_CLINICAL_ASSOCIATION
CD30	ADC_TARGET_CD30	Ann Arbor Stage II Noncutaneous Childhood Anaplastic Large Cell Lymphoma	1	ADC_CANDIDATE_BRENTUXIMAB_VEDOTIN	high	OBSERVED_CLINICAL_ASSOCIATION
CD30	ADC_TARGET_CD30	Ann Arbor Stage II Primary Mediastinal (Thymic) Large B-Cell Lymphoma	1	ADC_CANDIDATE_BRENTUXIMAB_VEDOTIN	high	OBSERVED_CLINICAL_ASSOCIATION
CD30	ADC_TARGET_CD30	Ann Arbor Stage IIA Hodgkin Lymphoma	1	ADC_CANDIDATE_BRENTUXIMAB_VEDOTIN	high	OBSERVED_CLINICAL_ASSOCIATION
CD30	ADC_TARGET_CD30	Ann Arbor Stage IIB Hodgkin Lymphoma	1	ADC_CANDIDATE_BRENTUXIMAB_VEDOTIN	high	OBSERVED_CLINICAL_ASSOCIATION
CD30	ADC_TARGET_CD30	Ann Arbor Stage III Hodgkin Lymphoma	1	ADC_CANDIDATE_BRENTUXIMAB_VEDOTIN	high	OBSERVED_CLINICAL_ASSOCIATION
CD30	ADC_TARGET_CD30	Ann Arbor Stage III Lymphocyte-Depleted Classic Hodgkin Lymphoma	1	ADC_CANDIDATE_BRENTUXIMAB_VEDOTIN	high	OBSERVED_CLINICAL_ASSOCIATION
CD30	ADC_TARGET_CD30	Ann Arbor Stage III Mixed Cellularity Classic Hodgkin Lymphoma	1	ADC_CANDIDATE_BRENTUXIMAB_VEDOTIN	high	OBSERVED_CLINICAL_ASSOCIATION
CD30	ADC_TARGET_CD30	Ann Arbor Stage III Nodular Sclerosis Classic Hodgkin Lymphoma	1	ADC_CANDIDATE_BRENTUXIMAB_VEDOTIN	high	OBSERVED_CLINICAL_ASSOCIATION
CD30	ADC_TARGET_CD30	Ann Arbor Stage III Noncutaneous Anaplastic Large Cell Lymphoma	1	ADC_CANDIDATE_BRENTUXIMAB_VEDOTIN	high	OBSERVED_CLINICAL_ASSOCIATION
CD30	ADC_TARGET_CD30	Ann Arbor Stage III Noncutaneous Childhood Anaplastic Large Cell Lymphoma	1	ADC_CANDIDATE_BRENTUXIMAB_VEDOTIN	high	OBSERVED_CLINICAL_ASSOCIATION
CD30	ADC_TARGET_CD30	Ann Arbor Stage III Primary Mediastinal (Thymic) Large B-Cell Lymphoma	1	ADC_CANDIDATE_BRENTUXIMAB_VEDOTIN	high	OBSERVED_CLINICAL_ASSOCIATION
CD30	ADC_TARGET_CD30	Ann Arbor Stage IIIA Hodgkin Lymphoma	1	ADC_CANDIDATE_BRENTUXIMAB_VEDOTIN	high	OBSERVED_CLINICAL_ASSOCIATION
CD30	ADC_TARGET_CD30	Ann Arbor Stage IIIB Hodgkin Lymphoma	1	ADC_CANDIDATE_BRENTUXIMAB_VEDOTIN	high	OBSERVED_CLINICAL_ASSOCIATION
CD30	ADC_TARGET_CD30	Ann Arbor Stage IV Hodgkin Lymphoma	1	ADC_CANDIDATE_BRENTUXIMAB_VEDOTIN	high	OBSERVED_CLINICAL_ASSOCIATION
CD30	ADC_TARGET_CD30	Ann Arbor Stage IV Lymphocyte-Depleted Classic Hodgkin Lymphoma	1	ADC_CANDIDATE_BRENTUXIMAB_VEDOTIN	high	OBSERVED_CLINICAL_ASSOCIATION
CD30	ADC_TARGET_CD30	Ann Arbor Stage IV Mixed Cellularity Classic Hodgkin Lymphoma	1	ADC_CANDIDATE_BRENTUXIMAB_VEDOTIN	high	OBSERVED_CLINICAL_ASSOCIATION
CD30	ADC_TARGET_CD30	Ann Arbor Stage IV Nodular Sclerosis Classic Hodgkin Lymphoma	1	ADC_CANDIDATE_BRENTUXIMAB_VEDOTIN	high	OBSERVED_CLINICAL_ASSOCIATION
CD30	ADC_TARGET_CD30	Ann Arbor Stage IV Noncutaneous Anaplastic Large Cell Lymphoma	1	ADC_CANDIDATE_BRENTUXIMAB_VEDOTIN	high	OBSERVED_CLINICAL_ASSOCIATION
CD30	ADC_TARGET_CD30	Ann Arbor Stage IV Noncutaneous Childhood Anaplastic Large Cell Lymphoma	1	ADC_CANDIDATE_BRENTUXIMAB_VEDOTIN	high	OBSERVED_CLINICAL_ASSOCIATION
CD30	ADC_TARGET_CD30	Ann Arbor Stage IV Primary Mediastinal (Thymic) Large B-Cell Lymphoma	1	ADC_CANDIDATE_BRENTUXIMAB_VEDOTIN	high	OBSERVED_CLINICAL_ASSOCIATION
CD30	ADC_TARGET_CD30	Ann Arbor Stage IVA Hodgkin Lymphoma	1	ADC_CANDIDATE_BRENTUXIMAB_VEDOTIN	high	OBSERVED_CLINICAL_ASSOCIATION
CD30	ADC_TARGET_CD30	Ann Arbor Stage IVB Hodgkin Lymphoma	1	ADC_CANDIDATE_BRENTUXIMAB_VEDOTIN	high	OBSERVED_CLINICAL_ASSOCIATION
CD30	ADC_TARGET_CD30	Anti-CD30	1	ADC_CANDIDATE_BRENTUXIMAB_VEDOTIN	high	OBSERVED_CLINICAL_ASSOCIATION
CD30	ADC_TARGET_CD30	Bladder Cancer	1	ADC_CANDIDATE_BRENTUXIMAB_VEDOTIN	high	OBSERVED_CLINICAL_ASSOCIATION
CD30	ADC_TARGET_CD30	Breast Cancer	1	ADC_CANDIDATE_BRENTUXIMAB_VEDOTIN	high	OBSERVED_CLINICAL_ASSOCIATION
CD30	ADC_TARGET_CD30	Brentuximab	1	ADC_CANDIDATE_BRENTUXIMAB_VEDOTIN	high	OBSERVED_CLINICAL_ASSOCIATION
CD30	ADC_TARGET_CD30	Brentuximab Vedotin	1	ADC_CANDIDATE_BRENTUXIMAB_VEDOTIN	high	OBSERVED_CLINICAL_ASSOCIATION
CD30	ADC_TARGET_CD30	CD30 Positive Primary Mediastinal Large B-cell Lymphoma	1	ADC_CANDIDATE_BRENTUXIMAB_VEDOTIN	high	OBSERVED_CLINICAL_ASSOCIATION
CD30	ADC_TARGET_CD30	CD30+ Peripheral T-cell Lymphoma	1	ADC_CANDIDATE_BRENTUXIMAB_VEDOTIN	high	OBSERVED_CLINICAL_ASSOCIATION
CD30	ADC_TARGET_CD30	CD30-Positive Diffuse Large B-Cell Lymphoma	1	ADC_CANDIDATE_BRENTUXIMAB_VEDOTIN	high	OBSERVED_CLINICAL_ASSOCIATION
CD30	ADC_TARGET_CD30	CD30-Positive Gray Zone Lymphoma	1	ADC_CANDIDATE_BRENTUXIMAB_VEDOTIN	high	OBSERVED_CLINICAL_ASSOCIATION
CD30	ADC_TARGET_CD30	CD30-Positive Neoplastic Cells Present	1	ADC_CANDIDATE_BRENTUXIMAB_VEDOTIN	high	OBSERVED_CLINICAL_ASSOCIATION
CD30	ADC_TARGET_CD30	CD30-Positive Peripheral T-Cell Lymphoma	1	ADC_CANDIDATE_BRENTUXIMAB_VEDOTIN	high	OBSERVED_CLINICAL_ASSOCIATION
CD30	ADC_TARGET_CD30	CD30-positive Lymphoma	1	ADC_CANDIDATE_BRENTUXIMAB_VEDOTIN	high	OBSERVED_CLINICAL_ASSOCIATION
CD30	ADC_TARGET_CD30	CD30-positive Solid Tumor	1	ADC_CANDIDATE_BRENTUXIMAB_VEDOTIN	high	OBSERVED_CLINICAL_ASSOCIATION
CD30	ADC_TARGET_CD30	CLASSICAL HODGKIN LYMPHOMA	1	ADC_CANDIDATE_BRENTUXIMAB_VEDOTIN	high	OBSERVED_CLINICAL_ASSOCIATION
CD30	ADC_TARGET_CD30	Carcinomas	1	ADC_CANDIDATE_BRENTUXIMAB_VEDOTIN	high	OBSERVED_CLINICAL_ASSOCIATION
CD30	ADC_TARGET_CD30	Cervical Cancer	1	ADC_CANDIDATE_BRENTUXIMAB_VEDOTIN	high	OBSERVED_CLINICAL_ASSOCIATION
CD30	ADC_TARGET_CD30	Child	1	ADC_CANDIDATE_BRENTUXIMAB_VEDOTIN	high	OBSERVED_CLINICAL_ASSOCIATION
CD30	ADC_TARGET_CD30	Childhood Hodgkin Lymphoma	1	ADC_CANDIDATE_BRENTUXIMAB_VEDOTIN	high	OBSERVED_CLINICAL_ASSOCIATION
CD30	ADC_TARGET_CD30	Classic Hodgkin Lymphoma	1	ADC_CANDIDATE_BRENTUXIMAB_VEDOTIN	high	OBSERVED_CLINICAL_ASSOCIATION
CD30	ADC_TARGET_CD30	Classical Hodgkin Lymphoma	1	ADC_CANDIDATE_BRENTUXIMAB_VEDOTIN	high	OBSERVED_CLINICAL_ASSOCIATION
CD30	ADC_TARGET_CD30	Classical Hodgkin Lymphoma Type PTLD	1	ADC_CANDIDATE_BRENTUXIMAB_VEDOTIN	high	OBSERVED_CLINICAL_ASSOCIATION
CD30	ADC_TARGET_CD30	Clinical Efficacy	1	ADC_CANDIDATE_BRENTUXIMAB_VEDOTIN	high	OBSERVED_CLINICAL_ASSOCIATION
CD30	ADC_TARGET_CD30	Colo-rectal Cancer	1	ADC_CANDIDATE_BRENTUXIMAB_VEDOTIN	high	OBSERVED_CLINICAL_ASSOCIATION
CD30	ADC_TARGET_CD30	Contiguous Stage II Adult Burkitt Lymphoma	1	ADC_CANDIDATE_BRENTUXIMAB_VEDOTIN	high	OBSERVED_CLINICAL_ASSOCIATION
CD30	ADC_TARGET_CD30	Contiguous Stage II Adult Diffuse Large Cell Lymphoma	1	ADC_CANDIDATE_BRENTUXIMAB_VEDOTIN	high	OBSERVED_CLINICAL_ASSOCIATION
CD30	ADC_TARGET_CD30	Contiguous Stage II Adult Diffuse Mixed Cell Lymphoma	1	ADC_CANDIDATE_BRENTUXIMAB_VEDOTIN	high	OBSERVED_CLINICAL_ASSOCIATION
CD30	ADC_TARGET_CD30	Contiguous Stage II Adult Diffuse Small Cleaved Cell Lymphoma	1	ADC_CANDIDATE_BRENTUXIMAB_VEDOTIN	high	OBSERVED_CLINICAL_ASSOCIATION
CD30	ADC_TARGET_CD30	Contiguous Stage II Adult Immunoblastic Large Cell Lymphoma	1	ADC_CANDIDATE_BRENTUXIMAB_VEDOTIN	high	OBSERVED_CLINICAL_ASSOCIATION
CD30	ADC_TARGET_CD30	Contiguous Stage II Adult Lymphoblastic Lymphoma	1	ADC_CANDIDATE_BRENTUXIMAB_VEDOTIN	high	OBSERVED_CLINICAL_ASSOCIATION
CD30	ADC_TARGET_CD30	Contiguous Stage II Grade 1 Follicular Lymphoma	1	ADC_CANDIDATE_BRENTUXIMAB_VEDOTIN	high	OBSERVED_CLINICAL_ASSOCIATION
CD30	ADC_TARGET_CD30	Contiguous Stage II Grade 2 Follicular Lymphoma	1	ADC_CANDIDATE_BRENTUXIMAB_VEDOTIN	high	OBSERVED_CLINICAL_ASSOCIATION
CD30	ADC_TARGET_CD30	Contiguous Stage II Grade 3 Follicular Lymphoma	1	ADC_CANDIDATE_BRENTUXIMAB_VEDOTIN	high	OBSERVED_CLINICAL_ASSOCIATION
CD30	ADC_TARGET_CD30	Contiguous Stage II Mantle Cell Lymphoma	1	ADC_CANDIDATE_BRENTUXIMAB_VEDOTIN	high	OBSERVED_CLINICAL_ASSOCIATION
CD30	ADC_TARGET_CD30	Contiguous Stage II Marginal Zone Lymphoma	1	ADC_CANDIDATE_BRENTUXIMAB_VEDOTIN	high	OBSERVED_CLINICAL_ASSOCIATION
CD30	ADC_TARGET_CD30	Contiguous Stage II Small Lymphocytic Lymphoma	1	ADC_CANDIDATE_BRENTUXIMAB_VEDOTIN	high	OBSERVED_CLINICAL_ASSOCIATION
CD30	ADC_TARGET_CD30	Cutaneous B-cell Non-Hodgkin Lymphoma	1	ADC_CANDIDATE_BRENTUXIMAB_VEDOTIN	high	OBSERVED_CLINICAL_ASSOCIATION
CD30	ADC_TARGET_CD30	Cutaneous Lymphoma	1	ADC_CANDIDATE_BRENTUXIMAB_VEDOTIN	high	OBSERVED_CLINICAL_ASSOCIATION
CD30	ADC_TARGET_CD30	Cutaneous Melanoma	1	ADC_CANDIDATE_BRENTUXIMAB_VEDOTIN	high	OBSERVED_CLINICAL_ASSOCIATION
CD30	ADC_TARGET_CD30	Cutaneous T Cell Lymphoma	1	ADC_CANDIDATE_BRENTUXIMAB_VEDOTIN	high	OBSERVED_CLINICAL_ASSOCIATION
CD30	ADC_TARGET_CD30	Cutaneous T Cell Lymphoma (CTCL)	1	ADC_CANDIDATE_BRENTUXIMAB_VEDOTIN	high	OBSERVED_CLINICAL_ASSOCIATION
CD30	ADC_TARGET_CD30	Cutaneous T-Cell Lymphoma	1	ADC_CANDIDATE_BRENTUXIMAB_VEDOTIN	high	OBSERVED_CLINICAL_ASSOCIATION
CD30	ADC_TARGET_CD30	Cutaneous T-Cell Lymphoma/Mycosis Fungoides	1	ADC_CANDIDATE_BRENTUXIMAB_VEDOTIN	high	OBSERVED_CLINICAL_ASSOCIATION
CD30	ADC_TARGET_CD30	Cutaneous T-cell Lymphoma (CTCL)	1	ADC_CANDIDATE_BRENTUXIMAB_VEDOTIN	high	OBSERVED_CLINICAL_ASSOCIATION
CD30	ADC_TARGET_CD30	DLBCL	1	ADC_CANDIDATE_BRENTUXIMAB_VEDOTIN	high	OBSERVED_CLINICAL_ASSOCIATION
CD30	ADC_TARGET_CD30	Dacarbazine	1	ADC_CANDIDATE_BRENTUXIMAB_VEDOTIN	high	OBSERVED_CLINICAL_ASSOCIATION
CD30	ADC_TARGET_CD30	Diffuse Cutaneous Systemic Sclerosis	1	ADC_CANDIDATE_BRENTUXIMAB_VEDOTIN	high	OBSERVED_CLINICAL_ASSOCIATION
CD30	ADC_TARGET_CD30	Diffuse Large B Cell Lymphoma	1	ADC_CANDIDATE_BRENTUXIMAB_VEDOTIN	high	OBSERVED_CLINICAL_ASSOCIATION
CD30	ADC_TARGET_CD30	Diffuse Large B-Cell Lymphoma	1	ADC_CANDIDATE_BRENTUXIMAB_VEDOTIN	high	OBSERVED_CLINICAL_ASSOCIATION
CD30	ADC_TARGET_CD30	Diffuse Large B-cell Lymphoma	1	ADC_CANDIDATE_BRENTUXIMAB_VEDOTIN	high	OBSERVED_CLINICAL_ASSOCIATION
CD30	ADC_TARGET_CD30	Diffuse Large B-cell Lymphoma Refractory	1	ADC_CANDIDATE_BRENTUXIMAB_VEDOTIN	high	OBSERVED_CLINICAL_ASSOCIATION
CD30	ADC_TARGET_CD30	Diffuse Large B-cell-lymphoma	1	ADC_CANDIDATE_BRENTUXIMAB_VEDOTIN	high	OBSERVED_CLINICAL_ASSOCIATION
CD30	ADC_TARGET_CD30	Disease, Hodgkin	1	ADC_CANDIDATE_BRENTUXIMAB_VEDOTIN	high	OBSERVED_CLINICAL_ASSOCIATION
CD30	ADC_TARGET_CD30	Doxorubicin	1	ADC_CANDIDATE_BRENTUXIMAB_VEDOTIN	high	OBSERVED_CLINICAL_ASSOCIATION
CD30	ADC_TARGET_CD30	Embryonal Carcinoma	1	ADC_CANDIDATE_BRENTUXIMAB_VEDOTIN	high	OBSERVED_CLINICAL_ASSOCIATION
CD30	ADC_TARGET_CD30	Enteropathy Associated T-cell Lymphoma	1	ADC_CANDIDATE_BRENTUXIMAB_VEDOTIN	high	OBSERVED_CLINICAL_ASSOCIATION
CD30	ADC_TARGET_CD30	Enteropathy-Associated T-Cell Lymphoma	1	ADC_CANDIDATE_BRENTUXIMAB_VEDOTIN	high	OBSERVED_CLINICAL_ASSOCIATION
CD30	ADC_TARGET_CD30	Epstein-Barr Virus Infection	1	ADC_CANDIDATE_BRENTUXIMAB_VEDOTIN	high	OBSERVED_CLINICAL_ASSOCIATION
CD30	ADC_TARGET_CD30	Extranodal Marginal Zone B-cell Lymphoma of Mucosa-associated Lymphoid Tissue	1	ADC_CANDIDATE_BRENTUXIMAB_VEDOTIN	high	OBSERVED_CLINICAL_ASSOCIATION
CD30	ADC_TARGET_CD30	Florid Follicular Hyperplasia PTLD	1	ADC_CANDIDATE_BRENTUXIMAB_VEDOTIN	high	OBSERVED_CLINICAL_ASSOCIATION
CD30	ADC_TARGET_CD30	Follicular B-cell Non-Hodgkin's Lymphoma	1	ADC_CANDIDATE_BRENTUXIMAB_VEDOTIN	high	OBSERVED_CLINICAL_ASSOCIATION
CD30	ADC_TARGET_CD30	Follicular Lymphoma	1	ADC_CANDIDATE_BRENTUXIMAB_VEDOTIN	high	OBSERVED_CLINICAL_ASSOCIATION
CD30	ADC_TARGET_CD30	Folliculotropic Mycosis Fungoides	1	ADC_CANDIDATE_BRENTUXIMAB_VEDOTIN	high	OBSERVED_CLINICAL_ASSOCIATION
CD30	ADC_TARGET_CD30	Frontline	1	ADC_CANDIDATE_BRENTUXIMAB_VEDOTIN	high	OBSERVED_CLINICAL_ASSOCIATION
CD30	ADC_TARGET_CD30	GVHD	1	ADC_CANDIDATE_BRENTUXIMAB_VEDOTIN	high	OBSERVED_CLINICAL_ASSOCIATION
CD30	ADC_TARGET_CD30	Gastric Carcinoma	1	ADC_CANDIDATE_BRENTUXIMAB_VEDOTIN	high	OBSERVED_CLINICAL_ASSOCIATION
CD30	ADC_TARGET_CD30	Gastroesophageal Junction Carcinoma	1	ADC_CANDIDATE_BRENTUXIMAB_VEDOTIN	high	OBSERVED_CLINICAL_ASSOCIATION
CD30	ADC_TARGET_CD30	Germ Cell Cancer	1	ADC_CANDIDATE_BRENTUXIMAB_VEDOTIN	high	OBSERVED_CLINICAL_ASSOCIATION
CD30	ADC_TARGET_CD30	Germ Cell Tumor	1	ADC_CANDIDATE_BRENTUXIMAB_VEDOTIN	high	OBSERVED_CLINICAL_ASSOCIATION
CD30	ADC_TARGET_CD30	Germ Cell Tumors	1	ADC_CANDIDATE_BRENTUXIMAB_VEDOTIN	high	OBSERVED_CLINICAL_ASSOCIATION
CD30	ADC_TARGET_CD30	Graft Versus Host Disease	1	ADC_CANDIDATE_BRENTUXIMAB_VEDOTIN	high	OBSERVED_CLINICAL_ASSOCIATION
CD30	ADC_TARGET_CD30	Graft vs. Host Disease	1	ADC_CANDIDATE_BRENTUXIMAB_VEDOTIN	high	OBSERVED_CLINICAL_ASSOCIATION
CD30	ADC_TARGET_CD30	Graft-vs-Host Disease	1	ADC_CANDIDATE_BRENTUXIMAB_VEDOTIN	high	OBSERVED_CLINICAL_ASSOCIATION
CD30	ADC_TARGET_CD30	Grey Zone Lymphoma	1	ADC_CANDIDATE_BRENTUXIMAB_VEDOTIN	high	OBSERVED_CLINICAL_ASSOCIATION
CD30	ADC_TARGET_CD30	HIV Infection	1	ADC_CANDIDATE_BRENTUXIMAB_VEDOTIN	high	OBSERVED_CLINICAL_ASSOCIATION
CD30	ADC_TARGET_CD30	Head and Neck Squamous Cell Carcinoma	1	ADC_CANDIDATE_BRENTUXIMAB_VEDOTIN	high	OBSERVED_CLINICAL_ASSOCIATION
CD30	ADC_TARGET_CD30	Hematopoietic/Lymphoid Cancer	1	ADC_CANDIDATE_BRENTUXIMAB_VEDOTIN	high	OBSERVED_CLINICAL_ASSOCIATION
CD30	ADC_TARGET_CD30	Hepato-splenic T-cell Lymphoma	1	ADC_CANDIDATE_BRENTUXIMAB_VEDOTIN	high	OBSERVED_CLINICAL_ASSOCIATION
CD30	ADC_TARGET_CD30	Hepatosplenic T-Cell Lymphoma	1	ADC_CANDIDATE_BRENTUXIMAB_VEDOTIN	high	OBSERVED_CLINICAL_ASSOCIATION
CD30	ADC_TARGET_CD30	Hepatosplenic T-cell Lymphoma	1	ADC_CANDIDATE_BRENTUXIMAB_VEDOTIN	high	OBSERVED_CLINICAL_ASSOCIATION
CD30	ADC_TARGET_CD30	High Grade B Cell Lymphoma	1	ADC_CANDIDATE_BRENTUXIMAB_VEDOTIN	high	OBSERVED_CLINICAL_ASSOCIATION
CD30	ADC_TARGET_CD30	Hodgkin Disease	1	ADC_CANDIDATE_BRENTUXIMAB_VEDOTIN	high	OBSERVED_CLINICAL_ASSOCIATION
CD30	ADC_TARGET_CD30	Hodgkin Lymphoma	1	ADC_CANDIDATE_BRENTUXIMAB_VEDOTIN	high	OBSERVED_CLINICAL_ASSOCIATION
CD30	ADC_TARGET_CD30	Hodgkin Lymphoma (Category)	1	ADC_CANDIDATE_BRENTUXIMAB_VEDOTIN	high	OBSERVED_CLINICAL_ASSOCIATION
CD30	ADC_TARGET_CD30	Hodgkin Lymphoma, Adult	1	ADC_CANDIDATE_BRENTUXIMAB_VEDOTIN	high	OBSERVED_CLINICAL_ASSOCIATION
CD30	ADC_TARGET_CD30	Hodgkin's Disease	1	ADC_CANDIDATE_BRENTUXIMAB_VEDOTIN	high	OBSERVED_CLINICAL_ASSOCIATION
CD30	ADC_TARGET_CD30	Hodgkin's Lymphoma	1	ADC_CANDIDATE_BRENTUXIMAB_VEDOTIN	high	OBSERVED_CLINICAL_ASSOCIATION
CD30	ADC_TARGET_CD30	Human Immunodeficiency Virus	1	ADC_CANDIDATE_BRENTUXIMAB_VEDOTIN	high	OBSERVED_CLINICAL_ASSOCIATION
CD30	ADC_TARGET_CD30	Ineligible Or Refused Transplant Patients With Classical Hodgkin Lymphoma	1	ADC_CANDIDATE_BRENTUXIMAB_VEDOTIN	high	OBSERVED_CLINICAL_ASSOCIATION
CD30	ADC_TARGET_CD30	Infectious Mononucleosis	1	ADC_CANDIDATE_BRENTUXIMAB_VEDOTIN	high	OBSERVED_CLINICAL_ASSOCIATION
CD30	ADC_TARGET_CD30	Intraocular Lymphoma	1	ADC_CANDIDATE_BRENTUXIMAB_VEDOTIN	high	OBSERVED_CLINICAL_ASSOCIATION
CD30	ADC_TARGET_CD30	Leukemia	1	ADC_CANDIDATE_BRENTUXIMAB_VEDOTIN	high	OBSERVED_CLINICAL_ASSOCIATION
CD30	ADC_TARGET_CD30	Leukemia, Acute Myeloid	1	ADC_CANDIDATE_BRENTUXIMAB_VEDOTIN	high	OBSERVED_CLINICAL_ASSOCIATION
CD30	ADC_TARGET_CD30	Leukemia, Lymphoblastic,Acute	1	ADC_CANDIDATE_BRENTUXIMAB_VEDOTIN	high	OBSERVED_CLINICAL_ASSOCIATION
CD30	ADC_TARGET_CD30	Lugano Classification Limited Stage Hodgkin Lymphoma AJCC v8	1	ADC_CANDIDATE_BRENTUXIMAB_VEDOTIN	high	OBSERVED_CLINICAL_ASSOCIATION
CD30	ADC_TARGET_CD30	Lung Cancer (Non-Small Cell)	1	ADC_CANDIDATE_BRENTUXIMAB_VEDOTIN	high	OBSERVED_CLINICAL_ASSOCIATION
CD30	ADC_TARGET_CD30	Lymphatic Diseases	1	ADC_CANDIDATE_BRENTUXIMAB_VEDOTIN	high	OBSERVED_CLINICAL_ASSOCIATION
CD30	ADC_TARGET_CD30	Lymphocyte-Rich Classic Hodgkin Lymphoma	1	ADC_CANDIDATE_BRENTUXIMAB_VEDOTIN	high	OBSERVED_CLINICAL_ASSOCIATION
CD30	ADC_TARGET_CD30	Lymphoid Tumor	1	ADC_CANDIDATE_BRENTUXIMAB_VEDOTIN	high	OBSERVED_CLINICAL_ASSOCIATION
CD30	ADC_TARGET_CD30	Lymphoma	1	ADC_CANDIDATE_BRENTUXIMAB_VEDOTIN	high	OBSERVED_CLINICAL_ASSOCIATION
CD30	ADC_TARGET_CD30	Lymphoma, B-Cell	1	ADC_CANDIDATE_BRENTUXIMAB_VEDOTIN	high	OBSERVED_CLINICAL_ASSOCIATION
CD30	ADC_TARGET_CD30	Lymphoma, B-cell	1	ADC_CANDIDATE_BRENTUXIMAB_VEDOTIN	high	OBSERVED_CLINICAL_ASSOCIATION
CD30	ADC_TARGET_CD30	Lymphoma, Large B-Cell, Diffuse	1	ADC_CANDIDATE_BRENTUXIMAB_VEDOTIN	high	OBSERVED_CLINICAL_ASSOCIATION
CD30	ADC_TARGET_CD30	Lymphoma, Large B-cell, Diffuse	1	ADC_CANDIDATE_BRENTUXIMAB_VEDOTIN	high	OBSERVED_CLINICAL_ASSOCIATION
CD30	ADC_TARGET_CD30	Lymphoma, Large-Cell, Anaplastic	1	ADC_CANDIDATE_BRENTUXIMAB_VEDOTIN	high	OBSERVED_CLINICAL_ASSOCIATION
CD30	ADC_TARGET_CD30	Lymphoma, NK-cell	1	ADC_CANDIDATE_BRENTUXIMAB_VEDOTIN	high	OBSERVED_CLINICAL_ASSOCIATION
CD30	ADC_TARGET_CD30	Lymphoma, Non-Hodgkin	1	ADC_CANDIDATE_BRENTUXIMAB_VEDOTIN	high	OBSERVED_CLINICAL_ASSOCIATION
CD30	ADC_TARGET_CD30	Lymphoma, T-Cell	1	ADC_CANDIDATE_BRENTUXIMAB_VEDOTIN	high	OBSERVED_CLINICAL_ASSOCIATION
CD30	ADC_TARGET_CD30	Lymphoma, T-Cell, Cutaneous	1	ADC_CANDIDATE_BRENTUXIMAB_VEDOTIN	high	OBSERVED_CLINICAL_ASSOCIATION
CD30	ADC_TARGET_CD30	Lymphoma, T-Cell, Peripheral	1	ADC_CANDIDATE_BRENTUXIMAB_VEDOTIN	high	OBSERVED_CLINICAL_ASSOCIATION
CD30	ADC_TARGET_CD30	Lymphoma, T-cell	1	ADC_CANDIDATE_BRENTUXIMAB_VEDOTIN	high	OBSERVED_CLINICAL_ASSOCIATION
CD30	ADC_TARGET_CD30	Lymphomatoid Papulosis	1	ADC_CANDIDATE_BRENTUXIMAB_VEDOTIN	high	OBSERVED_CLINICAL_ASSOCIATION
CD30	ADC_TARGET_CD30	Malignant Mesothelioma	1	ADC_CANDIDATE_BRENTUXIMAB_VEDOTIN	high	OBSERVED_CLINICAL_ASSOCIATION
CD30	ADC_TARGET_CD30	Malignant Neoplasms Stated as Primary Lymphoid Haematopoietic	1	ADC_CANDIDATE_BRENTUXIMAB_VEDOTIN	high	OBSERVED_CLINICAL_ASSOCIATION
CD30	ADC_TARGET_CD30	Marginal Zone Lymphoma	1	ADC_CANDIDATE_BRENTUXIMAB_VEDOTIN	high	OBSERVED_CLINICAL_ASSOCIATION
CD30	ADC_TARGET_CD30	Mast Cell Leukemia	1	ADC_CANDIDATE_BRENTUXIMAB_VEDOTIN	high	OBSERVED_CLINICAL_ASSOCIATION
CD30	ADC_TARGET_CD30	Mature T-Cell and NK-Cell Non-Hodgkin Lymphoma	1	ADC_CANDIDATE_BRENTUXIMAB_VEDOTIN	high	OBSERVED_CLINICAL_ASSOCIATION
CD30	ADC_TARGET_CD30	Mediastinal Large B-cell Lymphoma	1	ADC_CANDIDATE_BRENTUXIMAB_VEDOTIN	high	OBSERVED_CLINICAL_ASSOCIATION
CD30	ADC_TARGET_CD30	Melanoma	1	ADC_CANDIDATE_BRENTUXIMAB_VEDOTIN	high	OBSERVED_CLINICAL_ASSOCIATION
CD30	ADC_TARGET_CD30	Metabolic Response	1	ADC_CANDIDATE_BRENTUXIMAB_VEDOTIN	high	OBSERVED_CLINICAL_ASSOCIATION
CD30	ADC_TARGET_CD30	Metastatic Breast Cancer ( HER2 Negative)	1	ADC_CANDIDATE_BRENTUXIMAB_VEDOTIN	high	OBSERVED_CLINICAL_ASSOCIATION
CD30	ADC_TARGET_CD30	Monomorphic PTLD	1	ADC_CANDIDATE_BRENTUXIMAB_VEDOTIN	high	OBSERVED_CLINICAL_ASSOCIATION
CD30	ADC_TARGET_CD30	Mycosis Fungoides	1	ADC_CANDIDATE_BRENTUXIMAB_VEDOTIN	high	OBSERVED_CLINICAL_ASSOCIATION
CD30	ADC_TARGET_CD30	Myelodysplastic Syndromes	1	ADC_CANDIDATE_BRENTUXIMAB_VEDOTIN	high	OBSERVED_CLINICAL_ASSOCIATION
CD30	ADC_TARGET_CD30	NK T-cell Lymphoma	1	ADC_CANDIDATE_BRENTUXIMAB_VEDOTIN	high	OBSERVED_CLINICAL_ASSOCIATION
CD30	ADC_TARGET_CD30	NK-Cell Leukemia	1	ADC_CANDIDATE_BRENTUXIMAB_VEDOTIN	high	OBSERVED_CLINICAL_ASSOCIATION
CD30	ADC_TARGET_CD30	NK-Cell Lymphoma	1	ADC_CANDIDATE_BRENTUXIMAB_VEDOTIN	high	OBSERVED_CLINICAL_ASSOCIATION
CD30	ADC_TARGET_CD30	NK/T Cell Lymphoma Nos	1	ADC_CANDIDATE_BRENTUXIMAB_VEDOTIN	high	OBSERVED_CLINICAL_ASSOCIATION
CD30	ADC_TARGET_CD30	Neoplasms	1	ADC_CANDIDATE_BRENTUXIMAB_VEDOTIN	high	OBSERVED_CLINICAL_ASSOCIATION
CD30	ADC_TARGET_CD30	Nodal Marginal Zone B-cell Lymphoma	1	ADC_CANDIDATE_BRENTUXIMAB_VEDOTIN	high	OBSERVED_CLINICAL_ASSOCIATION
CD30	ADC_TARGET_CD30	Non-Hodgkin Lymphoma	1	ADC_CANDIDATE_BRENTUXIMAB_VEDOTIN	high	OBSERVED_CLINICAL_ASSOCIATION
CD30	ADC_TARGET_CD30	Non-Hodgkin Lymphoma (NHL)	1	ADC_CANDIDATE_BRENTUXIMAB_VEDOTIN	high	OBSERVED_CLINICAL_ASSOCIATION
CD30	ADC_TARGET_CD30	Non-Hodgkin's Disease	1	ADC_CANDIDATE_BRENTUXIMAB_VEDOTIN	high	OBSERVED_CLINICAL_ASSOCIATION
CD30	ADC_TARGET_CD30	Non-hodgkin's Lymphoma	1	ADC_CANDIDATE_BRENTUXIMAB_VEDOTIN	high	OBSERVED_CLINICAL_ASSOCIATION
CD30	ADC_TARGET_CD30	Non-small Cell Lung Cancer	1	ADC_CANDIDATE_BRENTUXIMAB_VEDOTIN	high	OBSERVED_CLINICAL_ASSOCIATION
CD30	ADC_TARGET_CD30	Noncontiguous Stage II Adult Burkitt Lymphoma	1	ADC_CANDIDATE_BRENTUXIMAB_VEDOTIN	high	OBSERVED_CLINICAL_ASSOCIATION
CD30	ADC_TARGET_CD30	Noncontiguous Stage II Adult Diffuse Large Cell Lymphoma	1	ADC_CANDIDATE_BRENTUXIMAB_VEDOTIN	high	OBSERVED_CLINICAL_ASSOCIATION
CD30	ADC_TARGET_CD30	Noncontiguous Stage II Adult Diffuse Mixed Cell Lymphoma	1	ADC_CANDIDATE_BRENTUXIMAB_VEDOTIN	high	OBSERVED_CLINICAL_ASSOCIATION
CD30	ADC_TARGET_CD30	Noncontiguous Stage II Adult Diffuse Small Cleaved Cell Lymphoma	1	ADC_CANDIDATE_BRENTUXIMAB_VEDOTIN	high	OBSERVED_CLINICAL_ASSOCIATION
CD30	ADC_TARGET_CD30	Noncontiguous Stage II Adult Immunoblastic Large Cell Lymphoma	1	ADC_CANDIDATE_BRENTUXIMAB_VEDOTIN	high	OBSERVED_CLINICAL_ASSOCIATION
CD30	ADC_TARGET_CD30	Noncontiguous Stage II Adult Lymphoblastic Lymphoma	1	ADC_CANDIDATE_BRENTUXIMAB_VEDOTIN	high	OBSERVED_CLINICAL_ASSOCIATION
CD30	ADC_TARGET_CD30	Noncontiguous Stage II Grade 1 Follicular Lymphoma	1	ADC_CANDIDATE_BRENTUXIMAB_VEDOTIN	high	OBSERVED_CLINICAL_ASSOCIATION
CD30	ADC_TARGET_CD30	Noncontiguous Stage II Grade 2 Follicular Lymphoma	1	ADC_CANDIDATE_BRENTUXIMAB_VEDOTIN	high	OBSERVED_CLINICAL_ASSOCIATION
CD30	ADC_TARGET_CD30	Noncontiguous Stage II Grade 3 Follicular Lymphoma	1	ADC_CANDIDATE_BRENTUXIMAB_VEDOTIN	high	OBSERVED_CLINICAL_ASSOCIATION
CD30	ADC_TARGET_CD30	Noncontiguous Stage II Mantle Cell Lymphoma	1	ADC_CANDIDATE_BRENTUXIMAB_VEDOTIN	high	OBSERVED_CLINICAL_ASSOCIATION
CD30	ADC_TARGET_CD30	Noncontiguous Stage II Marginal Zone Lymphoma	1	ADC_CANDIDATE_BRENTUXIMAB_VEDOTIN	high	OBSERVED_CLINICAL_ASSOCIATION
CD30	ADC_TARGET_CD30	Noncontiguous Stage II Small Lymphocytic Lymphoma	1	ADC_CANDIDATE_BRENTUXIMAB_VEDOTIN	high	OBSERVED_CLINICAL_ASSOCIATION
CD30	ADC_TARGET_CD30	Noncutaneous Extranodal Lymphoma	1	ADC_CANDIDATE_BRENTUXIMAB_VEDOTIN	high	OBSERVED_CLINICAL_ASSOCIATION
CD30	ADC_TARGET_CD30	Nonseminomatous Germ Cell Tumor	1	ADC_CANDIDATE_BRENTUXIMAB_VEDOTIN	high	OBSERVED_CLINICAL_ASSOCIATION
CD30	ADC_TARGET_CD30	Ovarian Cancer	1	ADC_CANDIDATE_BRENTUXIMAB_VEDOTIN	high	OBSERVED_CLINICAL_ASSOCIATION
CD30	ADC_TARGET_CD30	PET Scan	1	ADC_CANDIDATE_BRENTUXIMAB_VEDOTIN	high	OBSERVED_CLINICAL_ASSOCIATION
CD30	ADC_TARGET_CD30	PTLD	1	ADC_CANDIDATE_BRENTUXIMAB_VEDOTIN	high	OBSERVED_CLINICAL_ASSOCIATION
CD30	ADC_TARGET_CD30	Pancreas Cancer, Duct Cell Adenocarcinoma	1	ADC_CANDIDATE_BRENTUXIMAB_VEDOTIN	high	OBSERVED_CLINICAL_ASSOCIATION
CD30	ADC_TARGET_CD30	Pediatric Hodgkin Lymphoma	1	ADC_CANDIDATE_BRENTUXIMAB_VEDOTIN	high	OBSERVED_CLINICAL_ASSOCIATION
CD30	ADC_TARGET_CD30	Peripheral T Cell Lymphoma	1	ADC_CANDIDATE_BRENTUXIMAB_VEDOTIN	high	OBSERVED_CLINICAL_ASSOCIATION
CD30	ADC_TARGET_CD30	Peripheral T-Cell Lymphoma	1	ADC_CANDIDATE_BRENTUXIMAB_VEDOTIN	high	OBSERVED_CLINICAL_ASSOCIATION
CD30	ADC_TARGET_CD30	Peripheral T-Cell Lymphoma, Not Otherwise Specified	1	ADC_CANDIDATE_BRENTUXIMAB_VEDOTIN	high	OBSERVED_CLINICAL_ASSOCIATION
CD30	ADC_TARGET_CD30	Peripheral T-cell Lymphoma	1	ADC_CANDIDATE_BRENTUXIMAB_VEDOTIN	high	OBSERVED_CLINICAL_ASSOCIATION
CD30	ADC_TARGET_CD30	Plasmacytic Hyperplasia PTLD	1	ADC_CANDIDATE_BRENTUXIMAB_VEDOTIN	high	OBSERVED_CLINICAL_ASSOCIATION
CD30	ADC_TARGET_CD30	Polymorphic PTLD	1	ADC_CANDIDATE_BRENTUXIMAB_VEDOTIN	high	OBSERVED_CLINICAL_ASSOCIATION
CD30	ADC_TARGET_CD30	Post-transplant Lymphoproliferative Disorder	1	ADC_CANDIDATE_BRENTUXIMAB_VEDOTIN	high	OBSERVED_CLINICAL_ASSOCIATION
CD30	ADC_TARGET_CD30	Primary Cutaneous Anaplastic Large Cell Lymphoma	1	ADC_CANDIDATE_BRENTUXIMAB_VEDOTIN	high	OBSERVED_CLINICAL_ASSOCIATION
CD30	ADC_TARGET_CD30	Primary Mediastinal Large B Cell Lymphoma	1	ADC_CANDIDATE_BRENTUXIMAB_VEDOTIN	high	OBSERVED_CLINICAL_ASSOCIATION
CD30	ADC_TARGET_CD30	Progressive Hairy Cell Leukemia, Initial Treatment	1	ADC_CANDIDATE_BRENTUXIMAB_VEDOTIN	high	OBSERVED_CLINICAL_ASSOCIATION
CD30	ADC_TARGET_CD30	Prostate Cancer Castration-resistant Prostate Cancer	1	ADC_CANDIDATE_BRENTUXIMAB_VEDOTIN	high	OBSERVED_CLINICAL_ASSOCIATION
CD30	ADC_TARGET_CD30	Recurrent Adult Burkitt Lymphoma	1	ADC_CANDIDATE_BRENTUXIMAB_VEDOTIN	high	OBSERVED_CLINICAL_ASSOCIATION
CD30	ADC_TARGET_CD30	Recurrent Adult Diffuse Mixed Cell Lymphoma	1	ADC_CANDIDATE_BRENTUXIMAB_VEDOTIN	high	OBSERVED_CLINICAL_ASSOCIATION
CD30	ADC_TARGET_CD30	Recurrent Adult Diffuse Small Cleaved Cell Lymphoma	1	ADC_CANDIDATE_BRENTUXIMAB_VEDOTIN	high	OBSERVED_CLINICAL_ASSOCIATION
CD30	ADC_TARGET_CD30	Recurrent Adult Grade III Lymphomatoid Granulomatosis	1	ADC_CANDIDATE_BRENTUXIMAB_VEDOTIN	high	OBSERVED_CLINICAL_ASSOCIATION
CD30	ADC_TARGET_CD30	Recurrent Adult Hodgkin Lymphoma	1	ADC_CANDIDATE_BRENTUXIMAB_VEDOTIN	high	OBSERVED_CLINICAL_ASSOCIATION
CD30	ADC_TARGET_CD30	Recurrent Adult Immunoblastic Large Cell Lymphoma	1	ADC_CANDIDATE_BRENTUXIMAB_VEDOTIN	high	OBSERVED_CLINICAL_ASSOCIATION
CD30	ADC_TARGET_CD30	Recurrent Adult Lymphoblastic Lymphoma	1	ADC_CANDIDATE_BRENTUXIMAB_VEDOTIN	high	OBSERVED_CLINICAL_ASSOCIATION
CD30	ADC_TARGET_CD30	Recurrent Adult T-cell Leukemia/Lymphoma	1	ADC_CANDIDATE_BRENTUXIMAB_VEDOTIN	high	OBSERVED_CLINICAL_ASSOCIATION
CD30	ADC_TARGET_CD30	Recurrent Angioimmunoblastic T-Cell Lymphoma	1	ADC_CANDIDATE_BRENTUXIMAB_VEDOTIN	high	OBSERVED_CLINICAL_ASSOCIATION
CD30	ADC_TARGET_CD30	Recurrent Childhood Hodgkin Lymphoma	1	ADC_CANDIDATE_BRENTUXIMAB_VEDOTIN	high	OBSERVED_CLINICAL_ASSOCIATION
CD30	ADC_TARGET_CD30	Recurrent Classic Hodgkin Lymphoma	1	ADC_CANDIDATE_BRENTUXIMAB_VEDOTIN	high	OBSERVED_CLINICAL_ASSOCIATION
CD30	ADC_TARGET_CD30	Recurrent Cutaneous T-cell Non-Hodgkin Lymphoma	1	ADC_CANDIDATE_BRENTUXIMAB_VEDOTIN	high	OBSERVED_CLINICAL_ASSOCIATION
CD30	ADC_TARGET_CD30	Recurrent Enteropathy-Associated T-Cell Lymphoma	1	ADC_CANDIDATE_BRENTUXIMAB_VEDOTIN	high	OBSERVED_CLINICAL_ASSOCIATION
CD30	ADC_TARGET_CD30	Recurrent Follicular Lymphoma	1	ADC_CANDIDATE_BRENTUXIMAB_VEDOTIN	high	OBSERVED_CLINICAL_ASSOCIATION
CD30	ADC_TARGET_CD30	Recurrent Follicular T-Cell Lymphoma	1	ADC_CANDIDATE_BRENTUXIMAB_VEDOTIN	high	OBSERVED_CLINICAL_ASSOCIATION
CD30	ADC_TARGET_CD30	Recurrent Grade 1 Follicular Lymphoma	1	ADC_CANDIDATE_BRENTUXIMAB_VEDOTIN	high	OBSERVED_CLINICAL_ASSOCIATION
CD30	ADC_TARGET_CD30	Recurrent Grade 2 Follicular Lymphoma	1	ADC_CANDIDATE_BRENTUXIMAB_VEDOTIN	high	OBSERVED_CLINICAL_ASSOCIATION
CD30	ADC_TARGET_CD30	Recurrent Grade 3 Follicular Lymphoma	1	ADC_CANDIDATE_BRENTUXIMAB_VEDOTIN	high	OBSERVED_CLINICAL_ASSOCIATION
CD30	ADC_TARGET_CD30	Recurrent Hepatosplenic T-Cell Lymphoma	1	ADC_CANDIDATE_BRENTUXIMAB_VEDOTIN	high	OBSERVED_CLINICAL_ASSOCIATION
CD30	ADC_TARGET_CD30	Recurrent Hodgkin Lymphoma	1	ADC_CANDIDATE_BRENTUXIMAB_VEDOTIN	high	OBSERVED_CLINICAL_ASSOCIATION
CD30	ADC_TARGET_CD30	Recurrent Mantle Cell Lymphoma	1	ADC_CANDIDATE_BRENTUXIMAB_VEDOTIN	high	OBSERVED_CLINICAL_ASSOCIATION
CD30	ADC_TARGET_CD30	Recurrent Marginal Zone Lymphoma	1	ADC_CANDIDATE_BRENTUXIMAB_VEDOTIN	high	OBSERVED_CLINICAL_ASSOCIATION
CD30	ADC_TARGET_CD30	Recurrent Mycosis Fungoides	1	ADC_CANDIDATE_BRENTUXIMAB_VEDOTIN	high	OBSERVED_CLINICAL_ASSOCIATION
CD30	ADC_TARGET_CD30	Recurrent Mycosis Fungoides/Sezary Syndrome	1	ADC_CANDIDATE_BRENTUXIMAB_VEDOTIN	high	OBSERVED_CLINICAL_ASSOCIATION
CD30	ADC_TARGET_CD30	Recurrent Nodal Peripheral T-Cell Lymphoma With TFH Phenotype	1	ADC_CANDIDATE_BRENTUXIMAB_VEDOTIN	high	OBSERVED_CLINICAL_ASSOCIATION
CD30	ADC_TARGET_CD30	Recurrent Non-Hodgkin Lymphoma	1	ADC_CANDIDATE_BRENTUXIMAB_VEDOTIN	high	OBSERVED_CLINICAL_ASSOCIATION
CD30	ADC_TARGET_CD30	Recurrent Peripheral T-Cell Lymphoma, Not Otherwise Specified	1	ADC_CANDIDATE_BRENTUXIMAB_VEDOTIN	high	OBSERVED_CLINICAL_ASSOCIATION
CD30	ADC_TARGET_CD30	Recurrent Primary Cutaneous T-Cell Non-Hodgkin Lymphoma	1	ADC_CANDIDATE_BRENTUXIMAB_VEDOTIN	high	OBSERVED_CLINICAL_ASSOCIATION
CD30	ADC_TARGET_CD30	Recurrent Small Lymphocytic Lymphoma	1	ADC_CANDIDATE_BRENTUXIMAB_VEDOTIN	high	OBSERVED_CLINICAL_ASSOCIATION
CD30	ADC_TARGET_CD30	Recurrent Subcutaneous Panniculitis-Like T-Cell Lymphoma	1	ADC_CANDIDATE_BRENTUXIMAB_VEDOTIN	high	OBSERVED_CLINICAL_ASSOCIATION
CD30	ADC_TARGET_CD30	Recurrent T-Cell Non-Hodgkin Lymphoma	1	ADC_CANDIDATE_BRENTUXIMAB_VEDOTIN	high	OBSERVED_CLINICAL_ASSOCIATION
CD30	ADC_TARGET_CD30	Refractory	1	ADC_CANDIDATE_BRENTUXIMAB_VEDOTIN	high	OBSERVED_CLINICAL_ASSOCIATION
CD30	ADC_TARGET_CD30	Refractory Angioimmunoblastic T-Cell Lymphoma	1	ADC_CANDIDATE_BRENTUXIMAB_VEDOTIN	high	OBSERVED_CLINICAL_ASSOCIATION
CD30	ADC_TARGET_CD30	Refractory Childhood Hodgkin Lymphoma	1	ADC_CANDIDATE_BRENTUXIMAB_VEDOTIN	high	OBSERVED_CLINICAL_ASSOCIATION
CD30	ADC_TARGET_CD30	Refractory Classic Hodgkin Lymphoma	1	ADC_CANDIDATE_BRENTUXIMAB_VEDOTIN	high	OBSERVED_CLINICAL_ASSOCIATION
CD30	ADC_TARGET_CD30	Refractory Enteropathy-Associated T-Cell Lymphoma	1	ADC_CANDIDATE_BRENTUXIMAB_VEDOTIN	high	OBSERVED_CLINICAL_ASSOCIATION
CD30	ADC_TARGET_CD30	Refractory Follicular Lymphoma	1	ADC_CANDIDATE_BRENTUXIMAB_VEDOTIN	high	OBSERVED_CLINICAL_ASSOCIATION
CD30	ADC_TARGET_CD30	Refractory Follicular T-Cell Lymphoma	1	ADC_CANDIDATE_BRENTUXIMAB_VEDOTIN	high	OBSERVED_CLINICAL_ASSOCIATION
CD30	ADC_TARGET_CD30	Refractory Hairy Cell Leukemia	1	ADC_CANDIDATE_BRENTUXIMAB_VEDOTIN	high	OBSERVED_CLINICAL_ASSOCIATION
CD30	ADC_TARGET_CD30	Refractory Hepatosplenic T-Cell Lymphoma	1	ADC_CANDIDATE_BRENTUXIMAB_VEDOTIN	high	OBSERVED_CLINICAL_ASSOCIATION
CD30	ADC_TARGET_CD30	Refractory Hodgkin Lymphoma	1	ADC_CANDIDATE_BRENTUXIMAB_VEDOTIN	high	OBSERVED_CLINICAL_ASSOCIATION
CD30	ADC_TARGET_CD30	Refractory Mycosis Fungoides	1	ADC_CANDIDATE_BRENTUXIMAB_VEDOTIN	high	OBSERVED_CLINICAL_ASSOCIATION
CD30	ADC_TARGET_CD30	Refractory Nodal Peripheral T-Cell Lymphoma With TFH Phenotype	1	ADC_CANDIDATE_BRENTUXIMAB_VEDOTIN	high	OBSERVED_CLINICAL_ASSOCIATION
CD30	ADC_TARGET_CD30	Refractory Non-Hodgkin Lymphoma	1	ADC_CANDIDATE_BRENTUXIMAB_VEDOTIN	high	OBSERVED_CLINICAL_ASSOCIATION
CD30	ADC_TARGET_CD30	Refractory Peripheral T-Cell Lymphoma	1	ADC_CANDIDATE_BRENTUXIMAB_VEDOTIN	high	OBSERVED_CLINICAL_ASSOCIATION
CD30	ADC_TARGET_CD30	Refractory Peripheral T-Cell Lymphoma, Not Otherwise Specified	1	ADC_CANDIDATE_BRENTUXIMAB_VEDOTIN	high	OBSERVED_CLINICAL_ASSOCIATION
CD30	ADC_TARGET_CD30	Refractory Primary Cutaneous T-Cell Non-Hodgkin Lymphoma	1	ADC_CANDIDATE_BRENTUXIMAB_VEDOTIN	high	OBSERVED_CLINICAL_ASSOCIATION
CD30	ADC_TARGET_CD30	Refractory Subcutaneous Panniculitis-Like T-Cell Lymphoma	1	ADC_CANDIDATE_BRENTUXIMAB_VEDOTIN	high	OBSERVED_CLINICAL_ASSOCIATION
CD30	ADC_TARGET_CD30	Relapse	1	ADC_CANDIDATE_BRENTUXIMAB_VEDOTIN	high	OBSERVED_CLINICAL_ASSOCIATION
CD30	ADC_TARGET_CD30	Relapsed Classic Hodgkin Lymphoma	1	ADC_CANDIDATE_BRENTUXIMAB_VEDOTIN	high	OBSERVED_CLINICAL_ASSOCIATION
CD30	ADC_TARGET_CD30	Relapsed Hodgkin's Disease, Adult	1	ADC_CANDIDATE_BRENTUXIMAB_VEDOTIN	high	OBSERVED_CLINICAL_ASSOCIATION
CD30	ADC_TARGET_CD30	Relapsed Peripheral T-Cell Lymphoma	1	ADC_CANDIDATE_BRENTUXIMAB_VEDOTIN	high	OBSERVED_CLINICAL_ASSOCIATION
CD30	ADC_TARGET_CD30	Relapsed or Refractory Anaplastic Large-cell Lymphoma	1	ADC_CANDIDATE_BRENTUXIMAB_VEDOTIN	high	OBSERVED_CLINICAL_ASSOCIATION
CD30	ADC_TARGET_CD30	Relapsed or Refractory CD30+ Hodgkin's Lymphoma or Anaplastic Large Cell Lymphoma	1	ADC_CANDIDATE_BRENTUXIMAB_VEDOTIN	high	OBSERVED_CLINICAL_ASSOCIATION
CD30	ADC_TARGET_CD30	Relapsed or Refractory EBV-and CD30-positive Lymphomas	1	ADC_CANDIDATE_BRENTUXIMAB_VEDOTIN	high	OBSERVED_CLINICAL_ASSOCIATION
CD30	ADC_TARGET_CD30	Relapsed or Refractory Hodgkin Lymphoma	1	ADC_CANDIDATE_BRENTUXIMAB_VEDOTIN	high	OBSERVED_CLINICAL_ASSOCIATION
CD30	ADC_TARGET_CD30	Relapsed or Refractory Hodgkin's Lymphoma	1	ADC_CANDIDATE_BRENTUXIMAB_VEDOTIN	high	OBSERVED_CLINICAL_ASSOCIATION
CD30	ADC_TARGET_CD30	Relapsed/Refractory Classical Hodgkin Lymphoma	1	ADC_CANDIDATE_BRENTUXIMAB_VEDOTIN	high	OBSERVED_CLINICAL_ASSOCIATION
CD30	ADC_TARGET_CD30	Relapsed/Refractory Hodgkin's Lymphoma	1	ADC_CANDIDATE_BRENTUXIMAB_VEDOTIN	high	OBSERVED_CLINICAL_ASSOCIATION
CD30	ADC_TARGET_CD30	Safety	1	ADC_CANDIDATE_BRENTUXIMAB_VEDOTIN	high	OBSERVED_CLINICAL_ASSOCIATION
CD30	ADC_TARGET_CD30	Scleroderma	1	ADC_CANDIDATE_BRENTUXIMAB_VEDOTIN	high	OBSERVED_CLINICAL_ASSOCIATION
CD30	ADC_TARGET_CD30	Sezary Syndrome	1	ADC_CANDIDATE_BRENTUXIMAB_VEDOTIN	high	OBSERVED_CLINICAL_ASSOCIATION
CD30	ADC_TARGET_CD30	Small Intestine Lymphoma	1	ADC_CANDIDATE_BRENTUXIMAB_VEDOTIN	high	OBSERVED_CLINICAL_ASSOCIATION
CD30	ADC_TARGET_CD30	Small Lymphocytic Lymphoma	1	ADC_CANDIDATE_BRENTUXIMAB_VEDOTIN	high	OBSERVED_CLINICAL_ASSOCIATION
CD30	ADC_TARGET_CD30	Solid Tumors	1	ADC_CANDIDATE_BRENTUXIMAB_VEDOTIN	high	OBSERVED_CLINICAL_ASSOCIATION
CD30	ADC_TARGET_CD30	Splenic Marginal Zone Lymphoma	1	ADC_CANDIDATE_BRENTUXIMAB_VEDOTIN	high	OBSERVED_CLINICAL_ASSOCIATION
CD30	ADC_TARGET_CD30	Squamous Cell Carcinoma of the Head and Neck	1	ADC_CANDIDATE_BRENTUXIMAB_VEDOTIN	high	OBSERVED_CLINICAL_ASSOCIATION
CD30	ADC_TARGET_CD30	Stage I Adult Burkitt Lymphoma	1	ADC_CANDIDATE_BRENTUXIMAB_VEDOTIN	high	OBSERVED_CLINICAL_ASSOCIATION
CD30	ADC_TARGET_CD30	Stage I Adult Diffuse Large Cell Lymphoma	1	ADC_CANDIDATE_BRENTUXIMAB_VEDOTIN	high	OBSERVED_CLINICAL_ASSOCIATION
CD30	ADC_TARGET_CD30	Stage I Adult Diffuse Mixed Cell Lymphoma	1	ADC_CANDIDATE_BRENTUXIMAB_VEDOTIN	high	OBSERVED_CLINICAL_ASSOCIATION
CD30	ADC_TARGET_CD30	Stage I Adult Diffuse Small Cleaved Cell Lymphoma	1	ADC_CANDIDATE_BRENTUXIMAB_VEDOTIN	high	OBSERVED_CLINICAL_ASSOCIATION
CD30	ADC_TARGET_CD30	Stage I Adult Hodgkin Lymphoma	1	ADC_CANDIDATE_BRENTUXIMAB_VEDOTIN	high	OBSERVED_CLINICAL_ASSOCIATION
CD30	ADC_TARGET_CD30	Stage I Adult Immunoblastic Large Cell Lymphoma	1	ADC_CANDIDATE_BRENTUXIMAB_VEDOTIN	high	OBSERVED_CLINICAL_ASSOCIATION
CD30	ADC_TARGET_CD30	Stage I Adult Lymphoblastic Lymphoma	1	ADC_CANDIDATE_BRENTUXIMAB_VEDOTIN	high	OBSERVED_CLINICAL_ASSOCIATION
CD30	ADC_TARGET_CD30	Stage I Adult T-cell Leukemia/Lymphoma	1	ADC_CANDIDATE_BRENTUXIMAB_VEDOTIN	high	OBSERVED_CLINICAL_ASSOCIATION
CD30	ADC_TARGET_CD30	Stage I Cutaneous T-Cell Non-Hodgkin Lymphoma	1	ADC_CANDIDATE_BRENTUXIMAB_VEDOTIN	high	OBSERVED_CLINICAL_ASSOCIATION
CD30	ADC_TARGET_CD30	Stage I Cutaneous T-cell Non-Hodgkin Lymphoma	1	ADC_CANDIDATE_BRENTUXIMAB_VEDOTIN	high	OBSERVED_CLINICAL_ASSOCIATION
CD30	ADC_TARGET_CD30	Stage I Grade 1 Follicular Lymphoma	1	ADC_CANDIDATE_BRENTUXIMAB_VEDOTIN	high	OBSERVED_CLINICAL_ASSOCIATION
CD30	ADC_TARGET_CD30	Stage I Grade 2 Follicular Lymphoma	1	ADC_CANDIDATE_BRENTUXIMAB_VEDOTIN	high	OBSERVED_CLINICAL_ASSOCIATION
CD30	ADC_TARGET_CD30	Stage I Grade 3 Follicular Lymphoma	1	ADC_CANDIDATE_BRENTUXIMAB_VEDOTIN	high	OBSERVED_CLINICAL_ASSOCIATION
CD30	ADC_TARGET_CD30	Stage I Mantle Cell Lymphoma	1	ADC_CANDIDATE_BRENTUXIMAB_VEDOTIN	high	OBSERVED_CLINICAL_ASSOCIATION
CD30	ADC_TARGET_CD30	Stage I Marginal Zone Lymphoma	1	ADC_CANDIDATE_BRENTUXIMAB_VEDOTIN	high	OBSERVED_CLINICAL_ASSOCIATION
CD30	ADC_TARGET_CD30	Stage I Small Lymphocytic Lymphoma	1	ADC_CANDIDATE_BRENTUXIMAB_VEDOTIN	high	OBSERVED_CLINICAL_ASSOCIATION
CD30	ADC_TARGET_CD30	Stage IA Mycosis Fungoides/Sezary Syndrome	1	ADC_CANDIDATE_BRENTUXIMAB_VEDOTIN	high	OBSERVED_CLINICAL_ASSOCIATION
CD30	ADC_TARGET_CD30	Stage IB Mycosis Fungoides/Sezary Syndrome	1	ADC_CANDIDATE_BRENTUXIMAB_VEDOTIN	high	OBSERVED_CLINICAL_ASSOCIATION
CD30	ADC_TARGET_CD30	Stage II Adult Hodgkin Lymphoma	1	ADC_CANDIDATE_BRENTUXIMAB_VEDOTIN	high	OBSERVED_CLINICAL_ASSOCIATION
CD30	ADC_TARGET_CD30	Stage II Adult T-cell Leukemia/Lymphoma	1	ADC_CANDIDATE_BRENTUXIMAB_VEDOTIN	high	OBSERVED_CLINICAL_ASSOCIATION
CD30	ADC_TARGET_CD30	Stage II Childhood Hodgkin Lymphoma	1	ADC_CANDIDATE_BRENTUXIMAB_VEDOTIN	high	OBSERVED_CLINICAL_ASSOCIATION
CD30	ADC_TARGET_CD30	Stage II Cutaneous T-Cell Non-Hodgkin Lymphoma	1	ADC_CANDIDATE_BRENTUXIMAB_VEDOTIN	high	OBSERVED_CLINICAL_ASSOCIATION
CD30	ADC_TARGET_CD30	Stage II Cutaneous T-cell Non-Hodgkin Lymphoma	1	ADC_CANDIDATE_BRENTUXIMAB_VEDOTIN	high	OBSERVED_CLINICAL_ASSOCIATION
CD30	ADC_TARGET_CD30	Stage IIA Mycosis Fungoides/Sezary Syndrome	1	ADC_CANDIDATE_BRENTUXIMAB_VEDOTIN	high	OBSERVED_CLINICAL_ASSOCIATION
CD30	ADC_TARGET_CD30	Stage IIB Mycosis Fungoides/Sezary Syndrome	1	ADC_CANDIDATE_BRENTUXIMAB_VEDOTIN	high	OBSERVED_CLINICAL_ASSOCIATION
CD30	ADC_TARGET_CD30	Stage III Adult Burkitt Lymphoma	1	ADC_CANDIDATE_BRENTUXIMAB_VEDOTIN	high	OBSERVED_CLINICAL_ASSOCIATION
CD30	ADC_TARGET_CD30	Stage III Adult Diffuse Large Cell Lymphoma	1	ADC_CANDIDATE_BRENTUXIMAB_VEDOTIN	high	OBSERVED_CLINICAL_ASSOCIATION
CD30	ADC_TARGET_CD30	Stage III Adult Diffuse Mixed Cell Lymphoma	1	ADC_CANDIDATE_BRENTUXIMAB_VEDOTIN	high	OBSERVED_CLINICAL_ASSOCIATION
CD30	ADC_TARGET_CD30	Stage III Adult Diffuse Small Cleaved Cell Lymphoma	1	ADC_CANDIDATE_BRENTUXIMAB_VEDOTIN	high	OBSERVED_CLINICAL_ASSOCIATION
CD30	ADC_TARGET_CD30	Stage III Adult Hodgkin Lymphoma	1	ADC_CANDIDATE_BRENTUXIMAB_VEDOTIN	high	OBSERVED_CLINICAL_ASSOCIATION
CD30	ADC_TARGET_CD30	Stage III Adult Immunoblastic Large Cell Lymphoma	1	ADC_CANDIDATE_BRENTUXIMAB_VEDOTIN	high	OBSERVED_CLINICAL_ASSOCIATION
CD30	ADC_TARGET_CD30	Stage III Adult Lymphoblastic Lymphoma	1	ADC_CANDIDATE_BRENTUXIMAB_VEDOTIN	high	OBSERVED_CLINICAL_ASSOCIATION
CD30	ADC_TARGET_CD30	Stage III Adult T-cell Leukemia/Lymphoma	1	ADC_CANDIDATE_BRENTUXIMAB_VEDOTIN	high	OBSERVED_CLINICAL_ASSOCIATION
CD30	ADC_TARGET_CD30	Stage III Childhood Hodgkin Lymphoma	1	ADC_CANDIDATE_BRENTUXIMAB_VEDOTIN	high	OBSERVED_CLINICAL_ASSOCIATION
CD30	ADC_TARGET_CD30	Stage III Cutaneous T-Cell Non-Hodgkin Lymphoma	1	ADC_CANDIDATE_BRENTUXIMAB_VEDOTIN	high	OBSERVED_CLINICAL_ASSOCIATION
CD30	ADC_TARGET_CD30	Stage III Cutaneous T-cell Non-Hodgkin Lymphoma	1	ADC_CANDIDATE_BRENTUXIMAB_VEDOTIN	high	OBSERVED_CLINICAL_ASSOCIATION
CD30	ADC_TARGET_CD30	Stage III Grade 1 Follicular Lymphoma	1	ADC_CANDIDATE_BRENTUXIMAB_VEDOTIN	high	OBSERVED_CLINICAL_ASSOCIATION
CD30	ADC_TARGET_CD30	Stage III Grade 2 Follicular Lymphoma	1	ADC_CANDIDATE_BRENTUXIMAB_VEDOTIN	high	OBSERVED_CLINICAL_ASSOCIATION
CD30	ADC_TARGET_CD30	Stage III Grade 3 Follicular Lymphoma	1	ADC_CANDIDATE_BRENTUXIMAB_VEDOTIN	high	OBSERVED_CLINICAL_ASSOCIATION
CD30	ADC_TARGET_CD30	Stage III Mantle Cell Lymphoma	1	ADC_CANDIDATE_BRENTUXIMAB_VEDOTIN	high	OBSERVED_CLINICAL_ASSOCIATION
CD30	ADC_TARGET_CD30	Stage III Marginal Zone Lymphoma	1	ADC_CANDIDATE_BRENTUXIMAB_VEDOTIN	high	OBSERVED_CLINICAL_ASSOCIATION
CD30	ADC_TARGET_CD30	Stage III Small Lymphocytic Lymphoma	1	ADC_CANDIDATE_BRENTUXIMAB_VEDOTIN	high	OBSERVED_CLINICAL_ASSOCIATION
CD30	ADC_TARGET_CD30	Stage IIIA Mycosis Fungoides/Sezary Syndrome	1	ADC_CANDIDATE_BRENTUXIMAB_VEDOTIN	high	OBSERVED_CLINICAL_ASSOCIATION
CD30	ADC_TARGET_CD30	Stage IIIB Mycosis Fungoides/Sezary Syndrome	1	ADC_CANDIDATE_BRENTUXIMAB_VEDOTIN	high	OBSERVED_CLINICAL_ASSOCIATION
CD30	ADC_TARGET_CD30	Stage IV Adult Burkitt Lymphoma	1	ADC_CANDIDATE_BRENTUXIMAB_VEDOTIN	high	OBSERVED_CLINICAL_ASSOCIATION
CD30	ADC_TARGET_CD30	Stage IV Adult Diffuse Large Cell Lymphoma	1	ADC_CANDIDATE_BRENTUXIMAB_VEDOTIN	high	OBSERVED_CLINICAL_ASSOCIATION
CD30	ADC_TARGET_CD30	Stage IV Adult Diffuse Mixed Cell Lymphoma	1	ADC_CANDIDATE_BRENTUXIMAB_VEDOTIN	high	OBSERVED_CLINICAL_ASSOCIATION
CD30	ADC_TARGET_CD30	Stage IV Adult Diffuse Small Cleaved Cell Lymphoma	1	ADC_CANDIDATE_BRENTUXIMAB_VEDOTIN	high	OBSERVED_CLINICAL_ASSOCIATION
CD30	ADC_TARGET_CD30	Stage IV Adult Hodgkin Lymphoma	1	ADC_CANDIDATE_BRENTUXIMAB_VEDOTIN	high	OBSERVED_CLINICAL_ASSOCIATION
CD30	ADC_TARGET_CD30	Stage IV Adult Immunoblastic Large Cell Lymphoma	1	ADC_CANDIDATE_BRENTUXIMAB_VEDOTIN	high	OBSERVED_CLINICAL_ASSOCIATION
CD30	ADC_TARGET_CD30	Stage IV Adult Lymphoblastic Lymphoma	1	ADC_CANDIDATE_BRENTUXIMAB_VEDOTIN	high	OBSERVED_CLINICAL_ASSOCIATION
CD30	ADC_TARGET_CD30	Stage IV Adult T-cell Leukemia/Lymphoma	1	ADC_CANDIDATE_BRENTUXIMAB_VEDOTIN	high	OBSERVED_CLINICAL_ASSOCIATION
CD30	ADC_TARGET_CD30	Stage IV Childhood Hodgkin Lymphoma	1	ADC_CANDIDATE_BRENTUXIMAB_VEDOTIN	high	OBSERVED_CLINICAL_ASSOCIATION
CD30	ADC_TARGET_CD30	Stage IV Cutaneous T-Cell Non-Hodgkin Lymphoma	1	ADC_CANDIDATE_BRENTUXIMAB_VEDOTIN	high	OBSERVED_CLINICAL_ASSOCIATION
CD30	ADC_TARGET_CD30	Stage IV Cutaneous T-cell Non-Hodgkin Lymphoma	1	ADC_CANDIDATE_BRENTUXIMAB_VEDOTIN	high	OBSERVED_CLINICAL_ASSOCIATION
CD30	ADC_TARGET_CD30	Stage IV Grade 1 Follicular Lymphoma	1	ADC_CANDIDATE_BRENTUXIMAB_VEDOTIN	high	OBSERVED_CLINICAL_ASSOCIATION
CD30	ADC_TARGET_CD30	Stage IV Grade 2 Follicular Lymphoma	1	ADC_CANDIDATE_BRENTUXIMAB_VEDOTIN	high	OBSERVED_CLINICAL_ASSOCIATION
CD30	ADC_TARGET_CD30	Stage IV Grade 3 Follicular Lymphoma	1	ADC_CANDIDATE_BRENTUXIMAB_VEDOTIN	high	OBSERVED_CLINICAL_ASSOCIATION
CD30	ADC_TARGET_CD30	Stage IV Mantle Cell Lymphoma	1	ADC_CANDIDATE_BRENTUXIMAB_VEDOTIN	high	OBSERVED_CLINICAL_ASSOCIATION
CD30	ADC_TARGET_CD30	Stage IV Marginal Zone Lymphoma	1	ADC_CANDIDATE_BRENTUXIMAB_VEDOTIN	high	OBSERVED_CLINICAL_ASSOCIATION
CD30	ADC_TARGET_CD30	Stage IV Small Lymphocytic Lymphoma	1	ADC_CANDIDATE_BRENTUXIMAB_VEDOTIN	high	OBSERVED_CLINICAL_ASSOCIATION
CD30	ADC_TARGET_CD30	Stage IVA Mycosis Fungoides/Sezary Syndrome	1	ADC_CANDIDATE_BRENTUXIMAB_VEDOTIN	high	OBSERVED_CLINICAL_ASSOCIATION
CD30	ADC_TARGET_CD30	Stage IVB Mycosis Fungoides/Sezary Syndrome	1	ADC_CANDIDATE_BRENTUXIMAB_VEDOTIN	high	OBSERVED_CLINICAL_ASSOCIATION
CD30	ADC_TARGET_CD30	Survival	1	ADC_CANDIDATE_BRENTUXIMAB_VEDOTIN	high	OBSERVED_CLINICAL_ASSOCIATION
CD30	ADC_TARGET_CD30	Systemic Anaplastic Large Cell Lymphoma	1	ADC_CANDIDATE_BRENTUXIMAB_VEDOTIN	high	OBSERVED_CLINICAL_ASSOCIATION
CD30	ADC_TARGET_CD30	Systemic Lupus Erythematosus	1	ADC_CANDIDATE_BRENTUXIMAB_VEDOTIN	high	OBSERVED_CLINICAL_ASSOCIATION
CD30	ADC_TARGET_CD30	Systemic Mastocytosis	1	ADC_CANDIDATE_BRENTUXIMAB_VEDOTIN	high	OBSERVED_CLINICAL_ASSOCIATION
CD30	ADC_TARGET_CD30	Sézary Syndrome	1	ADC_CANDIDATE_BRENTUXIMAB_VEDOTIN	high	OBSERVED_CLINICAL_ASSOCIATION
CD30	ADC_TARGET_CD30	T Cell Lymphoma	1	ADC_CANDIDATE_BRENTUXIMAB_VEDOTIN	high	OBSERVED_CLINICAL_ASSOCIATION
CD30	ADC_TARGET_CD30	T-Cell Lymphoma	1	ADC_CANDIDATE_BRENTUXIMAB_VEDOTIN	high	OBSERVED_CLINICAL_ASSOCIATION
CD30	ADC_TARGET_CD30	T-cell Large Granular Lymphocyte Leukemia	1	ADC_CANDIDATE_BRENTUXIMAB_VEDOTIN	high	OBSERVED_CLINICAL_ASSOCIATION
CD30	ADC_TARGET_CD30	T-cell Lymphoma	1	ADC_CANDIDATE_BRENTUXIMAB_VEDOTIN	high	OBSERVED_CLINICAL_ASSOCIATION
CD30	ADC_TARGET_CD30	Testicular Cancer	1	ADC_CANDIDATE_BRENTUXIMAB_VEDOTIN	high	OBSERVED_CLINICAL_ASSOCIATION
CD30	ADC_TARGET_CD30	Testicular Lymphoma	1	ADC_CANDIDATE_BRENTUXIMAB_VEDOTIN	high	OBSERVED_CLINICAL_ASSOCIATION
CD30	ADC_TARGET_CD30	Testis Cancer	1	ADC_CANDIDATE_BRENTUXIMAB_VEDOTIN	high	OBSERVED_CLINICAL_ASSOCIATION
CD30	ADC_TARGET_CD30	Treatment	1	ADC_CANDIDATE_BRENTUXIMAB_VEDOTIN	high	OBSERVED_CLINICAL_ASSOCIATION
CD30	ADC_TARGET_CD30	Triple Negative Breast Cancer	1	ADC_CANDIDATE_BRENTUXIMAB_VEDOTIN	high	OBSERVED_CLINICAL_ASSOCIATION
CD30	ADC_TARGET_CD30	Untreated CD30-Positive Hodgkin's Lymphoma	1	ADC_CANDIDATE_BRENTUXIMAB_VEDOTIN	high	OBSERVED_CLINICAL_ASSOCIATION
CD30	ADC_TARGET_CD30	Untreated Hairy Cell Leukemia	1	ADC_CANDIDATE_BRENTUXIMAB_VEDOTIN	high	OBSERVED_CLINICAL_ASSOCIATION
CD30	ADC_TARGET_CD30	Upper Tract Urothelial Carcinoma	1	ADC_CANDIDATE_BRENTUXIMAB_VEDOTIN	high	OBSERVED_CLINICAL_ASSOCIATION
CD30	ADC_TARGET_CD30	Vinblastine	1	ADC_CANDIDATE_BRENTUXIMAB_VEDOTIN	high	OBSERVED_CLINICAL_ASSOCIATION
CD30	ADC_TARGET_CD30	Waldenström Macroglobulinemia	1	ADC_CANDIDATE_BRENTUXIMAB_VEDOTIN	high	OBSERVED_CLINICAL_ASSOCIATION
CD30	ADC_TARGET_CD30	Young Adult	1	ADC_CANDIDATE_BRENTUXIMAB_VEDOTIN	high	OBSERVED_CLINICAL_ASSOCIATION
CD30	ADC_TARGET_CD30	ctDNA	1	ADC_CANDIDATE_BRENTUXIMAB_VEDOTIN	high	OBSERVED_CLINICAL_ASSOCIATION
CD30	ADC_TARGET_CD30	dcSSc	1	ADC_CANDIDATE_BRENTUXIMAB_VEDOTIN	high	OBSERVED_CLINICAL_ASSOCIATION
CD33	ADC_TARGET_CD33	(q22	1	ADC_CANDIDATE_GEMTUZUMAB_OZOGAMICIN	high	OBSERVED_CLINICAL_ASSOCIATION
CD33	ADC_TARGET_CD33	AML	1	ADC_CANDIDATE_GEMTUZUMAB_OZOGAMICIN	high	OBSERVED_CLINICAL_ASSOCIATION
CD33	ADC_TARGET_CD33	AML, Childhood	1	ADC_CANDIDATE_GEMTUZUMAB_OZOGAMICIN	high	OBSERVED_CLINICAL_ASSOCIATION
CD33	ADC_TARGET_CD33	Acute Myeloblastic Leukemia	1	ADC_CANDIDATE_GEMTUZUMAB_OZOGAMICIN	high	OBSERVED_CLINICAL_ASSOCIATION
CD33	ADC_TARGET_CD33	Acute Myelogenous Leukemia	1	ADC_CANDIDATE_GEMTUZUMAB_OZOGAMICIN	high	OBSERVED_CLINICAL_ASSOCIATION
CD33	ADC_TARGET_CD33	Acute Myeloid Leukaemia	1	ADC_CANDIDATE_GEMTUZUMAB_OZOGAMICIN	high	OBSERVED_CLINICAL_ASSOCIATION
CD33	ADC_TARGET_CD33	Acute Myeloid Leukemia	1	ADC_CANDIDATE_GEMTUZUMAB_OZOGAMICIN	high	OBSERVED_CLINICAL_ASSOCIATION
CD33	ADC_TARGET_CD33	Acute Myeloid Leukemia Arising From Previous Myelodysplastic Syndrome	1	ADC_CANDIDATE_GEMTUZUMAB_OZOGAMICIN	high	OBSERVED_CLINICAL_ASSOCIATION
CD33	ADC_TARGET_CD33	Acute Myeloid Leukemia Arising From Previous Myelodysplastic/Myeloproliferative Neoplasm	1	ADC_CANDIDATE_GEMTUZUMAB_OZOGAMICIN	high	OBSERVED_CLINICAL_ASSOCIATION
CD33	ADC_TARGET_CD33	Acute Myeloid Leukemia Post Cytotoxic Therapy	1	ADC_CANDIDATE_GEMTUZUMAB_OZOGAMICIN	high	OBSERVED_CLINICAL_ASSOCIATION
CD33	ADC_TARGET_CD33	Acute Myeloid Leukemia Recurrent	1	ADC_CANDIDATE_GEMTUZUMAB_OZOGAMICIN	high	OBSERVED_CLINICAL_ASSOCIATION
CD33	ADC_TARGET_CD33	Acute Myeloid Leukemia With Inv(16)(p13.1q22)	1	ADC_CANDIDATE_GEMTUZUMAB_OZOGAMICIN	high	OBSERVED_CLINICAL_ASSOCIATION
CD33	ADC_TARGET_CD33	Acute Myeloid Leukemia With t(16;16)(p13.1;q22)	1	ADC_CANDIDATE_GEMTUZUMAB_OZOGAMICIN	high	OBSERVED_CLINICAL_ASSOCIATION
CD33	ADC_TARGET_CD33	Acute Myeloid Leukemia With t(8;21)	1	ADC_CANDIDATE_GEMTUZUMAB_OZOGAMICIN	high	OBSERVED_CLINICAL_ASSOCIATION
CD33	ADC_TARGET_CD33	Acute Myeloid Leukemia, Adult	1	ADC_CANDIDATE_GEMTUZUMAB_OZOGAMICIN	high	OBSERVED_CLINICAL_ASSOCIATION
CD33	ADC_TARGET_CD33	Acute Myeloid Leukemia, Myelodysplasia-Related	1	ADC_CANDIDATE_GEMTUZUMAB_OZOGAMICIN	high	OBSERVED_CLINICAL_ASSOCIATION
CD33	ADC_TARGET_CD33	Acute Myeloid Leukemia, Relapsed, Adult	1	ADC_CANDIDATE_GEMTUZUMAB_OZOGAMICIN	high	OBSERVED_CLINICAL_ASSOCIATION
CD33	ADC_TARGET_CD33	Acute Promyelocytic Leukemia	1	ADC_CANDIDATE_GEMTUZUMAB_OZOGAMICIN	high	OBSERVED_CLINICAL_ASSOCIATION
CD33	ADC_TARGET_CD33	Acute Promyelocytic Leukemia With PML-RARA	1	ADC_CANDIDATE_GEMTUZUMAB_OZOGAMICIN	high	OBSERVED_CLINICAL_ASSOCIATION
CD33	ADC_TARGET_CD33	Adult Acute Megakaryoblastic Leukemia	1	ADC_CANDIDATE_GEMTUZUMAB_OZOGAMICIN	high	OBSERVED_CLINICAL_ASSOCIATION
CD33	ADC_TARGET_CD33	Adult Acute Megakaryoblastic Leukemia (M7)	1	ADC_CANDIDATE_GEMTUZUMAB_OZOGAMICIN	high	OBSERVED_CLINICAL_ASSOCIATION
CD33	ADC_TARGET_CD33	Adult Acute Minimally Differentiated Myeloid Leukemia (M0)	1	ADC_CANDIDATE_GEMTUZUMAB_OZOGAMICIN	high	OBSERVED_CLINICAL_ASSOCIATION
CD33	ADC_TARGET_CD33	Adult Acute Monoblastic Leukemia	1	ADC_CANDIDATE_GEMTUZUMAB_OZOGAMICIN	high	OBSERVED_CLINICAL_ASSOCIATION
CD33	ADC_TARGET_CD33	Adult Acute Monoblastic Leukemia (M5a)	1	ADC_CANDIDATE_GEMTUZUMAB_OZOGAMICIN	high	OBSERVED_CLINICAL_ASSOCIATION
CD33	ADC_TARGET_CD33	Adult Acute Monocytic Leukemia	1	ADC_CANDIDATE_GEMTUZUMAB_OZOGAMICIN	high	OBSERVED_CLINICAL_ASSOCIATION
CD33	ADC_TARGET_CD33	Adult Acute Monocytic Leukemia (M5b)	1	ADC_CANDIDATE_GEMTUZUMAB_OZOGAMICIN	high	OBSERVED_CLINICAL_ASSOCIATION
CD33	ADC_TARGET_CD33	Adult Acute Myeloblastic Leukemia With Maturation (M2)	1	ADC_CANDIDATE_GEMTUZUMAB_OZOGAMICIN	high	OBSERVED_CLINICAL_ASSOCIATION
CD33	ADC_TARGET_CD33	Adult Acute Myeloblastic Leukemia Without Maturation (M1)	1	ADC_CANDIDATE_GEMTUZUMAB_OZOGAMICIN	high	OBSERVED_CLINICAL_ASSOCIATION
CD33	ADC_TARGET_CD33	Adult Acute Myeloid Leukemia With 11q23 (MLL) Abnormalities	1	ADC_CANDIDATE_GEMTUZUMAB_OZOGAMICIN	high	OBSERVED_CLINICAL_ASSOCIATION
CD33	ADC_TARGET_CD33	Adult Acute Myeloid Leukemia With Del(5q)	1	ADC_CANDIDATE_GEMTUZUMAB_OZOGAMICIN	high	OBSERVED_CLINICAL_ASSOCIATION
CD33	ADC_TARGET_CD33	Adult Acute Myeloid Leukemia With Inv(16)(p13.1q22)	1	ADC_CANDIDATE_GEMTUZUMAB_OZOGAMICIN	high	OBSERVED_CLINICAL_ASSOCIATION
CD33	ADC_TARGET_CD33	Adult Acute Myeloid Leukemia With Inv(16)(p13;q22)	1	ADC_CANDIDATE_GEMTUZUMAB_OZOGAMICIN	high	OBSERVED_CLINICAL_ASSOCIATION
CD33	ADC_TARGET_CD33	Adult Acute Myeloid Leukemia With Maturation	1	ADC_CANDIDATE_GEMTUZUMAB_OZOGAMICIN	high	OBSERVED_CLINICAL_ASSOCIATION
CD33	ADC_TARGET_CD33	Adult Acute Myeloid Leukemia With t(15;17)(q22;q12)	1	ADC_CANDIDATE_GEMTUZUMAB_OZOGAMICIN	high	OBSERVED_CLINICAL_ASSOCIATION
CD33	ADC_TARGET_CD33	Adult Acute Myeloid Leukemia With t(16;16)(p13.1;q22)	1	ADC_CANDIDATE_GEMTUZUMAB_OZOGAMICIN	high	OBSERVED_CLINICAL_ASSOCIATION
CD33	ADC_TARGET_CD33	Adult Acute Myeloid Leukemia With t(16;16)(p13;q22)	1	ADC_CANDIDATE_GEMTUZUMAB_OZOGAMICIN	high	OBSERVED_CLINICAL_ASSOCIATION
CD33	ADC_TARGET_CD33	Adult Acute Myeloid Leukemia With t(8;21)(q22;q22)	1	ADC_CANDIDATE_GEMTUZUMAB_OZOGAMICIN	high	OBSERVED_CLINICAL_ASSOCIATION
CD33	ADC_TARGET_CD33	Adult Acute Myeloid Leukemia With t(8;21)(q22;q22.1)	1	ADC_CANDIDATE_GEMTUZUMAB_OZOGAMICIN	high	OBSERVED_CLINICAL_ASSOCIATION
CD33	ADC_TARGET_CD33	Adult Acute Myeloid Leukemia With t(9;11)(p21.3;q23.3)	1	ADC_CANDIDATE_GEMTUZUMAB_OZOGAMICIN	high	OBSERVED_CLINICAL_ASSOCIATION
CD33	ADC_TARGET_CD33	Adult Acute Myeloid Leukemia Without Maturation	1	ADC_CANDIDATE_GEMTUZUMAB_OZOGAMICIN	high	OBSERVED_CLINICAL_ASSOCIATION
CD33	ADC_TARGET_CD33	Adult Acute Myelomonocytic Leukemia	1	ADC_CANDIDATE_GEMTUZUMAB_OZOGAMICIN	high	OBSERVED_CLINICAL_ASSOCIATION
CD33	ADC_TARGET_CD33	Adult Acute Myelomonocytic Leukemia (M4)	1	ADC_CANDIDATE_GEMTUZUMAB_OZOGAMICIN	high	OBSERVED_CLINICAL_ASSOCIATION
CD33	ADC_TARGET_CD33	Adult Acute Promyelocytic Leukemia (M3)	1	ADC_CANDIDATE_GEMTUZUMAB_OZOGAMICIN	high	OBSERVED_CLINICAL_ASSOCIATION
CD33	ADC_TARGET_CD33	Adult Erythroleukemia	1	ADC_CANDIDATE_GEMTUZUMAB_OZOGAMICIN	high	OBSERVED_CLINICAL_ASSOCIATION
CD33	ADC_TARGET_CD33	Adult Erythroleukemia (M6a)	1	ADC_CANDIDATE_GEMTUZUMAB_OZOGAMICIN	high	OBSERVED_CLINICAL_ASSOCIATION
CD33	ADC_TARGET_CD33	Adult Pure Erythroid Leukemia	1	ADC_CANDIDATE_GEMTUZUMAB_OZOGAMICIN	high	OBSERVED_CLINICAL_ASSOCIATION
CD33	ADC_TARGET_CD33	Adult Pure Erythroid Leukemia (M6b)	1	ADC_CANDIDATE_GEMTUZUMAB_OZOGAMICIN	high	OBSERVED_CLINICAL_ASSOCIATION
CD33	ADC_TARGET_CD33	Allogeneic Transplantation	1	ADC_CANDIDATE_GEMTUZUMAB_OZOGAMICIN	high	OBSERVED_CLINICAL_ASSOCIATION
CD33	ADC_TARGET_CD33	Blast Phase Chronic Myelogenous Leukemia, BCR-ABL1 Positive	1	ADC_CANDIDATE_GEMTUZUMAB_OZOGAMICIN	high	OBSERVED_CLINICAL_ASSOCIATION
CD33	ADC_TARGET_CD33	Blasts 10 Percent or More of Bone Marrow Nucleated Cells	1	ADC_CANDIDATE_GEMTUZUMAB_OZOGAMICIN	high	OBSERVED_CLINICAL_ASSOCIATION
CD33	ADC_TARGET_CD33	CBFB-MYH11	1	ADC_CANDIDATE_GEMTUZUMAB_OZOGAMICIN	high	OBSERVED_CLINICAL_ASSOCIATION
CD33	ADC_TARGET_CD33	Childhood Acute Promyelocytic Leukemia (M3)	1	ADC_CANDIDATE_GEMTUZUMAB_OZOGAMICIN	high	OBSERVED_CLINICAL_ASSOCIATION
CD33	ADC_TARGET_CD33	Chronic Lymphocytic Leukemia	1	ADC_CANDIDATE_GEMTUZUMAB_OZOGAMICIN	high	OBSERVED_CLINICAL_ASSOCIATION
CD33	ADC_TARGET_CD33	Chronic Myelomonocytic Leukemia	1	ADC_CANDIDATE_GEMTUZUMAB_OZOGAMICIN	high	OBSERVED_CLINICAL_ASSOCIATION
CD33	ADC_TARGET_CD33	Core Binding Factor Acute Myeloid Leukemia	1	ADC_CANDIDATE_GEMTUZUMAB_OZOGAMICIN	high	OBSERVED_CLINICAL_ASSOCIATION
CD33	ADC_TARGET_CD33	ECG	1	ADC_CANDIDATE_GEMTUZUMAB_OZOGAMICIN	high	OBSERVED_CLINICAL_ASSOCIATION
CD33	ADC_TARGET_CD33	High Risk Myelodysplastic Syndrome	1	ADC_CANDIDATE_GEMTUZUMAB_OZOGAMICIN	high	OBSERVED_CLINICAL_ASSOCIATION
CD33	ADC_TARGET_CD33	Infusions, Intravenous	1	ADC_CANDIDATE_GEMTUZUMAB_OZOGAMICIN	high	OBSERVED_CLINICAL_ASSOCIATION
CD33	ADC_TARGET_CD33	Inv(16)	1	ADC_CANDIDATE_GEMTUZUMAB_OZOGAMICIN	high	OBSERVED_CLINICAL_ASSOCIATION
CD33	ADC_TARGET_CD33	Juvenile Myelomonocytic Leukemia	1	ADC_CANDIDATE_GEMTUZUMAB_OZOGAMICIN	high	OBSERVED_CLINICAL_ASSOCIATION
CD33	ADC_TARGET_CD33	Leukaemia (Acute Myeloid)	1	ADC_CANDIDATE_GEMTUZUMAB_OZOGAMICIN	high	OBSERVED_CLINICAL_ASSOCIATION
CD33	ADC_TARGET_CD33	Leukemia	1	ADC_CANDIDATE_GEMTUZUMAB_OZOGAMICIN	high	OBSERVED_CLINICAL_ASSOCIATION
CD33	ADC_TARGET_CD33	Leukemia, Myelocytic, Acute	1	ADC_CANDIDATE_GEMTUZUMAB_OZOGAMICIN	high	OBSERVED_CLINICAL_ASSOCIATION
CD33	ADC_TARGET_CD33	Leukemia, Myeloid	1	ADC_CANDIDATE_GEMTUZUMAB_OZOGAMICIN	high	OBSERVED_CLINICAL_ASSOCIATION
CD33	ADC_TARGET_CD33	Leukemia, Myeloid, Acute	1	ADC_CANDIDATE_GEMTUZUMAB_OZOGAMICIN	high	OBSERVED_CLINICAL_ASSOCIATION
CD33	ADC_TARGET_CD33	Lymphoblastic Leukemia, Acute	1	ADC_CANDIDATE_GEMTUZUMAB_OZOGAMICIN	high	OBSERVED_CLINICAL_ASSOCIATION
CD33	ADC_TARGET_CD33	MLLT3-KMT2A	1	ADC_CANDIDATE_GEMTUZUMAB_OZOGAMICIN	high	OBSERVED_CLINICAL_ASSOCIATION
CD33	ADC_TARGET_CD33	Myelodysplastic Syndrome	1	ADC_CANDIDATE_GEMTUZUMAB_OZOGAMICIN	high	OBSERVED_CLINICAL_ASSOCIATION
CD33	ADC_TARGET_CD33	Myelodysplastic Syndrome With Excess Blasts	1	ADC_CANDIDATE_GEMTUZUMAB_OZOGAMICIN	high	OBSERVED_CLINICAL_ASSOCIATION
CD33	ADC_TARGET_CD33	Myelodysplastic Syndromes	1	ADC_CANDIDATE_GEMTUZUMAB_OZOGAMICIN	high	OBSERVED_CLINICAL_ASSOCIATION
CD33	ADC_TARGET_CD33	Myeloid Sarcoma	1	ADC_CANDIDATE_GEMTUZUMAB_OZOGAMICIN	high	OBSERVED_CLINICAL_ASSOCIATION
CD33	ADC_TARGET_CD33	Myeloproliferative Neoplasm	1	ADC_CANDIDATE_GEMTUZUMAB_OZOGAMICIN	high	OBSERVED_CLINICAL_ASSOCIATION
CD33	ADC_TARGET_CD33	Novo Acute Myeloid Leukemia	1	ADC_CANDIDATE_GEMTUZUMAB_OZOGAMICIN	high	OBSERVED_CLINICAL_ASSOCIATION
CD33	ADC_TARGET_CD33	Pharmacokinetics	1	ADC_CANDIDATE_GEMTUZUMAB_OZOGAMICIN	high	OBSERVED_CLINICAL_ASSOCIATION
CD33	ADC_TARGET_CD33	Philadelphia Chromosome Positive	1	ADC_CANDIDATE_GEMTUZUMAB_OZOGAMICIN	high	OBSERVED_CLINICAL_ASSOCIATION
CD33	ADC_TARGET_CD33	RUNX1-RUNX1T1	1	ADC_CANDIDATE_GEMTUZUMAB_OZOGAMICIN	high	OBSERVED_CLINICAL_ASSOCIATION
CD33	ADC_TARGET_CD33	Recurrent Acute Myeloid Leukemia	1	ADC_CANDIDATE_GEMTUZUMAB_OZOGAMICIN	high	OBSERVED_CLINICAL_ASSOCIATION
CD33	ADC_TARGET_CD33	Recurrent Adult Acute Myeloid Leukemia	1	ADC_CANDIDATE_GEMTUZUMAB_OZOGAMICIN	high	OBSERVED_CLINICAL_ASSOCIATION
CD33	ADC_TARGET_CD33	Recurrent Childhood Acute Myeloid Leukemia	1	ADC_CANDIDATE_GEMTUZUMAB_OZOGAMICIN	high	OBSERVED_CLINICAL_ASSOCIATION
CD33	ADC_TARGET_CD33	Refractory Acute Myeloid Leukemia	1	ADC_CANDIDATE_GEMTUZUMAB_OZOGAMICIN	high	OBSERVED_CLINICAL_ASSOCIATION
CD33	ADC_TARGET_CD33	Relapsed Adult AML	1	ADC_CANDIDATE_GEMTUZUMAB_OZOGAMICIN	high	OBSERVED_CLINICAL_ASSOCIATION
CD33	ADC_TARGET_CD33	Relapsed/Refractory Acute Myeloid Leukemia (AML)	1	ADC_CANDIDATE_GEMTUZUMAB_OZOGAMICIN	high	OBSERVED_CLINICAL_ASSOCIATION
CD33	ADC_TARGET_CD33	Safety	1	ADC_CANDIDATE_GEMTUZUMAB_OZOGAMICIN	high	OBSERVED_CLINICAL_ASSOCIATION
CD33	ADC_TARGET_CD33	Secondary Acute Myeloid Leukemia	1	ADC_CANDIDATE_GEMTUZUMAB_OZOGAMICIN	high	OBSERVED_CLINICAL_ASSOCIATION
CD33	ADC_TARGET_CD33	Untreated Adult Acute Myeloid Leukemia	1	ADC_CANDIDATE_GEMTUZUMAB_OZOGAMICIN	high	OBSERVED_CLINICAL_ASSOCIATION
CD33	ADC_TARGET_CD33	de Novo Myelodysplastic Syndrome	1	ADC_CANDIDATE_GEMTUZUMAB_OZOGAMICIN	high	OBSERVED_CLINICAL_ASSOCIATION
CD33	ADC_TARGET_CD33	q22.1)	1	ADC_CANDIDATE_GEMTUZUMAB_OZOGAMICIN	high	OBSERVED_CLINICAL_ASSOCIATION
CD33	ADC_TARGET_CD33	t(16;16)	1	ADC_CANDIDATE_GEMTUZUMAB_OZOGAMICIN	high	OBSERVED_CLINICAL_ASSOCIATION
CD33	ADC_TARGET_CD33	t(8;21)	1	ADC_CANDIDATE_GEMTUZUMAB_OZOGAMICIN	high	OBSERVED_CLINICAL_ASSOCIATION
CD79b	ADC_TARGET_CD79B	ALK-Positive Large B-Cell Lymphoma	1	ADC_CANDIDATE_POLATUZUMAB_VEDOTIN	high	OBSERVED_CLINICAL_ASSOCIATION
CD79b	ADC_TARGET_CD79B	Aggressive B-Cell Lymphoma	1	ADC_CANDIDATE_POLATUZUMAB_VEDOTIN	high	OBSERVED_CLINICAL_ASSOCIATION
CD79b	ADC_TARGET_CD79B	Aggressive Non-Hodgkin Lymphoma	1	ADC_CANDIDATE_POLATUZUMAB_VEDOTIN	high	OBSERVED_CLINICAL_ASSOCIATION
CD79b	ADC_TARGET_CD79B	Ann Arbor Stage II Diffuse Large B-Cell Lymphoma	1	ADC_CANDIDATE_POLATUZUMAB_VEDOTIN	high	OBSERVED_CLINICAL_ASSOCIATION
CD79b	ADC_TARGET_CD79B	Ann Arbor Stage II Follicular Lymphoma	1	ADC_CANDIDATE_POLATUZUMAB_VEDOTIN	high	OBSERVED_CLINICAL_ASSOCIATION
CD79b	ADC_TARGET_CD79B	Ann Arbor Stage II Marginal Zone Lymphoma	1	ADC_CANDIDATE_POLATUZUMAB_VEDOTIN	high	OBSERVED_CLINICAL_ASSOCIATION
CD79b	ADC_TARGET_CD79B	Ann Arbor Stage III Diffuse Large B-Cell Lymphoma	1	ADC_CANDIDATE_POLATUZUMAB_VEDOTIN	high	OBSERVED_CLINICAL_ASSOCIATION
CD79b	ADC_TARGET_CD79B	Ann Arbor Stage III Follicular Lymphoma	1	ADC_CANDIDATE_POLATUZUMAB_VEDOTIN	high	OBSERVED_CLINICAL_ASSOCIATION
CD79b	ADC_TARGET_CD79B	Ann Arbor Stage III Marginal Zone Lymphoma	1	ADC_CANDIDATE_POLATUZUMAB_VEDOTIN	high	OBSERVED_CLINICAL_ASSOCIATION
CD79b	ADC_TARGET_CD79B	Ann Arbor Stage IV Diffuse Large B-Cell Lymphoma	1	ADC_CANDIDATE_POLATUZUMAB_VEDOTIN	high	OBSERVED_CLINICAL_ASSOCIATION
CD79b	ADC_TARGET_CD79B	Ann Arbor Stage IV Follicular Lymphoma	1	ADC_CANDIDATE_POLATUZUMAB_VEDOTIN	high	OBSERVED_CLINICAL_ASSOCIATION
CD79b	ADC_TARGET_CD79B	Ann Arbor Stage IV Marginal Zone Lymphoma	1	ADC_CANDIDATE_POLATUZUMAB_VEDOTIN	high	OBSERVED_CLINICAL_ASSOCIATION
CD79b	ADC_TARGET_CD79B	B-Cell Lymphoma	1	ADC_CANDIDATE_POLATUZUMAB_VEDOTIN	high	OBSERVED_CLINICAL_ASSOCIATION
CD79b	ADC_TARGET_CD79B	B-Cell Non-Hodgkin Lymphoma	1	ADC_CANDIDATE_POLATUZUMAB_VEDOTIN	high	OBSERVED_CLINICAL_ASSOCIATION
CD79b	ADC_TARGET_CD79B	B-cell Lymphoma	1	ADC_CANDIDATE_POLATUZUMAB_VEDOTIN	high	OBSERVED_CLINICAL_ASSOCIATION
CD79b	ADC_TARGET_CD79B	B-cell Non-Hodgkin Lymphoma	1	ADC_CANDIDATE_POLATUZUMAB_VEDOTIN	high	OBSERVED_CLINICAL_ASSOCIATION
CD79b	ADC_TARGET_CD79B	Bispecific Antibody	1	ADC_CANDIDATE_POLATUZUMAB_VEDOTIN	high	OBSERVED_CLINICAL_ASSOCIATION
CD79b	ADC_TARGET_CD79B	Burkitt Lymphoma	1	ADC_CANDIDATE_POLATUZUMAB_VEDOTIN	high	OBSERVED_CLINICAL_ASSOCIATION
CD79b	ADC_TARGET_CD79B	CNS Lymphoma	1	ADC_CANDIDATE_POLATUZUMAB_VEDOTIN	high	OBSERVED_CLINICAL_ASSOCIATION
CD79b	ADC_TARGET_CD79B	Cardiotoxicity	1	ADC_CANDIDATE_POLATUZUMAB_VEDOTIN	high	OBSERVED_CLINICAL_ASSOCIATION
CD79b	ADC_TARGET_CD79B	Chemo-free Therapy	1	ADC_CANDIDATE_POLATUZUMAB_VEDOTIN	high	OBSERVED_CLINICAL_ASSOCIATION
CD79b	ADC_TARGET_CD79B	Chronic Lymphocytic Leukemia	1	ADC_CANDIDATE_POLATUZUMAB_VEDOTIN	high	OBSERVED_CLINICAL_ASSOCIATION
CD79b	ADC_TARGET_CD79B	DLBCL	1	ADC_CANDIDATE_POLATUZUMAB_VEDOTIN	high	OBSERVED_CLINICAL_ASSOCIATION
CD79b	ADC_TARGET_CD79B	DLBCL - Diffuse Large B Cell Lymphoma	1	ADC_CANDIDATE_POLATUZUMAB_VEDOTIN	high	OBSERVED_CLINICAL_ASSOCIATION
CD79b	ADC_TARGET_CD79B	Diffuse Large B Cell Lymphoma	1	ADC_CANDIDATE_POLATUZUMAB_VEDOTIN	high	OBSERVED_CLINICAL_ASSOCIATION
CD79b	ADC_TARGET_CD79B	Diffuse Large B Cell Lymphoma (DLBCL)	1	ADC_CANDIDATE_POLATUZUMAB_VEDOTIN	high	OBSERVED_CLINICAL_ASSOCIATION
CD79b	ADC_TARGET_CD79B	Diffuse Large B-Cell Lymphoma	1	ADC_CANDIDATE_POLATUZUMAB_VEDOTIN	high	OBSERVED_CLINICAL_ASSOCIATION
CD79b	ADC_TARGET_CD79B	Diffuse Large B-Cell Lymphoma (DLBCL)	1	ADC_CANDIDATE_POLATUZUMAB_VEDOTIN	high	OBSERVED_CLINICAL_ASSOCIATION
CD79b	ADC_TARGET_CD79B	Diffuse Large B-Cell Lymphoma Unclassifiable	1	ADC_CANDIDATE_POLATUZUMAB_VEDOTIN	high	OBSERVED_CLINICAL_ASSOCIATION
CD79b	ADC_TARGET_CD79B	Diffuse Large B-Cell Lymphoma, Not Otherwise Specified	1	ADC_CANDIDATE_POLATUZUMAB_VEDOTIN	high	OBSERVED_CLINICAL_ASSOCIATION
CD79b	ADC_TARGET_CD79B	Diffuse Large B-cell Lymphoma	1	ADC_CANDIDATE_POLATUZUMAB_VEDOTIN	high	OBSERVED_CLINICAL_ASSOCIATION
CD79b	ADC_TARGET_CD79B	Diffuse Large B-cell Lymphoma (DLBCL)	1	ADC_CANDIDATE_POLATUZUMAB_VEDOTIN	high	OBSERVED_CLINICAL_ASSOCIATION
CD79b	ADC_TARGET_CD79B	Diffuse, Large B-Cell, Lymphoma	1	ADC_CANDIDATE_POLATUZUMAB_VEDOTIN	high	OBSERVED_CLINICAL_ASSOCIATION
CD79b	ADC_TARGET_CD79B	Double Expressor DLBCL	1	ADC_CANDIDATE_POLATUZUMAB_VEDOTIN	high	OBSERVED_CLINICAL_ASSOCIATION
CD79b	ADC_TARGET_CD79B	Double Expressor Lymphoma	1	ADC_CANDIDATE_POLATUZUMAB_VEDOTIN	high	OBSERVED_CLINICAL_ASSOCIATION
CD79b	ADC_TARGET_CD79B	EBV-Positive Diffuse Large B-Cell Lymphoma, Not Otherwise Specified	1	ADC_CANDIDATE_POLATUZUMAB_VEDOTIN	high	OBSERVED_CLINICAL_ASSOCIATION
CD79b	ADC_TARGET_CD79B	Effects of Chemotherapy	1	ADC_CANDIDATE_POLATUZUMAB_VEDOTIN	high	OBSERVED_CLINICAL_ASSOCIATION
CD79b	ADC_TARGET_CD79B	Follicular Lymphoma	1	ADC_CANDIDATE_POLATUZUMAB_VEDOTIN	high	OBSERVED_CLINICAL_ASSOCIATION
CD79b	ADC_TARGET_CD79B	Grade 1 Follicular Lymphoma	1	ADC_CANDIDATE_POLATUZUMAB_VEDOTIN	high	OBSERVED_CLINICAL_ASSOCIATION
CD79b	ADC_TARGET_CD79B	Grade 2 Follicular Lymphoma	1	ADC_CANDIDATE_POLATUZUMAB_VEDOTIN	high	OBSERVED_CLINICAL_ASSOCIATION
CD79b	ADC_TARGET_CD79B	Grade 3a Follicular Lymphoma	1	ADC_CANDIDATE_POLATUZUMAB_VEDOTIN	high	OBSERVED_CLINICAL_ASSOCIATION
CD79b	ADC_TARGET_CD79B	Grade 3b Follicular Lymphoma	1	ADC_CANDIDATE_POLATUZUMAB_VEDOTIN	high	OBSERVED_CLINICAL_ASSOCIATION
CD79b	ADC_TARGET_CD79B	Gray-Zone Lymphoma	1	ADC_CANDIDATE_POLATUZUMAB_VEDOTIN	high	OBSERVED_CLINICAL_ASSOCIATION
CD79b	ADC_TARGET_CD79B	High Grade B Cell Lymphoma	1	ADC_CANDIDATE_POLATUZUMAB_VEDOTIN	high	OBSERVED_CLINICAL_ASSOCIATION
CD79b	ADC_TARGET_CD79B	High Grade B-Cell Lymphoma	1	ADC_CANDIDATE_POLATUZUMAB_VEDOTIN	high	OBSERVED_CLINICAL_ASSOCIATION
CD79b	ADC_TARGET_CD79B	High Grade B-Cell Lymphoma With MYC and BCL2 and/or BCL6 Rearrangements	1	ADC_CANDIDATE_POLATUZUMAB_VEDOTIN	high	OBSERVED_CLINICAL_ASSOCIATION
CD79b	ADC_TARGET_CD79B	High Grade B-Cell Lymphoma With MYC and BCL2 or BCL6 Rearrangements	1	ADC_CANDIDATE_POLATUZUMAB_VEDOTIN	high	OBSERVED_CLINICAL_ASSOCIATION
CD79b	ADC_TARGET_CD79B	High Grade B-Cell Lymphoma With MYC, BCL2, and BCL6 Rearrangements	1	ADC_CANDIDATE_POLATUZUMAB_VEDOTIN	high	OBSERVED_CLINICAL_ASSOCIATION
CD79b	ADC_TARGET_CD79B	High Grade B-Cell Lymphoma w/MYC & BCL2 or BCL6 Rearrangements	1	ADC_CANDIDATE_POLATUZUMAB_VEDOTIN	high	OBSERVED_CLINICAL_ASSOCIATION
CD79b	ADC_TARGET_CD79B	High Grade B-Cell Lymphoma w/MYC, BCL2 & BCL6 Rearrangements	1	ADC_CANDIDATE_POLATUZUMAB_VEDOTIN	high	OBSERVED_CLINICAL_ASSOCIATION
CD79b	ADC_TARGET_CD79B	High Grade B-Cell Lymphoma, Not Otherwise Specified	1	ADC_CANDIDATE_POLATUZUMAB_VEDOTIN	high	OBSERVED_CLINICAL_ASSOCIATION
CD79b	ADC_TARGET_CD79B	High-grade B-cell Lymphoma	1	ADC_CANDIDATE_POLATUZUMAB_VEDOTIN	high	OBSERVED_CLINICAL_ASSOCIATION
CD79b	ADC_TARGET_CD79B	Hodgkin Lymphoma	1	ADC_CANDIDATE_POLATUZUMAB_VEDOTIN	high	OBSERVED_CLINICAL_ASSOCIATION
CD79b	ADC_TARGET_CD79B	Indolent B-Cell Non-Hodgkin Lymphoma	1	ADC_CANDIDATE_POLATUZUMAB_VEDOTIN	high	OBSERVED_CLINICAL_ASSOCIATION
CD79b	ADC_TARGET_CD79B	Indolent Non-Hodgkin Lymphoma	1	ADC_CANDIDATE_POLATUZUMAB_VEDOTIN	high	OBSERVED_CLINICAL_ASSOCIATION
CD79b	ADC_TARGET_CD79B	Large B-Cell Lymphoma	1	ADC_CANDIDATE_POLATUZUMAB_VEDOTIN	high	OBSERVED_CLINICAL_ASSOCIATION
CD79b	ADC_TARGET_CD79B	Large B-Cell Lymphoma (LBCL)	1	ADC_CANDIDATE_POLATUZUMAB_VEDOTIN	high	OBSERVED_CLINICAL_ASSOCIATION
CD79b	ADC_TARGET_CD79B	Large B-cell Lymphoma	1	ADC_CANDIDATE_POLATUZUMAB_VEDOTIN	high	OBSERVED_CLINICAL_ASSOCIATION
CD79b	ADC_TARGET_CD79B	Lymphoma	1	ADC_CANDIDATE_POLATUZUMAB_VEDOTIN	high	OBSERVED_CLINICAL_ASSOCIATION
CD79b	ADC_TARGET_CD79B	Lymphoma, B-Cell	1	ADC_CANDIDATE_POLATUZUMAB_VEDOTIN	high	OBSERVED_CLINICAL_ASSOCIATION
CD79b	ADC_TARGET_CD79B	Lymphoma, Follicular	1	ADC_CANDIDATE_POLATUZUMAB_VEDOTIN	high	OBSERVED_CLINICAL_ASSOCIATION
CD79b	ADC_TARGET_CD79B	Lymphoma, Large B-Cell, Diffuse	1	ADC_CANDIDATE_POLATUZUMAB_VEDOTIN	high	OBSERVED_CLINICAL_ASSOCIATION
CD79b	ADC_TARGET_CD79B	Lymphoma, Mantle-Cell	1	ADC_CANDIDATE_POLATUZUMAB_VEDOTIN	high	OBSERVED_CLINICAL_ASSOCIATION
CD79b	ADC_TARGET_CD79B	Lymphoma, Non Hodgkin	1	ADC_CANDIDATE_POLATUZUMAB_VEDOTIN	high	OBSERVED_CLINICAL_ASSOCIATION
CD79b	ADC_TARGET_CD79B	Mantle Cell Lymphoma	1	ADC_CANDIDATE_POLATUZUMAB_VEDOTIN	high	OBSERVED_CLINICAL_ASSOCIATION
CD79b	ADC_TARGET_CD79B	Marginal Zone Lymphoma	1	ADC_CANDIDATE_POLATUZUMAB_VEDOTIN	high	OBSERVED_CLINICAL_ASSOCIATION
CD79b	ADC_TARGET_CD79B	Non-Hodgkin Lymphoma	1	ADC_CANDIDATE_POLATUZUMAB_VEDOTIN	high	OBSERVED_CLINICAL_ASSOCIATION
CD79b	ADC_TARGET_CD79B	Non-Hodgkin's Lymphoma	1	ADC_CANDIDATE_POLATUZUMAB_VEDOTIN	high	OBSERVED_CLINICAL_ASSOCIATION
CD79b	ADC_TARGET_CD79B	Non-Hodgkins Lymphoma	1	ADC_CANDIDATE_POLATUZUMAB_VEDOTIN	high	OBSERVED_CLINICAL_ASSOCIATION
CD79b	ADC_TARGET_CD79B	Post-transplant Lymphoproliferative Disorder	1	ADC_CANDIDATE_POLATUZUMAB_VEDOTIN	high	OBSERVED_CLINICAL_ASSOCIATION
CD79b	ADC_TARGET_CD79B	Primary Mediastinal (Thymic) Large B-Cell Lymphoma	1	ADC_CANDIDATE_POLATUZUMAB_VEDOTIN	high	OBSERVED_CLINICAL_ASSOCIATION
CD79b	ADC_TARGET_CD79B	Primary Mediastinal Large B-Cell Lymphoma	1	ADC_CANDIDATE_POLATUZUMAB_VEDOTIN	high	OBSERVED_CLINICAL_ASSOCIATION
CD79b	ADC_TARGET_CD79B	Recurrent B-Cell Non-Hodgkin Lymphoma	1	ADC_CANDIDATE_POLATUZUMAB_VEDOTIN	high	OBSERVED_CLINICAL_ASSOCIATION
CD79b	ADC_TARGET_CD79B	Recurrent Diffuse Large B-Cell Lymphoma	1	ADC_CANDIDATE_POLATUZUMAB_VEDOTIN	high	OBSERVED_CLINICAL_ASSOCIATION
CD79b	ADC_TARGET_CD79B	Recurrent Extranodal Marginal Zone Lymphoma of Mucosa-Associated Lymphoid Tissue	1	ADC_CANDIDATE_POLATUZUMAB_VEDOTIN	high	OBSERVED_CLINICAL_ASSOCIATION
CD79b	ADC_TARGET_CD79B	Recurrent Grade 1 Follicular Lymphoma	1	ADC_CANDIDATE_POLATUZUMAB_VEDOTIN	high	OBSERVED_CLINICAL_ASSOCIATION
CD79b	ADC_TARGET_CD79B	Recurrent Grade 2 Follicular Lymphoma	1	ADC_CANDIDATE_POLATUZUMAB_VEDOTIN	high	OBSERVED_CLINICAL_ASSOCIATION
CD79b	ADC_TARGET_CD79B	Recurrent Grade 3a Follicular Lymphoma	1	ADC_CANDIDATE_POLATUZUMAB_VEDOTIN	high	OBSERVED_CLINICAL_ASSOCIATION
CD79b	ADC_TARGET_CD79B	Recurrent Mantle Cell Lymphoma	1	ADC_CANDIDATE_POLATUZUMAB_VEDOTIN	high	OBSERVED_CLINICAL_ASSOCIATION
CD79b	ADC_TARGET_CD79B	Recurrent Marginal Zone Lymphoma	1	ADC_CANDIDATE_POLATUZUMAB_VEDOTIN	high	OBSERVED_CLINICAL_ASSOCIATION
CD79b	ADC_TARGET_CD79B	Recurrent Nodal Marginal Zone Lymphoma	1	ADC_CANDIDATE_POLATUZUMAB_VEDOTIN	high	OBSERVED_CLINICAL_ASSOCIATION
CD79b	ADC_TARGET_CD79B	Recurrent Primary Mediastinal (Thymic) Large B-Cell Cell Lymphoma	1	ADC_CANDIDATE_POLATUZUMAB_VEDOTIN	high	OBSERVED_CLINICAL_ASSOCIATION
CD79b	ADC_TARGET_CD79B	Recurrent Small Lymphocytic Lymphoma	1	ADC_CANDIDATE_POLATUZUMAB_VEDOTIN	high	OBSERVED_CLINICAL_ASSOCIATION
CD79b	ADC_TARGET_CD79B	Recurrent Splenic Marginal Zone Lymphoma	1	ADC_CANDIDATE_POLATUZUMAB_VEDOTIN	high	OBSERVED_CLINICAL_ASSOCIATION
CD79b	ADC_TARGET_CD79B	Recurrent Transformed B-Cell Non-Hodgkin Lymphoma	1	ADC_CANDIDATE_POLATUZUMAB_VEDOTIN	high	OBSERVED_CLINICAL_ASSOCIATION
CD79b	ADC_TARGET_CD79B	Refractory B-Cell Non-Hodgkin Lymphoma	1	ADC_CANDIDATE_POLATUZUMAB_VEDOTIN	high	OBSERVED_CLINICAL_ASSOCIATION
CD79b	ADC_TARGET_CD79B	Refractory Diffuse Large B-Cell Lymphoma	1	ADC_CANDIDATE_POLATUZUMAB_VEDOTIN	high	OBSERVED_CLINICAL_ASSOCIATION
CD79b	ADC_TARGET_CD79B	Refractory Extranodal Marginal Zone Lymphoma of Mucosa-Associated Lymphoid Tissue	1	ADC_CANDIDATE_POLATUZUMAB_VEDOTIN	high	OBSERVED_CLINICAL_ASSOCIATION
CD79b	ADC_TARGET_CD79B	Refractory Grade 1 Follicular Lymphoma	1	ADC_CANDIDATE_POLATUZUMAB_VEDOTIN	high	OBSERVED_CLINICAL_ASSOCIATION
CD79b	ADC_TARGET_CD79B	Refractory Grade 2 Follicular Lymphoma	1	ADC_CANDIDATE_POLATUZUMAB_VEDOTIN	high	OBSERVED_CLINICAL_ASSOCIATION
CD79b	ADC_TARGET_CD79B	Refractory Grade 3a Follicular Lymphoma	1	ADC_CANDIDATE_POLATUZUMAB_VEDOTIN	high	OBSERVED_CLINICAL_ASSOCIATION
CD79b	ADC_TARGET_CD79B	Refractory Mantle Cell Lymphoma	1	ADC_CANDIDATE_POLATUZUMAB_VEDOTIN	high	OBSERVED_CLINICAL_ASSOCIATION
CD79b	ADC_TARGET_CD79B	Refractory Marginal Zone Lymphoma	1	ADC_CANDIDATE_POLATUZUMAB_VEDOTIN	high	OBSERVED_CLINICAL_ASSOCIATION
CD79b	ADC_TARGET_CD79B	Refractory Nodal Marginal Zone Lymphoma	1	ADC_CANDIDATE_POLATUZUMAB_VEDOTIN	high	OBSERVED_CLINICAL_ASSOCIATION
CD79b	ADC_TARGET_CD79B	Refractory Non-Hodgkin Lymphoma	1	ADC_CANDIDATE_POLATUZUMAB_VEDOTIN	high	OBSERVED_CLINICAL_ASSOCIATION
CD79b	ADC_TARGET_CD79B	Refractory Primary Mediastinal (Thymic) Large B-Cell Cell Lymphoma	1	ADC_CANDIDATE_POLATUZUMAB_VEDOTIN	high	OBSERVED_CLINICAL_ASSOCIATION
CD79b	ADC_TARGET_CD79B	Refractory Small Lymphocytic Lymphoma	1	ADC_CANDIDATE_POLATUZUMAB_VEDOTIN	high	OBSERVED_CLINICAL_ASSOCIATION
CD79b	ADC_TARGET_CD79B	Refractory Splenic Marginal Zone Lymphoma	1	ADC_CANDIDATE_POLATUZUMAB_VEDOTIN	high	OBSERVED_CLINICAL_ASSOCIATION
CD79b	ADC_TARGET_CD79B	Refractory Transformed B-Cell Non-Hodgkin Lymphoma	1	ADC_CANDIDATE_POLATUZUMAB_VEDOTIN	high	OBSERVED_CLINICAL_ASSOCIATION
CD79b	ADC_TARGET_CD79B	Refractory or Relapsed Diffuse Large B Cell Lymphoma	1	ADC_CANDIDATE_POLATUZUMAB_VEDOTIN	high	OBSERVED_CLINICAL_ASSOCIATION
CD79b	ADC_TARGET_CD79B	Relapsed B-Cell Non-Hodgkin Lymphoma	1	ADC_CANDIDATE_POLATUZUMAB_VEDOTIN	high	OBSERVED_CLINICAL_ASSOCIATION
CD79b	ADC_TARGET_CD79B	Relapsed B-cell NHL	1	ADC_CANDIDATE_POLATUZUMAB_VEDOTIN	high	OBSERVED_CLINICAL_ASSOCIATION
CD79b	ADC_TARGET_CD79B	Relapsed Diffuse Large B-cell Lymphoma	1	ADC_CANDIDATE_POLATUZUMAB_VEDOTIN	high	OBSERVED_CLINICAL_ASSOCIATION
CD79b	ADC_TARGET_CD79B	Relapsed Non Hodgkin Lymphoma	1	ADC_CANDIDATE_POLATUZUMAB_VEDOTIN	high	OBSERVED_CLINICAL_ASSOCIATION
CD79b	ADC_TARGET_CD79B	Relapsed and Refractory DLBCL	1	ADC_CANDIDATE_POLATUZUMAB_VEDOTIN	high	OBSERVED_CLINICAL_ASSOCIATION
CD79b	ADC_TARGET_CD79B	Relapsed or Refractory Diffuse Large B-Cell Lymphoma	1	ADC_CANDIDATE_POLATUZUMAB_VEDOTIN	high	OBSERVED_CLINICAL_ASSOCIATION
CD79b	ADC_TARGET_CD79B	Relapsed or Refractory Follicular Lymphoma, Relapsed or Refractory Diffuse Large B-Cell Lymphoma	1	ADC_CANDIDATE_POLATUZUMAB_VEDOTIN	high	OBSERVED_CLINICAL_ASSOCIATION
CD79b	ADC_TARGET_CD79B	Richter Syndrome	1	ADC_CANDIDATE_POLATUZUMAB_VEDOTIN	high	OBSERVED_CLINICAL_ASSOCIATION
CD79b	ADC_TARGET_CD79B	Richter's Transformation	1	ADC_CANDIDATE_POLATUZUMAB_VEDOTIN	high	OBSERVED_CLINICAL_ASSOCIATION
CD79b	ADC_TARGET_CD79B	Safety Issues	1	ADC_CANDIDATE_POLATUZUMAB_VEDOTIN	high	OBSERVED_CLINICAL_ASSOCIATION
CD79b	ADC_TARGET_CD79B	T-Cell/Histiocyte-Rich Large B-Cell Lymphoma	1	ADC_CANDIDATE_POLATUZUMAB_VEDOTIN	high	OBSERVED_CLINICAL_ASSOCIATION
CD79b	ADC_TARGET_CD79B	Transformed Follic Lymph to Diff Large B-Cell Lymphoma	1	ADC_CANDIDATE_POLATUZUMAB_VEDOTIN	high	OBSERVED_CLINICAL_ASSOCIATION
CD79b	ADC_TARGET_CD79B	Transformed Indolent B-Cell Non-Hodgkin Lymphoma to Diffuse Large B-Cell Lymphoma	1	ADC_CANDIDATE_POLATUZUMAB_VEDOTIN	high	OBSERVED_CLINICAL_ASSOCIATION
CD79b	ADC_TARGET_CD79B	Transformed Marg Zone Lymph to Diff Large B-Cell Lymphoma	1	ADC_CANDIDATE_POLATUZUMAB_VEDOTIN	high	OBSERVED_CLINICAL_ASSOCIATION
CD79b	ADC_TARGET_CD79B	Transformed Marginal Zone Lymphoma to Diffuse Large B-Cell Lymphoma	1	ADC_CANDIDATE_POLATUZUMAB_VEDOTIN	high	OBSERVED_CLINICAL_ASSOCIATION
CD79b	ADC_TARGET_CD79B	Transformed Non-Hodgkin Lymphoma	1	ADC_CANDIDATE_POLATUZUMAB_VEDOTIN	high	OBSERVED_CLINICAL_ASSOCIATION
Folate receptor alpha	ADC_TARGET_FOLATERECEPTORALPHA	Advanced High-Grade Epithelial Ovarian Cancer	1	ADC_CANDIDATE_MIRVETUXIMAB_SORAVTANSINE	high	OBSERVED_CLINICAL_ASSOCIATION
Folate receptor alpha	ADC_TARGET_FOLATERECEPTORALPHA	Anatomic Stage II Breast Cancer AJCC v8	1	ADC_CANDIDATE_MIRVETUXIMAB_SORAVTANSINE	high	OBSERVED_CLINICAL_ASSOCIATION
Folate receptor alpha	ADC_TARGET_FOLATERECEPTORALPHA	Anatomic Stage IIA Breast Cancer AJCC v8	1	ADC_CANDIDATE_MIRVETUXIMAB_SORAVTANSINE	high	OBSERVED_CLINICAL_ASSOCIATION
Folate receptor alpha	ADC_TARGET_FOLATERECEPTORALPHA	Anatomic Stage IIB Breast Cancer AJCC v8	1	ADC_CANDIDATE_MIRVETUXIMAB_SORAVTANSINE	high	OBSERVED_CLINICAL_ASSOCIATION
Folate receptor alpha	ADC_TARGET_FOLATERECEPTORALPHA	Anatomic Stage III Breast Cancer AJCC v8	1	ADC_CANDIDATE_MIRVETUXIMAB_SORAVTANSINE	high	OBSERVED_CLINICAL_ASSOCIATION
Folate receptor alpha	ADC_TARGET_FOLATERECEPTORALPHA	Anatomic Stage IIIA Breast Cancer AJCC v8	1	ADC_CANDIDATE_MIRVETUXIMAB_SORAVTANSINE	high	OBSERVED_CLINICAL_ASSOCIATION
Folate receptor alpha	ADC_TARGET_FOLATERECEPTORALPHA	Anatomic Stage IIIB Breast Cancer AJCC v8	1	ADC_CANDIDATE_MIRVETUXIMAB_SORAVTANSINE	high	OBSERVED_CLINICAL_ASSOCIATION
Folate receptor alpha	ADC_TARGET_FOLATERECEPTORALPHA	Anatomic Stage IIIC Breast Cancer AJCC v8	1	ADC_CANDIDATE_MIRVETUXIMAB_SORAVTANSINE	high	OBSERVED_CLINICAL_ASSOCIATION
Folate receptor alpha	ADC_TARGET_FOLATERECEPTORALPHA	Anatomic Stage IV Breast Cancer AJCC v8	1	ADC_CANDIDATE_MIRVETUXIMAB_SORAVTANSINE	high	OBSERVED_CLINICAL_ASSOCIATION
Folate receptor alpha	ADC_TARGET_FOLATERECEPTORALPHA	BRCA1 Gene Mutation	1	ADC_CANDIDATE_MIRVETUXIMAB_SORAVTANSINE	high	OBSERVED_CLINICAL_ASSOCIATION
Folate receptor alpha	ADC_TARGET_FOLATERECEPTORALPHA	BRCA2 Gene Mutation	1	ADC_CANDIDATE_MIRVETUXIMAB_SORAVTANSINE	high	OBSERVED_CLINICAL_ASSOCIATION
Folate receptor alpha	ADC_TARGET_FOLATERECEPTORALPHA	Breast Cancer Triple Negative	1	ADC_CANDIDATE_MIRVETUXIMAB_SORAVTANSINE	high	OBSERVED_CLINICAL_ASSOCIATION
Folate receptor alpha	ADC_TARGET_FOLATERECEPTORALPHA	Endometrial Adenocarcinoma	1	ADC_CANDIDATE_MIRVETUXIMAB_SORAVTANSINE	high	OBSERVED_CLINICAL_ASSOCIATION
Folate receptor alpha	ADC_TARGET_FOLATERECEPTORALPHA	Endometrial Cancer	1	ADC_CANDIDATE_MIRVETUXIMAB_SORAVTANSINE	high	OBSERVED_CLINICAL_ASSOCIATION
Folate receptor alpha	ADC_TARGET_FOLATERECEPTORALPHA	Endometrial Clear Cell Adenocarcinoma	1	ADC_CANDIDATE_MIRVETUXIMAB_SORAVTANSINE	high	OBSERVED_CLINICAL_ASSOCIATION
Folate receptor alpha	ADC_TARGET_FOLATERECEPTORALPHA	Endometrial Serous Adenocarcinoma	1	ADC_CANDIDATE_MIRVETUXIMAB_SORAVTANSINE	high	OBSERVED_CLINICAL_ASSOCIATION
Folate receptor alpha	ADC_TARGET_FOLATERECEPTORALPHA	Epithelial Ovarian Cancer	1	ADC_CANDIDATE_MIRVETUXIMAB_SORAVTANSINE	high	OBSERVED_CLINICAL_ASSOCIATION
Folate receptor alpha	ADC_TARGET_FOLATERECEPTORALPHA	Estrogen Receptor Negative	1	ADC_CANDIDATE_MIRVETUXIMAB_SORAVTANSINE	high	OBSERVED_CLINICAL_ASSOCIATION
Folate receptor alpha	ADC_TARGET_FOLATERECEPTORALPHA	Fallopian Tube	1	ADC_CANDIDATE_MIRVETUXIMAB_SORAVTANSINE	high	OBSERVED_CLINICAL_ASSOCIATION
Folate receptor alpha	ADC_TARGET_FOLATERECEPTORALPHA	Fallopian Tube Cancer	1	ADC_CANDIDATE_MIRVETUXIMAB_SORAVTANSINE	high	OBSERVED_CLINICAL_ASSOCIATION
Folate receptor alpha	ADC_TARGET_FOLATERECEPTORALPHA	Fallopian Tube Cancers	1	ADC_CANDIDATE_MIRVETUXIMAB_SORAVTANSINE	high	OBSERVED_CLINICAL_ASSOCIATION
Folate receptor alpha	ADC_TARGET_FOLATERECEPTORALPHA	Fallopian Tube Neoplasms	1	ADC_CANDIDATE_MIRVETUXIMAB_SORAVTANSINE	high	OBSERVED_CLINICAL_ASSOCIATION
Folate receptor alpha	ADC_TARGET_FOLATERECEPTORALPHA	Folate Receptor Alpha Positive	1	ADC_CANDIDATE_MIRVETUXIMAB_SORAVTANSINE	high	OBSERVED_CLINICAL_ASSOCIATION
Folate receptor alpha	ADC_TARGET_FOLATERECEPTORALPHA	Folate Receptor-Alpha Positive	1	ADC_CANDIDATE_MIRVETUXIMAB_SORAVTANSINE	high	OBSERVED_CLINICAL_ASSOCIATION
Folate receptor alpha	ADC_TARGET_FOLATERECEPTORALPHA	HER2/Neu Negative	1	ADC_CANDIDATE_MIRVETUXIMAB_SORAVTANSINE	high	OBSERVED_CLINICAL_ASSOCIATION
Folate receptor alpha	ADC_TARGET_FOLATERECEPTORALPHA	High Grade Ovarian Cancer	1	ADC_CANDIDATE_MIRVETUXIMAB_SORAVTANSINE	high	OBSERVED_CLINICAL_ASSOCIATION
Folate receptor alpha	ADC_TARGET_FOLATERECEPTORALPHA	Neoadjuvant	1	ADC_CANDIDATE_MIRVETUXIMAB_SORAVTANSINE	high	OBSERVED_CLINICAL_ASSOCIATION
Folate receptor alpha	ADC_TARGET_FOLATERECEPTORALPHA	Neoplasm Metastasis	1	ADC_CANDIDATE_MIRVETUXIMAB_SORAVTANSINE	high	OBSERVED_CLINICAL_ASSOCIATION
Folate receptor alpha	ADC_TARGET_FOLATERECEPTORALPHA	Ovarian Cancer	1	ADC_CANDIDATE_MIRVETUXIMAB_SORAVTANSINE	high	OBSERVED_CLINICAL_ASSOCIATION
Folate receptor alpha	ADC_TARGET_FOLATERECEPTORALPHA	Ovarian Neoplasms	1	ADC_CANDIDATE_MIRVETUXIMAB_SORAVTANSINE	high	OBSERVED_CLINICAL_ASSOCIATION
Folate receptor alpha	ADC_TARGET_FOLATERECEPTORALPHA	Ovary Cancer	1	ADC_CANDIDATE_MIRVETUXIMAB_SORAVTANSINE	high	OBSERVED_CLINICAL_ASSOCIATION
Folate receptor alpha	ADC_TARGET_FOLATERECEPTORALPHA	PROC	1	ADC_CANDIDATE_MIRVETUXIMAB_SORAVTANSINE	high	OBSERVED_CLINICAL_ASSOCIATION
Folate receptor alpha	ADC_TARGET_FOLATERECEPTORALPHA	Peritoneal Cancer	1	ADC_CANDIDATE_MIRVETUXIMAB_SORAVTANSINE	high	OBSERVED_CLINICAL_ASSOCIATION
Folate receptor alpha	ADC_TARGET_FOLATERECEPTORALPHA	Peritoneal Neoplasms	1	ADC_CANDIDATE_MIRVETUXIMAB_SORAVTANSINE	high	OBSERVED_CLINICAL_ASSOCIATION
Folate receptor alpha	ADC_TARGET_FOLATERECEPTORALPHA	Platinum Resistant Ovarian Cancer	1	ADC_CANDIDATE_MIRVETUXIMAB_SORAVTANSINE	high	OBSERVED_CLINICAL_ASSOCIATION
Folate receptor alpha	ADC_TARGET_FOLATERECEPTORALPHA	Primary Peritoneal Cancer	1	ADC_CANDIDATE_MIRVETUXIMAB_SORAVTANSINE	high	OBSERVED_CLINICAL_ASSOCIATION
Folate receptor alpha	ADC_TARGET_FOLATERECEPTORALPHA	Primary Peritoneal Carcinoma	1	ADC_CANDIDATE_MIRVETUXIMAB_SORAVTANSINE	high	OBSERVED_CLINICAL_ASSOCIATION
Folate receptor alpha	ADC_TARGET_FOLATERECEPTORALPHA	Progesterone Receptor Negative	1	ADC_CANDIDATE_MIRVETUXIMAB_SORAVTANSINE	high	OBSERVED_CLINICAL_ASSOCIATION
Folate receptor alpha	ADC_TARGET_FOLATERECEPTORALPHA	Prognostic Stage II Breast Cancer AJCC v8	1	ADC_CANDIDATE_MIRVETUXIMAB_SORAVTANSINE	high	OBSERVED_CLINICAL_ASSOCIATION
Folate receptor alpha	ADC_TARGET_FOLATERECEPTORALPHA	Prognostic Stage IIA Breast Cancer AJCC v8	1	ADC_CANDIDATE_MIRVETUXIMAB_SORAVTANSINE	high	OBSERVED_CLINICAL_ASSOCIATION
Folate receptor alpha	ADC_TARGET_FOLATERECEPTORALPHA	Prognostic Stage IIB Breast Cancer AJCC v8	1	ADC_CANDIDATE_MIRVETUXIMAB_SORAVTANSINE	high	OBSERVED_CLINICAL_ASSOCIATION
Folate receptor alpha	ADC_TARGET_FOLATERECEPTORALPHA	Prognostic Stage III Breast Cancer AJCC v8	1	ADC_CANDIDATE_MIRVETUXIMAB_SORAVTANSINE	high	OBSERVED_CLINICAL_ASSOCIATION
Folate receptor alpha	ADC_TARGET_FOLATERECEPTORALPHA	Prognostic Stage IIIA Breast Cancer AJCC v8	1	ADC_CANDIDATE_MIRVETUXIMAB_SORAVTANSINE	high	OBSERVED_CLINICAL_ASSOCIATION
Folate receptor alpha	ADC_TARGET_FOLATERECEPTORALPHA	Prognostic Stage IIIB Breast Cancer AJCC v8	1	ADC_CANDIDATE_MIRVETUXIMAB_SORAVTANSINE	high	OBSERVED_CLINICAL_ASSOCIATION
Folate receptor alpha	ADC_TARGET_FOLATERECEPTORALPHA	Prognostic Stage IIIC Breast Cancer AJCC v8	1	ADC_CANDIDATE_MIRVETUXIMAB_SORAVTANSINE	high	OBSERVED_CLINICAL_ASSOCIATION
Folate receptor alpha	ADC_TARGET_FOLATERECEPTORALPHA	Prognostic Stage IV Breast Cancer AJCC v8	1	ADC_CANDIDATE_MIRVETUXIMAB_SORAVTANSINE	high	OBSERVED_CLINICAL_ASSOCIATION
Folate receptor alpha	ADC_TARGET_FOLATERECEPTORALPHA	Recurrent Breast Carcinoma	1	ADC_CANDIDATE_MIRVETUXIMAB_SORAVTANSINE	high	OBSERVED_CLINICAL_ASSOCIATION
Folate receptor alpha	ADC_TARGET_FOLATERECEPTORALPHA	Recurrent Epithelial Ovarian, Fallopian or Peritoneal Carcinoma	1	ADC_CANDIDATE_MIRVETUXIMAB_SORAVTANSINE	high	OBSERVED_CLINICAL_ASSOCIATION
Folate receptor alpha	ADC_TARGET_FOLATERECEPTORALPHA	Recurrent Fallopian Tube Carcinoma	1	ADC_CANDIDATE_MIRVETUXIMAB_SORAVTANSINE	high	OBSERVED_CLINICAL_ASSOCIATION
Folate receptor alpha	ADC_TARGET_FOLATERECEPTORALPHA	Recurrent Ovarian Cancer	1	ADC_CANDIDATE_MIRVETUXIMAB_SORAVTANSINE	high	OBSERVED_CLINICAL_ASSOCIATION
Folate receptor alpha	ADC_TARGET_FOLATERECEPTORALPHA	Recurrent Ovarian Carcinoma	1	ADC_CANDIDATE_MIRVETUXIMAB_SORAVTANSINE	high	OBSERVED_CLINICAL_ASSOCIATION
Folate receptor alpha	ADC_TARGET_FOLATERECEPTORALPHA	Recurrent Primary Peritoneal Carcinoma	1	ADC_CANDIDATE_MIRVETUXIMAB_SORAVTANSINE	high	OBSERVED_CLINICAL_ASSOCIATION
Folate receptor alpha	ADC_TARGET_FOLATERECEPTORALPHA	Recurrent Uterine Carcinosarcoma	1	ADC_CANDIDATE_MIRVETUXIMAB_SORAVTANSINE	high	OBSERVED_CLINICAL_ASSOCIATION
Folate receptor alpha	ADC_TARGET_FOLATERECEPTORALPHA	Recurrent Uterine Corpus Carcinoma	1	ADC_CANDIDATE_MIRVETUXIMAB_SORAVTANSINE	high	OBSERVED_CLINICAL_ASSOCIATION
Folate receptor alpha	ADC_TARGET_FOLATERECEPTORALPHA	Recurrent Uterine Serous Carcinoma	1	ADC_CANDIDATE_MIRVETUXIMAB_SORAVTANSINE	high	OBSERVED_CLINICAL_ASSOCIATION
Folate receptor alpha	ADC_TARGET_FOLATERECEPTORALPHA	Triple-Negative Breast Carcinoma	1	ADC_CANDIDATE_MIRVETUXIMAB_SORAVTANSINE	high	OBSERVED_CLINICAL_ASSOCIATION
Folate receptor alpha	ADC_TARGET_FOLATERECEPTORALPHA	Tumors	1	ADC_CANDIDATE_MIRVETUXIMAB_SORAVTANSINE	high	OBSERVED_CLINICAL_ASSOCIATION
HER2	ADC_TARGET_HER2	Accelerated Phase Chronic Myelogenous Leukemia, BCR-ABL1 Positive	1	ADC_CANDIDATE_TRASTUZUMAB_EMTANSINE	high	OBSERVED_CLINICAL_ASSOCIATION
HER2	ADC_TARGET_HER2	Adenocarcinoma (NOS)	1	ADC_CANDIDATE_TRASTUZUMAB_DERUXTECAN	high	OBSERVED_CLINICAL_ASSOCIATION
HER2	ADC_TARGET_HER2	Adenocarcinoma - GEJ	1	ADC_CANDIDATE_TRASTUZUMAB_DERUXTECAN	high	OBSERVED_CLINICAL_ASSOCIATION
HER2	ADC_TARGET_HER2	Adenocarcinoma Gastric Stage IV With Metastases	1	ADC_CANDIDATE_TRASTUZUMAB_DERUXTECAN	high	OBSERVED_CLINICAL_ASSOCIATION
HER2	ADC_TARGET_HER2	Adenocarcinoma of the Colon	1	ADC_CANDIDATE_TRASTUZUMAB_DERUXTECAN	high	OBSERVED_CLINICAL_ASSOCIATION
HER2	ADC_TARGET_HER2	Adenocarcinoma of the Rectum	1	ADC_CANDIDATE_TRASTUZUMAB_DERUXTECAN	high	OBSERVED_CLINICAL_ASSOCIATION
HER2	ADC_TARGET_HER2	Adenocarcinoma, Gastric	1	ADC_CANDIDATE_TRASTUZUMAB_DERUXTECAN	high	OBSERVED_CLINICAL_ASSOCIATION
HER2	ADC_TARGET_HER2	Advanced Colon Carcinoma	1	ADC_CANDIDATE_TRASTUZUMAB_DERUXTECAN	high	OBSERVED_CLINICAL_ASSOCIATION
HER2	ADC_TARGET_HER2	Advanced Colorectal Cancer	1	ADC_CANDIDATE_TRASTUZUMAB_DERUXTECAN	high	OBSERVED_CLINICAL_ASSOCIATION
HER2	ADC_TARGET_HER2	Advanced Colorectal Carcinoma	1	ADC_CANDIDATE_TRASTUZUMAB_DERUXTECAN	high	OBSERVED_CLINICAL_ASSOCIATION
HER2	ADC_TARGET_HER2	Advanced Endometrial Carcinoma	1	ADC_CANDIDATE_TRASTUZUMAB_DERUXTECAN	high	OBSERVED_CLINICAL_ASSOCIATION
HER2	ADC_TARGET_HER2	Advanced Gastric Cancer	1	ADC_CANDIDATE_DISITAMAB_VEDOTIN	high	OBSERVED_CLINICAL_ASSOCIATION
HER2	ADC_TARGET_HER2	Advanced Gastric Carcinoma	1	ADC_CANDIDATE_TRASTUZUMAB_DERUXTECAN	high	OBSERVED_CLINICAL_ASSOCIATION
HER2	ADC_TARGET_HER2	Advanced Gastroesophageal Adenocarcinoma	1	ADC_CANDIDATE_DISITAMAB_VEDOTIN	high	OBSERVED_CLINICAL_ASSOCIATION
HER2	ADC_TARGET_HER2	Advanced Melanoma	1	ADC_CANDIDATE_DISITAMAB_VEDOTIN	high	OBSERVED_CLINICAL_ASSOCIATION
HER2	ADC_TARGET_HER2	Advanced Pancreatic Ductal Adenocarcinoma	1	ADC_CANDIDATE_TRASTUZUMAB_DERUXTECAN	high	OBSERVED_CLINICAL_ASSOCIATION
HER2	ADC_TARGET_HER2	Advanced Salivary Gland Carcinoma	1	ADC_CANDIDATE_TRASTUZUMAB_DERUXTECAN	high	OBSERVED_CLINICAL_ASSOCIATION
HER2	ADC_TARGET_HER2	Advanced Solid Malignancies	1	ADC_CANDIDATE_TRASTUZUMAB_DERUXTECAN	high	OBSERVED_CLINICAL_ASSOCIATION
HER2	ADC_TARGET_HER2	Advanced Solid Tumors (Excluding Gastric Cancer and Breast Cancer)	1	ADC_CANDIDATE_TRASTUZUMAB_DERUXTECAN	high	OBSERVED_CLINICAL_ASSOCIATION
HER2	ADC_TARGET_HER2	Advanced Solid Tumors With HER2 Mutation,eg:Colorectal,Urothelial,Gastric, Hepatobiliary,Endometrial,Melanoma,Ovarian,Cervical,Salivary Gland,Pancreatic,Breast	1	ADC_CANDIDATE_TRASTUZUMAB_DERUXTECAN	high	OBSERVED_CLINICAL_ASSOCIATION
HER2	ADC_TARGET_HER2	Advanced Stage Breast Cancer	1	ADC_CANDIDATE_TRASTUZUMAB_DERUXTECAN	high	OBSERVED_CLINICAL_ASSOCIATION
HER2	ADC_TARGET_HER2	Advanced Unresectable or Metastatic Solid Malignancy	1	ADC_CANDIDATE_TRASTUZUMAB_EMTANSINE	high	OBSERVED_CLINICAL_ASSOCIATION
HER2	ADC_TARGET_HER2	Advanced Urothelial Carcinoma	1	ADC_CANDIDATE_DISITAMAB_VEDOTIN	high	OBSERVED_CLINICAL_ASSOCIATION
HER2	ADC_TARGET_HER2	Advanced or Metastatic Breast Cancer	1	ADC_CANDIDATE_TRASTUZUMAB_DERUXTECAN	high	OBSERVED_CLINICAL_ASSOCIATION
HER2	ADC_TARGET_HER2	Advanced/Metastatic Breast Cancer	1	ADC_CANDIDATE_TRASTUZUMAB_DERUXTECAN	high	OBSERVED_CLINICAL_ASSOCIATION
HER2	ADC_TARGET_HER2	Anal Cancer	1	ADC_CANDIDATE_TRASTUZUMAB_DERUXTECAN	high	OBSERVED_CLINICAL_ASSOCIATION
HER2	ADC_TARGET_HER2	Anatomic Stage I Breast Cancer AJCC v8	1	ADC_CANDIDATE_TRASTUZUMAB_EMTANSINE	high	OBSERVED_CLINICAL_ASSOCIATION
HER2	ADC_TARGET_HER2	Anemia	1	ADC_CANDIDATE_TRASTUZUMAB_EMTANSINE	high	OBSERVED_CLINICAL_ASSOCIATION
HER2	ADC_TARGET_HER2	Ann Arbor Stage III Hodgkin Lymphoma	1	ADC_CANDIDATE_TRASTUZUMAB_EMTANSINE	high	OBSERVED_CLINICAL_ASSOCIATION
HER2	ADC_TARGET_HER2	Ann Arbor Stage III Non-Hodgkin Lymphoma	1	ADC_CANDIDATE_TRASTUZUMAB_EMTANSINE	high	OBSERVED_CLINICAL_ASSOCIATION
HER2	ADC_TARGET_HER2	Ann Arbor Stage IV Hodgkin Lymphoma	1	ADC_CANDIDATE_TRASTUZUMAB_EMTANSINE	high	OBSERVED_CLINICAL_ASSOCIATION
HER2	ADC_TARGET_HER2	Ann Arbor Stage IV Non-Hodgkin Lymphoma	1	ADC_CANDIDATE_TRASTUZUMAB_EMTANSINE	high	OBSERVED_CLINICAL_ASSOCIATION
HER2	ADC_TARGET_HER2	Antibody-drug Conjugates	1	ADC_CANDIDATE_DISITAMAB_VEDOTIN	high	OBSERVED_CLINICAL_ASSOCIATION
HER2	ADC_TARGET_HER2	Atypical Chronic Myeloid Leukemia, BCR-ABL1 Negative	1	ADC_CANDIDATE_TRASTUZUMAB_EMTANSINE	high	OBSERVED_CLINICAL_ASSOCIATION
HER2	ADC_TARGET_HER2	BREAST CANCER	1	ADC_CANDIDATE_TRASTUZUMAB_DERUXTECAN	high	OBSERVED_CLINICAL_ASSOCIATION
HER2	ADC_TARGET_HER2	Basal Like	1	ADC_CANDIDATE_TRASTUZUMAB_DERUXTECAN	high	OBSERVED_CLINICAL_ASSOCIATION
HER2	ADC_TARGET_HER2	Bile Duct Adenocarcinoma Non-Resectable	1	ADC_CANDIDATE_DISITAMAB_VEDOTIN	high	OBSERVED_CLINICAL_ASSOCIATION
HER2	ADC_TARGET_HER2	Biliary Carcinoma	1	ADC_CANDIDATE_DISITAMAB_VEDOTIN	high	OBSERVED_CLINICAL_ASSOCIATION
HER2	ADC_TARGET_HER2	Bladder (Urothelial, Transitional Cell) Cancer	1	ADC_CANDIDATE_DISITAMAB_VEDOTIN	high	OBSERVED_CLINICAL_ASSOCIATION
HER2	ADC_TARGET_HER2	Bladder Urothelial Carcinoma	1	ADC_CANDIDATE_DISITAMAB_VEDOTIN	high	OBSERVED_CLINICAL_ASSOCIATION
HER2	ADC_TARGET_HER2	Blast Phase Chronic Myelogenous Leukemia, BCR-ABL1 Positive	1	ADC_CANDIDATE_TRASTUZUMAB_EMTANSINE	high	OBSERVED_CLINICAL_ASSOCIATION
HER2	ADC_TARGET_HER2	Brain Cancer	1	ADC_CANDIDATE_TRASTUZUMAB_DERUXTECAN	high	OBSERVED_CLINICAL_ASSOCIATION
HER2	ADC_TARGET_HER2	Breast Advanced Malignancies	1	ADC_CANDIDATE_TRASTUZUMAB_DERUXTECAN	high	OBSERVED_CLINICAL_ASSOCIATION
HER2	ADC_TARGET_HER2	Breast Cancer Stage IV	1	ADC_CANDIDATE_TRASTUZUMAB_DERUXTECAN	high	OBSERVED_CLINICAL_ASSOCIATION
HER2	ADC_TARGET_HER2	Breast Cancer With Bone Metastasis	1	ADC_CANDIDATE_TRASTUZUMAB_DERUXTECAN	high	OBSERVED_CLINICAL_ASSOCIATION
HER2	ADC_TARGET_HER2	Breast Cancer With Brain Metastasis	1	ADC_CANDIDATE_TRASTUZUMAB_DERUXTECAN	high	OBSERVED_CLINICAL_ASSOCIATION
HER2	ADC_TARGET_HER2	Breast Cancer With Metastatic Bone Disease	1	ADC_CANDIDATE_TRASTUZUMAB_DERUXTECAN	high	OBSERVED_CLINICAL_ASSOCIATION
HER2	ADC_TARGET_HER2	Breast Diseases	1	ADC_CANDIDATE_DISITAMAB_VEDOTIN	high	OBSERVED_CLINICAL_ASSOCIATION
HER2	ADC_TARGET_HER2	CDK12 Gene Mutation	1	ADC_CANDIDATE_DISITAMAB_VEDOTIN	high	OBSERVED_CLINICAL_ASSOCIATION
HER2	ADC_TARGET_HER2	CRPC	1	ADC_CANDIDATE_TRASTUZUMAB_DERUXTECAN	high	OBSERVED_CLINICAL_ASSOCIATION
HER2	ADC_TARGET_HER2	Cancer Metastatic	1	ADC_CANDIDATE_TRASTUZUMAB_DERUXTECAN	high	OBSERVED_CLINICAL_ASSOCIATION
HER2	ADC_TARGET_HER2	Capecitabine	1	ADC_CANDIDATE_DISITAMAB_VEDOTIN	high	OBSERVED_CLINICAL_ASSOCIATION
HER2	ADC_TARGET_HER2	Carcinoma	1	ADC_CANDIDATE_DISITAMAB_VEDOTIN	high	OBSERVED_CLINICAL_ASSOCIATION
HER2	ADC_TARGET_HER2	Castration-Resistant Prostate Carcinoma	1	ADC_CANDIDATE_TRASTUZUMAB_EMTANSINE	high	OBSERVED_CLINICAL_ASSOCIATION
HER2	ADC_TARGET_HER2	Castration-resistant Prostate Cancer	1	ADC_CANDIDATE_DISITAMAB_VEDOTIN	high	OBSERVED_CLINICAL_ASSOCIATION
HER2	ADC_TARGET_HER2	Chemotherapy-induced Alopecia	1	ADC_CANDIDATE_TRASTUZUMAB_DERUXTECAN	high	OBSERVED_CLINICAL_ASSOCIATION
HER2	ADC_TARGET_HER2	Cholangiocellular Carcinoma	1	ADC_CANDIDATE_TRASTUZUMAB_EMTANSINE	high	OBSERVED_CLINICAL_ASSOCIATION
HER2	ADC_TARGET_HER2	Chronic Phase Chronic Myelogenous Leukemia, BCR-ABL1 Positive	1	ADC_CANDIDATE_TRASTUZUMAB_EMTANSINE	high	OBSERVED_CLINICAL_ASSOCIATION
HER2	ADC_TARGET_HER2	Clinical Stage III Gastric Cancer AJCC v8	1	ADC_CANDIDATE_TRASTUZUMAB_DERUXTECAN	high	OBSERVED_CLINICAL_ASSOCIATION
HER2	ADC_TARGET_HER2	Clinical Stage III Gastroesophageal Junction Adenocarcinoma AJCC v8	1	ADC_CANDIDATE_TRASTUZUMAB_DERUXTECAN	high	OBSERVED_CLINICAL_ASSOCIATION
HER2	ADC_TARGET_HER2	Clinical Stage IV Gastric Cancer AJCC v8	1	ADC_CANDIDATE_TRASTUZUMAB_DERUXTECAN	high	OBSERVED_CLINICAL_ASSOCIATION
HER2	ADC_TARGET_HER2	Clinical Stage IV Gastroesophageal Junction Adenocarcinoma AJCC v8	1	ADC_CANDIDATE_TRASTUZUMAB_DERUXTECAN	high	OBSERVED_CLINICAL_ASSOCIATION
HER2	ADC_TARGET_HER2	Colon Cancer Adenocarcinoma	1	ADC_CANDIDATE_TRASTUZUMAB_DERUXTECAN	high	OBSERVED_CLINICAL_ASSOCIATION
HER2	ADC_TARGET_HER2	Colon Cancer Metastatic	1	ADC_CANDIDATE_TRASTUZUMAB_DERUXTECAN	high	OBSERVED_CLINICAL_ASSOCIATION
HER2	ADC_TARGET_HER2	Colorectal Adenocarcinoma	1	ADC_CANDIDATE_TRASTUZUMAB_DERUXTECAN	high	OBSERVED_CLINICAL_ASSOCIATION
HER2	ADC_TARGET_HER2	Colorectal Cancer (CRC)	1	ADC_CANDIDATE_TRASTUZUMAB_DERUXTECAN	high	OBSERVED_CLINICAL_ASSOCIATION
HER2	ADC_TARGET_HER2	Colorectal Neoplasm	1	ADC_CANDIDATE_TRASTUZUMAB_DERUXTECAN	high	OBSERVED_CLINICAL_ASSOCIATION
HER2	ADC_TARGET_HER2	Colorectal Neoplasms	1	ADC_CANDIDATE_DISITAMAB_VEDOTIN	high	OBSERVED_CLINICAL_ASSOCIATION
HER2	ADC_TARGET_HER2	Cutaneous Melanoma	1	ADC_CANDIDATE_TRASTUZUMAB_DERUXTECAN	high	OBSERVED_CLINICAL_ASSOCIATION
HER2	ADC_TARGET_HER2	Desmoplastic Small Round Cell Tumor	1	ADC_CANDIDATE_TRASTUZUMAB_DERUXTECAN	high	OBSERVED_CLINICAL_ASSOCIATION
HER2	ADC_TARGET_HER2	Disitamab Vedotin	1	ADC_CANDIDATE_DISITAMAB_VEDOTIN	high	OBSERVED_CLINICAL_ASSOCIATION
HER2	ADC_TARGET_HER2	Drug-Related Side Effects and Adverse Reactions	1	ADC_CANDIDATE_TRASTUZUMAB_DERUXTECAN	high	OBSERVED_CLINICAL_ASSOCIATION
HER2	ADC_TARGET_HER2	Dynamic Tumor Resistance	1	ADC_CANDIDATE_TRASTUZUMAB_DERUXTECAN	high	OBSERVED_CLINICAL_ASSOCIATION
HER2	ADC_TARGET_HER2	ER Positive Breast Cancer	1	ADC_CANDIDATE_TRASTUZUMAB_DERUXTECAN	high	OBSERVED_CLINICAL_ASSOCIATION
HER2	ADC_TARGET_HER2	ER-Negative Breast Cancer	1	ADC_CANDIDATE_TRASTUZUMAB_EMTANSINE	high	OBSERVED_CLINICAL_ASSOCIATION
HER2	ADC_TARGET_HER2	ER-positive Breast Cancer	1	ADC_CANDIDATE_TRASTUZUMAB_DERUXTECAN	high	OBSERVED_CLINICAL_ASSOCIATION
HER2	ADC_TARGET_HER2	ERBB2 Gene Duplication	1	ADC_CANDIDATE_DISITAMAB_VEDOTIN	high	OBSERVED_CLINICAL_ASSOCIATION
HER2	ADC_TARGET_HER2	ERBB2 Mutation-Related Tumors	1	ADC_CANDIDATE_DISITAMAB_VEDOTIN	high	OBSERVED_CLINICAL_ASSOCIATION
HER2	ADC_TARGET_HER2	Early-Stage Breast Carcinoma	1	ADC_CANDIDATE_TRASTUZUMAB_EMTANSINE	high	OBSERVED_CLINICAL_ASSOCIATION
HER2	ADC_TARGET_HER2	Endometrial Neoplasms	1	ADC_CANDIDATE_DISITAMAB_VEDOTIN	high	OBSERVED_CLINICAL_ASSOCIATION
HER2	ADC_TARGET_HER2	Esophagogastric Adenocarcinoma	1	ADC_CANDIDATE_TRASTUZUMAB_DERUXTECAN	high	OBSERVED_CLINICAL_ASSOCIATION
HER2	ADC_TARGET_HER2	Estrogen Receptor Positive Tumor	1	ADC_CANDIDATE_TRASTUZUMAB_DERUXTECAN	high	OBSERVED_CLINICAL_ASSOCIATION
HER2	ADC_TARGET_HER2	Extramammary Paget Disease	1	ADC_CANDIDATE_DISITAMAB_VEDOTIN	high	OBSERVED_CLINICAL_ASSOCIATION
HER2	ADC_TARGET_HER2	GC/GEJC	1	ADC_CANDIDATE_DISITAMAB_VEDOTIN	high	OBSERVED_CLINICAL_ASSOCIATION
HER2	ADC_TARGET_HER2	Gall Bladder Cancer	1	ADC_CANDIDATE_TRASTUZUMAB_DERUXTECAN	high	OBSERVED_CLINICAL_ASSOCIATION
HER2	ADC_TARGET_HER2	Gastric Adenocarcinoma	1	ADC_CANDIDATE_TRASTUZUMAB_DERUXTECAN	high	OBSERVED_CLINICAL_ASSOCIATION
HER2	ADC_TARGET_HER2	Gastric Cancer, Adenocarcinoma	1	ADC_CANDIDATE_TRASTUZUMAB_DERUXTECAN	high	OBSERVED_CLINICAL_ASSOCIATION
HER2	ADC_TARGET_HER2	Gastric Cancer/Gastroesophageal Junction Adenocarcinoma	1	ADC_CANDIDATE_DISITAMAB_VEDOTIN	high	OBSERVED_CLINICAL_ASSOCIATION
HER2	ADC_TARGET_HER2	Gastric or Gastroesophageal Junction (GEJ) Adenocarcinoma	1	ADC_CANDIDATE_TRASTUZUMAB_DERUXTECAN	high	OBSERVED_CLINICAL_ASSOCIATION
HER2	ADC_TARGET_HER2	Gastroesophageal Adenocarcinoma	1	ADC_CANDIDATE_TRASTUZUMAB_DERUXTECAN	high	OBSERVED_CLINICAL_ASSOCIATION
HER2	ADC_TARGET_HER2	Gastroesophageal-junction Cancer	1	ADC_CANDIDATE_TRASTUZUMAB_DERUXTECAN	high	OBSERVED_CLINICAL_ASSOCIATION
HER2	ADC_TARGET_HER2	Gastrointestinal Stromal Tumour	1	ADC_CANDIDATE_TRASTUZUMAB_DERUXTECAN	high	OBSERVED_CLINICAL_ASSOCIATION
HER2	ADC_TARGET_HER2	Gastrooesophageal Cancer	1	ADC_CANDIDATE_TRASTUZUMAB_DERUXTECAN	high	OBSERVED_CLINICAL_ASSOCIATION
HER2	ADC_TARGET_HER2	Glioblastoma	1	ADC_CANDIDATE_TRASTUZUMAB_DERUXTECAN	high	OBSERVED_CLINICAL_ASSOCIATION
HER2	ADC_TARGET_HER2	Gynecological Malignancy	1	ADC_CANDIDATE_DISITAMAB_VEDOTIN	high	OBSERVED_CLINICAL_ASSOCIATION
HER2	ADC_TARGET_HER2	HER 2 Low-expressing Breast Cancer	1	ADC_CANDIDATE_TRASTUZUMAB_DERUXTECAN	high	OBSERVED_CLINICAL_ASSOCIATION
HER2	ADC_TARGET_HER2	HER-2 Positive Breast Cancer	1	ADC_CANDIDATE_TRASTUZUMAB_EMTANSINE	high	OBSERVED_CLINICAL_ASSOCIATION
HER2	ADC_TARGET_HER2	HER2 Expression	1	ADC_CANDIDATE_DISITAMAB_VEDOTIN	high	OBSERVED_CLINICAL_ASSOCIATION
HER2	ADC_TARGET_HER2	HER2 Low Breast Adenocarcinoma	1	ADC_CANDIDATE_TRASTUZUMAB_DERUXTECAN	high	OBSERVED_CLINICAL_ASSOCIATION
HER2	ADC_TARGET_HER2	HER2 Low Breast Cancer	1	ADC_CANDIDATE_TRASTUZUMAB_DERUXTECAN	high	OBSERVED_CLINICAL_ASSOCIATION
HER2	ADC_TARGET_HER2	HER2 Low Breast Carcinoma	1	ADC_CANDIDATE_TRASTUZUMAB_DERUXTECAN	high	OBSERVED_CLINICAL_ASSOCIATION
HER2	ADC_TARGET_HER2	HER2 Low Breast Neoplasms	1	ADC_CANDIDATE_DISITAMAB_VEDOTIN	high	OBSERVED_CLINICAL_ASSOCIATION
HER2	ADC_TARGET_HER2	HER2 Mutation-Related Tumors	1	ADC_CANDIDATE_TRASTUZUMAB_DERUXTECAN	high	OBSERVED_CLINICAL_ASSOCIATION
HER2	ADC_TARGET_HER2	HER2 Negative Breast Cancer	1	ADC_CANDIDATE_TRASTUZUMAB_DERUXTECAN	high	OBSERVED_CLINICAL_ASSOCIATION
HER2	ADC_TARGET_HER2	HER2 Overexpressing Gastric Carcinoma	1	ADC_CANDIDATE_DISITAMAB_VEDOTIN	high	OBSERVED_CLINICAL_ASSOCIATION
HER2	ADC_TARGET_HER2	HER2 Overexpression	1	ADC_CANDIDATE_TRASTUZUMAB_DERUXTECAN	high	OBSERVED_CLINICAL_ASSOCIATION
HER2	ADC_TARGET_HER2	HER2 Positive Breast Cancer, Metastatic Breast Cancer, Locally Advanced Breast Cancer	1	ADC_CANDIDATE_TRASTUZUMAB_EMTANSINE	high	OBSERVED_CLINICAL_ASSOCIATION
HER2	ADC_TARGET_HER2	HER2 Positive Newly Diagnosed Metastatic Esophageal, Gastric, GEJ Cancer Patients With an ECOG Performance Status of 2	1	ADC_CANDIDATE_TRASTUZUMAB_DERUXTECAN	high	OBSERVED_CLINICAL_ASSOCIATION
HER2	ADC_TARGET_HER2	HER2+ Advanced Breast Cancer Patients Progressing on TKI Therapy	1	ADC_CANDIDATE_TRASTUZUMAB_EMTANSINE	high	OBSERVED_CLINICAL_ASSOCIATION
HER2	ADC_TARGET_HER2	HER2+, Low, or Ultralow Advanced/Metastatic Breast Cancer	1	ADC_CANDIDATE_TRASTUZUMAB_DERUXTECAN	high	OBSERVED_CLINICAL_ASSOCIATION
HER2	ADC_TARGET_HER2	HER2-(Ultra)Low Expressing Breast Cancer	1	ADC_CANDIDATE_TRASTUZUMAB_DERUXTECAN	high	OBSERVED_CLINICAL_ASSOCIATION
HER2	ADC_TARGET_HER2	HER2-Positive Breast Carcinoma	1	ADC_CANDIDATE_TRASTUZUMAB_DERUXTECAN	high	OBSERVED_CLINICAL_ASSOCIATION
HER2	ADC_TARGET_HER2	HER2-Positive Primary Breast Cancer	1	ADC_CANDIDATE_TRASTUZUMAB_DERUXTECAN	high	OBSERVED_CLINICAL_ASSOCIATION
HER2	ADC_TARGET_HER2	HER2-Positive Primary Breast Cancer Participants With Residual Invasive Disease Following Neoadjuvant Therapy	1	ADC_CANDIDATE_TRASTUZUMAB_EMTANSINE	high	OBSERVED_CLINICAL_ASSOCIATION
HER2	ADC_TARGET_HER2	HER2-Positive Solid Tumors	1	ADC_CANDIDATE_DISITAMAB_VEDOTIN	high	OBSERVED_CLINICAL_ASSOCIATION
HER2	ADC_TARGET_HER2	HER2-expressing	1	ADC_CANDIDATE_DISITAMAB_VEDOTIN	high	OBSERVED_CLINICAL_ASSOCIATION
HER2	ADC_TARGET_HER2	HER2-expressing High-risk or Very High-risk NMIBC Without Visible Foci of Disease After TURBT	1	ADC_CANDIDATE_DISITAMAB_VEDOTIN	high	OBSERVED_CLINICAL_ASSOCIATION
HER2	ADC_TARGET_HER2	HER2-low Expressing Breast Cancer	1	ADC_CANDIDATE_TRASTUZUMAB_DERUXTECAN	high	OBSERVED_CLINICAL_ASSOCIATION
HER2	ADC_TARGET_HER2	HER2-low Hormone Receptor Positive Breast Cancer	1	ADC_CANDIDATE_TRASTUZUMAB_DERUXTECAN	high	OBSERVED_CLINICAL_ASSOCIATION
HER2	ADC_TARGET_HER2	HER2-low or HER2-ultralow	1	ADC_CANDIDATE_TRASTUZUMAB_DERUXTECAN	high	OBSERVED_CLINICAL_ASSOCIATION
HER2	ADC_TARGET_HER2	HER2-low-expressing Gastric Cancer	1	ADC_CANDIDATE_DISITAMAB_VEDOTIN	high	OBSERVED_CLINICAL_ASSOCIATION
HER2	ADC_TARGET_HER2	HER2-mutant Non-Small Cell Lung Cancer	1	ADC_CANDIDATE_TRASTUZUMAB_DERUXTECAN	high	OBSERVED_CLINICAL_ASSOCIATION
HER2	ADC_TARGET_HER2	HER2-positive Advanced Breast Cancer	1	ADC_CANDIDATE_TRASTUZUMAB_EMTANSINE	high	OBSERVED_CLINICAL_ASSOCIATION
HER2	ADC_TARGET_HER2	HER2-positive Advanced Breast With Liver Metastases	1	ADC_CANDIDATE_DISITAMAB_VEDOTIN	high	OBSERVED_CLINICAL_ASSOCIATION
HER2	ADC_TARGET_HER2	HER2-positive Advanced Gastric Cancer	1	ADC_CANDIDATE_TRASTUZUMAB_DERUXTECAN	high	OBSERVED_CLINICAL_ASSOCIATION
HER2	ADC_TARGET_HER2	HER2-positive Advanced Gastric Cancer or Gastroesophageal Junction Adenocarcinoma	1	ADC_CANDIDATE_DISITAMAB_VEDOTIN	high	OBSERVED_CLINICAL_ASSOCIATION
HER2	ADC_TARGET_HER2	HER2-positive Gastroesophageal Junction	1	ADC_CANDIDATE_TRASTUZUMAB_DERUXTECAN	high	OBSERVED_CLINICAL_ASSOCIATION
HER2	ADC_TARGET_HER2	HER2/Neu Positive	1	ADC_CANDIDATE_TRASTUZUMAB_EMTANSINE	high	OBSERVED_CLINICAL_ASSOCIATION
HER2	ADC_TARGET_HER2	HER2/Neu-positive Breast Cancer	1	ADC_CANDIDATE_TRASTUZUMAB_DERUXTECAN	high	OBSERVED_CLINICAL_ASSOCIATION
HER2	ADC_TARGET_HER2	HR Positive/HER2 Low Expression Metastatic Breast Cancer	1	ADC_CANDIDATE_DISITAMAB_VEDOTIN	high	OBSERVED_CLINICAL_ASSOCIATION
HER2	ADC_TARGET_HER2	HRR Deficiency	1	ADC_CANDIDATE_TRASTUZUMAB_DERUXTECAN	high	OBSERVED_CLINICAL_ASSOCIATION
HER2	ADC_TARGET_HER2	Head and Neck Cancer	1	ADC_CANDIDATE_TRASTUZUMAB_DERUXTECAN	high	OBSERVED_CLINICAL_ASSOCIATION
HER2	ADC_TARGET_HER2	Head and Neck Neoplasms	1	ADC_CANDIDATE_DISITAMAB_VEDOTIN	high	OBSERVED_CLINICAL_ASSOCIATION
HER2	ADC_TARGET_HER2	Hematopoietic and Lymphoid System Neoplasm	1	ADC_CANDIDATE_TRASTUZUMAB_EMTANSINE	high	OBSERVED_CLINICAL_ASSOCIATION
HER2	ADC_TARGET_HER2	Hepatocellular Carcinoma (HCC)	1	ADC_CANDIDATE_TRASTUZUMAB_DERUXTECAN	high	OBSERVED_CLINICAL_ASSOCIATION
HER2	ADC_TARGET_HER2	Her2 Enriched	1	ADC_CANDIDATE_TRASTUZUMAB_DERUXTECAN	high	OBSERVED_CLINICAL_ASSOCIATION
HER2	ADC_TARGET_HER2	Her2 Overexpressing High-Risk Non-Muscle Invasive Bladder Urothelial Carcinoma	1	ADC_CANDIDATE_DISITAMAB_VEDOTIN	high	OBSERVED_CLINICAL_ASSOCIATION
HER2	ADC_TARGET_HER2	Her2/Neu Positive Advanced Solid Tumors	1	ADC_CANDIDATE_TRASTUZUMAB_DERUXTECAN	high	OBSERVED_CLINICAL_ASSOCIATION
HER2	ADC_TARGET_HER2	High-risk Non-muscle Invasive Bladder Cancer	1	ADC_CANDIDATE_DISITAMAB_VEDOTIN	high	OBSERVED_CLINICAL_ASSOCIATION
HER2	ADC_TARGET_HER2	Homologous Recombination Deficiency	1	ADC_CANDIDATE_TRASTUZUMAB_DERUXTECAN	high	OBSERVED_CLINICAL_ASSOCIATION
HER2	ADC_TARGET_HER2	Hormone Receptor Negative Breast Cancer	1	ADC_CANDIDATE_TRASTUZUMAB_EMTANSINE	high	OBSERVED_CLINICAL_ASSOCIATION
HER2	ADC_TARGET_HER2	Hormone Receptor Negative Breast Carcinoma	1	ADC_CANDIDATE_TRASTUZUMAB_DERUXTECAN	high	OBSERVED_CLINICAL_ASSOCIATION
HER2	ADC_TARGET_HER2	Hormone Receptor Positive	1	ADC_CANDIDATE_TRASTUZUMAB_DERUXTECAN	high	OBSERVED_CLINICAL_ASSOCIATION
HER2	ADC_TARGET_HER2	Hormone Receptor Positive Breast Carcinoma	1	ADC_CANDIDATE_TRASTUZUMAB_DERUXTECAN	high	OBSERVED_CLINICAL_ASSOCIATION
HER2	ADC_TARGET_HER2	Hormone Receptor-positive Breast Cancer	1	ADC_CANDIDATE_TRASTUZUMAB_DERUXTECAN	high	OBSERVED_CLINICAL_ASSOCIATION
HER2	ADC_TARGET_HER2	Human Epidermal Growth Factor 2 Negative Carcinoma of Breast	1	ADC_CANDIDATE_TRASTUZUMAB_EMTANSINE	high	OBSERVED_CLINICAL_ASSOCIATION
HER2	ADC_TARGET_HER2	Immune Checkpoint Inhibitors	1	ADC_CANDIDATE_DISITAMAB_VEDOTIN	high	OBSERVED_CLINICAL_ASSOCIATION
HER2	ADC_TARGET_HER2	Immunotherapy	1	ADC_CANDIDATE_DISITAMAB_VEDOTIN	high	OBSERVED_CLINICAL_ASSOCIATION
HER2	ADC_TARGET_HER2	Inflammatory Breast Cancer	1	ADC_CANDIDATE_TRASTUZUMAB_EMTANSINE	high	OBSERVED_CLINICAL_ASSOCIATION
HER2	ADC_TARGET_HER2	Inflammatory Breast Cancer Stage III	1	ADC_CANDIDATE_TRASTUZUMAB_DERUXTECAN	high	OBSERVED_CLINICAL_ASSOCIATION
HER2	ADC_TARGET_HER2	Invasive Breast Cancer	1	ADC_CANDIDATE_TRASTUZUMAB_DERUXTECAN	high	OBSERVED_CLINICAL_ASSOCIATION
HER2	ADC_TARGET_HER2	Lenvatinib	1	ADC_CANDIDATE_DISITAMAB_VEDOTIN	high	OBSERVED_CLINICAL_ASSOCIATION
HER2	ADC_TARGET_HER2	Leptomeningeal Metastasis	1	ADC_CANDIDATE_TRASTUZUMAB_DERUXTECAN	high	OBSERVED_CLINICAL_ASSOCIATION
HER2	ADC_TARGET_HER2	Liver Cancer	1	ADC_CANDIDATE_TRASTUZUMAB_DERUXTECAN	high	OBSERVED_CLINICAL_ASSOCIATION
HER2	ADC_TARGET_HER2	Locally Advanced Breast Carcinoma	1	ADC_CANDIDATE_TRASTUZUMAB_DERUXTECAN	high	OBSERVED_CLINICAL_ASSOCIATION
HER2	ADC_TARGET_HER2	Locally Advanced Gastric Carcinoma	1	ADC_CANDIDATE_TRASTUZUMAB_DERUXTECAN	high	OBSERVED_CLINICAL_ASSOCIATION
HER2	ADC_TARGET_HER2	Locally Advanced Gastroesophageal Junction Adenocarcinoma	1	ADC_CANDIDATE_TRASTUZUMAB_DERUXTECAN	high	OBSERVED_CLINICAL_ASSOCIATION
HER2	ADC_TARGET_HER2	Locally Advanced Lung Non-Small Cell Carcinoma	1	ADC_CANDIDATE_TRASTUZUMAB_DERUXTECAN	high	OBSERVED_CLINICAL_ASSOCIATION
HER2	ADC_TARGET_HER2	Locally Advanced Malignant Solid Neoplasm	1	ADC_CANDIDATE_TRASTUZUMAB_DERUXTECAN	high	OBSERVED_CLINICAL_ASSOCIATION
HER2	ADC_TARGET_HER2	Locally Advanced Pancreatic Adenocarcinoma	1	ADC_CANDIDATE_TRASTUZUMAB_EMTANSINE	high	OBSERVED_CLINICAL_ASSOCIATION
HER2	ADC_TARGET_HER2	Locally Advanced or Metastatic Non-Small Cell Lung Cancer	1	ADC_CANDIDATE_TRASTUZUMAB_DERUXTECAN	high	OBSERVED_CLINICAL_ASSOCIATION
HER2	ADC_TARGET_HER2	Low Expression of HER2	1	ADC_CANDIDATE_TRASTUZUMAB_DERUXTECAN	high	OBSERVED_CLINICAL_ASSOCIATION
HER2	ADC_TARGET_HER2	Luminal B	1	ADC_CANDIDATE_TRASTUZUMAB_DERUXTECAN	high	OBSERVED_CLINICAL_ASSOCIATION
HER2	ADC_TARGET_HER2	Lymphoma, Non-Hodgkin	1	ADC_CANDIDATE_TRASTUZUMAB_DERUXTECAN	high	OBSERVED_CLINICAL_ASSOCIATION
HER2	ADC_TARGET_HER2	MIBC	1	ADC_CANDIDATE_DISITAMAB_VEDOTIN	high	OBSERVED_CLINICAL_ASSOCIATION
HER2	ADC_TARGET_HER2	Malignant Hepatobiliary Neoplasm	1	ADC_CANDIDATE_TRASTUZUMAB_DERUXTECAN	high	OBSERVED_CLINICAL_ASSOCIATION
HER2	ADC_TARGET_HER2	Malignant Neoplasm of Breast	1	ADC_CANDIDATE_TRASTUZUMAB_DERUXTECAN	high	OBSERVED_CLINICAL_ASSOCIATION
HER2	ADC_TARGET_HER2	Mammary or Extramammary Paget's Disease	1	ADC_CANDIDATE_DISITAMAB_VEDOTIN	high	OBSERVED_CLINICAL_ASSOCIATION
HER2	ADC_TARGET_HER2	Melanoma, Stage II	1	ADC_CANDIDATE_DISITAMAB_VEDOTIN	high	OBSERVED_CLINICAL_ASSOCIATION
HER2	ADC_TARGET_HER2	Metastatic Breast Cancer, HER2 Negative Primary Tumor	1	ADC_CANDIDATE_TRASTUZUMAB_EMTANSINE	high	OBSERVED_CLINICAL_ASSOCIATION
HER2	ADC_TARGET_HER2	Metastatic Castration-resistant Prostate Cancer	1	ADC_CANDIDATE_DISITAMAB_VEDOTIN	high	OBSERVED_CLINICAL_ASSOCIATION
HER2	ADC_TARGET_HER2	Metastatic Colon Carcinoma	1	ADC_CANDIDATE_TRASTUZUMAB_DERUXTECAN	high	OBSERVED_CLINICAL_ASSOCIATION
HER2	ADC_TARGET_HER2	Metastatic Colorectal Carcinoma	1	ADC_CANDIDATE_TRASTUZUMAB_DERUXTECAN	high	OBSERVED_CLINICAL_ASSOCIATION
HER2	ADC_TARGET_HER2	Metastatic Endometrial Carcinoma	1	ADC_CANDIDATE_TRASTUZUMAB_DERUXTECAN	high	OBSERVED_CLINICAL_ASSOCIATION
HER2	ADC_TARGET_HER2	Metastatic Gastric Carcinoma	1	ADC_CANDIDATE_TRASTUZUMAB_DERUXTECAN	high	OBSERVED_CLINICAL_ASSOCIATION
HER2	ADC_TARGET_HER2	Metastatic Gastroesophageal Junction Adenocarcinoma	1	ADC_CANDIDATE_TRASTUZUMAB_DERUXTECAN	high	OBSERVED_CLINICAL_ASSOCIATION
HER2	ADC_TARGET_HER2	Metastatic HER2-Low Breast Carcinoma	1	ADC_CANDIDATE_TRASTUZUMAB_DERUXTECAN	high	OBSERVED_CLINICAL_ASSOCIATION
HER2	ADC_TARGET_HER2	Metastatic HER2-positive Breast Cancer With Brain Metastasis	1	ADC_CANDIDATE_TRASTUZUMAB_EMTANSINE	high	OBSERVED_CLINICAL_ASSOCIATION
HER2	ADC_TARGET_HER2	Metastatic Hormone Receptor-Positive Breast Carcinoma	1	ADC_CANDIDATE_TRASTUZUMAB_DERUXTECAN	high	OBSERVED_CLINICAL_ASSOCIATION
HER2	ADC_TARGET_HER2	Metastatic Lung Non-Small Cell Carcinoma	1	ADC_CANDIDATE_TRASTUZUMAB_DERUXTECAN	high	OBSERVED_CLINICAL_ASSOCIATION
HER2	ADC_TARGET_HER2	Metastatic Pancreatic Ductal Adenocarcinoma	1	ADC_CANDIDATE_TRASTUZUMAB_DERUXTECAN	high	OBSERVED_CLINICAL_ASSOCIATION
HER2	ADC_TARGET_HER2	Metastatic Triple-Negative Breast Carcinoma	1	ADC_CANDIDATE_TRASTUZUMAB_DERUXTECAN	high	OBSERVED_CLINICAL_ASSOCIATION
HER2	ADC_TARGET_HER2	Mouth Cancer	1	ADC_CANDIDATE_TRASTUZUMAB_DERUXTECAN	high	OBSERVED_CLINICAL_ASSOCIATION
HER2	ADC_TARGET_HER2	Multifocal Breast Carcinoma	1	ADC_CANDIDATE_TRASTUZUMAB_EMTANSINE	high	OBSERVED_CLINICAL_ASSOCIATION
HER2	ADC_TARGET_HER2	Muscle Invasive Bladder Cancer	1	ADC_CANDIDATE_DISITAMAB_VEDOTIN	high	OBSERVED_CLINICAL_ASSOCIATION
HER2	ADC_TARGET_HER2	Muscle Invasive Bladder Cancer (MIBC)	1	ADC_CANDIDATE_DISITAMAB_VEDOTIN	high	OBSERVED_CLINICAL_ASSOCIATION
HER2	ADC_TARGET_HER2	Muscle Invasive Bladder Carcinoma	1	ADC_CANDIDATE_DISITAMAB_VEDOTIN	high	OBSERVED_CLINICAL_ASSOCIATION
HER2	ADC_TARGET_HER2	Muscle-Invasive Bladder Carcinoma	1	ADC_CANDIDATE_DISITAMAB_VEDOTIN	high	OBSERVED_CLINICAL_ASSOCIATION
HER2	ADC_TARGET_HER2	Muscle-invasive Bladder Cancer	1	ADC_CANDIDATE_DISITAMAB_VEDOTIN	high	OBSERVED_CLINICAL_ASSOCIATION
HER2	ADC_TARGET_HER2	Muscle-invasive Bladder Urothelial Carcinoma	1	ADC_CANDIDATE_DISITAMAB_VEDOTIN	high	OBSERVED_CLINICAL_ASSOCIATION
HER2	ADC_TARGET_HER2	Myelodysplastic/Myeloproliferative Neoplasm With Ring Sideroblasts and Thrombocytosis	1	ADC_CANDIDATE_TRASTUZUMAB_EMTANSINE	high	OBSERVED_CLINICAL_ASSOCIATION
HER2	ADC_TARGET_HER2	Myelodysplastic/Myeloproliferative Neoplasm, Unclassifiable	1	ADC_CANDIDATE_TRASTUZUMAB_EMTANSINE	high	OBSERVED_CLINICAL_ASSOCIATION
HER2	ADC_TARGET_HER2	NMIBC	1	ADC_CANDIDATE_DISITAMAB_VEDOTIN	high	OBSERVED_CLINICAL_ASSOCIATION
HER2	ADC_TARGET_HER2	Nasopharangeal Cancer	1	ADC_CANDIDATE_TRASTUZUMAB_DERUXTECAN	high	OBSERVED_CLINICAL_ASSOCIATION
HER2	ADC_TARGET_HER2	Neoadjuvant Immunotherapy	1	ADC_CANDIDATE_DISITAMAB_VEDOTIN	high	OBSERVED_CLINICAL_ASSOCIATION
HER2	ADC_TARGET_HER2	Neoadjuvant Therapy	1	ADC_CANDIDATE_DISITAMAB_VEDOTIN	high	OBSERVED_CLINICAL_ASSOCIATION
HER2	ADC_TARGET_HER2	Neoadjuvant Treatment of Her2-positive Muscle-invasive Bladder Cance	1	ADC_CANDIDATE_DISITAMAB_VEDOTIN	high	OBSERVED_CLINICAL_ASSOCIATION
HER2	ADC_TARGET_HER2	Neoplasia	1	ADC_CANDIDATE_TRASTUZUMAB_EMTANSINE	high	OBSERVED_CLINICAL_ASSOCIATION
HER2	ADC_TARGET_HER2	Neoplasm, Breast	1	ADC_CANDIDATE_TRASTUZUMAB_DERUXTECAN	high	OBSERVED_CLINICAL_ASSOCIATION
HER2	ADC_TARGET_HER2	Neoplasm, Gastrointestinal	1	ADC_CANDIDATE_TRASTUZUMAB_DERUXTECAN	high	OBSERVED_CLINICAL_ASSOCIATION
HER2	ADC_TARGET_HER2	Neoplasms	1	ADC_CANDIDATE_TRASTUZUMAB_EMTANSINE	high	OBSERVED_CLINICAL_ASSOCIATION
HER2	ADC_TARGET_HER2	Neuroendocrine, Gastrointestinal Cancer	1	ADC_CANDIDATE_TRASTUZUMAB_DERUXTECAN	high	OBSERVED_CLINICAL_ASSOCIATION
HER2	ADC_TARGET_HER2	Node-negative Breast Cancer	1	ADC_CANDIDATE_TRASTUZUMAB_EMTANSINE	high	OBSERVED_CLINICAL_ASSOCIATION
HER2	ADC_TARGET_HER2	Non-Muscle Invasive Bladder Cancer	1	ADC_CANDIDATE_DISITAMAB_VEDOTIN	high	OBSERVED_CLINICAL_ASSOCIATION
HER2	ADC_TARGET_HER2	Non-Muscle-Invasive Bladder Cancer (NMIBC)	1	ADC_CANDIDATE_DISITAMAB_VEDOTIN	high	OBSERVED_CLINICAL_ASSOCIATION
HER2	ADC_TARGET_HER2	Non-Small Cell Lung Cancer Stage IIIA	1	ADC_CANDIDATE_TRASTUZUMAB_DERUXTECAN	high	OBSERVED_CLINICAL_ASSOCIATION
HER2	ADC_TARGET_HER2	Non-Small Cell Lung Cancer Stage IIIB	1	ADC_CANDIDATE_TRASTUZUMAB_DERUXTECAN	high	OBSERVED_CLINICAL_ASSOCIATION
HER2	ADC_TARGET_HER2	Non-muscle Invasive Bladder Cancer	1	ADC_CANDIDATE_DISITAMAB_VEDOTIN	high	OBSERVED_CLINICAL_ASSOCIATION
HER2	ADC_TARGET_HER2	Non-small Cell Lung Cancer Stage II	1	ADC_CANDIDATE_TRASTUZUMAB_DERUXTECAN	high	OBSERVED_CLINICAL_ASSOCIATION
HER2	ADC_TARGET_HER2	Non-small Cell Lung Carcinoma	1	ADC_CANDIDATE_TRASTUZUMAB_DERUXTECAN	high	OBSERVED_CLINICAL_ASSOCIATION
HER2	ADC_TARGET_HER2	Objective Response Rate	1	ADC_CANDIDATE_TRASTUZUMAB_EMTANSINE	high	OBSERVED_CLINICAL_ASSOCIATION
HER2	ADC_TARGET_HER2	Oligometastatic Disease	1	ADC_CANDIDATE_TRASTUZUMAB_EMTANSINE	high	OBSERVED_CLINICAL_ASSOCIATION
HER2	ADC_TARGET_HER2	Osteosarcoma	1	ADC_CANDIDATE_TRASTUZUMAB_DERUXTECAN	high	OBSERVED_CLINICAL_ASSOCIATION
HER2	ADC_TARGET_HER2	Ovarian Cancer Recurrent	1	ADC_CANDIDATE_DISITAMAB_VEDOTIN	high	OBSERVED_CLINICAL_ASSOCIATION
HER2	ADC_TARGET_HER2	Ovarian Neoplasms	1	ADC_CANDIDATE_DISITAMAB_VEDOTIN	high	OBSERVED_CLINICAL_ASSOCIATION
HER2	ADC_TARGET_HER2	Ovary Cancer	1	ADC_CANDIDATE_DISITAMAB_VEDOTIN	high	OBSERVED_CLINICAL_ASSOCIATION
HER2	ADC_TARGET_HER2	PD-1	1	ADC_CANDIDATE_DISITAMAB_VEDOTIN	high	OBSERVED_CLINICAL_ASSOCIATION
HER2	ADC_TARGET_HER2	PR-Negative Breast Cancer	1	ADC_CANDIDATE_TRASTUZUMAB_EMTANSINE	high	OBSERVED_CLINICAL_ASSOCIATION
HER2	ADC_TARGET_HER2	PR-positive Breast Cancer	1	ADC_CANDIDATE_TRASTUZUMAB_DERUXTECAN	high	OBSERVED_CLINICAL_ASSOCIATION
HER2	ADC_TARGET_HER2	Paget Disease, Extramammary	1	ADC_CANDIDATE_DISITAMAB_VEDOTIN	high	OBSERVED_CLINICAL_ASSOCIATION
HER2	ADC_TARGET_HER2	Pancreas Cancer	1	ADC_CANDIDATE_TRASTUZUMAB_EMTANSINE	high	OBSERVED_CLINICAL_ASSOCIATION
HER2	ADC_TARGET_HER2	Part 1: Bladder, Biliary Tract, Cervical, Endometrial, Ovarian, Pancreatic Cancer, Rare Tumors, Any Tumor Type Excluding Breast, Gastric, Colorectal Cancer	1	ADC_CANDIDATE_TRASTUZUMAB_DERUXTECAN	high	OBSERVED_CLINICAL_ASSOCIATION
HER2	ADC_TARGET_HER2	Part 2: HER2 Expressing/Amplified Solid Tumors Excluding Breast, Gastric, Colorectal Cancer	1	ADC_CANDIDATE_TRASTUZUMAB_DERUXTECAN	high	OBSERVED_CLINICAL_ASSOCIATION
HER2	ADC_TARGET_HER2	Pharmacogenetic Variant	1	ADC_CANDIDATE_TRASTUZUMAB_DERUXTECAN	high	OBSERVED_CLINICAL_ASSOCIATION
HER2	ADC_TARGET_HER2	Platinum-Resistant Ovarian High Grade Serous Adenocarcinoma	1	ADC_CANDIDATE_TRASTUZUMAB_DERUXTECAN	high	OBSERVED_CLINICAL_ASSOCIATION
HER2	ADC_TARGET_HER2	Platinum-resistant Ovarian Cancer (PROC)	1	ADC_CANDIDATE_TRASTUZUMAB_DERUXTECAN	high	OBSERVED_CLINICAL_ASSOCIATION
HER2	ADC_TARGET_HER2	Primary Myelofibrosis	1	ADC_CANDIDATE_TRASTUZUMAB_EMTANSINE	high	OBSERVED_CLINICAL_ASSOCIATION
HER2	ADC_TARGET_HER2	Probiotics	1	ADC_CANDIDATE_DISITAMAB_VEDOTIN	high	OBSERVED_CLINICAL_ASSOCIATION
HER2	ADC_TARGET_HER2	Progesterone Receptor-positive Breast Cancer	1	ADC_CANDIDATE_TRASTUZUMAB_DERUXTECAN	high	OBSERVED_CLINICAL_ASSOCIATION
HER2	ADC_TARGET_HER2	Prognostic Stage IV Breast Cancer AJCC v8	1	ADC_CANDIDATE_TRASTUZUMAB_EMTANSINE	high	OBSERVED_CLINICAL_ASSOCIATION
HER2	ADC_TARGET_HER2	Prostate Cancer Metastatic	1	ADC_CANDIDATE_TRASTUZUMAB_DERUXTECAN	high	OBSERVED_CLINICAL_ASSOCIATION
HER2	ADC_TARGET_HER2	Radical Cystectomy	1	ADC_CANDIDATE_DISITAMAB_VEDOTIN	high	OBSERVED_CLINICAL_ASSOCIATION
HER2	ADC_TARGET_HER2	Radiomic	1	ADC_CANDIDATE_TRASTUZUMAB_DERUXTECAN	high	OBSERVED_CLINICAL_ASSOCIATION
HER2	ADC_TARGET_HER2	Radiomics	1	ADC_CANDIDATE_TRASTUZUMAB_DERUXTECAN	high	OBSERVED_CLINICAL_ASSOCIATION
HER2	ADC_TARGET_HER2	Radiotherapy	1	ADC_CANDIDATE_DISITAMAB_VEDOTIN	high	OBSERVED_CLINICAL_ASSOCIATION
HER2	ADC_TARGET_HER2	Rectal Adenocarcinoma	1	ADC_CANDIDATE_TRASTUZUMAB_DERUXTECAN	high	OBSERVED_CLINICAL_ASSOCIATION
HER2	ADC_TARGET_HER2	Rectal Cancer	1	ADC_CANDIDATE_DISITAMAB_VEDOTIN	high	OBSERVED_CLINICAL_ASSOCIATION
HER2	ADC_TARGET_HER2	Rectal Cancer, Adenocarcinoma	1	ADC_CANDIDATE_TRASTUZUMAB_DERUXTECAN	high	OBSERVED_CLINICAL_ASSOCIATION
HER2	ADC_TARGET_HER2	Rectal Cancer, Metastatic	1	ADC_CANDIDATE_TRASTUZUMAB_DERUXTECAN	high	OBSERVED_CLINICAL_ASSOCIATION
HER2	ADC_TARGET_HER2	Recurrent Acute Lymphoblastic Leukemia	1	ADC_CANDIDATE_TRASTUZUMAB_EMTANSINE	high	OBSERVED_CLINICAL_ASSOCIATION
HER2	ADC_TARGET_HER2	Recurrent Acute Myeloid Leukemia	1	ADC_CANDIDATE_TRASTUZUMAB_EMTANSINE	high	OBSERVED_CLINICAL_ASSOCIATION
HER2	ADC_TARGET_HER2	Recurrent Cervical Cancer	1	ADC_CANDIDATE_DISITAMAB_VEDOTIN	high	OBSERVED_CLINICAL_ASSOCIATION
HER2	ADC_TARGET_HER2	Recurrent Chronic Lymphocytic Leukemia	1	ADC_CANDIDATE_TRASTUZUMAB_EMTANSINE	high	OBSERVED_CLINICAL_ASSOCIATION
HER2	ADC_TARGET_HER2	Recurrent Chronic Myelogenous Leukemia, BCR-ABL1 Positive	1	ADC_CANDIDATE_TRASTUZUMAB_EMTANSINE	high	OBSERVED_CLINICAL_ASSOCIATION
HER2	ADC_TARGET_HER2	Recurrent Desmoplastic Small Round Cell Tumor	1	ADC_CANDIDATE_TRASTUZUMAB_DERUXTECAN	high	OBSERVED_CLINICAL_ASSOCIATION
HER2	ADC_TARGET_HER2	Recurrent Glioblastoma	1	ADC_CANDIDATE_TRASTUZUMAB_DERUXTECAN	high	OBSERVED_CLINICAL_ASSOCIATION
HER2	ADC_TARGET_HER2	Recurrent Hematologic Malignancy	1	ADC_CANDIDATE_TRASTUZUMAB_EMTANSINE	high	OBSERVED_CLINICAL_ASSOCIATION
HER2	ADC_TARGET_HER2	Recurrent Hodgkin Lymphoma	1	ADC_CANDIDATE_TRASTUZUMAB_EMTANSINE	high	OBSERVED_CLINICAL_ASSOCIATION
HER2	ADC_TARGET_HER2	Recurrent Kidney Wilms Tumor	1	ADC_CANDIDATE_TRASTUZUMAB_DERUXTECAN	high	OBSERVED_CLINICAL_ASSOCIATION
HER2	ADC_TARGET_HER2	Recurrent Myelodysplastic Syndrome	1	ADC_CANDIDATE_TRASTUZUMAB_EMTANSINE	high	OBSERVED_CLINICAL_ASSOCIATION
HER2	ADC_TARGET_HER2	Recurrent Myelodysplastic/Myeloproliferative Neoplasm	1	ADC_CANDIDATE_TRASTUZUMAB_EMTANSINE	high	OBSERVED_CLINICAL_ASSOCIATION
HER2	ADC_TARGET_HER2	Recurrent Myeloproliferative Neoplasm	1	ADC_CANDIDATE_TRASTUZUMAB_EMTANSINE	high	OBSERVED_CLINICAL_ASSOCIATION
HER2	ADC_TARGET_HER2	Recurrent Non-Hodgkin Lymphoma	1	ADC_CANDIDATE_TRASTUZUMAB_EMTANSINE	high	OBSERVED_CLINICAL_ASSOCIATION
HER2	ADC_TARGET_HER2	Recurrent Osteosarcoma	1	ADC_CANDIDATE_TRASTUZUMAB_DERUXTECAN	high	OBSERVED_CLINICAL_ASSOCIATION
HER2	ADC_TARGET_HER2	Recurrent Plasma Cell Myeloma	1	ADC_CANDIDATE_TRASTUZUMAB_EMTANSINE	high	OBSERVED_CLINICAL_ASSOCIATION
HER2	ADC_TARGET_HER2	Recurrent Small Lymphocytic Lymphoma	1	ADC_CANDIDATE_TRASTUZUMAB_EMTANSINE	high	OBSERVED_CLINICAL_ASSOCIATION
HER2	ADC_TARGET_HER2	Recurrent or Metastatic Solid Tumors	1	ADC_CANDIDATE_TRASTUZUMAB_DERUXTECAN	high	OBSERVED_CLINICAL_ASSOCIATION
HER2	ADC_TARGET_HER2	Refractory Acute Lymphoblastic Leukemia	1	ADC_CANDIDATE_TRASTUZUMAB_EMTANSINE	high	OBSERVED_CLINICAL_ASSOCIATION
HER2	ADC_TARGET_HER2	Refractory Acute Myeloid Leukemia	1	ADC_CANDIDATE_TRASTUZUMAB_EMTANSINE	high	OBSERVED_CLINICAL_ASSOCIATION
HER2	ADC_TARGET_HER2	Refractory Chronic Lymphocytic Leukemia	1	ADC_CANDIDATE_TRASTUZUMAB_EMTANSINE	high	OBSERVED_CLINICAL_ASSOCIATION
HER2	ADC_TARGET_HER2	Refractory Chronic Myelogenous Leukemia, BCR-ABL1 Positive	1	ADC_CANDIDATE_TRASTUZUMAB_EMTANSINE	high	OBSERVED_CLINICAL_ASSOCIATION
HER2	ADC_TARGET_HER2	Refractory Chronic Myelomonocytic Leukemia	1	ADC_CANDIDATE_TRASTUZUMAB_EMTANSINE	high	OBSERVED_CLINICAL_ASSOCIATION
HER2	ADC_TARGET_HER2	Refractory Desmoplastic Small Round Cell Tumor	1	ADC_CANDIDATE_TRASTUZUMAB_DERUXTECAN	high	OBSERVED_CLINICAL_ASSOCIATION
HER2	ADC_TARGET_HER2	Refractory Hematologic Malignancy	1	ADC_CANDIDATE_TRASTUZUMAB_EMTANSINE	high	OBSERVED_CLINICAL_ASSOCIATION
HER2	ADC_TARGET_HER2	Refractory Hodgkin Lymphoma	1	ADC_CANDIDATE_TRASTUZUMAB_EMTANSINE	high	OBSERVED_CLINICAL_ASSOCIATION
HER2	ADC_TARGET_HER2	Refractory Myelodysplastic Syndrome	1	ADC_CANDIDATE_TRASTUZUMAB_EMTANSINE	high	OBSERVED_CLINICAL_ASSOCIATION
HER2	ADC_TARGET_HER2	Refractory Myelodysplastic/Myeloproliferative Neoplasm	1	ADC_CANDIDATE_TRASTUZUMAB_EMTANSINE	high	OBSERVED_CLINICAL_ASSOCIATION
HER2	ADC_TARGET_HER2	Refractory Non-Hodgkin Lymphoma	1	ADC_CANDIDATE_TRASTUZUMAB_EMTANSINE	high	OBSERVED_CLINICAL_ASSOCIATION
HER2	ADC_TARGET_HER2	Refractory Plasma Cell Myeloma	1	ADC_CANDIDATE_TRASTUZUMAB_EMTANSINE	high	OBSERVED_CLINICAL_ASSOCIATION
HER2	ADC_TARGET_HER2	Refractory Primary Myelofibrosis	1	ADC_CANDIDATE_TRASTUZUMAB_EMTANSINE	high	OBSERVED_CLINICAL_ASSOCIATION
HER2	ADC_TARGET_HER2	Refractory Small Lymphocytic Lymphoma	1	ADC_CANDIDATE_TRASTUZUMAB_EMTANSINE	high	OBSERVED_CLINICAL_ASSOCIATION
HER2	ADC_TARGET_HER2	Refractory Wilms Tumor	1	ADC_CANDIDATE_TRASTUZUMAB_DERUXTECAN	high	OBSERVED_CLINICAL_ASSOCIATION
HER2	ADC_TARGET_HER2	Renal Cell Carcinoma	1	ADC_CANDIDATE_TRASTUZUMAB_DERUXTECAN	high	OBSERVED_CLINICAL_ASSOCIATION
HER2	ADC_TARGET_HER2	Renal Cell Carcinoma (RCC)	1	ADC_CANDIDATE_TRASTUZUMAB_DERUXTECAN	high	OBSERVED_CLINICAL_ASSOCIATION
HER2	ADC_TARGET_HER2	Resectable Colorectal Carcinoma	1	ADC_CANDIDATE_TRASTUZUMAB_DERUXTECAN	high	OBSERVED_CLINICAL_ASSOCIATION
HER2	ADC_TARGET_HER2	Residual Invasive Breast Cancer	1	ADC_CANDIDATE_TRASTUZUMAB_DERUXTECAN	high	OBSERVED_CLINICAL_ASSOCIATION
HER2	ADC_TARGET_HER2	Salivary Gland Cancer	1	ADC_CANDIDATE_TRASTUZUMAB_DERUXTECAN	high	OBSERVED_CLINICAL_ASSOCIATION
HER2	ADC_TARGET_HER2	Salivary Gland Tumors	1	ADC_CANDIDATE_DISITAMAB_VEDOTIN	high	OBSERVED_CLINICAL_ASSOCIATION
HER2	ADC_TARGET_HER2	Sarcoma	1	ADC_CANDIDATE_TRASTUZUMAB_DERUXTECAN	high	OBSERVED_CLINICAL_ASSOCIATION
HER2	ADC_TARGET_HER2	Scrotum Disease	1	ADC_CANDIDATE_DISITAMAB_VEDOTIN	high	OBSERVED_CLINICAL_ASSOCIATION
HER2	ADC_TARGET_HER2	Sebaceous Gland Carcinoma	1	ADC_CANDIDATE_DISITAMAB_VEDOTIN	high	OBSERVED_CLINICAL_ASSOCIATION
HER2	ADC_TARGET_HER2	Second-line Treatment	1	ADC_CANDIDATE_TRASTUZUMAB_EMTANSINE	high	OBSERVED_CLINICAL_ASSOCIATION
HER2	ADC_TARGET_HER2	Small Cell Lung Cancer	1	ADC_CANDIDATE_TRASTUZUMAB_DERUXTECAN	high	OBSERVED_CLINICAL_ASSOCIATION
HER2	ADC_TARGET_HER2	Soft Tissue Sarcoma (STS)	1	ADC_CANDIDATE_TRASTUZUMAB_DERUXTECAN	high	OBSERVED_CLINICAL_ASSOCIATION
HER2	ADC_TARGET_HER2	Solid Carcinoma	1	ADC_CANDIDATE_TRASTUZUMAB_DERUXTECAN	high	OBSERVED_CLINICAL_ASSOCIATION
HER2	ADC_TARGET_HER2	Solid Tumor Cancers	1	ADC_CANDIDATE_TRASTUZUMAB_EMTANSINE	high	OBSERVED_CLINICAL_ASSOCIATION
HER2	ADC_TARGET_HER2	Solid Tumor, Adult	1	ADC_CANDIDATE_TRASTUZUMAB_DERUXTECAN	high	OBSERVED_CLINICAL_ASSOCIATION
HER2	ADC_TARGET_HER2	Stage II Breast Cancer	1	ADC_CANDIDATE_TRASTUZUMAB_DERUXTECAN	high	OBSERVED_CLINICAL_ASSOCIATION
HER2	ADC_TARGET_HER2	Stage IIA Breast Cancer	1	ADC_CANDIDATE_TRASTUZUMAB_DERUXTECAN	high	OBSERVED_CLINICAL_ASSOCIATION
HER2	ADC_TARGET_HER2	Stage IIB Breast Cancer	1	ADC_CANDIDATE_TRASTUZUMAB_DERUXTECAN	high	OBSERVED_CLINICAL_ASSOCIATION
HER2	ADC_TARGET_HER2	Stage III Colon Cancer AJCC v8	1	ADC_CANDIDATE_TRASTUZUMAB_DERUXTECAN	high	OBSERVED_CLINICAL_ASSOCIATION
HER2	ADC_TARGET_HER2	Stage III Colorectal Cancer AJCC v8	1	ADC_CANDIDATE_TRASTUZUMAB_DERUXTECAN	high	OBSERVED_CLINICAL_ASSOCIATION
HER2	ADC_TARGET_HER2	Stage III Lung Cancer AJCC v8	1	ADC_CANDIDATE_TRASTUZUMAB_DERUXTECAN	high	OBSERVED_CLINICAL_ASSOCIATION
HER2	ADC_TARGET_HER2	Stage III Uterine Corpus Carcinoma or Carcinosarcoma AJCC v8	1	ADC_CANDIDATE_TRASTUZUMAB_DERUXTECAN	high	OBSERVED_CLINICAL_ASSOCIATION
HER2	ADC_TARGET_HER2	Stage IV Colon Cancer AJCC v8	1	ADC_CANDIDATE_TRASTUZUMAB_DERUXTECAN	high	OBSERVED_CLINICAL_ASSOCIATION
HER2	ADC_TARGET_HER2	Stage IV Colorectal Cancer AJCC v8	1	ADC_CANDIDATE_TRASTUZUMAB_DERUXTECAN	high	OBSERVED_CLINICAL_ASSOCIATION
HER2	ADC_TARGET_HER2	Stage IV Lung Cancer AJCC v8	1	ADC_CANDIDATE_TRASTUZUMAB_DERUXTECAN	high	OBSERVED_CLINICAL_ASSOCIATION
HER2	ADC_TARGET_HER2	Stage IV Prostate Cancer AJCC v8	1	ADC_CANDIDATE_TRASTUZUMAB_EMTANSINE	high	OBSERVED_CLINICAL_ASSOCIATION
HER2	ADC_TARGET_HER2	Stage IV Uterine Corpus Carcinoma or Carcinosarcoma AJCC v8	1	ADC_CANDIDATE_TRASTUZUMAB_DERUXTECAN	high	OBSERVED_CLINICAL_ASSOCIATION
HER2	ADC_TARGET_HER2	Stomach Neoplasm	1	ADC_CANDIDATE_TRASTUZUMAB_DERUXTECAN	high	OBSERVED_CLINICAL_ASSOCIATION
HER2	ADC_TARGET_HER2	Synchronous Bilateral Breast Carcinoma	1	ADC_CANDIDATE_TRASTUZUMAB_EMTANSINE	high	OBSERVED_CLINICAL_ASSOCIATION
HER2	ADC_TARGET_HER2	Testicular Cancer	1	ADC_CANDIDATE_TRASTUZUMAB_DERUXTECAN	high	OBSERVED_CLINICAL_ASSOCIATION
HER2	ADC_TARGET_HER2	Throat Cancer	1	ADC_CANDIDATE_TRASTUZUMAB_DERUXTECAN	high	OBSERVED_CLINICAL_ASSOCIATION
HER2	ADC_TARGET_HER2	Thyroid Cancer	1	ADC_CANDIDATE_TRASTUZUMAB_DERUXTECAN	high	OBSERVED_CLINICAL_ASSOCIATION
HER2	ADC_TARGET_HER2	Trastuzumab	1	ADC_CANDIDATE_TRASTUZUMAB_DERUXTECAN	high	OBSERVED_CLINICAL_ASSOCIATION
HER2	ADC_TARGET_HER2	Trastuzumab Emtansine	1	ADC_CANDIDATE_TRASTUZUMAB_EMTANSINE	high	OBSERVED_CLINICAL_ASSOCIATION
HER2	ADC_TARGET_HER2	Triple-Negative Breast Cancer	1	ADC_CANDIDATE_TRASTUZUMAB_DERUXTECAN	high	OBSERVED_CLINICAL_ASSOCIATION
HER2	ADC_TARGET_HER2	Tumors	1	ADC_CANDIDATE_TRASTUZUMAB_EMTANSINE	high	OBSERVED_CLINICAL_ASSOCIATION
HER2	ADC_TARGET_HER2	UTUC	1	ADC_CANDIDATE_DISITAMAB_VEDOTIN	high	OBSERVED_CLINICAL_ASSOCIATION
HER2	ADC_TARGET_HER2	Unresectable Breast Carcinoma	1	ADC_CANDIDATE_TRASTUZUMAB_DERUXTECAN	high	OBSERVED_CLINICAL_ASSOCIATION
HER2	ADC_TARGET_HER2	Unresectable Colon Carcinoma	1	ADC_CANDIDATE_TRASTUZUMAB_DERUXTECAN	high	OBSERVED_CLINICAL_ASSOCIATION
HER2	ADC_TARGET_HER2	Unresectable Colorectal Carcinoma	1	ADC_CANDIDATE_TRASTUZUMAB_DERUXTECAN	high	OBSERVED_CLINICAL_ASSOCIATION
HER2	ADC_TARGET_HER2	Unresectable Endometrial Carcinoma	1	ADC_CANDIDATE_TRASTUZUMAB_DERUXTECAN	high	OBSERVED_CLINICAL_ASSOCIATION
HER2	ADC_TARGET_HER2	Unresectable Gastroesophageal Junction Adenocarcinoma	1	ADC_CANDIDATE_TRASTUZUMAB_DERUXTECAN	high	OBSERVED_CLINICAL_ASSOCIATION
HER2	ADC_TARGET_HER2	Unresectable HER2-Low Breast Carcinoma	1	ADC_CANDIDATE_TRASTUZUMAB_DERUXTECAN	high	OBSERVED_CLINICAL_ASSOCIATION
HER2	ADC_TARGET_HER2	Unresectable HER2-Positive Breast Carcinoma	1	ADC_CANDIDATE_TRASTUZUMAB_DERUXTECAN	high	OBSERVED_CLINICAL_ASSOCIATION
HER2	ADC_TARGET_HER2	Unresectable Hormone Receptor-Positive Breast Carcinoma	1	ADC_CANDIDATE_TRASTUZUMAB_DERUXTECAN	high	OBSERVED_CLINICAL_ASSOCIATION
HER2	ADC_TARGET_HER2	Unresectable Locally Metastatic Breast Cancer	1	ADC_CANDIDATE_TRASTUZUMAB_DERUXTECAN	high	OBSERVED_CLINICAL_ASSOCIATION
HER2	ADC_TARGET_HER2	Unresectable Locally Recurrent Breast Cancer	1	ADC_CANDIDATE_TRASTUZUMAB_DERUXTECAN	high	OBSERVED_CLINICAL_ASSOCIATION
HER2	ADC_TARGET_HER2	Unresectable Malignant Solid Neoplasm	1	ADC_CANDIDATE_TRASTUZUMAB_DERUXTECAN	high	OBSERVED_CLINICAL_ASSOCIATION
HER2	ADC_TARGET_HER2	Unresectable Pancreatic Ductal Adenocarcinoma	1	ADC_CANDIDATE_TRASTUZUMAB_DERUXTECAN	high	OBSERVED_CLINICAL_ASSOCIATION
HER2	ADC_TARGET_HER2	Unresectable Triple-Negative Breast Carcinoma	1	ADC_CANDIDATE_TRASTUZUMAB_DERUXTECAN	high	OBSERVED_CLINICAL_ASSOCIATION
HER2	ADC_TARGET_HER2	Unresectable or Metastatic Breast Cancer	1	ADC_CANDIDATE_TRASTUZUMAB_DERUXTECAN	high	OBSERVED_CLINICAL_ASSOCIATION
HER2	ADC_TARGET_HER2	Unrespectable Locally Advanced and or Metastatic HER2 Positive Breast Cancer Participants	1	ADC_CANDIDATE_TRASTUZUMAB_EMTANSINE	high	OBSERVED_CLINICAL_ASSOCIATION
HER2	ADC_TARGET_HER2	Upper Urinary Tract Urothelial Carcinoma	1	ADC_CANDIDATE_DISITAMAB_VEDOTIN	high	OBSERVED_CLINICAL_ASSOCIATION
HER2	ADC_TARGET_HER2	Ureteral Neoplasms	1	ADC_CANDIDATE_TRASTUZUMAB_DERUXTECAN	high	OBSERVED_CLINICAL_ASSOCIATION
HER2	ADC_TARGET_HER2	Urethral Cancer	1	ADC_CANDIDATE_TRASTUZUMAB_DERUXTECAN	high	OBSERVED_CLINICAL_ASSOCIATION
HER2	ADC_TARGET_HER2	Urinary Tract Cancers	1	ADC_CANDIDATE_TRASTUZUMAB_EMTANSINE	high	OBSERVED_CLINICAL_ASSOCIATION
HER2	ADC_TARGET_HER2	Uterine Cervical Neoplasms	1	ADC_CANDIDATE_DISITAMAB_VEDOTIN	high	OBSERVED_CLINICAL_ASSOCIATION
HER2	ADC_TARGET_HER2	Vaginal Cancer	1	ADC_CANDIDATE_TRASTUZUMAB_DERUXTECAN	high	OBSERVED_CLINICAL_ASSOCIATION
HER2	ADC_TARGET_HER2	Vulvar Cancer	1	ADC_CANDIDATE_TRASTUZUMAB_DERUXTECAN	high	OBSERVED_CLINICAL_ASSOCIATION
HER2	ADC_TARGET_HER2	Wilms Tumor	1	ADC_CANDIDATE_TRASTUZUMAB_DERUXTECAN	high	OBSERVED_CLINICAL_ASSOCIATION
HER2	ADC_TARGET_HER2	mCRPC	1	ADC_CANDIDATE_DISITAMAB_VEDOTIN	high	OBSERVED_CLINICAL_ASSOCIATION
Nectin-4	ADC_TARGET_NECTIN4	Adenocarcinoma of the Bladder	1	ADC_CANDIDATE_ENFORTUMAB_VEDOTIN	high	OBSERVED_CLINICAL_ASSOCIATION
Nectin-4	ADC_TARGET_NECTIN4	Adenoid Cystic Carcinoma	1	ADC_CANDIDATE_ENFORTUMAB_VEDOTIN	high	OBSERVED_CLINICAL_ASSOCIATION
Nectin-4	ADC_TARGET_NECTIN4	Advanced Bladder Cancer	1	ADC_CANDIDATE_ENFORTUMAB_VEDOTIN	high	OBSERVED_CLINICAL_ASSOCIATION
Nectin-4	ADC_TARGET_NECTIN4	Advanced Malignant Solid Neoplasm	1	ADC_CANDIDATE_ENFORTUMAB_VEDOTIN	high	OBSERVED_CLINICAL_ASSOCIATION
Nectin-4	ADC_TARGET_NECTIN4	Advanced Small Bowel Adenocarcinoma	1	ADC_CANDIDATE_ENFORTUMAB_VEDOTIN	high	OBSERVED_CLINICAL_ASSOCIATION
Nectin-4	ADC_TARGET_NECTIN4	Advanced Solid Tumor	1	ADC_CANDIDATE_ENFORTUMAB_VEDOTIN	high	OBSERVED_CLINICAL_ASSOCIATION
Nectin-4	ADC_TARGET_NECTIN4	Advanced Upper Tract Urothelial Carcinoma	1	ADC_CANDIDATE_ENFORTUMAB_VEDOTIN	high	OBSERVED_CLINICAL_ASSOCIATION
Nectin-4	ADC_TARGET_NECTIN4	Advanced Urothelial Cancer	1	ADC_CANDIDATE_ENFORTUMAB_VEDOTIN	high	OBSERVED_CLINICAL_ASSOCIATION
Nectin-4	ADC_TARGET_NECTIN4	Advanced Urothelial Carcinoma	1	ADC_CANDIDATE_ENFORTUMAB_VEDOTIN	high	OBSERVED_CLINICAL_ASSOCIATION
Nectin-4	ADC_TARGET_NECTIN4	Advanced or Metastatic Solid Malignancies	1	ADC_CANDIDATE_ENFORTUMAB_VEDOTIN	high	OBSERVED_CLINICAL_ASSOCIATION
Nectin-4	ADC_TARGET_NECTIN4	Advanced/Metastatic Urothelial Cancer	1	ADC_CANDIDATE_ENFORTUMAB_VEDOTIN	high	OBSERVED_CLINICAL_ASSOCIATION
Nectin-4	ADC_TARGET_NECTIN4	Androgen-Resistant Prostatic Neoplasms	1	ADC_CANDIDATE_ENFORTUMAB_VEDOTIN	high	OBSERVED_CLINICAL_ASSOCIATION
Nectin-4	ADC_TARGET_NECTIN4	Bellini Carcinoma	1	ADC_CANDIDATE_ENFORTUMAB_VEDOTIN	high	OBSERVED_CLINICAL_ASSOCIATION
Nectin-4	ADC_TARGET_NECTIN4	Bladder Adenocarcinoma	1	ADC_CANDIDATE_ENFORTUMAB_VEDOTIN	high	OBSERVED_CLINICAL_ASSOCIATION
Nectin-4	ADC_TARGET_NECTIN4	Bladder Cancer	1	ADC_CANDIDATE_ENFORTUMAB_VEDOTIN	high	OBSERVED_CLINICAL_ASSOCIATION
Nectin-4	ADC_TARGET_NECTIN4	Bladder Squamous Cell Carcinoma	1	ADC_CANDIDATE_ENFORTUMAB_VEDOTIN	high	OBSERVED_CLINICAL_ASSOCIATION
Nectin-4	ADC_TARGET_NECTIN4	Breast Cancer	1	ADC_CANDIDATE_ENFORTUMAB_VEDOTIN	high	OBSERVED_CLINICAL_ASSOCIATION
Nectin-4	ADC_TARGET_NECTIN4	Cancer	1	ADC_CANDIDATE_ENFORTUMAB_VEDOTIN	high	OBSERVED_CLINICAL_ASSOCIATION
Nectin-4	ADC_TARGET_NECTIN4	Carcinoma Transitional Cell	1	ADC_CANDIDATE_ENFORTUMAB_VEDOTIN	high	OBSERVED_CLINICAL_ASSOCIATION
Nectin-4	ADC_TARGET_NECTIN4	Carcinoma in Situ	1	ADC_CANDIDATE_ENFORTUMAB_VEDOTIN	high	OBSERVED_CLINICAL_ASSOCIATION
Nectin-4	ADC_TARGET_NECTIN4	Carcinoma, Transitional Cell	1	ADC_CANDIDATE_ENFORTUMAB_VEDOTIN	high	OBSERVED_CLINICAL_ASSOCIATION
Nectin-4	ADC_TARGET_NECTIN4	Castration Resistant Prostatic Neoplasms	1	ADC_CANDIDATE_ENFORTUMAB_VEDOTIN	high	OBSERVED_CLINICAL_ASSOCIATION
Nectin-4	ADC_TARGET_NECTIN4	Collecting Duct Carcinoma	1	ADC_CANDIDATE_ENFORTUMAB_VEDOTIN	high	OBSERVED_CLINICAL_ASSOCIATION
Nectin-4	ADC_TARGET_NECTIN4	Colo-rectal Cancer	1	ADC_CANDIDATE_ENFORTUMAB_VEDOTIN	high	OBSERVED_CLINICAL_ASSOCIATION
Nectin-4	ADC_TARGET_NECTIN4	Endometrial Cancer	1	ADC_CANDIDATE_ENFORTUMAB_VEDOTIN	high	OBSERVED_CLINICAL_ASSOCIATION
Nectin-4	ADC_TARGET_NECTIN4	Gene Abnormality	1	ADC_CANDIDATE_ENFORTUMAB_VEDOTIN	high	OBSERVED_CLINICAL_ASSOCIATION
Nectin-4	ADC_TARGET_NECTIN4	Gene Product Sequence Variation	1	ADC_CANDIDATE_ENFORTUMAB_VEDOTIN	high	OBSERVED_CLINICAL_ASSOCIATION
Nectin-4	ADC_TARGET_NECTIN4	Genitourinary Cancers	1	ADC_CANDIDATE_ENFORTUMAB_VEDOTIN	high	OBSERVED_CLINICAL_ASSOCIATION
Nectin-4	ADC_TARGET_NECTIN4	Hepatocellular Carcinoma	1	ADC_CANDIDATE_ENFORTUMAB_VEDOTIN	high	OBSERVED_CLINICAL_ASSOCIATION
Nectin-4	ADC_TARGET_NECTIN4	High Grade Urothelial Carcinoma	1	ADC_CANDIDATE_ENFORTUMAB_VEDOTIN	high	OBSERVED_CLINICAL_ASSOCIATION
Nectin-4	ADC_TARGET_NECTIN4	High-risk Muscle Invasive Urothelial Carcinoma	1	ADC_CANDIDATE_ENFORTUMAB_VEDOTIN	high	OBSERVED_CLINICAL_ASSOCIATION
Nectin-4	ADC_TARGET_NECTIN4	Immunotherapy	1	ADC_CANDIDATE_ENFORTUMAB_VEDOTIN	high	OBSERVED_CLINICAL_ASSOCIATION
Nectin-4	ADC_TARGET_NECTIN4	Infiltrating Bladder Urothelial Carcinoma With Squamous Differentiation	1	ADC_CANDIDATE_ENFORTUMAB_VEDOTIN	high	OBSERVED_CLINICAL_ASSOCIATION
Nectin-4	ADC_TARGET_NECTIN4	Locally Advanced Bladder Carcinoma	1	ADC_CANDIDATE_ENFORTUMAB_VEDOTIN	high	OBSERVED_CLINICAL_ASSOCIATION
Nectin-4	ADC_TARGET_NECTIN4	Locally Advanced Bladder Urothelial Carcinoma	1	ADC_CANDIDATE_ENFORTUMAB_VEDOTIN	high	OBSERVED_CLINICAL_ASSOCIATION
Nectin-4	ADC_TARGET_NECTIN4	Locally Advanced Renal Pelvis Urothelial Carcinoma	1	ADC_CANDIDATE_ENFORTUMAB_VEDOTIN	high	OBSERVED_CLINICAL_ASSOCIATION
Nectin-4	ADC_TARGET_NECTIN4	Locally Advanced Renal Pelvis and Ureter Urothelial Carcinoma	1	ADC_CANDIDATE_ENFORTUMAB_VEDOTIN	high	OBSERVED_CLINICAL_ASSOCIATION
Nectin-4	ADC_TARGET_NECTIN4	Locally Advanced Ureter Urothelial Carcinoma	1	ADC_CANDIDATE_ENFORTUMAB_VEDOTIN	high	OBSERVED_CLINICAL_ASSOCIATION
Nectin-4	ADC_TARGET_NECTIN4	Locally Advanced Urethral Urothelial Carcinoma	1	ADC_CANDIDATE_ENFORTUMAB_VEDOTIN	high	OBSERVED_CLINICAL_ASSOCIATION
Nectin-4	ADC_TARGET_NECTIN4	Locally Advanced Urothelial Carcinoma	1	ADC_CANDIDATE_ENFORTUMAB_VEDOTIN	high	OBSERVED_CLINICAL_ASSOCIATION
Nectin-4	ADC_TARGET_NECTIN4	Locally Advanced or Metastatic Malignant Solid Tumors	1	ADC_CANDIDATE_ENFORTUMAB_VEDOTIN	high	OBSERVED_CLINICAL_ASSOCIATION
Nectin-4	ADC_TARGET_NECTIN4	Locally Advanced or Metastatic Urothelial Carcinoma (UC)	1	ADC_CANDIDATE_ENFORTUMAB_VEDOTIN	high	OBSERVED_CLINICAL_ASSOCIATION
Nectin-4	ADC_TARGET_NECTIN4	Lung Cancer	1	ADC_CANDIDATE_ENFORTUMAB_VEDOTIN	high	OBSERVED_CLINICAL_ASSOCIATION
Nectin-4	ADC_TARGET_NECTIN4	Lung Cancer (Non-Small Cell)	1	ADC_CANDIDATE_ENFORTUMAB_VEDOTIN	high	OBSERVED_CLINICAL_ASSOCIATION
Nectin-4	ADC_TARGET_NECTIN4	Malignant Renal Pelvis Neoplasm	1	ADC_CANDIDATE_ENFORTUMAB_VEDOTIN	high	OBSERVED_CLINICAL_ASSOCIATION
Nectin-4	ADC_TARGET_NECTIN4	Malignant Ureter Neoplasm	1	ADC_CANDIDATE_ENFORTUMAB_VEDOTIN	high	OBSERVED_CLINICAL_ASSOCIATION
Nectin-4	ADC_TARGET_NECTIN4	Malignant Urethral Neoplasm	1	ADC_CANDIDATE_ENFORTUMAB_VEDOTIN	high	OBSERVED_CLINICAL_ASSOCIATION
Nectin-4	ADC_TARGET_NECTIN4	Melanoma	1	ADC_CANDIDATE_ENFORTUMAB_VEDOTIN	high	OBSERVED_CLINICAL_ASSOCIATION
Nectin-4	ADC_TARGET_NECTIN4	Metastatic Bladder Carcinoma	1	ADC_CANDIDATE_ENFORTUMAB_VEDOTIN	high	OBSERVED_CLINICAL_ASSOCIATION
Nectin-4	ADC_TARGET_NECTIN4	Metastatic Bladder Giant Cell Urothelial Carcinoma	1	ADC_CANDIDATE_ENFORTUMAB_VEDOTIN	high	OBSERVED_CLINICAL_ASSOCIATION
Nectin-4	ADC_TARGET_NECTIN4	Metastatic Bladder Urothelial Carcinoma	1	ADC_CANDIDATE_ENFORTUMAB_VEDOTIN	high	OBSERVED_CLINICAL_ASSOCIATION
Nectin-4	ADC_TARGET_NECTIN4	Metastatic Breast Cancer ( HER2 Negative)	1	ADC_CANDIDATE_ENFORTUMAB_VEDOTIN	high	OBSERVED_CLINICAL_ASSOCIATION
Nectin-4	ADC_TARGET_NECTIN4	Metastatic Castration-resistant Prostate Cancer	1	ADC_CANDIDATE_ENFORTUMAB_VEDOTIN	high	OBSERVED_CLINICAL_ASSOCIATION
Nectin-4	ADC_TARGET_NECTIN4	Metastatic Colorectal Cancer	1	ADC_CANDIDATE_ENFORTUMAB_VEDOTIN	high	OBSERVED_CLINICAL_ASSOCIATION
Nectin-4	ADC_TARGET_NECTIN4	Metastatic Malignant Solid Neoplasm	1	ADC_CANDIDATE_ENFORTUMAB_VEDOTIN	high	OBSERVED_CLINICAL_ASSOCIATION
Nectin-4	ADC_TARGET_NECTIN4	Metastatic Penile Squamous Cell Carcinoma	1	ADC_CANDIDATE_ENFORTUMAB_VEDOTIN	high	OBSERVED_CLINICAL_ASSOCIATION
Nectin-4	ADC_TARGET_NECTIN4	Metastatic Renal Pelvis Urothelial Carcinoma	1	ADC_CANDIDATE_ENFORTUMAB_VEDOTIN	high	OBSERVED_CLINICAL_ASSOCIATION
Nectin-4	ADC_TARGET_NECTIN4	Metastatic Renal Pelvis and Ureter Urothelial Carcinoma	1	ADC_CANDIDATE_ENFORTUMAB_VEDOTIN	high	OBSERVED_CLINICAL_ASSOCIATION
Nectin-4	ADC_TARGET_NECTIN4	Metastatic Ureter Urothelial Carcinoma	1	ADC_CANDIDATE_ENFORTUMAB_VEDOTIN	high	OBSERVED_CLINICAL_ASSOCIATION
Nectin-4	ADC_TARGET_NECTIN4	Metastatic Urethral Urothelial Carcinoma	1	ADC_CANDIDATE_ENFORTUMAB_VEDOTIN	high	OBSERVED_CLINICAL_ASSOCIATION
Nectin-4	ADC_TARGET_NECTIN4	Metastatic Urothelial Cancer	1	ADC_CANDIDATE_ENFORTUMAB_VEDOTIN	high	OBSERVED_CLINICAL_ASSOCIATION
Nectin-4	ADC_TARGET_NECTIN4	Metastatic Urothelial Cancer and Other Malignant Solid Tumors	1	ADC_CANDIDATE_ENFORTUMAB_VEDOTIN	high	OBSERVED_CLINICAL_ASSOCIATION
Nectin-4	ADC_TARGET_NECTIN4	Metastatic Urothelial Carcinoma	1	ADC_CANDIDATE_ENFORTUMAB_VEDOTIN	high	OBSERVED_CLINICAL_ASSOCIATION
Nectin-4	ADC_TARGET_NECTIN4	Metastatic Urothelial Carcinoma of the Renal Pelvis and Ureter	1	ADC_CANDIDATE_ENFORTUMAB_VEDOTIN	high	OBSERVED_CLINICAL_ASSOCIATION
Nectin-4	ADC_TARGET_NECTIN4	Muscle Invasive Bladder Cancer	1	ADC_CANDIDATE_ENFORTUMAB_VEDOTIN	high	OBSERVED_CLINICAL_ASSOCIATION
Nectin-4	ADC_TARGET_NECTIN4	Muscle Invasive Bladder Urothelial Carcinoma	1	ADC_CANDIDATE_ENFORTUMAB_VEDOTIN	high	OBSERVED_CLINICAL_ASSOCIATION
Nectin-4	ADC_TARGET_NECTIN4	Muscle-Invasive Bladder Cancer (MIBC)	1	ADC_CANDIDATE_ENFORTUMAB_VEDOTIN	high	OBSERVED_CLINICAL_ASSOCIATION
Nectin-4	ADC_TARGET_NECTIN4	Muscle-Invasive Bladder Carcinoma	1	ADC_CANDIDATE_ENFORTUMAB_VEDOTIN	high	OBSERVED_CLINICAL_ASSOCIATION
Nectin-4	ADC_TARGET_NECTIN4	Muscle-invasive Bladder Cancer	1	ADC_CANDIDATE_ENFORTUMAB_VEDOTIN	high	OBSERVED_CLINICAL_ASSOCIATION
Nectin-4	ADC_TARGET_NECTIN4	NMIBC	1	ADC_CANDIDATE_ENFORTUMAB_VEDOTIN	high	OBSERVED_CLINICAL_ASSOCIATION
Nectin-4	ADC_TARGET_NECTIN4	Neoplasm Metastasis	1	ADC_CANDIDATE_ENFORTUMAB_VEDOTIN	high	OBSERVED_CLINICAL_ASSOCIATION
Nectin-4	ADC_TARGET_NECTIN4	Non-muscle Invasive Bladder Cancer	1	ADC_CANDIDATE_ENFORTUMAB_VEDOTIN	high	OBSERVED_CLINICAL_ASSOCIATION
Nectin-4	ADC_TARGET_NECTIN4	Pancreas Adenocarcinoma	1	ADC_CANDIDATE_ENFORTUMAB_VEDOTIN	high	OBSERVED_CLINICAL_ASSOCIATION
Nectin-4	ADC_TARGET_NECTIN4	Pancreas Cancer	1	ADC_CANDIDATE_ENFORTUMAB_VEDOTIN	high	OBSERVED_CLINICAL_ASSOCIATION
Nectin-4	ADC_TARGET_NECTIN4	Pancreas Cancer, Duct Cell Adenocarcinoma	1	ADC_CANDIDATE_ENFORTUMAB_VEDOTIN	high	OBSERVED_CLINICAL_ASSOCIATION
Nectin-4	ADC_TARGET_NECTIN4	Pancreatic Ductal Adenocarcinoma	1	ADC_CANDIDATE_ENFORTUMAB_VEDOTIN	high	OBSERVED_CLINICAL_ASSOCIATION
Nectin-4	ADC_TARGET_NECTIN4	Penile Squamous Cell Carcinoma (PSCC)	1	ADC_CANDIDATE_ENFORTUMAB_VEDOTIN	high	OBSERVED_CLINICAL_ASSOCIATION
Nectin-4	ADC_TARGET_NECTIN4	Peripheral Nerve Disease	1	ADC_CANDIDATE_ENFORTUMAB_VEDOTIN	high	OBSERVED_CLINICAL_ASSOCIATION
Nectin-4	ADC_TARGET_NECTIN4	Precision Therapy	1	ADC_CANDIDATE_ENFORTUMAB_VEDOTIN	high	OBSERVED_CLINICAL_ASSOCIATION
Nectin-4	ADC_TARGET_NECTIN4	Probiotics	1	ADC_CANDIDATE_ENFORTUMAB_VEDOTIN	high	OBSERVED_CLINICAL_ASSOCIATION
Nectin-4	ADC_TARGET_NECTIN4	Prostate Cancer Castration-resistant Prostate Cancer	1	ADC_CANDIDATE_ENFORTUMAB_VEDOTIN	high	OBSERVED_CLINICAL_ASSOCIATION
Nectin-4	ADC_TARGET_NECTIN4	Prostatic Cancer, Castration-Resistant	1	ADC_CANDIDATE_ENFORTUMAB_VEDOTIN	high	OBSERVED_CLINICAL_ASSOCIATION
Nectin-4	ADC_TARGET_NECTIN4	Prostatic Neoplasms, Castration-Resistant	1	ADC_CANDIDATE_ENFORTUMAB_VEDOTIN	high	OBSERVED_CLINICAL_ASSOCIATION
Nectin-4	ADC_TARGET_NECTIN4	Recurrent Bladder Urothelial Carcinoma	1	ADC_CANDIDATE_ENFORTUMAB_VEDOTIN	high	OBSERVED_CLINICAL_ASSOCIATION
Nectin-4	ADC_TARGET_NECTIN4	Recurrent Renal Pelvis Urothelial Carcinoma	1	ADC_CANDIDATE_ENFORTUMAB_VEDOTIN	high	OBSERVED_CLINICAL_ASSOCIATION
Nectin-4	ADC_TARGET_NECTIN4	Recurrent Ureter Urothelial Carcinoma	1	ADC_CANDIDATE_ENFORTUMAB_VEDOTIN	high	OBSERVED_CLINICAL_ASSOCIATION
Nectin-4	ADC_TARGET_NECTIN4	Recurrent Urethral Urothelial Carcinoma	1	ADC_CANDIDATE_ENFORTUMAB_VEDOTIN	high	OBSERVED_CLINICAL_ASSOCIATION
Nectin-4	ADC_TARGET_NECTIN4	Recurrent Urothelial Carcinoma	1	ADC_CANDIDATE_ENFORTUMAB_VEDOTIN	high	OBSERVED_CLINICAL_ASSOCIATION
Nectin-4	ADC_TARGET_NECTIN4	Refractory Bladder Urothelial Carcinoma	1	ADC_CANDIDATE_ENFORTUMAB_VEDOTIN	high	OBSERVED_CLINICAL_ASSOCIATION
Nectin-4	ADC_TARGET_NECTIN4	Refractory Renal Pelvis and Ureter Urothelial Carcinoma	1	ADC_CANDIDATE_ENFORTUMAB_VEDOTIN	high	OBSERVED_CLINICAL_ASSOCIATION
Nectin-4	ADC_TARGET_NECTIN4	Renal Medullary Carcinoma	1	ADC_CANDIDATE_ENFORTUMAB_VEDOTIN	high	OBSERVED_CLINICAL_ASSOCIATION
Nectin-4	ADC_TARGET_NECTIN4	Renal Pelvis Neoplasms	1	ADC_CANDIDATE_ENFORTUMAB_VEDOTIN	high	OBSERVED_CLINICAL_ASSOCIATION
Nectin-4	ADC_TARGET_NECTIN4	Renal Pelvis and Ureter Urothelial Carcinoma	1	ADC_CANDIDATE_ENFORTUMAB_VEDOTIN	high	OBSERVED_CLINICAL_ASSOCIATION
Nectin-4	ADC_TARGET_NECTIN4	Salivary Gland Carcinoma	1	ADC_CANDIDATE_ENFORTUMAB_VEDOTIN	high	OBSERVED_CLINICAL_ASSOCIATION
Nectin-4	ADC_TARGET_NECTIN4	Squamous Cell Carcinoma of the Bladder	1	ADC_CANDIDATE_ENFORTUMAB_VEDOTIN	high	OBSERVED_CLINICAL_ASSOCIATION
Nectin-4	ADC_TARGET_NECTIN4	Stage II Bladder Cancer AJCC v8	1	ADC_CANDIDATE_ENFORTUMAB_VEDOTIN	high	OBSERVED_CLINICAL_ASSOCIATION
Nectin-4	ADC_TARGET_NECTIN4	Stage III Bladder Cancer AJCC v8	1	ADC_CANDIDATE_ENFORTUMAB_VEDOTIN	high	OBSERVED_CLINICAL_ASSOCIATION
Nectin-4	ADC_TARGET_NECTIN4	Stage III Penile Cancer AJCC v8	1	ADC_CANDIDATE_ENFORTUMAB_VEDOTIN	high	OBSERVED_CLINICAL_ASSOCIATION
Nectin-4	ADC_TARGET_NECTIN4	Stage IIIA Bladder Cancer AJCC v8	1	ADC_CANDIDATE_ENFORTUMAB_VEDOTIN	high	OBSERVED_CLINICAL_ASSOCIATION
Nectin-4	ADC_TARGET_NECTIN4	Stage IIIB Bladder Cancer AJCC v8	1	ADC_CANDIDATE_ENFORTUMAB_VEDOTIN	high	OBSERVED_CLINICAL_ASSOCIATION
Nectin-4	ADC_TARGET_NECTIN4	Stage IV Bladder Cancer AJCC v7	1	ADC_CANDIDATE_ENFORTUMAB_VEDOTIN	high	OBSERVED_CLINICAL_ASSOCIATION
Nectin-4	ADC_TARGET_NECTIN4	Stage IV Bladder Cancer AJCC v8	1	ADC_CANDIDATE_ENFORTUMAB_VEDOTIN	high	OBSERVED_CLINICAL_ASSOCIATION
Nectin-4	ADC_TARGET_NECTIN4	Stage IV Penile Cancer AJCC v8	1	ADC_CANDIDATE_ENFORTUMAB_VEDOTIN	high	OBSERVED_CLINICAL_ASSOCIATION
Nectin-4	ADC_TARGET_NECTIN4	Stage IV Renal Pelvis Cancer AJCC v8	1	ADC_CANDIDATE_ENFORTUMAB_VEDOTIN	high	OBSERVED_CLINICAL_ASSOCIATION
Nectin-4	ADC_TARGET_NECTIN4	Stage IV Renal Pelvis and Ureter Cancer AJCC v7	1	ADC_CANDIDATE_ENFORTUMAB_VEDOTIN	high	OBSERVED_CLINICAL_ASSOCIATION
Nectin-4	ADC_TARGET_NECTIN4	Stage IV Renal Pelvis and Ureter Cancer AJCC v8	1	ADC_CANDIDATE_ENFORTUMAB_VEDOTIN	high	OBSERVED_CLINICAL_ASSOCIATION
Nectin-4	ADC_TARGET_NECTIN4	Stage IV Ureter Cancer AJCC v8	1	ADC_CANDIDATE_ENFORTUMAB_VEDOTIN	high	OBSERVED_CLINICAL_ASSOCIATION
Nectin-4	ADC_TARGET_NECTIN4	Stage IV Urethral Cancer AJCC v8	1	ADC_CANDIDATE_ENFORTUMAB_VEDOTIN	high	OBSERVED_CLINICAL_ASSOCIATION
Nectin-4	ADC_TARGET_NECTIN4	Testicular Germ Cell Tumors	1	ADC_CANDIDATE_ENFORTUMAB_VEDOTIN	high	OBSERVED_CLINICAL_ASSOCIATION
Nectin-4	ADC_TARGET_NECTIN4	Unresectable Bladder Carcinoma	1	ADC_CANDIDATE_ENFORTUMAB_VEDOTIN	high	OBSERVED_CLINICAL_ASSOCIATION
Nectin-4	ADC_TARGET_NECTIN4	Unresectable Bladder Urothelial Carcinoma	1	ADC_CANDIDATE_ENFORTUMAB_VEDOTIN	high	OBSERVED_CLINICAL_ASSOCIATION
Nectin-4	ADC_TARGET_NECTIN4	Unresectable Penile Squamous Cell Carcinoma	1	ADC_CANDIDATE_ENFORTUMAB_VEDOTIN	high	OBSERVED_CLINICAL_ASSOCIATION
Nectin-4	ADC_TARGET_NECTIN4	Unresectable Renal Pelvis Urothelial Carcinoma	1	ADC_CANDIDATE_ENFORTUMAB_VEDOTIN	high	OBSERVED_CLINICAL_ASSOCIATION
Nectin-4	ADC_TARGET_NECTIN4	Unresectable Ureter Urothelial Carcinoma	1	ADC_CANDIDATE_ENFORTUMAB_VEDOTIN	high	OBSERVED_CLINICAL_ASSOCIATION
Nectin-4	ADC_TARGET_NECTIN4	Unresectable Urothelial Carcinoma	1	ADC_CANDIDATE_ENFORTUMAB_VEDOTIN	high	OBSERVED_CLINICAL_ASSOCIATION
Nectin-4	ADC_TARGET_NECTIN4	Upper Tract Urothelial Carcinoma	1	ADC_CANDIDATE_ENFORTUMAB_VEDOTIN	high	OBSERVED_CLINICAL_ASSOCIATION
Nectin-4	ADC_TARGET_NECTIN4	Urachal Adenocarcinoma	1	ADC_CANDIDATE_ENFORTUMAB_VEDOTIN	high	OBSERVED_CLINICAL_ASSOCIATION
Nectin-4	ADC_TARGET_NECTIN4	Ureteral Cancer	1	ADC_CANDIDATE_ENFORTUMAB_VEDOTIN	high	OBSERVED_CLINICAL_ASSOCIATION
Nectin-4	ADC_TARGET_NECTIN4	Ureteral Neoplasms	1	ADC_CANDIDATE_ENFORTUMAB_VEDOTIN	high	OBSERVED_CLINICAL_ASSOCIATION
Nectin-4	ADC_TARGET_NECTIN4	Urethral Neoplasms	1	ADC_CANDIDATE_ENFORTUMAB_VEDOTIN	high	OBSERVED_CLINICAL_ASSOCIATION
Nectin-4	ADC_TARGET_NECTIN4	Urinary Bladder Cancer, Muscle-invasive	1	ADC_CANDIDATE_ENFORTUMAB_VEDOTIN	high	OBSERVED_CLINICAL_ASSOCIATION
Nectin-4	ADC_TARGET_NECTIN4	Urinary Bladder Neoplasms	1	ADC_CANDIDATE_ENFORTUMAB_VEDOTIN	high	OBSERVED_CLINICAL_ASSOCIATION
Nectin-4	ADC_TARGET_NECTIN4	Urologic Neoplasms	1	ADC_CANDIDATE_ENFORTUMAB_VEDOTIN	high	OBSERVED_CLINICAL_ASSOCIATION
Nectin-4	ADC_TARGET_NECTIN4	Urothelial Bladder Cancer	1	ADC_CANDIDATE_ENFORTUMAB_VEDOTIN	high	OBSERVED_CLINICAL_ASSOCIATION
Nectin-4	ADC_TARGET_NECTIN4	Urothelial Cancer	1	ADC_CANDIDATE_ENFORTUMAB_VEDOTIN	high	OBSERVED_CLINICAL_ASSOCIATION
Nectin-4	ADC_TARGET_NECTIN4	Urothelial Carcinoma	1	ADC_CANDIDATE_ENFORTUMAB_VEDOTIN	high	OBSERVED_CLINICAL_ASSOCIATION
Nectin-4	ADC_TARGET_NECTIN4	Urothelial Carcinoma (UC)	1	ADC_CANDIDATE_ENFORTUMAB_VEDOTIN	high	OBSERVED_CLINICAL_ASSOCIATION
Nectin-4	ADC_TARGET_NECTIN4	Urothelial Carcinoma Bladder	1	ADC_CANDIDATE_ENFORTUMAB_VEDOTIN	high	OBSERVED_CLINICAL_ASSOCIATION
Nectin-4	ADC_TARGET_NECTIN4	Urothelial Carcinoma Ureter	1	ADC_CANDIDATE_ENFORTUMAB_VEDOTIN	high	OBSERVED_CLINICAL_ASSOCIATION
Nectin-4	ADC_TARGET_NECTIN4	Urothelial Carcinoma Urethra	1	ADC_CANDIDATE_ENFORTUMAB_VEDOTIN	high	OBSERVED_CLINICAL_ASSOCIATION
Nectin-4	ADC_TARGET_NECTIN4	Urothelial Carcinoma of the Renal Pelvis and Ureter	1	ADC_CANDIDATE_ENFORTUMAB_VEDOTIN	high	OBSERVED_CLINICAL_ASSOCIATION
Nectin-4	ADC_TARGET_NECTIN4	Urothelial Neoplasms	1	ADC_CANDIDATE_ENFORTUMAB_VEDOTIN	high	OBSERVED_CLINICAL_ASSOCIATION
Nectin-4	ADC_TARGET_NECTIN4	ctDNA	1	ADC_CANDIDATE_ENFORTUMAB_VEDOTIN	high	OBSERVED_CLINICAL_ASSOCIATION
Tissue Factor	ADC_TARGET_TISSUEFACTOR	Bladder Cancer	1	ADC_CANDIDATE_TISOTUMAB_VEDOTIN	high	OBSERVED_CLINICAL_ASSOCIATION
Tissue Factor	ADC_TARGET_TISSUEFACTOR	Breast Cancer	1	ADC_CANDIDATE_TISOTUMAB_VEDOTIN	high	OBSERVED_CLINICAL_ASSOCIATION
Tissue Factor	ADC_TARGET_TISSUEFACTOR	Carcinoma, Non-Small-Cell Lung	1	ADC_CANDIDATE_TISOTUMAB_VEDOTIN	high	OBSERVED_CLINICAL_ASSOCIATION
Tissue Factor	ADC_TARGET_TISSUEFACTOR	Carcinoma, Squamous Cell of Head and Neck	1	ADC_CANDIDATE_TISOTUMAB_VEDOTIN	high	OBSERVED_CLINICAL_ASSOCIATION
Tissue Factor	ADC_TARGET_TISSUEFACTOR	Cervical Cancer	1	ADC_CANDIDATE_TISOTUMAB_VEDOTIN	high	OBSERVED_CLINICAL_ASSOCIATION
Tissue Factor	ADC_TARGET_TISSUEFACTOR	Cervix Cancer	1	ADC_CANDIDATE_TISOTUMAB_VEDOTIN	high	OBSERVED_CLINICAL_ASSOCIATION
Tissue Factor	ADC_TARGET_TISSUEFACTOR	Colo-rectal Cancer	1	ADC_CANDIDATE_TISOTUMAB_VEDOTIN	high	OBSERVED_CLINICAL_ASSOCIATION
Tissue Factor	ADC_TARGET_TISSUEFACTOR	Colorectal Neoplasms	1	ADC_CANDIDATE_TISOTUMAB_VEDOTIN	high	OBSERVED_CLINICAL_ASSOCIATION
Tissue Factor	ADC_TARGET_TISSUEFACTOR	Endometrium Cancer	1	ADC_CANDIDATE_TISOTUMAB_VEDOTIN	high	OBSERVED_CLINICAL_ASSOCIATION
Tissue Factor	ADC_TARGET_TISSUEFACTOR	Esophagus Cancer	1	ADC_CANDIDATE_TISOTUMAB_VEDOTIN	high	OBSERVED_CLINICAL_ASSOCIATION
Tissue Factor	ADC_TARGET_TISSUEFACTOR	Exocrine Pancreatic Cancer	1	ADC_CANDIDATE_TISOTUMAB_VEDOTIN	high	OBSERVED_CLINICAL_ASSOCIATION
Tissue Factor	ADC_TARGET_TISSUEFACTOR	Fallopian Tube Cancer	1	ADC_CANDIDATE_TISOTUMAB_VEDOTIN	high	OBSERVED_CLINICAL_ASSOCIATION
Tissue Factor	ADC_TARGET_TISSUEFACTOR	Lung Cancer (NSCLC)	1	ADC_CANDIDATE_TISOTUMAB_VEDOTIN	high	OBSERVED_CLINICAL_ASSOCIATION
Tissue Factor	ADC_TARGET_TISSUEFACTOR	Lung Cancer (Non-Small Cell)	1	ADC_CANDIDATE_TISOTUMAB_VEDOTIN	high	OBSERVED_CLINICAL_ASSOCIATION
Tissue Factor	ADC_TARGET_TISSUEFACTOR	Lung Cancer(NSCLC)	1	ADC_CANDIDATE_TISOTUMAB_VEDOTIN	high	OBSERVED_CLINICAL_ASSOCIATION
Tissue Factor	ADC_TARGET_TISSUEFACTOR	Lung Cancer, Nonsmall Cell	1	ADC_CANDIDATE_TISOTUMAB_VEDOTIN	high	OBSERVED_CLINICAL_ASSOCIATION
Tissue Factor	ADC_TARGET_TISSUEFACTOR	Metastatic Breast Cancer ( HER2 Negative)	1	ADC_CANDIDATE_TISOTUMAB_VEDOTIN	high	OBSERVED_CLINICAL_ASSOCIATION
Tissue Factor	ADC_TARGET_TISSUEFACTOR	Ovarian Cancer	1	ADC_CANDIDATE_TISOTUMAB_VEDOTIN	high	OBSERVED_CLINICAL_ASSOCIATION
Tissue Factor	ADC_TARGET_TISSUEFACTOR	Ovary Cancer	1	ADC_CANDIDATE_TISOTUMAB_VEDOTIN	high	OBSERVED_CLINICAL_ASSOCIATION
Tissue Factor	ADC_TARGET_TISSUEFACTOR	Pancreas Cancer, Duct Cell Adenocarcinoma	1	ADC_CANDIDATE_TISOTUMAB_VEDOTIN	high	OBSERVED_CLINICAL_ASSOCIATION
Tissue Factor	ADC_TARGET_TISSUEFACTOR	Peritoneal Cancer	1	ADC_CANDIDATE_TISOTUMAB_VEDOTIN	high	OBSERVED_CLINICAL_ASSOCIATION
Tissue Factor	ADC_TARGET_TISSUEFACTOR	Prostate Cancer	1	ADC_CANDIDATE_TISOTUMAB_VEDOTIN	high	OBSERVED_CLINICAL_ASSOCIATION
Tissue Factor	ADC_TARGET_TISSUEFACTOR	Prostate Cancer (CRPC)	1	ADC_CANDIDATE_TISOTUMAB_VEDOTIN	high	OBSERVED_CLINICAL_ASSOCIATION
Tissue Factor	ADC_TARGET_TISSUEFACTOR	Prostate Cancer Castration-resistant Prostate Cancer	1	ADC_CANDIDATE_TISOTUMAB_VEDOTIN	high	OBSERVED_CLINICAL_ASSOCIATION
Tissue Factor	ADC_TARGET_TISSUEFACTOR	Recurrent or Metastatic Vulvar Cancer	1	ADC_CANDIDATE_TISOTUMAB_VEDOTIN	high	OBSERVED_CLINICAL_ASSOCIATION
Tissue Factor	ADC_TARGET_TISSUEFACTOR	Solid Malignancies	1	ADC_CANDIDATE_TISOTUMAB_VEDOTIN	high	OBSERVED_CLINICAL_ASSOCIATION
Tissue Factor	ADC_TARGET_TISSUEFACTOR	Solid Tumor	1	ADC_CANDIDATE_TISOTUMAB_VEDOTIN	high	OBSERVED_CLINICAL_ASSOCIATION
Tissue Factor	ADC_TARGET_TISSUEFACTOR	Squamous Cell Carcinoma Vulva	1	ADC_CANDIDATE_TISOTUMAB_VEDOTIN	high	OBSERVED_CLINICAL_ASSOCIATION
Tissue Factor	ADC_TARGET_TISSUEFACTOR	Squamous Cell Carcinoma of the Head and Neck	1	ADC_CANDIDATE_TISOTUMAB_VEDOTIN	high	OBSERVED_CLINICAL_ASSOCIATION
Tissue Factor	ADC_TARGET_TISSUEFACTOR	Squamous Cell Carcinoma of the Head and Neck (SCCHN)	1	ADC_CANDIDATE_TISOTUMAB_VEDOTIN	high	OBSERVED_CLINICAL_ASSOCIATION
Tissue Factor	ADC_TARGET_TISSUEFACTOR	Upper Tract Urothelial Carcinoma	1	ADC_CANDIDATE_TISOTUMAB_VEDOTIN	high	OBSERVED_CLINICAL_ASSOCIATION
Tissue Factor	ADC_TARGET_TISSUEFACTOR	Vulvar Carcinoma	1	ADC_CANDIDATE_TISOTUMAB_VEDOTIN	high	OBSERVED_CLINICAL_ASSOCIATION
Tissue Factor	ADC_TARGET_TISSUEFACTOR	ctDNA	1	ADC_CANDIDATE_TISOTUMAB_VEDOTIN	high	OBSERVED_CLINICAL_ASSOCIATION
Trop-2	ADC_TARGET_TROP2	Additional Indications Below for Module 4 and 5	1	ADC_CANDIDATE_DATOPOTAMAB_DERUXTECAN	high	OBSERVED_CLINICAL_ASSOCIATION
Trop-2	ADC_TARGET_TROP2	Advanced Breast Cancer	1	ADC_CANDIDATE_SACITUZUMAB_GOVITECAN	high	OBSERVED_CLINICAL_ASSOCIATION
Trop-2	ADC_TARGET_TROP2	Advanced Gastroesophageal Adenocarcinoma	1	ADC_CANDIDATE_DATOPOTAMAB_DERUXTECAN	high	OBSERVED_CLINICAL_ASSOCIATION
Trop-2	ADC_TARGET_TROP2	Advanced HR+/HER2- Breast Cancer	1	ADC_CANDIDATE_SACITUZUMAB_GOVITECAN	high	OBSERVED_CLINICAL_ASSOCIATION
Trop-2	ADC_TARGET_TROP2	Advanced Malignant Solid Neoplasm	1	ADC_CANDIDATE_SACITUZUMAB_GOVITECAN	high	OBSERVED_CLINICAL_ASSOCIATION
Trop-2	ADC_TARGET_TROP2	Advanced Non Small Cell Lung Cancer	1	ADC_CANDIDATE_DATOPOTAMAB_DERUXTECAN	high	OBSERVED_CLINICAL_ASSOCIATION
Trop-2	ADC_TARGET_TROP2	Advanced Solid Malignancies	1	ADC_CANDIDATE_DATOPOTAMAB_DERUXTECAN	high	OBSERVED_CLINICAL_ASSOCIATION
Trop-2	ADC_TARGET_TROP2	Advanced Solid Tumors	1	ADC_CANDIDATE_SACITUZUMAB_GOVITECAN	high	OBSERVED_CLINICAL_ASSOCIATION
Trop-2	ADC_TARGET_TROP2	Advanced Solid Tumors That Are MTAP Deficient	1	ADC_CANDIDATE_DATOPOTAMAB_DERUXTECAN	high	OBSERVED_CLINICAL_ASSOCIATION
Trop-2	ADC_TARGET_TROP2	Advanced Triple Negative Breast Cancer	1	ADC_CANDIDATE_SACITUZUMAB_GOVITECAN	high	OBSERVED_CLINICAL_ASSOCIATION
Trop-2	ADC_TARGET_TROP2	Advanced Triple-Negative Breast Cancer	1	ADC_CANDIDATE_SACITUZUMAB_GOVITECAN	high	OBSERVED_CLINICAL_ASSOCIATION
Trop-2	ADC_TARGET_TROP2	Advanced or Metastatic NSCLC	1	ADC_CANDIDATE_DATOPOTAMAB_DERUXTECAN	high	OBSERVED_CLINICAL_ASSOCIATION
Trop-2	ADC_TARGET_TROP2	Advanced or Metastatic Non-Small-Cell Lung Cancer	1	ADC_CANDIDATE_SACITUZUMAB_GOVITECAN	high	OBSERVED_CLINICAL_ASSOCIATION
Trop-2	ADC_TARGET_TROP2	Advanced or Metastatic Solid Tumor	1	ADC_CANDIDATE_SACITUZUMAB_GOVITECAN	high	OBSERVED_CLINICAL_ASSOCIATION
Trop-2	ADC_TARGET_TROP2	Anaplastic Thyroid Cancer	1	ADC_CANDIDATE_SACITUZUMAB_GOVITECAN	high	OBSERVED_CLINICAL_ASSOCIATION
Trop-2	ADC_TARGET_TROP2	Anatomic Stage IV Breast Cancer AJCC v8	1	ADC_CANDIDATE_SACITUZUMAB_GOVITECAN	high	OBSERVED_CLINICAL_ASSOCIATION
Trop-2	ADC_TARGET_TROP2	Angiosarcoma	1	ADC_CANDIDATE_DATOPOTAMAB_DERUXTECAN	high	OBSERVED_CLINICAL_ASSOCIATION
Trop-2	ADC_TARGET_TROP2	Biliary Cancer	1	ADC_CANDIDATE_DATOPOTAMAB_DERUXTECAN	high	OBSERVED_CLINICAL_ASSOCIATION
Trop-2	ADC_TARGET_TROP2	Biliary Tract Cancer	1	ADC_CANDIDATE_DATOPOTAMAB_DERUXTECAN	high	OBSERVED_CLINICAL_ASSOCIATION
Trop-2	ADC_TARGET_TROP2	Bladder Neoplasm	1	ADC_CANDIDATE_SACITUZUMAB_GOVITECAN	high	OBSERVED_CLINICAL_ASSOCIATION
Trop-2	ADC_TARGET_TROP2	Bladder Urothelial Carcinoma	1	ADC_CANDIDATE_SACITUZUMAB_GOVITECAN	high	OBSERVED_CLINICAL_ASSOCIATION
Trop-2	ADC_TARGET_TROP2	Brain Metastases	1	ADC_CANDIDATE_DATOPOTAMAB_DERUXTECAN	high	OBSERVED_CLINICAL_ASSOCIATION
Trop-2	ADC_TARGET_TROP2	Brain Metastases From Breast Cancer	1	ADC_CANDIDATE_SACITUZUMAB_GOVITECAN	high	OBSERVED_CLINICAL_ASSOCIATION
Trop-2	ADC_TARGET_TROP2	Brain Metastases, Adult	1	ADC_CANDIDATE_SACITUZUMAB_GOVITECAN	high	OBSERVED_CLINICAL_ASSOCIATION
Trop-2	ADC_TARGET_TROP2	Brain Metastasis	1	ADC_CANDIDATE_SACITUZUMAB_GOVITECAN	high	OBSERVED_CLINICAL_ASSOCIATION
Trop-2	ADC_TARGET_TROP2	Breast Cancer (Locally Advanced or Metastatic)	1	ADC_CANDIDATE_DATOPOTAMAB_DERUXTECAN	high	OBSERVED_CLINICAL_ASSOCIATION
Trop-2	ADC_TARGET_TROP2	Breast Cancer Metastatic	1	ADC_CANDIDATE_SACITUZUMAB_GOVITECAN	high	OBSERVED_CLINICAL_ASSOCIATION
Trop-2	ADC_TARGET_TROP2	Breast Tumors	1	ADC_CANDIDATE_DATOPOTAMAB_DERUXTECAN	high	OBSERVED_CLINICAL_ASSOCIATION
Trop-2	ADC_TARGET_TROP2	CCNE1 Amplification	1	ADC_CANDIDATE_SACITUZUMAB_GOVITECAN	high	OBSERVED_CLINICAL_ASSOCIATION
Trop-2	ADC_TARGET_TROP2	Cancer	1	ADC_CANDIDATE_SACITUZUMAB_GOVITECAN	high	OBSERVED_CLINICAL_ASSOCIATION
Trop-2	ADC_TARGET_TROP2	Carcinoma Breast Stage IV	1	ADC_CANDIDATE_SACITUZUMAB_GOVITECAN	high	OBSERVED_CLINICAL_ASSOCIATION
Trop-2	ADC_TARGET_TROP2	Chemotherapy-induced Alopecia	1	ADC_CANDIDATE_SACITUZUMAB_GOVITECAN	high	OBSERVED_CLINICAL_ASSOCIATION
Trop-2	ADC_TARGET_TROP2	Circulating Tumor DNA	1	ADC_CANDIDATE_SACITUZUMAB_GOVITECAN	high	OBSERVED_CLINICAL_ASSOCIATION
Trop-2	ADC_TARGET_TROP2	Colorectal Cancer	1	ADC_CANDIDATE_DATOPOTAMAB_DERUXTECAN	high	OBSERVED_CLINICAL_ASSOCIATION
Trop-2	ADC_TARGET_TROP2	Differentiated Thyroid Cancer	1	ADC_CANDIDATE_SACITUZUMAB_GOVITECAN	high	OBSERVED_CLINICAL_ASSOCIATION
Trop-2	ADC_TARGET_TROP2	EGFRm Advanced Non-Small Cell Lung Cancer	1	ADC_CANDIDATE_DATOPOTAMAB_DERUXTECAN	high	OBSERVED_CLINICAL_ASSOCIATION
Trop-2	ADC_TARGET_TROP2	EGFRm Metastatic Non-Small Cell Lung Cancer	1	ADC_CANDIDATE_DATOPOTAMAB_DERUXTECAN	high	OBSERVED_CLINICAL_ASSOCIATION
Trop-2	ADC_TARGET_TROP2	ER Positive Breast Cancer	1	ADC_CANDIDATE_DATOPOTAMAB_DERUXTECAN	high	OBSERVED_CLINICAL_ASSOCIATION
Trop-2	ADC_TARGET_TROP2	ER-Negative Breast Cancer	1	ADC_CANDIDATE_SACITUZUMAB_GOVITECAN	high	OBSERVED_CLINICAL_ASSOCIATION
Trop-2	ADC_TARGET_TROP2	ER-negative Breast Cancer	1	ADC_CANDIDATE_DATOPOTAMAB_DERUXTECAN	high	OBSERVED_CLINICAL_ASSOCIATION
Trop-2	ADC_TARGET_TROP2	Endometrial Carcinoma	1	ADC_CANDIDATE_SACITUZUMAB_GOVITECAN	high	OBSERVED_CLINICAL_ASSOCIATION
Trop-2	ADC_TARGET_TROP2	Epithelial Ovarian Cancer	1	ADC_CANDIDATE_SACITUZUMAB_GOVITECAN	high	OBSERVED_CLINICAL_ASSOCIATION
Trop-2	ADC_TARGET_TROP2	Esophageal Cancer	1	ADC_CANDIDATE_SACITUZUMAB_GOVITECAN	high	OBSERVED_CLINICAL_ASSOCIATION
Trop-2	ADC_TARGET_TROP2	Esophageal Squamous Cell Carcinoma	1	ADC_CANDIDATE_SACITUZUMAB_GOVITECAN	high	OBSERVED_CLINICAL_ASSOCIATION
Trop-2	ADC_TARGET_TROP2	Esophagogastric Adenocarcinoma	1	ADC_CANDIDATE_SACITUZUMAB_GOVITECAN	high	OBSERVED_CLINICAL_ASSOCIATION
Trop-2	ADC_TARGET_TROP2	Evaluating the Efficacy of Trop-2 ADC Combination Therapy in Advanced Triple-Negative Breast Cancer	1	ADC_CANDIDATE_SACITUZUMAB_GOVITECAN	high	OBSERVED_CLINICAL_ASSOCIATION
Trop-2	ADC_TARGET_TROP2	Extensive Stage Small Cell Lung Cancer (ES-SCLC)	1	ADC_CANDIDATE_SACITUZUMAB_GOVITECAN	high	OBSERVED_CLINICAL_ASSOCIATION
Trop-2	ADC_TARGET_TROP2	Extensive-Stage Small Cell Lung Cancer	1	ADC_CANDIDATE_SACITUZUMAB_GOVITECAN	high	OBSERVED_CLINICAL_ASSOCIATION
Trop-2	ADC_TARGET_TROP2	Extrapulmonary Neuroendocrine Carcinoma	1	ADC_CANDIDATE_SACITUZUMAB_GOVITECAN	high	OBSERVED_CLINICAL_ASSOCIATION
Trop-2	ADC_TARGET_TROP2	Fallopian Tube Cancer	1	ADC_CANDIDATE_SACITUZUMAB_GOVITECAN	high	OBSERVED_CLINICAL_ASSOCIATION
Trop-2	ADC_TARGET_TROP2	Fallopian Tube Cancers	1	ADC_CANDIDATE_SACITUZUMAB_GOVITECAN	high	OBSERVED_CLINICAL_ASSOCIATION
Trop-2	ADC_TARGET_TROP2	Gastric Adenocarcinoma	1	ADC_CANDIDATE_SACITUZUMAB_GOVITECAN	high	OBSERVED_CLINICAL_ASSOCIATION
Trop-2	ADC_TARGET_TROP2	Gastric Cancer	1	ADC_CANDIDATE_DATOPOTAMAB_DERUXTECAN	high	OBSERVED_CLINICAL_ASSOCIATION
Trop-2	ADC_TARGET_TROP2	Gastric Cancer/Gastroesophageal Junction Adenocarcinoma	1	ADC_CANDIDATE_DATOPOTAMAB_DERUXTECAN	high	OBSERVED_CLINICAL_ASSOCIATION
Trop-2	ADC_TARGET_TROP2	Gland	1	ADC_CANDIDATE_SACITUZUMAB_GOVITECAN	high	OBSERVED_CLINICAL_ASSOCIATION
Trop-2	ADC_TARGET_TROP2	Glioblastoma	1	ADC_CANDIDATE_SACITUZUMAB_GOVITECAN	high	OBSERVED_CLINICAL_ASSOCIATION
Trop-2	ADC_TARGET_TROP2	Glioblastoma Multiforme	1	ADC_CANDIDATE_SACITUZUMAB_GOVITECAN	high	OBSERVED_CLINICAL_ASSOCIATION
Trop-2	ADC_TARGET_TROP2	HER 2 Low-expressing Breast Cancer	1	ADC_CANDIDATE_SACITUZUMAB_GOVITECAN	high	OBSERVED_CLINICAL_ASSOCIATION
Trop-2	ADC_TARGET_TROP2	HER2 Negative Breast Carcinoma	1	ADC_CANDIDATE_DATOPOTAMAB_DERUXTECAN	high	OBSERVED_CLINICAL_ASSOCIATION
Trop-2	ADC_TARGET_TROP2	HER2-low Breast Cancer	1	ADC_CANDIDATE_DATOPOTAMAB_DERUXTECAN	high	OBSERVED_CLINICAL_ASSOCIATION
Trop-2	ADC_TARGET_TROP2	HER2-positive Breast Cancer	1	ADC_CANDIDATE_DATOPOTAMAB_DERUXTECAN	high	OBSERVED_CLINICAL_ASSOCIATION
Trop-2	ADC_TARGET_TROP2	HER2-positive Gastric Cancer	1	ADC_CANDIDATE_DATOPOTAMAB_DERUXTECAN	high	OBSERVED_CLINICAL_ASSOCIATION
Trop-2	ADC_TARGET_TROP2	HPV Positive Oropharyngeal Squamous Cell Carcinoma	1	ADC_CANDIDATE_SACITUZUMAB_GOVITECAN	high	OBSERVED_CLINICAL_ASSOCIATION
Trop-2	ADC_TARGET_TROP2	HR+, HER2-, Advanced Breast Cancer	1	ADC_CANDIDATE_SACITUZUMAB_GOVITECAN	high	OBSERVED_CLINICAL_ASSOCIATION
Trop-2	ADC_TARGET_TROP2	HR+/HER2- Breast Cancer	1	ADC_CANDIDATE_SACITUZUMAB_GOVITECAN	high	OBSERVED_CLINICAL_ASSOCIATION
Trop-2	ADC_TARGET_TROP2	HR+/HER2- Metastatic Breast Cancer	1	ADC_CANDIDATE_SACITUZUMAB_GOVITECAN	high	OBSERVED_CLINICAL_ASSOCIATION
Trop-2	ADC_TARGET_TROP2	HR-Positive Breast Cancer	1	ADC_CANDIDATE_SACITUZUMAB_GOVITECAN	high	OBSERVED_CLINICAL_ASSOCIATION
Trop-2	ADC_TARGET_TROP2	HRD Cancer	1	ADC_CANDIDATE_SACITUZUMAB_GOVITECAN	high	OBSERVED_CLINICAL_ASSOCIATION
Trop-2	ADC_TARGET_TROP2	Head and Neck Cancers- Squamous Cell	1	ADC_CANDIDATE_SACITUZUMAB_GOVITECAN	high	OBSERVED_CLINICAL_ASSOCIATION
Trop-2	ADC_TARGET_TROP2	Hepatocellular Carcinoma	1	ADC_CANDIDATE_SACITUZUMAB_GOVITECAN	high	OBSERVED_CLINICAL_ASSOCIATION
Trop-2	ADC_TARGET_TROP2	Her 2 Positive Breast Cancer	1	ADC_CANDIDATE_SACITUZUMAB_GOVITECAN	high	OBSERVED_CLINICAL_ASSOCIATION
Trop-2	ADC_TARGET_TROP2	High-risk Muscle Invasive Urothelial Carcinoma	1	ADC_CANDIDATE_DATOPOTAMAB_DERUXTECAN	high	OBSERVED_CLINICAL_ASSOCIATION
Trop-2	ADC_TARGET_TROP2	Hormone Receptor Negative Tumor	1	ADC_CANDIDATE_DATOPOTAMAB_DERUXTECAN	high	OBSERVED_CLINICAL_ASSOCIATION
Trop-2	ADC_TARGET_TROP2	Hormone Receptor Positive Breast Cancer	1	ADC_CANDIDATE_DATOPOTAMAB_DERUXTECAN	high	OBSERVED_CLINICAL_ASSOCIATION
Trop-2	ADC_TARGET_TROP2	Hormone Receptor Positive Tumor	1	ADC_CANDIDATE_DATOPOTAMAB_DERUXTECAN	high	OBSERVED_CLINICAL_ASSOCIATION
Trop-2	ADC_TARGET_TROP2	Hormone-receptor-positive Breast Cancer	1	ADC_CANDIDATE_SACITUZUMAB_GOVITECAN	high	OBSERVED_CLINICAL_ASSOCIATION
Trop-2	ADC_TARGET_TROP2	Hormone-refractory Prostate Cancer	1	ADC_CANDIDATE_SACITUZUMAB_GOVITECAN	high	OBSERVED_CLINICAL_ASSOCIATION
Trop-2	ADC_TARGET_TROP2	Human Epidermal Growth Factor 2 Low Breast Cancer	1	ADC_CANDIDATE_SACITUZUMAB_GOVITECAN	high	OBSERVED_CLINICAL_ASSOCIATION
Trop-2	ADC_TARGET_TROP2	Hypopharynx Cancer	1	ADC_CANDIDATE_SACITUZUMAB_GOVITECAN	high	OBSERVED_CLINICAL_ASSOCIATION
Trop-2	ADC_TARGET_TROP2	Hypopharynx Squamous Cell Carcinoma	1	ADC_CANDIDATE_SACITUZUMAB_GOVITECAN	high	OBSERVED_CLINICAL_ASSOCIATION
Trop-2	ADC_TARGET_TROP2	Invasive Breast Cancer	1	ADC_CANDIDATE_SACITUZUMAB_GOVITECAN	high	OBSERVED_CLINICAL_ASSOCIATION
Trop-2	ADC_TARGET_TROP2	Invasive Breast Carcinoma	1	ADC_CANDIDATE_SACITUZUMAB_GOVITECAN	high	OBSERVED_CLINICAL_ASSOCIATION
Trop-2	ADC_TARGET_TROP2	Larynx Cancer	1	ADC_CANDIDATE_SACITUZUMAB_GOVITECAN	high	OBSERVED_CLINICAL_ASSOCIATION
Trop-2	ADC_TARGET_TROP2	Larynx Squamous Cell Carcinoma	1	ADC_CANDIDATE_SACITUZUMAB_GOVITECAN	high	OBSERVED_CLINICAL_ASSOCIATION
Trop-2	ADC_TARGET_TROP2	Leptomeningeal Metastases	1	ADC_CANDIDATE_SACITUZUMAB_GOVITECAN	high	OBSERVED_CLINICAL_ASSOCIATION
Trop-2	ADC_TARGET_TROP2	Liver Failure	1	ADC_CANDIDATE_SACITUZUMAB_GOVITECAN	high	OBSERVED_CLINICAL_ASSOCIATION
Trop-2	ADC_TARGET_TROP2	Localized Muscle Invasive Bladder Urothelial Carcinoma	1	ADC_CANDIDATE_SACITUZUMAB_GOVITECAN	high	OBSERVED_CLINICAL_ASSOCIATION
Trop-2	ADC_TARGET_TROP2	Locally Advanced Breast Cancer	1	ADC_CANDIDATE_DATOPOTAMAB_DERUXTECAN	high	OBSERVED_CLINICAL_ASSOCIATION
Trop-2	ADC_TARGET_TROP2	Locally Advanced Cholangiocarcinoma	1	ADC_CANDIDATE_SACITUZUMAB_GOVITECAN	high	OBSERVED_CLINICAL_ASSOCIATION
Trop-2	ADC_TARGET_TROP2	Locally Advanced Urothelial Carcinoma	1	ADC_CANDIDATE_SACITUZUMAB_GOVITECAN	high	OBSERVED_CLINICAL_ASSOCIATION
Trop-2	ADC_TARGET_TROP2	Locally Advanced or Metastatic Breast Cancer	1	ADC_CANDIDATE_SACITUZUMAB_GOVITECAN	high	OBSERVED_CLINICAL_ASSOCIATION
Trop-2	ADC_TARGET_TROP2	Locally Advanced or Metastatic Unresectable Urothelial Cancer	1	ADC_CANDIDATE_SACITUZUMAB_GOVITECAN	high	OBSERVED_CLINICAL_ASSOCIATION
Trop-2	ADC_TARGET_TROP2	Locally Advanced or Metastatic Urothelial Carcinoma	1	ADC_CANDIDATE_SACITUZUMAB_GOVITECAN	high	OBSERVED_CLINICAL_ASSOCIATION
Trop-2	ADC_TARGET_TROP2	Locally Advanced or Unresectable Metastatic Breast Cancer	1	ADC_CANDIDATE_SACITUZUMAB_GOVITECAN	high	OBSERVED_CLINICAL_ASSOCIATION
Trop-2	ADC_TARGET_TROP2	Lung Diseases	1	ADC_CANDIDATE_SACITUZUMAB_GOVITECAN	high	OBSERVED_CLINICAL_ASSOCIATION
Trop-2	ADC_TARGET_TROP2	Malignant Neoplasm of Uterus	1	ADC_CANDIDATE_SACITUZUMAB_GOVITECAN	high	OBSERVED_CLINICAL_ASSOCIATION
Trop-2	ADC_TARGET_TROP2	Mesothelioma	1	ADC_CANDIDATE_SACITUZUMAB_GOVITECAN	high	OBSERVED_CLINICAL_ASSOCIATION
Trop-2	ADC_TARGET_TROP2	Mesotheliomas Pleural	1	ADC_CANDIDATE_SACITUZUMAB_GOVITECAN	high	OBSERVED_CLINICAL_ASSOCIATION
Trop-2	ADC_TARGET_TROP2	Metastatic Bladder Urothelial Carcinoma	1	ADC_CANDIDATE_SACITUZUMAB_GOVITECAN	high	OBSERVED_CLINICAL_ASSOCIATION
Trop-2	ADC_TARGET_TROP2	Metastatic Castration-resistant Prostate Cancer	1	ADC_CANDIDATE_DATOPOTAMAB_DERUXTECAN	high	OBSERVED_CLINICAL_ASSOCIATION
Trop-2	ADC_TARGET_TROP2	Metastatic Cholangiocarcinoma	1	ADC_CANDIDATE_SACITUZUMAB_GOVITECAN	high	OBSERVED_CLINICAL_ASSOCIATION
Trop-2	ADC_TARGET_TROP2	Metastatic Colorectal Cancer	1	ADC_CANDIDATE_SACITUZUMAB_GOVITECAN	high	OBSERVED_CLINICAL_ASSOCIATION
Trop-2	ADC_TARGET_TROP2	Metastatic Gastric Cancer	1	ADC_CANDIDATE_DATOPOTAMAB_DERUXTECAN	high	OBSERVED_CLINICAL_ASSOCIATION
Trop-2	ADC_TARGET_TROP2	Metastatic HER2 Negative Breast Carcinoma	1	ADC_CANDIDATE_SACITUZUMAB_GOVITECAN	high	OBSERVED_CLINICAL_ASSOCIATION
Trop-2	ADC_TARGET_TROP2	Metastatic HER2-Negative Breast Carcinoma	1	ADC_CANDIDATE_SACITUZUMAB_GOVITECAN	high	OBSERVED_CLINICAL_ASSOCIATION
Trop-2	ADC_TARGET_TROP2	Metastatic Lung Cancer	1	ADC_CANDIDATE_DATOPOTAMAB_DERUXTECAN	high	OBSERVED_CLINICAL_ASSOCIATION
Trop-2	ADC_TARGET_TROP2	Metastatic Malignant Neoplasm in the Brain	1	ADC_CANDIDATE_SACITUZUMAB_GOVITECAN	high	OBSERVED_CLINICAL_ASSOCIATION
Trop-2	ADC_TARGET_TROP2	Metastatic Malignant Solid Neoplasm	1	ADC_CANDIDATE_SACITUZUMAB_GOVITECAN	high	OBSERVED_CLINICAL_ASSOCIATION
Trop-2	ADC_TARGET_TROP2	Metastatic Non Small Cell Lung Cancer	1	ADC_CANDIDATE_DATOPOTAMAB_DERUXTECAN	high	OBSERVED_CLINICAL_ASSOCIATION
Trop-2	ADC_TARGET_TROP2	Metastatic Non-small Cell Lung Cancer	1	ADC_CANDIDATE_DATOPOTAMAB_DERUXTECAN	high	OBSERVED_CLINICAL_ASSOCIATION
Trop-2	ADC_TARGET_TROP2	Metastatic Solid Tumor	1	ADC_CANDIDATE_SACITUZUMAB_GOVITECAN	high	OBSERVED_CLINICAL_ASSOCIATION
Trop-2	ADC_TARGET_TROP2	Metastatic Solid Tumors	1	ADC_CANDIDATE_SACITUZUMAB_GOVITECAN	high	OBSERVED_CLINICAL_ASSOCIATION
Trop-2	ADC_TARGET_TROP2	Metastatic Triple Negative Breast Cancer	1	ADC_CANDIDATE_SACITUZUMAB_GOVITECAN	high	OBSERVED_CLINICAL_ASSOCIATION
Trop-2	ADC_TARGET_TROP2	Metastatic Triple-Negative Breast Cancer	1	ADC_CANDIDATE_SACITUZUMAB_GOVITECAN	high	OBSERVED_CLINICAL_ASSOCIATION
Trop-2	ADC_TARGET_TROP2	Metastatic Triple-negative Breast Cancer	1	ADC_CANDIDATE_SACITUZUMAB_GOVITECAN	high	OBSERVED_CLINICAL_ASSOCIATION
Trop-2	ADC_TARGET_TROP2	Metastatic Urothelial Cancer	1	ADC_CANDIDATE_SACITUZUMAB_GOVITECAN	high	OBSERVED_CLINICAL_ASSOCIATION
Trop-2	ADC_TARGET_TROP2	Metastatic Urothelial Carcinoma	1	ADC_CANDIDATE_SACITUZUMAB_GOVITECAN	high	OBSERVED_CLINICAL_ASSOCIATION
Trop-2	ADC_TARGET_TROP2	Metastatic Urothelial Carcinoma of the Renal Pelvis and Ureter	1	ADC_CANDIDATE_SACITUZUMAB_GOVITECAN	high	OBSERVED_CLINICAL_ASSOCIATION
Trop-2	ADC_TARGET_TROP2	Muscle Invasive Bladder Carcinoma	1	ADC_CANDIDATE_SACITUZUMAB_GOVITECAN	high	OBSERVED_CLINICAL_ASSOCIATION
Trop-2	ADC_TARGET_TROP2	Muscle Invasive Bladder Urothelial Carcinoma	1	ADC_CANDIDATE_SACITUZUMAB_GOVITECAN	high	OBSERVED_CLINICAL_ASSOCIATION
Trop-2	ADC_TARGET_TROP2	Muscle-Invasive Bladder Carcinoma	1	ADC_CANDIDATE_SACITUZUMAB_GOVITECAN	high	OBSERVED_CLINICAL_ASSOCIATION
Trop-2	ADC_TARGET_TROP2	Muscle-invasive Bladder Cancer	1	ADC_CANDIDATE_SACITUZUMAB_GOVITECAN	high	OBSERVED_CLINICAL_ASSOCIATION
Trop-2	ADC_TARGET_TROP2	Muscle-invasive Urothelial Carcinoma of the Bladder	1	ADC_CANDIDATE_SACITUZUMAB_GOVITECAN	high	OBSERVED_CLINICAL_ASSOCIATION
Trop-2	ADC_TARGET_TROP2	NSCLC	1	ADC_CANDIDATE_DATOPOTAMAB_DERUXTECAN	high	OBSERVED_CLINICAL_ASSOCIATION
Trop-2	ADC_TARGET_TROP2	NSCLC (Non-small Cell Lung Cancer)	1	ADC_CANDIDATE_SACITUZUMAB_GOVITECAN	high	OBSERVED_CLINICAL_ASSOCIATION
Trop-2	ADC_TARGET_TROP2	NSCLC Stage IV	1	ADC_CANDIDATE_SACITUZUMAB_GOVITECAN	high	OBSERVED_CLINICAL_ASSOCIATION
Trop-2	ADC_TARGET_TROP2	Nasal Cavity Cancer	1	ADC_CANDIDATE_SACITUZUMAB_GOVITECAN	high	OBSERVED_CLINICAL_ASSOCIATION
Trop-2	ADC_TARGET_TROP2	Neoplasm Metastasis	1	ADC_CANDIDATE_SACITUZUMAB_GOVITECAN	high	OBSERVED_CLINICAL_ASSOCIATION
Trop-2	ADC_TARGET_TROP2	Non Small Cell Lung Cancer	1	ADC_CANDIDATE_DATOPOTAMAB_DERUXTECAN	high	OBSERVED_CLINICAL_ASSOCIATION
Trop-2	ADC_TARGET_TROP2	Non-small Cell Lung Cancer (NSCLC)	1	ADC_CANDIDATE_DATOPOTAMAB_DERUXTECAN	high	OBSERVED_CLINICAL_ASSOCIATION
Trop-2	ADC_TARGET_TROP2	Oral Cavity Cancer	1	ADC_CANDIDATE_SACITUZUMAB_GOVITECAN	high	OBSERVED_CLINICAL_ASSOCIATION
Trop-2	ADC_TARGET_TROP2	Oral Squamous Cell Carcinoma	1	ADC_CANDIDATE_SACITUZUMAB_GOVITECAN	high	OBSERVED_CLINICAL_ASSOCIATION
Trop-2	ADC_TARGET_TROP2	Oral Squamous Cell Carcinoma (OSCC)	1	ADC_CANDIDATE_SACITUZUMAB_GOVITECAN	high	OBSERVED_CLINICAL_ASSOCIATION
Trop-2	ADC_TARGET_TROP2	Oropharynx Cancer	1	ADC_CANDIDATE_SACITUZUMAB_GOVITECAN	high	OBSERVED_CLINICAL_ASSOCIATION
Trop-2	ADC_TARGET_TROP2	Oropharynx Squamous Cell Carcinoma	1	ADC_CANDIDATE_SACITUZUMAB_GOVITECAN	high	OBSERVED_CLINICAL_ASSOCIATION
Trop-2	ADC_TARGET_TROP2	Ovarian Carcinoma	1	ADC_CANDIDATE_SACITUZUMAB_GOVITECAN	high	OBSERVED_CLINICAL_ASSOCIATION
Trop-2	ADC_TARGET_TROP2	Ovarian Epithelial Cancer	1	ADC_CANDIDATE_SACITUZUMAB_GOVITECAN	high	OBSERVED_CLINICAL_ASSOCIATION
Trop-2	ADC_TARGET_TROP2	PD-L1 Negative	1	ADC_CANDIDATE_SACITUZUMAB_GOVITECAN	high	OBSERVED_CLINICAL_ASSOCIATION
Trop-2	ADC_TARGET_TROP2	PD-L1 Positive	1	ADC_CANDIDATE_SACITUZUMAB_GOVITECAN	high	OBSERVED_CLINICAL_ASSOCIATION
Trop-2	ADC_TARGET_TROP2	PDL-1 Positive	1	ADC_CANDIDATE_SACITUZUMAB_GOVITECAN	high	OBSERVED_CLINICAL_ASSOCIATION
Trop-2	ADC_TARGET_TROP2	PR-Negative Breast Cancer	1	ADC_CANDIDATE_SACITUZUMAB_GOVITECAN	high	OBSERVED_CLINICAL_ASSOCIATION
Trop-2	ADC_TARGET_TROP2	Pleura	1	ADC_CANDIDATE_SACITUZUMAB_GOVITECAN	high	OBSERVED_CLINICAL_ASSOCIATION
Trop-2	ADC_TARGET_TROP2	Precision Medicine	1	ADC_CANDIDATE_SACITUZUMAB_GOVITECAN	high	OBSERVED_CLINICAL_ASSOCIATION
Trop-2	ADC_TARGET_TROP2	Primary	1	ADC_CANDIDATE_SACITUZUMAB_GOVITECAN	high	OBSERVED_CLINICAL_ASSOCIATION
Trop-2	ADC_TARGET_TROP2	Primary Adenocarcinoma of the Bladder	1	ADC_CANDIDATE_SACITUZUMAB_GOVITECAN	high	OBSERVED_CLINICAL_ASSOCIATION
Trop-2	ADC_TARGET_TROP2	Primary Adenocarcinoma of the Urinary Tract	1	ADC_CANDIDATE_SACITUZUMAB_GOVITECAN	high	OBSERVED_CLINICAL_ASSOCIATION
Trop-2	ADC_TARGET_TROP2	Primary Peritoneal Cancer	1	ADC_CANDIDATE_SACITUZUMAB_GOVITECAN	high	OBSERVED_CLINICAL_ASSOCIATION
Trop-2	ADC_TARGET_TROP2	Primary Peritoneal Carcinoma	1	ADC_CANDIDATE_SACITUZUMAB_GOVITECAN	high	OBSERVED_CLINICAL_ASSOCIATION
Trop-2	ADC_TARGET_TROP2	Prognostic Stage IV Breast Cancer AJCC v8	1	ADC_CANDIDATE_SACITUZUMAB_GOVITECAN	high	OBSERVED_CLINICAL_ASSOCIATION
Trop-2	ADC_TARGET_TROP2	Recurrent Breast Carcinoma	1	ADC_CANDIDATE_SACITUZUMAB_GOVITECAN	high	OBSERVED_CLINICAL_ASSOCIATION
Trop-2	ADC_TARGET_TROP2	Recurrent Cholangiocarcinoma	1	ADC_CANDIDATE_SACITUZUMAB_GOVITECAN	high	OBSERVED_CLINICAL_ASSOCIATION
Trop-2	ADC_TARGET_TROP2	Recurrent Epithelial Cervical Carcinoma	1	ADC_CANDIDATE_SACITUZUMAB_GOVITECAN	high	OBSERVED_CLINICAL_ASSOCIATION
Trop-2	ADC_TARGET_TROP2	Recurrent Epithelial Endometrial Carcinoma	1	ADC_CANDIDATE_SACITUZUMAB_GOVITECAN	high	OBSERVED_CLINICAL_ASSOCIATION
Trop-2	ADC_TARGET_TROP2	Recurrent Glioblastoma	1	ADC_CANDIDATE_SACITUZUMAB_GOVITECAN	high	OBSERVED_CLINICAL_ASSOCIATION
Trop-2	ADC_TARGET_TROP2	Recurrent Lung Non-Small Cell Carcinoma	1	ADC_CANDIDATE_SACITUZUMAB_GOVITECAN	high	OBSERVED_CLINICAL_ASSOCIATION
Trop-2	ADC_TARGET_TROP2	Recurrent Platinum Resistant Epithelial Ovarian Carcinoma	1	ADC_CANDIDATE_SACITUZUMAB_GOVITECAN	high	OBSERVED_CLINICAL_ASSOCIATION
Trop-2	ADC_TARGET_TROP2	Recurrent Platinum-Sensitive Fallopian Tube Endometrioid Adenocarcinoma	1	ADC_CANDIDATE_SACITUZUMAB_GOVITECAN	high	OBSERVED_CLINICAL_ASSOCIATION
Trop-2	ADC_TARGET_TROP2	Recurrent Platinum-Sensitive Fallopian Tube High Grade Serous Adenocarcinoma	1	ADC_CANDIDATE_SACITUZUMAB_GOVITECAN	high	OBSERVED_CLINICAL_ASSOCIATION
Trop-2	ADC_TARGET_TROP2	Recurrent Platinum-Sensitive Ovarian High Grade Endometrioid Adenocarcinoma	1	ADC_CANDIDATE_SACITUZUMAB_GOVITECAN	high	OBSERVED_CLINICAL_ASSOCIATION
Trop-2	ADC_TARGET_TROP2	Recurrent Platinum-Sensitive Ovarian High Grade Serous Adenocarcinoma	1	ADC_CANDIDATE_SACITUZUMAB_GOVITECAN	high	OBSERVED_CLINICAL_ASSOCIATION
Trop-2	ADC_TARGET_TROP2	Recurrent Platinum-Sensitive Primary Peritoneal Endometrioid Adenocarcinoma	1	ADC_CANDIDATE_SACITUZUMAB_GOVITECAN	high	OBSERVED_CLINICAL_ASSOCIATION
Trop-2	ADC_TARGET_TROP2	Recurrent Platinum-Sensitive Primary Peritoneal High Grade Serous Adenocarcinoma	1	ADC_CANDIDATE_SACITUZUMAB_GOVITECAN	high	OBSERVED_CLINICAL_ASSOCIATION
Trop-2	ADC_TARGET_TROP2	Refractory Bladder Urothelial Carcinoma	1	ADC_CANDIDATE_SACITUZUMAB_GOVITECAN	high	OBSERVED_CLINICAL_ASSOCIATION
Trop-2	ADC_TARGET_TROP2	Refractory Urothelial Carcinoma	1	ADC_CANDIDATE_SACITUZUMAB_GOVITECAN	high	OBSERVED_CLINICAL_ASSOCIATION
Trop-2	ADC_TARGET_TROP2	Renal Cell Cancer	1	ADC_CANDIDATE_SACITUZUMAB_GOVITECAN	high	OBSERVED_CLINICAL_ASSOCIATION
Trop-2	ADC_TARGET_TROP2	Renal Medullary Carcinoma	1	ADC_CANDIDATE_SACITUZUMAB_GOVITECAN	high	OBSERVED_CLINICAL_ASSOCIATION
Trop-2	ADC_TARGET_TROP2	Resectable Head and Neck Squamous Cell Carcinoma	1	ADC_CANDIDATE_SACITUZUMAB_GOVITECAN	high	OBSERVED_CLINICAL_ASSOCIATION
Trop-2	ADC_TARGET_TROP2	Resectable Lung Non-Small Cell Carcinoma	1	ADC_CANDIDATE_SACITUZUMAB_GOVITECAN	high	OBSERVED_CLINICAL_ASSOCIATION
Trop-2	ADC_TARGET_TROP2	Resectable Non-Small-Cell Lung Cancer	1	ADC_CANDIDATE_SACITUZUMAB_GOVITECAN	high	OBSERVED_CLINICAL_ASSOCIATION
Trop-2	ADC_TARGET_TROP2	Residual Cancer	1	ADC_CANDIDATE_SACITUZUMAB_GOVITECAN	high	OBSERVED_CLINICAL_ASSOCIATION
Trop-2	ADC_TARGET_TROP2	Residual Disease	1	ADC_CANDIDATE_DATOPOTAMAB_DERUXTECAN	high	OBSERVED_CLINICAL_ASSOCIATION
Trop-2	ADC_TARGET_TROP2	SCLC	1	ADC_CANDIDATE_SACITUZUMAB_GOVITECAN	high	OBSERVED_CLINICAL_ASSOCIATION
Trop-2	ADC_TARGET_TROP2	Salivary Gland Cancer	1	ADC_CANDIDATE_SACITUZUMAB_GOVITECAN	high	OBSERVED_CLINICAL_ASSOCIATION
Trop-2	ADC_TARGET_TROP2	Salivary Gland Cancers	1	ADC_CANDIDATE_SACITUZUMAB_GOVITECAN	high	OBSERVED_CLINICAL_ASSOCIATION
Trop-2	ADC_TARGET_TROP2	Sinus Cancer	1	ADC_CANDIDATE_SACITUZUMAB_GOVITECAN	high	OBSERVED_CLINICAL_ASSOCIATION
Trop-2	ADC_TARGET_TROP2	Small Cell Carcinoma	1	ADC_CANDIDATE_SACITUZUMAB_GOVITECAN	high	OBSERVED_CLINICAL_ASSOCIATION
Trop-2	ADC_TARGET_TROP2	Small Cell Carcinoma of the Bladder	1	ADC_CANDIDATE_SACITUZUMAB_GOVITECAN	high	OBSERVED_CLINICAL_ASSOCIATION
Trop-2	ADC_TARGET_TROP2	Small Cell Carcinoma of the Urinary Tract	1	ADC_CANDIDATE_SACITUZUMAB_GOVITECAN	high	OBSERVED_CLINICAL_ASSOCIATION
Trop-2	ADC_TARGET_TROP2	Small Cell Lung Cancer	1	ADC_CANDIDATE_SACITUZUMAB_GOVITECAN	high	OBSERVED_CLINICAL_ASSOCIATION
Trop-2	ADC_TARGET_TROP2	Small Cell Lung Cancer ( SCLC )	1	ADC_CANDIDATE_SACITUZUMAB_GOVITECAN	high	OBSERVED_CLINICAL_ASSOCIATION
Trop-2	ADC_TARGET_TROP2	Small Cell Lung Cancer Only in Module 5	1	ADC_CANDIDATE_DATOPOTAMAB_DERUXTECAN	high	OBSERVED_CLINICAL_ASSOCIATION
Trop-2	ADC_TARGET_TROP2	Solid Malignancies	1	ADC_CANDIDATE_SACITUZUMAB_GOVITECAN	high	OBSERVED_CLINICAL_ASSOCIATION
Trop-2	ADC_TARGET_TROP2	Solid Tumor	1	ADC_CANDIDATE_SACITUZUMAB_GOVITECAN	high	OBSERVED_CLINICAL_ASSOCIATION
Trop-2	ADC_TARGET_TROP2	Solid Tumor, Adult	1	ADC_CANDIDATE_SACITUZUMAB_GOVITECAN	high	OBSERVED_CLINICAL_ASSOCIATION
Trop-2	ADC_TARGET_TROP2	Squamous Cell Carcinoma of Head and Neck	1	ADC_CANDIDATE_SACITUZUMAB_GOVITECAN	high	OBSERVED_CLINICAL_ASSOCIATION
Trop-2	ADC_TARGET_TROP2	Squamous Cell Carcinoma of the Bladder	1	ADC_CANDIDATE_SACITUZUMAB_GOVITECAN	high	OBSERVED_CLINICAL_ASSOCIATION
Trop-2	ADC_TARGET_TROP2	Squamous Cell Carcinoma of the Penis	1	ADC_CANDIDATE_SACITUZUMAB_GOVITECAN	high	OBSERVED_CLINICAL_ASSOCIATION
Trop-2	ADC_TARGET_TROP2	Squamous Cell Carcinoma of the Urinary Tract	1	ADC_CANDIDATE_SACITUZUMAB_GOVITECAN	high	OBSERVED_CLINICAL_ASSOCIATION
Trop-2	ADC_TARGET_TROP2	Stage II Bladder Cancer AJCC v8	1	ADC_CANDIDATE_SACITUZUMAB_GOVITECAN	high	OBSERVED_CLINICAL_ASSOCIATION
Trop-2	ADC_TARGET_TROP2	Stage II/III	1	ADC_CANDIDATE_DATOPOTAMAB_DERUXTECAN	high	OBSERVED_CLINICAL_ASSOCIATION
Trop-2	ADC_TARGET_TROP2	Stage III Breast Cancer	1	ADC_CANDIDATE_SACITUZUMAB_GOVITECAN	high	OBSERVED_CLINICAL_ASSOCIATION
Trop-2	ADC_TARGET_TROP2	Stage III Hilar Cholangiocarcinoma AJCC v8	1	ADC_CANDIDATE_SACITUZUMAB_GOVITECAN	high	OBSERVED_CLINICAL_ASSOCIATION
Trop-2	ADC_TARGET_TROP2	Stage III Intrahepatic Cholangiocarcinoma AJCC v8	1	ADC_CANDIDATE_SACITUZUMAB_GOVITECAN	high	OBSERVED_CLINICAL_ASSOCIATION
Trop-2	ADC_TARGET_TROP2	Stage IIIA Bladder Cancer AJCC v8	1	ADC_CANDIDATE_SACITUZUMAB_GOVITECAN	high	OBSERVED_CLINICAL_ASSOCIATION
Trop-2	ADC_TARGET_TROP2	Stage IIIA Breast Cancer	1	ADC_CANDIDATE_SACITUZUMAB_GOVITECAN	high	OBSERVED_CLINICAL_ASSOCIATION
Trop-2	ADC_TARGET_TROP2	Stage IIIB Breast Cancer	1	ADC_CANDIDATE_SACITUZUMAB_GOVITECAN	high	OBSERVED_CLINICAL_ASSOCIATION
Trop-2	ADC_TARGET_TROP2	Stage IIIC Breast Cancer	1	ADC_CANDIDATE_SACITUZUMAB_GOVITECAN	high	OBSERVED_CLINICAL_ASSOCIATION
Trop-2	ADC_TARGET_TROP2	Stage IV (Metastatic) Breast Cancer	1	ADC_CANDIDATE_SACITUZUMAB_GOVITECAN	high	OBSERVED_CLINICAL_ASSOCIATION
Trop-2	ADC_TARGET_TROP2	Stage IV Bladder Cancer AJCC v8	1	ADC_CANDIDATE_SACITUZUMAB_GOVITECAN	high	OBSERVED_CLINICAL_ASSOCIATION
Trop-2	ADC_TARGET_TROP2	Stage IV Breast Cancer	1	ADC_CANDIDATE_SACITUZUMAB_GOVITECAN	high	OBSERVED_CLINICAL_ASSOCIATION
Trop-2	ADC_TARGET_TROP2	Stage IV Hilar Cholangiocarcinoma AJCC v8	1	ADC_CANDIDATE_SACITUZUMAB_GOVITECAN	high	OBSERVED_CLINICAL_ASSOCIATION
Trop-2	ADC_TARGET_TROP2	Stage IV Intrahepatic Cholangiocarcinoma AJCC v8	1	ADC_CANDIDATE_SACITUZUMAB_GOVITECAN	high	OBSERVED_CLINICAL_ASSOCIATION
Trop-2	ADC_TARGET_TROP2	Stage IV Lung Cancer AJCC v8	1	ADC_CANDIDATE_SACITUZUMAB_GOVITECAN	high	OBSERVED_CLINICAL_ASSOCIATION
Trop-2	ADC_TARGET_TROP2	Stomatitis	1	ADC_CANDIDATE_DATOPOTAMAB_DERUXTECAN	high	OBSERVED_CLINICAL_ASSOCIATION
Trop-2	ADC_TARGET_TROP2	TNBC	1	ADC_CANDIDATE_SACITUZUMAB_GOVITECAN	high	OBSERVED_CLINICAL_ASSOCIATION
Trop-2	ADC_TARGET_TROP2	Thymic Carcinoma	1	ADC_CANDIDATE_SACITUZUMAB_GOVITECAN	high	OBSERVED_CLINICAL_ASSOCIATION
Trop-2	ADC_TARGET_TROP2	Thymoma	1	ADC_CANDIDATE_SACITUZUMAB_GOVITECAN	high	OBSERVED_CLINICAL_ASSOCIATION
Trop-2	ADC_TARGET_TROP2	Thyroid Cancer	1	ADC_CANDIDATE_SACITUZUMAB_GOVITECAN	high	OBSERVED_CLINICAL_ASSOCIATION
Trop-2	ADC_TARGET_TROP2	Triple Negative Breast Cancer (TNBC)	1	ADC_CANDIDATE_DATOPOTAMAB_DERUXTECAN	high	OBSERVED_CLINICAL_ASSOCIATION
Trop-2	ADC_TARGET_TROP2	Triple Negative Locally Advanced Non-resectable Breast Cancer	1	ADC_CANDIDATE_SACITUZUMAB_GOVITECAN	high	OBSERVED_CLINICAL_ASSOCIATION
Trop-2	ADC_TARGET_TROP2	Triple-Negative Breast Cancer	1	ADC_CANDIDATE_SACITUZUMAB_GOVITECAN	high	OBSERVED_CLINICAL_ASSOCIATION
Trop-2	ADC_TARGET_TROP2	Triple-Negative Breast Carcinoma	1	ADC_CANDIDATE_SACITUZUMAB_GOVITECAN	high	OBSERVED_CLINICAL_ASSOCIATION
Trop-2	ADC_TARGET_TROP2	Triple-negative Breast Cancer	1	ADC_CANDIDATE_SACITUZUMAB_GOVITECAN	high	OBSERVED_CLINICAL_ASSOCIATION
Trop-2	ADC_TARGET_TROP2	Trop2	1	ADC_CANDIDATE_SACITUZUMAB_GOVITECAN	high	OBSERVED_CLINICAL_ASSOCIATION
Trop-2	ADC_TARGET_TROP2	Unresectable Breast Carcinoma	1	ADC_CANDIDATE_SACITUZUMAB_GOVITECAN	high	OBSERVED_CLINICAL_ASSOCIATION
Trop-2	ADC_TARGET_TROP2	Unresectable Gastric Carcinoma	1	ADC_CANDIDATE_DATOPOTAMAB_DERUXTECAN	high	OBSERVED_CLINICAL_ASSOCIATION
Trop-2	ADC_TARGET_TROP2	Unresectable Non-small Lung Cancer	1	ADC_CANDIDATE_DATOPOTAMAB_DERUXTECAN	high	OBSERVED_CLINICAL_ASSOCIATION
Trop-2	ADC_TARGET_TROP2	Unresectable Urothelial Carcinoma	1	ADC_CANDIDATE_SACITUZUMAB_GOVITECAN	high	OBSERVED_CLINICAL_ASSOCIATION
Trop-2	ADC_TARGET_TROP2	Urinary Bladder Neoplasms	1	ADC_CANDIDATE_SACITUZUMAB_GOVITECAN	high	OBSERVED_CLINICAL_ASSOCIATION
Trop-2	ADC_TARGET_TROP2	Urothelial Bladder Carcinoma	1	ADC_CANDIDATE_SACITUZUMAB_GOVITECAN	high	OBSERVED_CLINICAL_ASSOCIATION
Trop-2	ADC_TARGET_TROP2	Urothelial Carcinoma	1	ADC_CANDIDATE_SACITUZUMAB_GOVITECAN	high	OBSERVED_CLINICAL_ASSOCIATION
