nar_adc_id	canonical_name	phase_bucket	drug_status	brand_name	synonyms	development_codes	antigen_name	payload_moa_target	antibody_name	payload_name	linker_name	indications	companies	reference_count	reference_dois	nct_ids
DRG0AAJTS	ETX-22	Investigative	Investigative		ETx22; Etx 22		Nectin-4 (NECTIN4)		Undisclosed	Undisclosed	Undisclosed	Solid tumors Clinical candidate	Emergence Therapeutics AG	0		
DRG0ADKKF	AbGn-108	Investigative	Investigative		AbGn 108; AbGn108		Undisclosed		Undisclosed	Undisclosed	Undisclosed	Lung cancer Clinical candidate Ovarian cancer Clinical candidate	AbGenomics International, Inc	0		
DRG0AHKIO	MTX-13	Phase1	Phase 1						Ab13	Exatecan	T1000	Oesophageal cancer		0		NCT06752681
DRG0AJCCS	BAT-8008	Phase1	Phase 1						Undisclosed	Exatecan		Solid tumor		0		
DRG0AKFYV	Raludotatug deruxtecan	Investigative	Investigative Drug-to-Antibody Ratio 8 3D		Raludotatug deruxtecan		Cadherin-6 (CDH6)	DNA topoisomerase 1 (TOP1)	Raludotatug	DX-8951 derivative (DXd)	Mc-Gly-Gly-Phe-Gly	Antibody Name: Raludotatug		0		
DRG0ALCYL	NKTR-288	Investigative	Investigative		NKTR 288; NKTR288		Interferon alpha-1/13 (IFNA1; IFNA13)		Undisclosed	Undisclosed	Undisclosed	Solid tumors Clinical candidate	Nektar Therapeutics	0		
DRG0AMZIS	DN-028	Investigative	Investigative		DN028; DN 028		Undisclosed		Undisclosed	Undisclosed	Undisclosed	Solid tumors Clinical candidate	Piistech; Shanghai Gopherwood Biotech Co., Ltd	0		
DRG0ANRPC	JSKN021	Phase1	Phase 1						Anti-EGFR/HER3 bsAb	MMAE	A cleavable linker	Unspecific solid tumor		0		NCT07617727
DRG0AQITP	RG-7636	Phase1	Phase 1						MEDN6000A	Monomethyl auristatin E	Mc-Val-Cit-PABC	Melanoma		0		
DRG0ARHOG	BIIB-015	Phase1	Phase 1 (Terminated)		Anti-CRIPTO; Anti-Cripto mAB; Anti-Cripto-DM4; BIIB 015; BIIB-015; BIIB015		Teratocarcinoma-derived growth factor 1 (TDGF1)	Microtubule (MT)	Anti-TDGF1 mAb huB3F6	Mertansine DM4	N-succinimidyl 4-(2-pyridyldithio) butanoate (SPDB)	Solid tumor; Phase 1 Clinical Trial Drug-to-Antibody Ratio 3 to 4 3D	Biogen, Inc	2		NCT00674947
DRG0ARIWN	CMD-193	Phase1	Phase 1 (Terminated)		CD193; CMD 193; CMD-193; Hu3S193-CM; Hu3S193-CalichDMH		Lewis Y	Human Deoxyribonucleic acid (hDNA)	Anti-Lewis-Y mAb G193	N-acetyl-gamma-calicheamicin	AcButDMH	Solid tumor; Phase 1 Clinical Trial Drug-to-Antibody Ratio Undisclosed 3D	Wyeth AB; Pfizer Inc	4	10.1158/1078-0432.CCR-04-0037.	NCT00161642; NCT00257881; NCT00293215
DRG0ASYKZ	Izeltabart tapatansine	Investigative	Investigative		Izeltabart tapatansine		Disintegrin and metalloproteinase domain-containing protein 9 (ADAM9)		Undisclosed	Undisclosed	Undisclosed	Renal transplant rejection (; Investigative)		0		
DRG0ATULB	Laprituximab emtansine	Phase1	Phase 1 (Terminated)		IMGN 289; IMGN-289; IMGN2 89; IMGN289; J2898A-SMCC-DM1; Laprituximab emtansine		Epidermal growth factor receptor (EGFR)	Microtubule (MT)	Laprituximab	Mertansine DM1	Succinimidyl-4-(N-maleimidomethyl)cyclohexane-1-carboxylate (SMCC)	Solid tumor; Phase 1 Clinical Trial Drug-to-Antibody Ratio 3 to 4 3D	ImmunoGen, Inc	3		NCT01963715
DRG0AUAOQ	ZL-6201	Phase1	Phase 1						Anti-LRRC15 antibody	YL0010014	VK*G-NHCH2-O linker	Sarcomas		0		NCT07374848
DRG0AVEQT	SYD1091	Investigative	Investigative		WO2015177360A1_ADC-HC41; SYD 1091; SYD-1091		Glutamate carboxypeptidase 2 (FOLH1)	Human Deoxyribonucleic acid (hDNA)	Anti-PSMA mAb wt HC S41C	seco-DUBA	Mal-PEG2-Val-Cit-PABA-Cyclization Spacer	Prostate cancer; Investigative Drug-to-Antibody Ratio 1.7 3D	Byodes Private Ltd	1		
DRG0AVJCO	AOC-1020	Phase2	Phase 2		AOC 1020; AOC-1020; AOC-FSHD; AOC1020		Transferrin receptor protein 1 (TFRC)	Double homeobox protein 4 (DUX4)	Delpacibart	DUX4 siRNA	Undisclosed Conjugate Type Random Cysteines Combination Type braxlosiran Special	Muscular dystrophy; Phase 2 Clinical Trial Drug-to-Antibody Ratio Undisclosed	Avidity Biosciences, Inc	1		NCT05747924
DRG0AWQJG	PF-06804103	Phase1	Phase 1 (Terminated)		Anti-HER2 ADC (Pfizer Inc.); Anti-NG-HER2 ADC; NG-HER2 ADC; PF 06804103; PF-06804103; PF-06804103, NG-HER2 ADC; PF06804103; anti-HER2-vc0101; anti-HER2-vcAur0101 ADC		Receptor tyrosine-protein kinase erbB-2 (HER2)	Microtubule (MT)	T-(kK183C+K290C)	Auristatin 0101	Mc-Val-Cit-PABC	Breast cancer; Phase 1 Clinical Trial Gastric cancer; Phase 1 Clinical Trial Drug-to-Antibody Ratio 4 3D	Pfizer Inc	1		
DRG0AWSBJ	HDP-104	Investigative	Investigative		HDP 104; HDP104		Undisclosed		Undisclosed	Undisclosed	Undisclosed	Gastroesophageal cancer Clinical candidate	Heidelberg Pharma AG	0		
DRG0AWUIJ	Indatuximab ravtansine	Phase2	Phase 1/2 (Terminated)		Anti-myeloma monoclonal antibody-DM4 immunoconjugate BT-062; BT-062; Indatuximab ravtansine; Maytansinoid-conjugated anti-myeloma monoclonal antibody BT-062; nBT-062		Syndecan-1 (SDC1)	Microtubule (MT)	Indatuximab	Mertansine DM4	N-succinimidyl 4-(2-pyridyldithio) butanoate (SPDB)	Multiple myeloma; Phase 2 Clinical Trial Drug-to-Antibody Ratio 3 to 4 3D	Biotest Pharma GmbH; Biotest AG	4		NCT00723359; NCT01638936
DRG0AXDIU	IIIA4-USAN	Investigative	Investigative		Anti-EphA3 antibody-drug conjugate (Humanigen); Anti-EphA3 antibody-drug conjugate		Ephrin type-A receptor 3 (EPHA3)	Microtubule (MT)	Anti-EPHA3 mAb IIIA4	Mertansine DM1	Succinimidyl-4-(N-maleimidomethyl)cyclohexane-1-carboxylate (SMCC)	Glioblastoma Clinical candidate Drug-to-Antibody Ratio 2.81 3D	Humanigen, Inc	0		
DRG0AXGPR	BIL-03n	Investigative	Investigative		BOL03n; BIL 03n		P2X purinoceptor 7 (P2RX7)		Undisclosed	Undisclosed	Undisclosed	Breast cancer Clinical candidate Lung cancer Clinical candidate Neuroblastoma Clinical candidate Prostate cancer Clinica	Biosceptre International Ltd	0		
DRG0AXWSD	BIO-112	Investigative	Investigative		BIO 112 (BiOneCure Therapeutics); BIO 112; BIO112		Undisclosed		Undisclosed	Undisclosed	Undisclosed	Solid tumors Clinical candidate		0		
DRG0AYTGS	PF-08046037	Phase1	Phase 1						Anti-PD-L1 antibody	Imidazoquinoline-based TLR7 agonist	Mannosidase-cleavable maleimidopropionyl-mannose linker	Pancreatic cancer		0		NCT06974734
DRG0AZRNL	Iladatuzumab vedotin	Phase1	Phase 1 (Terminated)		DCDS 0780A; DCDS-0780A; DCDS0780A; Iladatuzumab vedotin; RG 7986; RG7986; RO-7032005		B-cell antigen receptor complex-associated protein beta chain (CD79B)	Microtubule (MT)	Iladatuzumab	Monomethyl auristatin E	Mc-Val-Cit-PABC	Unspecific non-hodgkin lymphoma; Phase 1 Clinical Trial Drug-to-Antibody Ratio 2 3D	F. Hoffmann-La Roche Ltd; Roche Holding AG	1		NCT02453087
DRG0AZUEZ	ZV-0203	Phase1	Phase 1						Undisclosed	Undisclosed	Undisclosed			0		
DRG0BBHPW	DXC-004A	Phase1	Phase 1		DXC 004A; DXC-004A; DXC004A		Epidermal growth factor receptor (EGFR)	Microtubule (MT)	Nimotuzumab derivative	Tubulysin B analog	Undisclosed Conjugate Type Undisclosed	Solid tumor; Phase 1 Clinical Trial Drug-to-Antibody Ratio Undisclosed	Hangzhou DAC Biotech Co., Ltd	0		
DRG0BBQSE	Enfortumab vedotin	Approved	Approved (FDA): Dec, 2019	Padcev	AGS-22C3; AGS-22CE; AGS-22M6E; AGS-22ME; AGS-M6; ASG-22CE; ASG-22M6E; ASG-22ME; ASP7465; DLE8519RWM; Enfortumab Vedotin-ejfv		Nectin-4 (NECTIN4)	Microtubule (MT)	Enfortumab	Monomethyl auristatin E	Mc-Val-Cit-PABC	Urothelial cancer; Approved Approval Document Colorectal cancer; Phase 2 Clinical Trial Liver cancer; Phase 2 Clinical Trial Pancreatic cancer; Phase 2 Clinical Trial Penile cancer; Phase 2 Clinical Trial Prostate cancer; Phase 2 Clinical Trial Solid tumor; Phase 2 Clinical Trial Testicular cancer; Phase 2 Clinical Trial Drug-to-Antibody Ratio 3.8 3D	Astellas Pharma, Inc; Seagen Inc; Baxter Oncology GmbH	7		NCT02091999; NCT03070990; NCT03219333; NCT03474107; NCT04223856
DRG0BBWPI	SYS6023	Phase1	Phase 1						Anti-HER3 mAb	Self-developed TOP1 inhibitor	Undisclosed	Lung cancer		0		NCT07110883
DRG0BBYHA	Bivatuzumab mertansine	Phase1	Phase 1 (Terminated)		Anti-CD44v6-DM1 immunoconjugate; BIW1-1; BIWI-1; Bivatuzumab mertansine; Monoclonal antibody CD44v6-DM1 immunoconjugate		CD44 antigen (CD44)	Microtubule (MT)	Bivatuzumab	Mertansine DM1	N-succinimidyl 4-(2-pyridyldithio) pentanoate (SPP)	Breast cancer; Phase 1 Clinical Trial Head and neck cancer; Phase 1 Clinical Trial Oesophageal cancer; Phase 1 Clinical Trial Drug-to-Antibody Ratio 3 to 4 3D	ImmunoGen, Inc; Boehringer Ingelheim GmbH	6		NCT02254005; NCT02254018; NCT02254031; NCT02254044
DRG0BCSND	BSI-077	Investigative	Investigative		Anticlaudin18.2 monoclonal antibody Biosion; BSI077; BSI 077		Claudin-18.2 (CLDN18.2)		Undisclosed	Undisclosed	Undisclosed	Adenocarcinoma Clinical candidate	Biosion, Inc	0		
DRG0BDOJD	BL-M005A2	Investigative	Investigative		BLM005A2; BL M005A2		Undisclosed		Undisclosed	Dual-warhead	Undisclosed	Breast cancer Clinical candidate Non-small cell lung cancer Clinical candidate	Systimmune, Inc	0		
DRG0BFNMH	GQ-1001	Phase1	Phase 1		GQ 1001; GQ-1001; GQ1001; GQ1001(Trastuzumab-ADC)		Receptor tyrosine-protein kinase erbB-2 (HER2)	Microtubule (MT)	Trastuzumab	Mertansine DM1	MCC-Gly6-Thr-Glu3-Pro-Leu-Ala3-Leu	Biliary tract cancer; Phase 1 Clinical Trial Breast cancer; Phase 1 Clinical Trial Oral cavity cancer; Phase 1 Clinical Trial Solid tumor; Phase 1 Clinical Trial Drug-to-Antibody Ratio 2 3D	GeneQuantum Healthcare (Suzhou) Co. Ltd	2		NCT04450732; NCT05575804
DRG0BGJNX	TAK-500	Phase2	Phase 1/2 (Terminated)		TAK 500; TAK-500; TAK500		C-C chemokine receptor type 2 (CCR2)	Stimulator of interferon genes protein (STING1)	TAK-202	STING agonist of TAK500	Maleimido-caproyl	Solid tumor; Phase 2 Clinical Trial Drug-to-Antibody Ratio 4	Takeda Pharmaceutical Co., Ltd	2		NCT04420884; NCT04879849
DRG0BGQOD	ADCT-901	Phase1	Phase 1		3A4-PL1601; ADCT 901; ADCT-901; ADCT901		Kidney-associated antigen 1 (KAAG1)	Human Deoxyribonucleic acid (hDNA)	Olintatug	SG3199	Mal-PEG8-Val-Ala-PABC	Solid tumor; Phase 1 Clinical Trial Drug-to-Antibody Ratio Undisclosed 3D	ADC Therapeutics SA; Overland Pharmaceuticals	0		
DRG0BIQVN	AZD-5335	Phase2	Phase 2						Undisclosed	AZ14170132	Mal-PEG8-Val-Ala	Solid tumor		0		
DRG0BJYDH	LMB-12	Investigative	Investigative		LMB 12; SS1-dsFv-LRggs		Mesothelin (MSLN)	Eukaryotic elongation factor 2 (EEF2)	Anti-MSLN scFv	Pseudomonas exotoxin PE24	Undisclosed General Information of The Activity Data Related to This ADC Reveale	Colorectal cancer (; Investigative)		1	10.1016/j.clcc.2019.06.006.	
DRG0BKLSW	SLV-324	Phase1	Phase 1						Undisclosed	Undisclosed	Undisclosed	Unspecific solid tumor		0		NCT07108114
DRG0BLINK	ALT-Q5	Investigative	Investigative		ALT-Q5 ADC; ALT Q5 ADC; Q5-drug conjugate (Alteogen); ALT Q5; ALT-05; ALTQ5		Folate receptor alpha (FOLR1)		Undisclosed	Undisclosed	Undisclosed Conjugate Type NexMab ADC technology.	Epithelial ovarian cancer Clinical candidate	Alteogen, Inc	0		
DRG0BPIAV	7MW-3711	Investigative	Investigative		7MW 3711; 7MW3711		CD276 antigen (CD276)	DNA topoisomerase 1 (TOP1)	Undisclosed	Topoisomerase I inhibitor	Undisclosed Conjugate Type Antibody conjugating technology platform IDDC (interc	Solid tumors IND	Mabwell (Shanghai) Bioscience Co., Ltd	0		
DRG0BRHCV	KM254-ADC	Investigative	Investigative		KM254 ADC; KM254ADC		Receptor tyrosine-protein kinase erbB-2 (HER2)		Undisclosed	Undisclosed	Undisclosed	Breast cancer Clinical candidate Colorectal cancer Clinical candidate Gastric cancer Clinical candidate Lung cancer Clin	Xuanzhu Biopharmaceutical Co., Ltd	0		
DRG0BSQPI	Sacituzumab tirumotecan	Approved	Approved (FDA): Nov, 2024	Jiatailai	A-264; KL-A264; MK-2870; MK2870; SKB 264; SKB-264; SKB264; TROP-2-targeted antibody-drug conjugate; sacituzumab tirumotecan(MK-2870)		Tumor-associated calcium signal transducer 2 (TROP2)	DNA topoisomerase 1 (TOP1)	Sacituzumab	KL610023	Pyrimidine-CL2A-carbonate	Breast cancer; Approved Approval Document Lung cancer; Approved Approval Document Cervical cancer; Phase 3 Clinical Trial Endometrial cancer; Phase 3 Clinical Trial Oesophageal cancer; Phase 3 Clinical Trial Biliary tract cancer; Phase 2 Clinical Trial Colorectal cancer; Phase 2 Clinical Trial Gastric cancer; Phase 2 Clinical Trial Head and neck cancer; Phase 2 Clinical Trial Ovarian cancer; Phase 2 Clinical Trial Pancreatic cancer; Phase 2 Clinical Trial Solid tumor; Phase 2 Clinical Trial Urothelial cancer; Phase 2 Clinical Trial Drug-to-Antibody Ratio 7 to 8 3D	Sichuan Kelun Pharmaceutical Co., Ltd; KLUS Pharma, Inc; Merck & Co., Inc	6		NCT05347134; NCT05351788; NCT05445908; NCT05631262; NCT05642780
DRG0BSWTQ	QLS5316	Phase1	Phase 1						A bispecific anti-EGFR/c-Met bsAb	QLS6916	A cleavable linker	Gastroesophageal junction adenocarcinoma		0		NCT07358884
DRG0BWCTV	ARX-305	Phase1	Phase 1		ARX 305; ARX-305; ARX305; NCB-002		CD70 antigen (CD70)	Microtubule (MT)	A proprietary, humanized, anti-CD70 antibody	Monomethyl auristatin F	Oxime-PEG3	Acute myeloid leukaemia; Phase 1 Clinical Trial Solid tumor; Phase 1 Clinical Trial Unspecific non-hodgkin lymphoma; Phase 1 Clinical Trial Drug-to-Antibody Ratio 2 3D	Ambrx, Inc; Zhejiang Medicine Co., Ltd; Novocodex Biopharmaceuticals Co., Ltd	0		
DRG0BWWWF	BL-M15D1	Phase1	Phase 1						Undisclosed	Camptothecin analogue ED04	Undisclosed	Solid tumor		0		
DRG0BXRDQ	Veltuzumab-SN-38	Investigative	Investigative		Vmab-SN-38		B-lymphocyte antigen CD20 (MS4A1)	DNA topoisomerase 1 (TOP1)	Veltuzumab	Active metabolite of irinotecan SN38	CL2A	B-cell lymphoma; Investigative Burkitt lymphoma; Investigative Mantle cell lymphoma; Investigative Drug-to-Antibody Ratio 6 3D		1	10.1158/1535-7163.MCT-11-0632.	
DRG0BZCIJ	DAC-002	Phase1	Phase 1						Undisclosed	Tubulysin 196		Solid tumor		0		
DRG0BZEMH	JAB-BX400	Investigative	Investigative		JAB BX400; JABBX400		Receptor tyrosine-protein kinase erbB-2 (HER2)	Stimulator of interferon genes protein (STING1)	Undisclosed	STING agonist	Undisclosed	Solid tumors Clinical candidate	Jacobio Pharmaceuticals Group Co., Ltd	0		
DRG0CAEXH	RC-118	Phase2	Phase 1/2		RC-118; RC118; RC118-ADC,YH005; Recombinant humanized IgG1 anti-Claudin18.2 monoclonal antibody conjugated to MMAE; YH-005; YH005; YH005-ADC		Claudin-18.2 (CLDN18.2)	Microtubule (MT)	Ciletatug	Monomethyl auristatin E	Mc-Val-Cit-PABC	Solid tumor; Phase 2 Clinical Trial Drug-to-Antibody Ratio 3.5-4.5 3D	RemeGen Co., Ltd; Biocytogen Pharmaceuticals (Beijing) Co., Ltd; Eucure (Beijing) Biopharma Co., Ltd	3		NCT03895112; NCT04914117; NCT05205850
DRG0CBHSI	MG1901	Phase1	Phase 1						Undisclosed	Undisclosed	Undisclosed	Tumor		0		
DRG0CBLIJ	BGB-C354	Phase1	Phase 1						Anti-B7H3 antibody	TOP1 inhibitor	A cleavable linker	Unspecific solid tumor		0		NCT06422520
DRG0CCEQO	ABBV-400	Phase3	Phase 3		ABBV-400; ABBV 400; ABBV400		Hepatocyte growth factor receptor (MET)	DNA topoisomerase 1 (TOP1) Conjugate Type Undisclosed Combination Type adizutecan	Telisotuzumab	DNA topoisomerase-I inhibitor		Colorectal cancer; Phase 3 Clinical Trial Biliary tract cancer; Phase 1 Clinical Trial Breast cancer; Phase 1 Clinical Trial Head and neck cancer; Phase 1 Clinical Trial Liver cancer; Phase 1 Clinical Trial Oesophageal cancer; Phase 1 Clinical Trial Ovarian cancer; Phase 1 Clinical Trial Pancreatic cancer; Phase 1 Clinical Trial Solid tumor; Phase 1 Clinical Trial Drug-to-Antibody Ratio Undisclosed	AbbVie, Inc	0		
DRG0CCQWD	MM-310	Phase1	Phase 1 (Terminated)		MM 310; MM-310; MM310		Ephrin type-A receptor 2 (EPHA2)	Microtubule (MT)	Undisclosed	Docetaxel	Undisclosed Conjugate Type Undisclosed TTD ID D0WW1V General Information of The 	Solid tumor; Phase 1 Clinical Trial Drug-to-Antibody Ratio Undisclosed 3D	Merrimack Pharmaceuticals, Inc	1		NCT03076372
DRG0CDYJL	MYTX-011	Phase1	Phase 1		MYTX 011; MYTX-011; MYTX011		Hepatocyte growth factor receptor (MET)	Microtubule (MT)	pH-dependent antic-MET antibody	Monomethyl auristatin E	Mc-Val-Cit-PABC	Lung cancer; Phase 1 Clinical Trial Drug-to-Antibody Ratio 2 3D	Mythic Therapeutics, Inc	1		NCT05652868
DRG0CECRA	Trastuzumab rezetecan	Approved	Approved (FDA): May, 2025	Aiweida	SHR A1811; SHR-A1811; SHRA1811		Receptor tyrosine-protein kinase erbB-2 (HER2)	DNA topoisomerase 1 (TOP1)	Trastuzumab	SHR9265	Mc-Gly-Gly-Phe-Gly	Lung cancer; Approved Approval Document Breast cancer; Phase 3 Clinical Trial Colorectal cancer; Phase 3 Clinical Trial Gastric cancer; Phase 3 Clinical Trial Ovarian cancer; Phase 3 Clinical Trial Biliary tract cancer; Phase 2 Clinical Trial Cervical cancer; Phase 2 Clinical Trial Endometrial cancer; Phase 2 Clinical Trial Oral cavity cancer; Phase 2 Clinical Trial Pancreatic cancer; Phase 2 Clinical Trial Solid tumor; Phase 1 Clinical Trial Drug-to-Antibody Ratio 5.3 to 6.4 3D	Jiangsu Hengrui Pharmaceuticals Co., Ltd; Suzhou Suncadia Biopharmaceuticals Co., Ltd	13		NCT04446260; NCT04513223; NCT04818333; NCT05349409; NCT05353361; NCT05424835; NCT05482568; NCT05582499; NCT05594095; NCT05635487; NCT05671822; NCT05749588; NCT05769010
DRG0CEJDT	DB-1317	Phase1	Phase 1						Anti-ADAM9 antibody	TOP1 inhibitor	Undisclosed	Gastric cancer		0		NCT07141706
DRG0CESQS	Recombinant humanized anti-Trop2 antibody	Phase1	Phase 1						Undisclosed	Undisclosed	Undisclosed			0		
DRG0CHZRH	NEP1-40	Investigative	Investigative		1D9; 1H2; 2E10; 7E11; NEP1 40		Tumor necrosis factor receptor superfamily member 16 (NGFR)		Undisclosed	Undisclosed	Undisclosed	Glaucoma; Investigative Multiple sclerosis; Investigative Parkinson disease; Investigative Spinal cord injury; Investigative Stroke; Investigative Traumatic brain injury (; Investigative)	Biogen, Inc	0		
DRG0CIZWI	AMT-676	Phase1	Phase 1		AMT 676; AMT-676; AMT676		Cadherin-17 (CDH17)	DNA topoisomerase 1 (TOP1) Conjugate Type Undisclosed	Undisclosed	Exatecan		Solid tumor; Phase 1 Clinical Trial Drug-to-Antibody Ratio Undisclosed 3D	Multitude Therapeutics, Inc	0		
DRG0CKSWS	CMG-901	Phase3	Phase 3		CMG 901; CMG-901; CMG901; MRG005; Sonesitatug vedotin; AZD0901		Claudin-18.2 (CLDN18.2)	Microtubule (MT)	Sonesitatug	Monomethyl auristatin E	Mc-Val-Cit-PABC	Gastric cancer; Phase 3 Clinical Trial Biliary tract cancer; Phase 2 Clinical Trial Oesophageal cancer; Phase 2 Clinical Trial Pancreatic cancer; Phase 2 Clinical Trial Solid tumor; Phase 1 Clinical Trial Drug-to-Antibody Ratio Undisclosed 3D	Keymed Biosciences, Inc; Shanghai Miracogen Inc; Lepu Biopharma Co., Ltd; AstraZeneca PLC	1		NCT04805307
DRG0CKWNZ	BA-3181	Investigative	Investigative		BA 3181; BA3181; CAB-EpCAM-ADC		Epithelial cell adhesion molecule (EPCAM)		Undisclosed	Undisclosed	Undisclosed Conjugate Type Amide bonds of recombinant proteins.	Solid tumors Clinical candidate	BioAtla, Inc	0		
DRG0CLBRQ	NNAS-Mc-Val-Cit-PABC-MMAE	Investigative	Investigative		NNAS-vcMMAE		Receptor tyrosine-protein kinase erbB-2 (HER2)	Microtubule (MT)	Anti-HER2 mAb NNAS	Monomethyl auristatin E	Mc-Val-Cit-PABC	Breast cancer; Investigative Ovarian cancer; Investigative Drug-to-Antibody Ratio 3.8-4 3D	Genzyme Corp	0		
DRG0CMPYD	ADCX-020	Phase1	Phase 1						Undisclosed	TOP1 inhibitor	A cleavable linker	Unspecific solid tumor		0		NCT07238075
DRG0CMUPE	BG-C0902	Phase1	Phase 1						A bispecific anti-EGFR/c-Met bsAb	TOP1 inhibitor	A cleavable linker	Unspecific solid tumor		0		NCT07181681
DRG0CNJHC	JK-06	Phase2	Phase 1/2		JK 06; JK-06; JK06		Trophoblast glycoprotein (TPBG)	Microtubule (MT)	Undisclosed	Monomethyl auristatin E	Undisclosed Conjugate Type Undisclosed	Solid tumor; Phase 2 Clinical Trial Drug-to-Antibody Ratio Undisclosed 3D	Salubris Biotherapeutics, Inc	0		
DRG0CNWMR	ABBV-901	Phase1	Phase 1						Undisclosed	Undisclosed	Undisclosed	Ovarian cancer		0		NCT07278336
DRG0COMTY	Telisotuzumab vedotin	Approved	Approved (FDA): May, 2025	Emrelis	ABBV 399; ABBV-399; ABBV399; ABT 399; ABT-399; Teliso-V; Teliso-V (ABBV-399); Telisotuzumab vedotin		Hepatocyte growth factor receptor (MET)	Microtubule (MT)	Telisotuzumab	Monomethyl auristatin E	Mc-Val-Cit-PABC	Lung cancer; Approved Approval Document Solid tumor; Phase 1 Clinical Trial Drug-to-Antibody Ratio 3.1 3D	AbbVie, Inc; BSP Pharmaceuticals SpA	11		NCT00723359; NCT01001442; NCT01270698; NCT01472016; NCT01605318; NCT01638936; NCT01915472; NCT02099058
DRG0CPNIE	DS6-DM1	Investigative	Investigative		DS6DM1; DS6 DM1		Mucin-1 (MUC1)	Microtubule (MT)	Anti-MUC1 mAb DS6	Mertansine DM1	N-succinimidyl 4-(2-pyridyldithio) butanoate (SPDB)	Solid tumors Clinical candidate 3D	ImmunoGen, Inc	0		
DRG0CRDKL	HKT-288	Phase1	Phase 1 (Terminated)		HKT 288; HKT-288; HKT28 8, NOV-13; HKT288; NOV-13		Cadherin-6 (CDH6)	Microtubule (MT)	Fully human Anti-CDH6 HKT-288 mAb	Mertansine DM4	Sulfo-SPDB	Fallopian tube cancer; Phase 1 Clinical Trial Kidney cancer; Phase 1 Clinical Trial Ovarian cancer; Phase 1 Clinical Trial Peritoneal cancer; Phase 1 Clinical Trial Drug-to-Antibody Ratio Undisclosed 3D	Novartis Pharma AG; Novartis AG	3		NCT02947152
DRG0CRYVT	DP-303c	Phase3	Phase 3		DP 303c; DP-303c; DP303c		Receptor tyrosine-protein kinase erbB-2 (HER2)	Microtubule (MT)	Trastuzumab	Monomethyl auristatin E	NH2-PEG3-Val-Cit-PABC	Breast cancer; Phase 3 Clinical Trial Gastric cancer; Phase 2 Clinical Trial Ovarian cancer; Phase 2 Clinical Trial Solid tumor; Phase 1 Clinical Trial Drug-to-Antibody Ratio 2 3D	CSPC Zhongqi Pharmaceutical Technology Shijiazhuang Co., Ltd; CSPC Pharmaceutical Group Ltd	5		NCT04146610; NCT04826107; NCT04828616; NCT05334810
DRG0CVTZD	MG2011C	Investigative	Investigative		MG2011C (Shanghai MabGen Biotech); MG-2011C; MG 2011C		Undisclosed		Undisclosed	Undisclosed	Undisclosed	Autoimmune disorder Clinical candidate Solid tumors Clinical candidate	Shanghai MabGen Biotech Ltd; Shanghai Meijing Science & Technology Co. Ltd	0		
DRG0CWADI	AZD-9592	Phase1	Phase 1						Tilatamig	AZ0132	Mal-PEG8-Val-Ala	Colorectal cancer		0		
DRG0CXFTH	Serclutamab talirine	Phase1	Phase 1 (Terminated)		ABBV 321; ABBV-321; ABBV321; Serclutamab talirine		Epidermal growth factor receptor (EGFR)	Human Deoxyribonucleic acid (hDNA)	Serclutamab	SGD-1882	Mc-Val-Ala	Solid tumor; Phase 1 Clinical Trial Drug-to-Antibody Ratio 2 3D	AbbVie, Inc	3		NCT03234712
DRG0CXRVR	JSKN022	Phase1	Phase 1						Anti-αvβ6/PDL1 bsAb	Alphatecan (T01)	A cleavable linker	Unspecific solid tumor		0		NCT07292402
DRG0CXSNU	SIBP-A19	Phase1	Phase 1						SIBP-A12	DXd	Mc-VASGFG	Unspecific solid tumor		0		NCT06990464
DRG0CYJSZ	OGD-204	Investigative	Investigative		OGD 204; OGD204		O-acetyl derivative of GD2 ganglioside (OAcGD2)		Undisclosed	Undisclosed	Undisclosed	Solid tumors (; Investigative)	OGD2 Pharma SAS	0		
DRG0CYMEB	Trastuzumab emtansine	Approved	Approved (FDA): Feb 22, 2013	Kadcyla	PRO-132365; ADO-Trastuzumab Emtansine; R-3502; R3502; RG 3502; RG-3502; RO 5304020; RO-5304020; T-DM1; DM1-trastuzumab immunoconjugate; Herceptin-DM1; Trastuzu; Trastuzumab-DM1; Trastuzumab-DM1 immunoconjugate; Trastuzumab-MCC-DM1; Trastuzumab-MCC-DM1 antibody-drug conjugate		Receptor tyrosine-protein kinase erbB-2 (HER2)	Microtubule (MT)	Trastuzumab	Mertansine DM1	Succinimidyl-4-(N-maleimidomethyl)cyclohexane-1-carboxylate (SMCC)	Breast cancer; Approved Approval Document Gastric cancer; Phase 3 Clinical Trial Colorectal cancer; Phase 2 Clinical Trial Endometrial cancer; Phase 2 Clinical Trial Liver cancer; Phase 2 Clinical Trial Lung cancer; Phase 2 Clinical Trial Multiple myeloma; Phase 2 Clinical Trial Oral cavity cancer; Phase 2 Clinical Trial Pancreatic cancer; Phase 2 Clinical Trial Solid tumor; Phase 2 Clinical Trial Urothelial cancer; Phase 2 Clinical Trial Osteosarcoma; Phase 1 Clinical Trial Prostate cancer; Phase 1 Clinical Trial Drug-to-Antibody Ratio 3.5 3D	Genentech, Inc; Roche Holding AG; Chugai Pharmaceutical Co., Ltd; F. Hoffmann-La Roche Ltd	20	10.1002/btm2.10388.; 10.1002/cam4.5893.; 10.1007/s00280-019-03768-8.; 10.1016/S1470-2045(20; 10.1016/j.annonc.2020.06.020.; 10.1016/j.bbrc.2020.07.055.; 10.1016/j.ebiom.2019.04.061.; 10.1021/acs.bioconjchem.9b00340.; 10.1038/s41416-020-0952-1.; 10.1093/annonc/mdz291.; 10.1111/eci.13255.; 10.1158/1535-7163.MCT-18-0743.; 10.1371/journal.pone.0239813.	NCT01702571; NCT01966471; NCT02465060; NCT02924883; NCT02999672; NCT03032107
DRG0DAKKB	Patritumab deruxtecan	Phase3	Phase 3		HER3-DXd; Patritumab deruxtecan; Patritumab-DX-8951 conjugate; U3-1402; U3-1402a		Receptor tyrosine-protein kinase erbB-3 (HER3)	DNA topoisomerase 1 (TOP1)	Patritumab	DX-8951 derivative (DXd)	Mc-Gly-Gly-Phe-Gly	Lung cancer; Phase 3 Clinical Trial Breast cancer; Phase 2 Clinical Trial Cervical cancer; Phase 2 Clinical Trial Colorectal cancer; Phase 2 Clinical Trial Endometrial cancer; Phase 2 Clinical Trial Gastric cancer; Phase 2 Clinical Trial Head and neck cancer; Phase 2 Clinical Trial Melanoma; Phase 2 Clinical Trial Oesophageal cancer; Phase 2 Clinical Trial Ovarian cancer; Phase 2 Clinical Trial Pancreatic cancer; Phase 2 Clinical Trial Prostate cancer; Phase 2 Clinical Trial Solid tumor; Phase 2 Clinical Trial Urothelial cancer; Phase 2 Clinical Trial Drug-to-Antibody Ratio 8 3D	Daiichi Sankyo Co., Ltd; AstraZeneca PLC; Baxter Oncology GmbH; BSP Pharmaceuticals SpA	4	10.1158/1078-0432.CCR-19-1745.	NCT03260491
DRG0DCONA	SHR-7631	Phase1	Phase 1						A anti-LIV-1 mAb	SHR9265	Undisclosed	Unspecific solid tumor		0		NCT06381050
DRG0DDMKC	A-410	Investigative	Investigative		A 410; A410		Nectin-4 (NECTIN4)		Undisclosed	Undisclosed	Undisclosed	Bladder cancer Clinical candidate	Sichuan Kelun Pharmaceutical Co., Ltd	0		
DRG0DDQHT	XYD-9668-198	Investigative	Investigative		XYD 9668-198; XYD9668-198		Undisclosed		Undisclosed	Undisclosed	Undisclosed	Neuroblastoma IND	Kunshan Xinyunda Biotechnology Co., Ltd	0		
DRG0DDTZB	HLX-43	Phase2	Phase 2		HLX 43; HLX-43; HLX43; YL222		Programmed cell death 1 ligand 1 (CD274)	DNA topoisomerase 1 (TOP1) Conjugate Type Undisclosed	HLX20	Camptothecin-based toxin		Cervical cancer; Phase 2 Clinical Trial Head and neck cancer; Phase 2 Clinical Trial Liver cancer; Phase 2 Clinical Trial Nasopharyngeal cancer; Phase 2 Clinical Trial Oesophageal cancer; Phase 2 Clinical Trial Solid tumor; Phase 1 Clinical Trial Drug-to-Antibody Ratio 8	Shanghai Henlius Biotech, Inc; Shanghai Fosun Pharmaceutical (Group) Co., Ltd	0		
DRG0DDWPP	CPO-301	Investigative	Investigative		CPO301; CPO 301		Epidermal growth factor receptorn (EGFR C797S) (EGFR C797S)		Undisclosed	Undisclosed	Undisclosed	Non-small cell lung cancer (EGFR C797S mutation) IND Non-small cell lung cancer (EGFR exon 19 deletions) IND Non-small c	CSPC Pharmaceutical Group Ltd	0		
DRG0DEGEG	Vobramitamab duocarmazine	Phase2	Phase 2		AEX4089DC1; Anti-B7-H3 antibody drug conjugate; MGC 018; MGC-018; MGC018; Vobramitamab duocarmazine		CD276 antigen (CD276)	Human Deoxyribonucleic acid (hDNA)	Vobramitamab	seco-DUBA	Mal-PEG2-Val-Cit-PABA-Cyclization Spacer	Anal cancer; Phase 2 Clinical Trial Breast cancer; Phase 2 Clinical Trial Head and neck cancer; Phase 2 Clinical Trial Lung cancer; Phase 2 Clinical Trial Melanoma; Phase 2 Clinical Trial Oral cavity cancer; Phase 2 Clinical Trial Prostate cancer; Phase 2 Clinical Trial Solid tumor; Phase 2 Clinical Trial Drug-to-Antibody Ratio 2.7 3D	MacroGenics, Inc	4		NCT03729596; NCT05293496; NCT05551117
DRG0DIWSF	Cantuzumab mertansine	Phase1	Phase 1 (Terminated)		C-242 DM1; C-242 May; C242 maytansinoid conjugate; Cantuzumab mertansine; Monoclonal antibody C-242 DM1 conjugate; Monoclonal antibody C-242 May conjugate; Monoclonal antibody huC242-May conjugate; SB-408075; huC242 maytansinoid conjugate; huC242-DM1		Mucin-1 (MUC1)	Microtubule (MT)	Cantuzumab	Mertansine DM1	N-succinimidyl 4-(2-pyridyldithio) pentanoate (SPP)	Solid tumor Phase 1 Research Article Drug-to-Antibody Ratio 4 3D	ImmunoGen, Inc	2		
DRG0DJFNE	IMAB362-Val-Cit-MMAE	Investigative	Investigative		IMAB362 vcMMAE; IMAB362-vc-MMAE; IMAB362 vc MMAE		Claudin-18.2 (CLDN18.2)	Microtubule (MT)	IMAB362	Monomethyl auristatin E	Mc-Val-Cit-PABC	Gastric cancer Clinical candidate Pancreatic cancer Clinical candidate 3D	Ganymed Pharmaceuticals AG; Astellas Pharma, Inc	0		
DRG0DLKUH	DB-1305	Phase2	Phase 1/2		BNT325; DB 1305; DB-1305; DB1305		Tumor-associated calcium signal transducer 2 (TROP2)	DNA topoisomerase 1 (TOP1)	Undisclosed	P1003	Mc-Gly-Gly-Phe-Gly	Solid tumor; Phase 2 Clinical Trial Drug-to-Antibody Ratio Undisclosed 3D	Duality Biologics	1		NCT05438329
DRG0DLZVY	SC-007	Phase1	Phase 1 (Terminated)		SC 007; SC-007; SC007		Undisclosed		Undisclosed	Undisclosed	Undisclosed Conjugate Type Undisclosed ChEBI ID CHEMBL4297824 General Informatio	Colorectal cancer; Phase 1 Clinical Trial Gastric cancer; Phase 1 Clinical Trial Oesophageal cancer; Phase 1 Clinical Trial Drug-to-Antibody Ratio Undisclosed	Stemcentrx, Inc; AbbVie, Inc	1		NCT03253185
DRG0DNGPW	RN765C	Investigative	Investigative		RN 765C; RN-765C		Epidermal growth factor receptor (EGFR)	Microtubule (MT)	EGFR Ab-L	Auristatin 0101	AcLys-Val-Cit-PABC	Colorectal cancer Clinical candidate Drug-to-Antibody Ratio 2 3D	Rinat Neuroscience Corp	0		
DRG0DOBID	GMA-305	Investigative	Investigative		GMA305; GMA 305		Undisclosed		Undisclosed	Undisclosed	Undisclosed	Heart failure (; Investigative)	Gmax Biopharm LLC	0		
DRG0DOTIX	CUSP06	Phase1	Phase 1		AMT 707; AMT-707; AMT707; CUSP 06; CUSP-06; CUSP06		Cadherin-6 (CDH6)	DNA topoisomerase 1 (TOP1)	A humanized anti-CDH6 IgG1 mAb	Exatecan	T1000	Ovarian cancer; Phase 1 Clinical Trial Solid tumor; Phase 1 Clinical Trial Drug-to-Antibody Ratio 8 3D	Multitude Therapeutics, Inc; OnCusp Therapeutics	0		
DRG0DSMMR	IMGS-501	Investigative	Investigative		STING-ISAC; IMGS 501; IMGS501		Programmed cell death 1 ligand 1 (CD274); Programmed cell death 1 ligand 2 (PDCD1LG2)	Stimulator of interferon genes protein (STING1)	IMGS-001	STING agonist	Undisclosed	Solid tumors Clinical candidate Drug-to-Antibody Ratio 4	Immunogenesis, Inc	0		
DRG0DSOMP	LY3343544	Investigative	Investigative		LY-3343544; LY 3343544		Hepatocyte growth factor receptor (MET)	Microtubule (MT)	Emibetuzumab	Monomethyl auristatin E	Undisclosed Conjugate Type Random conjugation through nucleophilic lysines.	Cholangiocarcinoma Clinical candidate Colorectal cancer Clinical candidate Gastric cancer Clinical candidate Head and ne	Eli Lilly & Co	0		
DRG0DVKJO	LCB14-15nm	Investigative	Investigative		LCB14 15nm		Undisclosed		Undisclosed	Undisclosed	Undisclosed	Breast cancer Clinical candidate	LegoChem Biosciences, Inc	0		
DRG0DWHZY	SIM 0686	Phase1	Phase 1						anti-FGFR2b humanized IgG1	CPT116	A cleavable linker	Unspecific solid tumor		0		NCT07050459
DRG0DXEAS	CAT-03-106	Investigative	Investigative		CAT03106; CAT 03 106		Undisclosed		Undisclosed	Undisclosed	Undisclosed	Acute myeloid leukaemia Clinical candidate Hodgkin lymphoma Clinical candidate Non Hodgkin lymphoma Clinical candidate	Catalent, Inc	0		
DRG0DXROV	Cetuximab sarotalocan	Approved	Approved (FDA): Sep, 2020	Akalux	ASP-1929; RM-1929; Cetuximab-IR700; Cetuximab Sarotalocan Sodium		Epidermal growth factor receptor (EGFR)		Cetuximab	IRDye 700DX	Linear alkyl/alkoxy linker	Head and neck cancer; Approved Approval Document Lung cancer; Phase 2 Clinical Trial Drug-to-Antibody Ratio 1.3 to 3.8 3D	Rakuten Medical, Inc	0		
DRG0EBFGG	IBI3009	Phase1	Phase 1						A anti-DLL3 mAb	NT1	Undisclosed	Lung cancer		0		NCT06613009
DRG0EDBXG	Lintuzumab Ac-225	Phase1	Phase 1 (Terminated)		225Ac-HuM-195; 225Ac-HuM195; 225Ac-lintuzumab; AC225 MOAB M195; AC225-MOAB-M195; Ac-225-Lintuzumab; Ac225 monoclonal antibody M195; Actimab-A; Actimab-M; Actimab-MDS; Actinium (225ac) lintuzumab satetraxetan; Actinium AC 225 lintuzumab; Actinium AC-225 lintuzumab; Actinium-225 (225Ac)-Lintuzumab; Actinium-225-labeled humanized anti-cd33 monoclonal antibody HUM195; Actinium-225-labelled HuM195; HUM-195 AC-225; HuM195-Ac-225; Lintuzumab Ac-225; Lintuzumab actinium Ac-225; Lintuzumab satetraxetan AC-225		Myeloid cell surface antigen CD33 (CD33)		Lintuzumab	AC225	DOTA-P-toluene isothiocyanate	Multiple myeloma; Phase 1 Clinical Trial Drug-to-Antibody Ratio Undisclosed	PDL BioPharma, Inc; Actinium Pharmaceuticals, Inc	5		NCT02575963; NCT02998047; NCT03441048; NCT03867682; NCT03932318
DRG0EEDEE	DXC-008	Phase1	Phase 1						anti-PSMA/STEAP1 dual-target antibody	Tubulysin B analog	A cleavable linker	Sarcomas		0		NCT06926283
DRG0EGQMP	BAT-8006	Phase1	Phase 1						Undisclosed	Exatecan		Fallopian tube cancer		0		
DRG0EGTVL	DAC-005	Phase1	Phase 1						Undisclosed	Undisclosed	Undisclosed			0		
DRG0EGZQD	SBT-8230	Investigative	Investigative		SBT8230; SBT 8230; Asgr1-Tlr8; Asgr1-Tlr8-S; ASGR1-TLR8 ImmunoTAC conjugate		Asialoglycoprotein receptor 1 (ASGR1)	Toll-like receptor 8 (TLR8)	Undisclosed	TLR8 agonist	Undisclosed	Hepatitis B viral hepatitis Clinical candidate	Silverback Therapeutics, Inc; ARS Pharmaceuticals, Inc	0		
DRG0EHWIM	CME-548	Investigative	Investigative		CME-548 (Oxford Biomedica Plc)		Trophoblast glycoprotein (TPBG)		Undisclosed	Undisclosed	Undisclosed TTD ID D0T0PU	Solid tumors Clinical candidate	Oxford Biomedica Plc; Pfizer Inc	0		
DRG0EJBII	BL-M07D1	Phase3	Phase 3		BL M07D1; BL-M07D1; BLM07D1		Receptor tyrosine-protein kinase erbB-2 (HER2)	DNA topoisomerase 1 (TOP1) Conjugate Type Undisclosed General Information of The Activity Data Related to This ADC Identified from the Human Clinical Data Standard Type NCT Number Clinical Status Clinical Trial Description Undisclosed NCT05631964 Phase 1 A phase 1 clinical study to evaluate the safety, tolerability, pharmacokinetic characteristics, and initial efficacy of BL-M07D1 for injection in patients with locally advanced or metastatic digestive tract tumors and other solid tumors. Undisclosed NCT05461768 Phase 1 A phase 1 clinical study to evaluate the safety, tolerability, pharmacokinetic characteristics, and preliminary efficacy of BL-M07D1 injection in patients with locally advanced or metastatic HER2-positive/low-expression breast cancer and other solid tumors. Full List of Activity Data of This Antibody-drug Conjugate Identified from the Human Clinical Data Experiment 1 Reporting the Activity Date of This ADC [ 1 ] Related Clinical Trial NCT Number NCT05631964 Clinical Status Phase 1 Clinical Description A phase 1 clinical study to evaluate the safety, tolerability, pharmacokinetic characteristics, and initial efficacy of BL-M07D1 for injection in patients with locally advanced or metastatic digestive tract tumors and other solid tumors. Experiment 2 Reporting the Activity Date of This ADC [ 2 ] Patients Enrolled Patients with locally advanced or metastatic HER2-positive/low-expression breast cancer and other solid tumors. Administration Dosage Related Clinical Trial NCT Number NCT05461768 Clinical Status Phase 1 Clinical Description A phase 1 clinical study to evaluate the safety, tolerability, pharmacokinetic characteristics, and preliminary efficacy of BL-M07D1 injection in patients with locally advanced or metastatic HER2-positive/low-expression breast cancer and other solid tumors. References Ref 1 A Phase I Clinical Study to Evaluate the Safety, Tolerability, Pharmacokinetic Characteristics, and Initial Efficacy of BL-M07D1 for Injection in Patients With Locally Advanced or Metastatic Digestive Tract Tumors and Other Solid Tumors, NCT05631964 Ref 2 A Phase I Clinical Study to Evaluate the Safety, Tolerability, Pharmacokinetic Characteristics, and Preliminary Efficacy of BL-M07D1injection in Patients With Locally Advanced or Metastatic HER2-positive/Low-expression Breast Cancer and Other Solid Tumors, NCT05461768	Trastuzumab	Camptothecin analogue ED04		Breast cancer; Phase 3 Clinical Trial Solid tumor; Phase 2 Clinical Trial Biliary tract cancer; Phase 1 Clinical Trial Cervical cancer; Phase 1 Clinical Trial Endometrial cancer; Phase 1 Clinical Trial Gastric cancer; Phase 1 Clinical Trial Lung cancer; Phase 1 Clinical Trial Oesophageal cancer; Phase 1 Clinical Trial Ovarian cancer; Phase 1 Clinical Trial Urothelial cancer; Phase 1 Clinical Trial Drug-to-Antibody Ratio 8	Sichuan Baili Pharmaceutical Co., Ltd; Systimmune, Inc; Chengdu Bailidote Biological Pharmaceutical Co., Ltd	2		NCT05461768; NCT05631964
DRG0EJZGZ	SYN-101	Investigative	Investigative		SYN101; SYN 101		Transforming growth factor beta-1 proprotein (TGFB1)		Undisclosed	Undisclosed	Undisclosed	Colorectal cancer Clinical candidate Lymphoma Clinical candidate Melanoma Clinical candidate	Synthis LLC	0		
DRG0EKTUN	Sacituzumab govitecan	Approved	Approved (FDA): Apr, 2020	Trodelvy	GS-0132; IMMU-132; IMMU0132; TROP-2-SN38; hRS7-SN38 antibody drug conjugate; Isactuzumab govitecan		Tumor-associated calcium signal transducer 2 (TROP2)	DNA topoisomerase 1 (TOP1)	Sacituzumab	Active metabolite of irinotecan SN38	CL2A	Breast cancer; Approved Approval Document Colorectal cancer; Phase 3 Clinical Trial Endometrial cancer; Phase 3 Clinical Trial Lung cancer; Phase 3 Clinical Trial Urothelial cancer; Phase 3 Clinical Trial Biliary tract cancer; Phase 2 Clinical Trial Brain cancer; Phase 2 Clinical Trial Cervical cancer; Phase 2 Clinical Trial Gastric cancer; Phase 2 Clinical Trial Head and neck cancer; Phase 2 Clinical Trial Kidney cancer; Phase 2 Clinical Trial Liver cancer; Phase 2 Clinical Trial Oesophageal cancer; Phase 2 Clinical Trial Oral cavity cancer; Phase 2 Clinical Trial Ovarian cancer; Phase 2 Clinical Trial Pancreatic cancer; Phase 2 Clinical Trial Penile cancer; Phase 2 Clinical Trial Pleura mesothelioma; Phase 2 Clinical Trial Prostate cancer; Phase 2 Clinical Trial Solid tumor; Phase 2 Clinical Trial Thymus cancer; Phase 2 Clinical Trial Thyroid cancer; Phase 2 Clinical Trial Drug-to-Antibody Ratio 7.6 3D	Immunomedics, Inc; Gilead Sciences, Inc; BSP Pharmaceuticals SpA; Everest Medicines (Singapore) Pte. Ltd	15	10.1002/ijc.34424.	NCT01631552; NCT02574455; NCT03901339; NCT04454437
DRG0ELYWP	Tusamitamab ravtansine	Phase3	Phase 3		AR408701; IBI-126; Maytansin-loaded anti-CEACAM5 mAb; SAR 408701; SAR-408701; SAR408701; Tusamitamab ravtansine		Carcinoembryonic antigen-related cell adhesion molecule 5 (CEACAM5)	Microtubule (MT)	Tusamitamab	Mertansine DM4	N-succinimidyl 4-(2-pyridyldithio) butanoate (SPDB)	Lung cancer; Phase 3 Clinical Trial Breast cancer; Phase 2 Clinical Trial Gastric cancer; Phase 2 Clinical Trial Pancreatic cancer; Phase 2 Clinical Trial Solid tumor; Phase 1 Clinical Trial Drug-to-Antibody Ratio 3 to 4 3D	ImmunoGen, Inc; Sanofi; Innovent Biologics, Inc	10		NCT02187848; NCT03324113; NCT04154956; NCT04524689; NCT04659603; NCT05071053; NCT05245071; NCT05429762; NCT05703555
DRG0EMQPK	SYD-1875	Phase1	Phase 1 (Terminated)		Anti-5T4 antibody drug conjugate; SYD 1875; SYD-1875; SYD18 75; SYD1875		Trophoblast glycoprotein (TPBG)	Human Deoxyribonucleic acid (hDNA)	SYD1594	seco-DUBA	Mal-PEG2-Val-Cit-PABA-Cyclization Spacer	Solid tumor; Phase 1 Clinical Trial Drug-to-Antibody Ratio 1.9 3D	Synthon BV; Byondis BV	1		NCT04202705
DRG0ENSWF	Cotinine-duocarmycin	Investigative	Investigative		Cotinine duocarmycin		Epidermal growth factor receptor (EGFR)	Human Deoxyribonucleic acid (hDNA)	ERC6 bispecific Anti-ody (fuse Anti-cotinine scFv to cetuximab CH3 domain)	Duocarmycin Sa	Mc-Val-Cit-PABC-DMAE Info	Lung cancer; Investigative Drug-to-Antibody Ratio 2 3D		0		
DRG0ENYRQ	DB-1303	Phase3	Phase 3		BNT323; DB 1303; DB-1303; DB1303		Receptor tyrosine-protein kinase erbB-2 (HER2)	DNA topoisomerase 1 (TOP1)	Trastuzumab	P1003	Mc-Gly-Gly-Phe-Gly	Breast cancer; Phase 3 Clinical Trial Endometrial cancer; Phase 3 Clinical Trial Solid tumor; Phase 2 Clinical Trial Drug-to-Antibody Ratio 8 3D	Duality Biologics; BioNTech SE	1		NCT05150691
DRG0ENYXZ	MRG-002	Phase2	Phase 2		MRG 002; MRG-002; MRG002		Receptor tyrosine-protein kinase erbB-2 (HER2)	Microtubule (MT)	MAB802	Monomethyl auristatin E	Mc-Val-Cit-PABC	Urothelial cancer; Phase 3 Clinical Trial Biliary tract cancer; Phase 2 Clinical Trial Breast cancer; Phase 2 Clinical Trial Gastric cancer; Phase 2 Clinical Trial Lung cancer; Phase 2 Clinical Trial Oesophageal cancer; Phase 2 Clinical Trial Solid tumor; Phase 2 Clinical Trial Drug-to-Antibody Ratio 3.8 3D	Shanghai Miracogen Inc; Lepu Biopharma Co., Ltd	12		NCT04492488; NCT04742153; NCT04837508; NCT04839510; NCT04924699; NCT04941339; NCT05141747; NCT05141786; NCT05263869; NCT05338957; NCT05754853
DRG0EOBLX	HDM2017	Phase1	Phase 1						Anti-CDH17 antibody	CPT-derivative payloads	Undisclosed	Unspecific solid tumor		0		NCT07274085
DRG0EOFTU	PD-L1 ISA	Investigative	Investigative		Boltbody ISAC PD-L1 (Bolt Bio)		Programmed cell death 1 ligand 1 (CD274)	Toll-like receptor 7 (TLR7); Toll-like receptor 8 (TLR8)	Undisclosed	TLR7/8 agonist	Undisclosed	Solid tumors Clinical candidate	Bolt Biotherapeutics, Inc	0		
DRG0EOMCN	BL-M02D1	Phase2	Phase 1/2		BL M02D1; BL-M02D1; BLM02D1		Tumor-associated calcium signal transducer 2 (TROP2)	DNA topoisomerase 1 (TOP1) Conjugate Type Undisclosed General Information of The Activity Data Related to This ADC Identified from the Human Clinical Data Standard Type NCT Number Clinical Status Clinical Trial Description Undisclosed NCT05385692 Phase 1 Phase 1 clinical study to evaluate the safety, tolerability, pharmacokinetic characteristics and preliminary efficacy of injectable BL-M02D1 in patients with locally advanced or metastatic gastrointestinal tumors or other solid tumors. Undisclosed NCT05339685 Phase 1 Phase 1 clinical study to evaluate the safety, tolerability, pharmacokinetic characteristics and preliminary efficacy of injectable BL-M02D1 in patients with locally advanced or metastatic triple negative breast cancer or other solid tumors. Full List of Activity Data of This Antibody-drug Conjugate Identified from the Human Clinical Data Experiment 1 Reporting the Activity Date of This ADC [ 1 ] Related Clinical Trial NCT Number NCT05385692 Clinical Status Phase 1 Clinical Description Phase 1 clinical study to evaluate the safety, tolerability, pharmacokinetic characteristics and preliminary efficacy of injectable BL-M02D1 in patients with locally advanced or metastatic gastrointestinal tumors or other solid tumors. Experiment 2 Reporting the Activity Date of This ADC [ 2 ] Related Clinical Trial NCT Number NCT05339685 Clinical Status Phase 1 Clinical Description Phase 1 clinical study to evaluate the safety, tolerability, pharmacokinetic characteristics and preliminary efficacy of injectable BL-M02D1 in patients with locally advanced or metastatic triple negative breast cancer or other solid tumors. References Ref 1 Phase I Clinical Study to Evaluate the Safety, Tolerability, Pharmacokinetic Characteristics and Preliminary Efficacy of Injectable BL-M02D1 in Patients With Locally Advanced or Metastatic Gastrointestinal Tumors or Other Solid Tumors, NCT05385692 Ref 2 Phase I Clinical Study to Evaluate the Safety, Tolerability, Pharmacokinetic Characteristics and Preliminary Efficacy of Injectable BL-M02D1 in Patients With Locally Advanced or Metastatic Triple Negative Breast Cancer or Other Solid Tumors, NCT05339685	hu4D3	Camptothecin analogue ED04		Lung cancer; Phase 2 Clinical Trial Breast cancer; Phase 1 Clinical Trial Solid tumor; Phase 1 Clinical Trial Drug-to-Antibody Ratio 8	Sichuan Baili Pharmaceutical Co., Ltd; Systimmune, Inc; Chengdu Bailidote Biological Pharmaceutical Co., Ltd	2		NCT05339685; NCT05385692
DRG0EOWOQ	KSI-501	Phase1	Phase 1						Undisclosed	Undisclosed	Undisclosed			0		
DRG0EPHMC	Anetumab ravtansine	Phase2	Phase 2 (Terminated)		Anetumab ravtansine; Anti-mesothelin antibody-drug conjugate BAY 94-9343; Anti-mesothelin-ADC-BAY-94-9343; BAY 94-9343; BAY-94-9343; BAY-94-9343-SPDB-DM4; BAY94-9343		Mesothelin (MSLN)	Microtubule (MT)	Anetumab	Mertansine DM4	N-succinimidyl 4-(2-pyridyldithio) butanoate (SPDB)	Lung cancer; Phase 2 Clinical Trial Pancreatic cancer; Phase 2 Clinical Trial Pleura mesothelioma; Phase 2 Clinical Trial Solid tumor; Phase 1 Clinical Trial Drug-to-Antibody Ratio 3.2 3D	MorphoSys AG; Bayer AG	22	10.1200/JCO.19.02085.	NCT01439152; NCT02485119; NCT02610140; NCT02639091; NCT02696642; NCT02751918; NCT02824042; NCT02839681; NCT03023722; NCT03102320; NCT03126630; NCT03455556; NCT03587311; NCT03816358; NCT03926143
DRG0EPORB	B-003	Phase1	Phase 1		Anti-HER2 monoclonal antibody-MCC-DM1 conjugate; B 003; B-003; B003		Receptor tyrosine-protein kinase erbB-2 (HER2)	Microtubule (MT)	Trastuzumab	Mertansine DM1	Succinimidyl-4-(N-maleimidomethyl)cyclohexane-1-carboxylate (SMCC)	Breast cancer; Phase 1 Clinical Trial Solid tumor; Phase 1 Clinical Trial Drug-to-Antibody Ratio Undisclosed 3D	Shanghai Jiaolian Drug Development Co. Ltd; Shanghai Pharmaceuticals Holding Co., Ltd	1		NCT03953833
DRG0EPYFC	SAR-428926	Phase1	Phase 1 (Terminated)		SAR 428926; SAR-428926; SAR42 8926; SAR428926		Lysosome-associated membrane glycoprotein 1 (LAMP1)	Microtubule (MT)	Undisclosed	Mertansine DM4	N-succinimidyl 4-(2-pyridyldithio) butanoate (SPDB)	Breast cancer; Phase 1 Clinical Trial Colorectal cancer; Phase 1 Clinical Trial Gastric cancer; Phase 1 Clinical Trial Lung cancer; Phase 1 Clinical Trial Ovarian cancer; Phase 1 Clinical Trial Prostate cancer; Phase 1 Clinical Trial Drug-to-Antibody Ratio Undisclosed 3D	ImmunoGen, Inc; Sanofi	1		NCT02575781
DRG0EQEVI	CBT-3112	Investigative	Investigative		DCLK1 targeting paclitaxel based ADC (Coare Biotechnology); CBT3112; CBT 3112		Serine/threonine-protein kinase DCLK1 (DCLK1)	Microtubule (MT)	Undisclosed	Paclitaxel	Undisclosed	Colorectal cancer Clinical candidate Pancreatic cancer Clinical candidate 3D	COARE Biotechnology Inc	0		
DRG0EQGNV	MYK-3	Investigative	Investigative		MYK 3		Epidermal growth factor receptor (EGFR)	Microtubule (MT)	BA03	Monomethyl auristatin E	Mc-Val-Cit-PABC Info General Information of The Activity Data Related to This AD	Colon cancer; Investigative Lung cancer; Investigative Rectal cancer; Investigative Drug-to-Antibody Ratio 4.1 3D	Shanghai Miracogen Inc	1		
DRG0ERKBH	Trastuzumab deruxtecan	Approved	Approved (FDA): Dec 05, 2019	Enhertu	DS-8201; DS-8201a; fam-trastuzumab deruxtecan-nxki; DS 8201; DS 8201a; Fam-trastuzumab deruxtecan; T-DXd; Trastuzumab Deruxtecan		Receptor tyrosine-protein kinase erbB-2 (HER2)	DNA topoisomerase 1 (TOP1)	Trastuzumab	DX-8951 derivative (DXd)	Mc-Gly-Gly-Phe-Gly	Breast cancer; Approved Approval Document Gastric cancer; Approved Approval Document Lung cancer; Approved Approval Document Biliary tract cancer; Phase 3 Clinical Trial Oesophageal cancer; Phase 3 Clinical Trial Brain cancer; Phase 2 Clinical Trial Cervical cancer; Phase 2 Clinical Trial Colorectal cancer; Phase 2 Clinical Trial Endometrial cancer; Phase 2 Clinical Trial Osteosarcoma; Phase 2 Clinical Trial Ovarian cancer; Phase 2 Clinical Trial Pancreatic cancer; Phase 2 Clinical Trial Prostate cancer; Phase 2 Clinical Trial Urothelial cancer; Phase 2 Clinical Trial Solid tumor; Phase 1 Clinical Trial Drug-to-Antibody Ratio 8 3D	Daiichi Sankyo Inc; AstraZeneca PLC; Baxter Oncology GmbH	14	10.1038/s41467-023-38032-4.; 10.1200/JCO.19.02318.; 10.1371/journal.pone.0222280.	NCT02564900; NCT03248492; NCT03329690; NCT03505710; NCT03529110; NCT03734029; NCT04644237; NCT04744831; NCT04752059
DRG0ERYUF	SGN-B7H4V	Phase1	Phase 1		PF-08046048; SGN-B7H4V; SGNB 7H4V; SGNB7H4V		V-set domain-containing T-cell activation inhibitor 1 (VTCN1)	Microtubule (MT)	Felmetatug	Monomethyl auristatin E	Mc-Val-Cit-PABC	Solid tumor; Phase 1 Clinical Trial Drug-to-Antibody Ratio 4 3D	Seagen Inc	1		NCT05194072
DRG0ESGFZ	RG-7986	Phase1	Phase 1						Undisclosed	Undisclosed	Undisclosed			0		
DRG0EUGGJ	ICAM1-DM1 ADC	Investigative	Investigative		ICAM1-DM1 ADC (Boston Children's Hospital); anti-ICAM1-SMCC-DM1 (Boston Children's Hospital)		Intercellular adhesion molecule 1 (ICAM1)	Microtubule (MT)	Anti-ICAM1 mAb	Mertansine DM1	Succinimidyl-4-(N-maleimidomethyl)cyclohexane-1-carboxylate (SMCC)	Pancreatic cancer Clinical candidate Drug-to-Antibody Ratio 3.8 3D	Boston Children's Hospital	1	10.1002/advs.202002852.	
DRG0EUQQY	MBC-301	Investigative	Investigative		MBC 301; MBC301		Undisclosed		Undisclosed	Undisclosed	Undisclosed	Hepatocellular carcinoma (; Investigative)	Medigen Biotechnology Corp	0		
DRG0EWNZL	HLX-41	Investigative	Investigative		HLX41; HLX 41		Zinc transporter ZIP6 (SLC39A6)		Undisclosed	Undisclosed	Undisclosed	Solid tumors Clinical candidate	Shanghai Henlius Biotech, Inc; Shanghai Fosun Pharmaceutical (Group) Co., Ltd	0		
DRG0EWQKX	Ozuriftamab vedotin	Phase2	Phase 2		BA3021; Ba-3021; CAB Ror2-ADC; CAB-ADC; CAB-ROR2; CAB-ROR2-ADC; HTBA3021; Ozuriftamab vedotin		Tyrosine-protein kinase transmembrane receptor ROR2 (ROR2)	Microtubule (MT)	Ozuriftamab	Monomethyl auristatin E	Mc-Val-Cit-PABC	Head and neck cancer; Phase 2 Clinical Trial Drug-to-Antibody Ratio 4 3D	BioAtla, Inc; Kaibos (Shanghai) Biomedical Co., Ltd	0		
DRG0EWYVN	ADCE-B05	Phase1	Phase 1						Undisclosed	Undisclosed	Undisclosed	Unspecific solid tumor		0		NCT07362888
DRG0EZVZS	BYON-4413	Phase1	Phase 1		BYON 4413; BYON-4413; BYON4413		Interleukin-3 receptor subunit alpha (IL3RA)	Human Deoxyribonucleic acid (hDNA)	A humanized anti-CD123 IgG1 antibody	seco-DUBA	Mal-PEG2-Val-Cit-PABA-Cyclization Spacer	Acute myeloid leukaemia; Phase 1 Clinical Trial Myelodysplastic syndrome; Phase 1 Clinical Trial Drug-to-Antibody Ratio Undisclosed 3D	Byondis BV	0		
DRG0EZYUP	JAB-X1800	Investigative	Investigative		JABX1800; JAB X1800		5'-nucleotidase (NT5E)	Stimulator of interferon genes protein (STING1)	Undisclosed	STING agonist	Undisclosed	Solid tumors Clinical candidate	Jacobio Pharmaceuticals Group Co., Ltd	0		
DRG0FAKKA	AVP10	Investigative	Investigative		AVP 10; AVP-10; PV10-MMAF		Tumor necrosis factor receptor superfamily member 8 (TNFRSF8)	Microtubule (MT)	Undisclosed	Monomethyl auristatin F	Undisclosed	Anaplastic large cell lymphoma Clinical candidate Cutaneous T-cell lymphoma Clinical candidate Hodgkin lymphoma Clinical	Avipep Pty Ltd	0		
DRG0FBKIO	ABBV-3373	Phase2	Phase 2 (Terminated)		ABBV 3373; ABBV-3373; ABBV3773; anti-TNF-GRM-antibody-drug-conjugate; glucocorticoid receptor modulator (GRM) linked to adalimumab		Tumor necrosis factor receptor superfamily member 1A (TNFRSF1A)	Glucocorticoid receptor (NR3C1)	Anti-TNF mAb alpha-TNF	GRM cpd 17	MP-Ala-Ala	Rheumatoid arthritis; Phase 2 Clinical Trial Drug-to-Antibody Ratio 4 3D	AbbVie, Inc	3		NCT03823391
DRG0FBPCP	TGW-101	Investigative	Investigative		TGW101; TGW 101		Tumor-associated glycoprotein 72 (TAG-72)		Anti-TAG-72 mAb	Undisclosed	Undisclosed	Solid tumors Clinical candidate	Tagworks Pharmaceuticals BV	0		
DRG0FCYCB	BMT-125961	Investigative	Investigative		BMT125961; BMT 125961		Undisclosed		Undisclosed	Undisclosed	Undisclosed	Small cell lung cancer Clinical candidate	Bristol Myers Squibb Co	0		
DRG0FGCQK	RC-168	Investigative	Investigative		RC168; RC 168		Undisclosed		Undisclosed	Undisclosed	Undisclosed	Solid tumors IND	RemeGen Co., Ltd	0		
DRG0FGJBT	P38B-DM1	Investigative	Investigative		P38B DM1; P38B DBCO-HSA-DM-1		Podoplanin (PDPN)	Microtubule (MT)	P38B	Mertansine DM1	Azide-modified dibenzocyclooctyne(DBCO)-albumin(HAS)	Melanoma; Investigative Squamous cell cancer; Investigative Drug-to-Antibody Ratio 2.9 3D		2	10.1089/mab.2020.0001.; 10.3390/cancers12030744.	
DRG0FGLFW	ATG-022	Phase1	Phase 1		ATG 022; ATG-022; ATG-022 ADC; ATG022		Claudin-18.2 (CLDN18.2)	Microtubule (MT)	Undisclosed	Monomethyl auristatin E	Mc-Val-Cit-PABC	Solid tumor; Phase 1 Clinical Trial Drug-to-Antibody Ratio Undisclosed 3D	Antengene Corporation Co., Ltd	1		NCT05718895
DRG0FIYMR	NBT-568	Investigative	Investigative		NBT 568; NBT568		Undisclosed		Undisclosed	Undisclosed	Undisclosed	Ovarian cancer Clinical candidate	NewBio Therapeutics	0		
DRG0FJYPL	MP-EV-20	Investigative	Investigative		MP-EV20; MP EV 20		Receptor tyrosine-protein kinase erbB-3 (HER3)	Microtubule (MT)	EV20	Monomethyl auristatin F	Undisclosed	Breast cancer Clinical candidate Colorectal cancer Clinical candidate Lung cancer Clinical candidate Melanoma Clinical c	MediaPharma Srl	0		
DRG0FKHUJ	MP-ENDOS-ADC	Phase1	Phase 1						Undisclosed	Undisclosed	Undisclosed			0		
DRG0FKQPI	LM-001	Investigative	Investigative		LM-001 (LaNova Medicines); LM001; LM 001		Undisclosed		Undisclosed	Undisclosed	Undisclosed	Ovarian cancer Clinical candidate	LaNova Medicines Ltd	0		
DRG0FKZGF	XNW-27011	Phase2	Phase 1/2		XNW 27011; XNW-27011; XNW27011		Claudin-18.2 (CLDN18.2)	DNA topoisomerase 1 (TOP1)	Undisclosed	YL0010014	Tumor microenviroment activable tripeptide linker	Solid tumor; Phase 2 Clinical Trial Drug-to-Antibody Ratio 8	Suzhou Sinovent Pharmaceuticals Co.,Ltd; Shanghai Sinovent Biopharmaceutical Co., Ltd	0		
DRG0FLLMW	Omalizumab-amanitin 3	Investigative	Investigative		Omalizumab Amanitin3		High affinity immunoglobulin epsilon receptor subunit alpha (FCER1A)	DNA-directed RNA polymerase II subunit RPB2 (POLR2B); DNA-directed RNA polymerase III subunit RPC7 (POLR3G)	Omalizumab	Beta-amanitin	Omalizumab-Amanitin3 linker Conjugate Type Random conjugation through nucleophil	Breast cancer; Investigative Pancreatic ductal adenocarcinoma; Investigative Drug-to-Antibody Ratio 2	Heidelberg Pharma AG	0		
DRG0FMCLF	JSKN-003	Phase3	Phase 3		JSKN 003; JSKN-003; JSKN003		Receptor tyrosine-protein kinase erbB-2 (HER2 ECD2); Receptor tyrosine-protein kinase erbB-2 (HER2 ECD4)	DNA topoisomerase 1 (TOP1)	Anbenitamab	DX-8951 derivative (DXd)	DBCO-PEG4-Mc-Gly-Gly-Phe-Gly	Breast cancer; Phase 3 Clinical Trial Fallopian tube cancer; Phase 3 Clinical Trial Ovarian cancer; Phase 3 Clinical Trial Peritoneal cancer; Phase 3 Clinical Trial Solid tumor; Phase 2 Clinical Trial Drug-to-Antibody Ratio 4 3D	Alphamab Oncology; Alphamab Australia Co. Pty Ltd	0		
DRG0FOOJX	LCB-71	Phase1	Phase 1						A human anti-ROR1 IgG1 monoclonal antibody	Prodrug pyrrolobenzodiazepine dimer		Unspecific hematological malignancies		0		
DRG0FPQOM	XMT-1660	Phase1	Phase 1		XMT 1660; XMT-1660; XMT1660		V-set domain-containing T-cell activation inhibitor 1 (VTCN1)	Microtubule (MT)	Emiltatug	Dolasynthen	Cleavable ester linker	Breast cancer; Phase 1 Clinical Trial Endometrial cancer; Phase 1 Clinical Trial Fallopian tube cancer; Phase 1 Clinical Trial Ovarian cancer; Phase 1 Clinical Trial Peritoneal cancer; Phase 1 Clinical Trial Solid tumor; Phase 1 Clinical Trial Drug-to-Antibody Ratio 6	Mersana Therapeutics, Inc	0		
DRG0FQZSZ	JSKN027	Phase1	Phase 1						Anti-PDL1/TVEGFR2 bsAb	TOP1 inhibitor	A cleavable linker	Colorectal cancer		0		NCT07391644
DRG0FRFEQ	TAA-013	Phase3	Phase 3 (Terminated)		Anti-HER2 ADC (TOT Biopharm); TAA 013; TAA-013; TAA013; Trastuzumab antibody drug conjugate (TOT Biopharm)		Receptor tyrosine-protein kinase erbB-2 (HER2)	Microtubule (MT)	Trastuzumab	Mertansine DM1	Succinimidyl-4-(N-maleimidomethyl)cyclohexane-1-carboxylate (SMCC)	Breast cancer; Phase 3 Clinical Trial Drug-to-Antibody Ratio 3.5 3D	Tot Biopharm Co. Ltd	0		
DRG0FSHWJ	Indusatumab vedotin	Phase2	Phase 2 (Terminated)		GCC antibody drug conjugate; Indusatumab vedotin; MLN 0264; MLN-0264; MLN0264; TAK 264; TAK-264; TAK-264, MLN02 64; TAK264		Guanylyl cyclase C (GUCY2C)	Microtubule (MT)	Indusatumab	Monomethyl auristatin E	Mc-Val-Cit-PABC	Oesophageal cancer; Phase 2 Clinical Trial Pancreatic cancer; Phase 2 Clinical Trial Colorectal cancer; Phase 1 Clinical Trial Gastric cancer; Phase 1 Clinical Trial Drug-to-Antibody Ratio 4.2 3D	Millennium Pharmaceuticals, Inc; Takeda Pharmaceutical Co., Ltd; Seagen Inc	7		NCT01577758; NCT02202759; NCT02202785; NCT02391038
DRG0FTDBR	LCB-73	Investigative	Investigative		LCB73; LCB 73		B-lymphocyte antigen CD19 (CD19)		Undisclosed	Undisclosed	Undisclosed	Acute lymphoblastic leukemia IND Diffuse large B-cell lymphoma IND Lymphoid leukaemia IND Non Hodgkin lymphoma IND	LegoChem Biosciences, Inc	0		
DRG0FUAVD	BC5084	Investigative	Investigative		BC-50084; BC 50084		Undisclosed		Undisclosed	Undisclosed	Undisclosed	Solid tumors Clinical candidate	Wuxi Biocity Biopharmaceutics Co., Ltd	0		
DRG0FUFBP	Camidanlumab tesirine	Phase2	Phase 2		ADCT-301; Cami; Camidanlumab tesirine; HuMax-TAC-ADC		Interleukin-2 receptor subunit alpha (IL2RA)	Human Deoxyribonucleic acid (hDNA)	Camidanlumab	SG3199	Mal-PEG8-Val-Ala-PABC	Acute myeloid leukaemia; Phase 2 Clinical Trial Hodgkin lymphoma; Phase 2 Clinical Trial Myelodysplastic syndrome; Phase 2 Clinical Trial Acute lymphoblastic leukemia; Phase 1 Clinical Trial Breast cancer; Phase 1 Clinical Trial Colorectal cancer; Phase 1 Clinical Trial Fallopian tube cancer; Phase 1 Clinical Trial Gastric cancer; Phase 1 Clinical Trial Head and neck cancer; Phase 1 Clinical Trial Kidney cancer; Phase 1 Clinical Trial Lung cancer; Phase 1 Clinical Trial Melanoma; Phase 1 Clinical Trial Oesophageal cancer; Phase 1 Clinical Trial Ovarian cancer; Phase 1 Clinical Trial Pancreatic cancer; Phase 1 Clinical Trial Unspecific non-hodgkin lymphoma; Phase 1 Clinical Trial Urothelial cancer; Phase 1 Clinical Trial Drug-to-Antibody Ratio 2.25 3D	ADC Therapeutics SA	4		NCT02432235; NCT02588092
DRG0FWMPN	YL202	Phase1	Phase 1						An anti-HER3 IgG1 monoclonal antibody	YL0010014	Tumor microenviroment activable tripeptide linker	Breast cancer		0		
DRG0FWSXF	BG-C0979	Phase1	Phase 1						Anti-ADAM9 antibody	TOP1 inhibitor	Undisclosed	Unspecific solid tumor		0		NCT07414836
DRG0FWYLZ	Zanidatamab zovodotin	Phase1	Phase 1 (Terminated)		ZW 49; ZW-49; ZW49; Zanidatamab zovodotin; anti-HER2 x HER2 ADC		Receptor tyrosine-protein kinase erbB-2 (HER2 ECD2); Receptor tyrosine-protein kinase erbB-2 (HER2 ECD4)	Microtubule (MT)	Zanidatamab	ZD02044	Mc-PEG3-Val-Cit	Solid tumor; Phase 1 Clinical Trial Drug-to-Antibody Ratio 2	Zymeworks BC, Inc; BeiGene Ltd	0		
DRG0FZFYY	SMD-5033	Investigative	Investigative		SMD 5033; SMD5033		Undisclosed		Undisclosed	Undisclosed	Undisclosed	Solid tumors (; Investigative)	Sirenas Marine Discovery LLC	0		
DRG0FZNCB	HLX48	Phase1	Phase 1						A bispecific anti-EGFR/c-Met bsAb	Undisclosed	A cleavable linker	Advanced solid tumor		0		NCT07473726
DRG0GAYQK	SBO-154	Phase1	Phase 1						Anti-Muc1 antibody	Undisclosed	A cleavable linker	Unspecific solid tumor		0		NCT07042100
DRG0GBXLR	<sup>131</sup>I-ImmuRAIT-HCG	Investigative	Investigative						Undisclosed	Undisclosed	Undisclosed	Solid tumors		0		
DRG0GCCJJ	LM-302	Phase3	Phase 3		BMS-986476; LM 302; LM-302; TPX-4589; TPX 4589; TPX4589		Claudin-18.2 (CLDN18.2)	Microtubule (MT)	Anti-CLDN18.2 mAb	Monomethyl auristatin E	Mc-Val-Cit-PABC	Gastric cancer; Phase 3 Clinical Trial Solid tumor; Phase 2 Clinical Trial Drug-to-Antibody Ratio Undisclosed 3D	LaNova Medicines Ltd; Turning Point Therapeutics, Inc	0		
DRG0GCHQJ	PF-08046033	Phase1	Phase 1						hCR011	Auristatin S	Mc-Val-Cit-PABC	Lung cancer		0		NCT07519655
DRG0GCTYJ	Cymac-001	Investigative	Investigative		Cymac001; Cymac 001; Anti-CD163-dexamethasone		Scavenger receptor cysteine-rich type 1 protein M130 (CD163)	Glucocorticoid receptor (NR3C1)	Undisclosed	Dexamethasone	Undisclosed	Inflammation Clinical candidate 3D	Affinicon ApS	0		
DRG0GDKSW	TT-01	Investigative	Investigative		Mtt-01; TT01; TT 01; TT-01 (Topmunnity therapeutics)		Undisclosed		Undisclosed	Undisclosed	Undisclosed	Solid tumors Clinical candidate	Topmunnity Therapeutics	0		
DRG0GDLEY	STI-6129	Phase2	Phase 1/2 (Terminated)		LNDS-1001; LNDS1001; STI 6129; STI-6129		ADP-ribosyl cyclase/cyclic ADP-ribose hydrolase 1 (CD38)	Microtubule (MT)	SC16.3	Duostatin 5.2	Non-polyethylene glycol linker	Amyloidosis; Phase 2 Clinical Trial Multiple myeloma; Phase 2 Clinical Trial Acute lymphoblastic leukemia; Phase 1 Clinical Trial Acute myeloid leukaemia; Phase 1 Clinical Trial Solid tumor; Phase 1 Clinical Trial Drug-to-Antibody Ratio 3 3D	Sorrento Therapeutics, Inc; Zhejiang ACEA Pharmaceutical Co., Ltd	6		NCT04316442; NCT05308225; NCT05519527; NCT05565807; NCT05584709; NCT05692908
DRG0GEOJG	NBT-508	Phase1	Phase 1						Undisclosed	Monomethyl auristatin E		Unspecific non-hodgkin lymphoma		0		
DRG0GGFRA	DpADC	Investigative	Investigative		Trop-2 dp-ADC; dp ADC		Tumor-associated calcium signal transducer 2 (TROP2)	DNA topoisomerase 1 (TOP1)	Undisclosed	Topo1 inhibitor+immune agonist	Undisclosed	Solid tumors Clinical candidate	GeneQuantum Healthcare (Suzhou) Co. Ltd	0		
DRG0GGKEV	NBE-002	Phase2	Phase 1/2 (Terminated)		BI-3702025; NBE 002; NBE-002; NBE-002; PNU-159682-anti-ROR1 antibody drug conjugate; huXBR1-402-PNU		Inactive tyrosine-protein kinase transmembrane receptor ROR1 (ROR1)	DNA topoisomerase 2-alpha (TOP2A)	Anti-ROR1 mAb huXBR1-402	PNU-159682	LPETG-Gly5-EDA	Solid tumor; Phase 2 Clinical Trial Drug-to-Antibody Ratio 3.7-3.9 3D	NBE-Therapeutics AG	0		
DRG0GHMKS	VLS-301	Investigative	Investigative		VLS 301; VLS301		Undisclosed		Undisclosed	Undisclosed	Undisclosed	Solid tumors (; Investigative)	VelosBio, Inc; Merck & Co., Inc	0		
DRG0GHMXV	ARC-02	Investigative	Investigative		Anti-CD79b-MMAE ADC; Anti-CD79b-MMAE ADC (Araris Biotech); ARC 02; ARC02		B-cell antigen receptor complex-associated protein beta chain (CD79B)	Microtubule (MT)	Undisclosed	Monomethyl auristatin E	Undisclosed	Non Hodgkin lymphoma Clinical candidate Drug-to-Antibody Ratio 1.9 3D	Araris Biotech AG	0		
DRG0GJXHJ	HS-20122	Phase1	Phase 1						A bispecific anti-EGFR/c-Met bsAb	Undisclosed	Undisclosed	Unspecific solid tumor		0		NCT06927570
DRG0GKOZH	Mirvetuximab soravtansine	Approved	Approved (FDA): Nov, 2022	Elahere	IMGN853; M9346A-sulfo-SPDB-DM4; Anti-FOLR1 monoclonal antibody-maytansinoid conjugate; MIRV; HDM2002; IMGN-853; M9346-Asulfo-SPDB-DM4; M9346A-sSPDB-DM4; M9346A-sulfo-SPDB-DM4; Anti-FOLR1-monoclonal-antibody-maytansinoid-conjugate-IMGN-853; Mirvetuximab soravtansine-gynx		Folate receptor alpha (FOLR1)	Microtubule (MT)	Mirvetuximab	Mertansine DM4	Sulfo-SPDB	Ovarian cancer; Approved Approval Document Peritoneal cancer; Approved Approval Document Fallopian tube cancer; Phase 3 Clinical Trial Breast cancer; Phase 2 Clinical Trial Endometrial cancer; Phase 2 Clinical Trial Drug-to-Antibody Ratio 3.4 3D	ImmunoGen, Inc; Hangzhou Zhongmeihuadong Pharmaceutical Co., Ltd	6	10.1158/1535-7163.MCT-17-0930.	NCT02606305; NCT02631876; NCT04296890
DRG0GMNXB	WTX-231	Investigative	Investigative		WTX 231; WTX231		Undisclosed		Undisclosed	Undisclosed	Undisclosed	Solid tumors Clinical candidate	Westlake Therapeutics (Hangzhou) Co., Ltd	0		
DRG0GMWTW	BL-M24D1	Phase1	Phase 1						Undisclosed	WA-00	Undisclosed	Multiple myeloma		0		NCT07232420; NCT07232524; NCT07255898; NCT07279428
DRG0GNFMC	LMB-7	Phase1	Phase 1 (Terminated)		B3 (Fv) PE 38; LMB 7; LMB-7; LMB7; NSC 658931		Poly [ADP-ribose] polymerase 1 (PARP1)	Eukaryotic elongation factor 2 (EEF2)	Murine mAb B3	Pseudomonas exotoxin PE38	Undisclosed Conjugate Type Random Cysteines Puchem SID 381126861 , 509048 , 1606	Brain cancer; Phase 1 Clinical Trial Drug-to-Antibody Ratio Undisclosed	National Cancer Institute	1		NCT00003020
DRG0GONLK	MRX-23	Investigative	Investigative		MRX 23; MRX23		Undisclosed		Undisclosed	Undisclosed	Undisclosed	Solid tumors Clinical candidate	Shanghai MicuRx Pharmaceutical Co., Ltd	0		
DRG0GQWJI	M7437	Phase1	Phase 1						Anti-Ly6E antibody	Exatecan	Undisclosed	Gastric cancer		0		NCT07311603; NCT07360314
DRG0GWFGY	Obexelimab-amanitin	Investigative	Investigative		Obexelimab amanitin		B-lymphocyte antigen CD19 (CD19)	DNA-directed RNA polymerase II subunit RPB2 (POLR2B); DNA-directed RNA polymerase III subunit RPC7 (POLR3G)	Obexelimab	Alpha-amanitin	Obexelimab-amanitin linker Conjugate Type Site-specific conjugation through the 	Burkitt lymphoma; Investigative Drug-to-Antibody Ratio 2 3D	LegoChem Biosciences, Inc	0		
DRG0GXGXB	GenSci139	Phase1	Phase 1						Anti-EGFR/HER2 bsAb	GSC5181	A cleavable linker	Unspecific solid tumor		0		NCT07230977
DRG0GYCJG	XB-002	Phase1	Phase 1 (Terminated)		ICON-2; XB 002; XB- 002; XB-002; XB002; XB002 Tissue Factor ADC		Tissue factor (F3)	Microtubule (MT)	Samatatug	ZD02044	Mc-PEG3-Val-Cit	Solid tumor; Phase 1 Clinical Trial Drug-to-Antibody Ratio 3.3	Iconic Therapeutics, Inc; Exelixis, Inc; Exelis, Inc	0		
DRG0GYGUI	FDA022-BB05	Phase1	Phase 1						Undisclosed	Undisclosed	Undisclosed			0		
DRG0GYMEE	ESG406	Phase1	Phase 1						Anti-TROP2 mAb	Exatecan	A cleavable linker	Unspecific solid tumor		0		NCT06979674
DRG0GYNBS	XMT-1522	Phase1	Phase 1 (Terminated)		TAK 522; TAK-522; TAK522; XMT 1522; XMT-1522; XMT-1522, TAK-522; XMT1522		Receptor tyrosine-protein kinase erbB-2 (HER2)	Microtubule (MT)	XMT-1519	Auristatin F hydroxypropylamide (AF-HPA)	Fleximer polymer	Breast cancer; Phase 1 Clinical Trial Gastric cancer; Phase 1 Clinical Trial Lung cancer; Phase 1 Clinical Trial Drug-to-Antibody Ratio 12 3D	Mersana Therapeutics, Inc; Adimab LLC; Takeda Pharmaceutical Co., Ltd	1	10.1158/1535-7163.MCT-19-0207.	
DRG0GZGHN	SAR-566658	Phase2	Phase 2 (Terminated)		Anti-CA6-DM4-immunoconjugate-SAR566658; Anti-CA6-antibody-drug-conjugate; HuDS6-DM4; SAR 566658; SAR-566658; SAR56 6658; SAR566658; huDS6-DM4		Carbonic anhydrase 6 (CA6)	Microtubule (MT)	Anti-CA6 mAb huDS6	Mertansine DM4	N-succinimidyl 4-(2-pyridyldithio) butanoate (SPDB)	Breast cancer; Phase 2 Clinical Trial Solid tumor; Phase 1 Clinical Trial Drug-to-Antibody Ratio 1 3D	Sanofi; ImmunoGen, Inc	2		NCT01156870; NCT02984683
DRG0GZPSF	JY-023	Investigative	Investigative		JY 023; JY023		Undisclosed		Undisclosed	Undisclosed	Undisclosed	Colorectal cancer Clinical candidate Lung cancer Clinical candidate	Beijing Eastern Biotech Co., Ltd	0		
DRG0HBGGX	LNL-008	Investigative	Investigative		LNL008; LNL 008		Claudin-18.2 (CLDN18.2)		Undisclosed	Undisclosed	Undisclosed	Solid tumors Clinical candidate	L&L Biopharma Co., LTD	0		
DRG0HCDAC	ATRC-301	Investigative	Investigative		ATRC301; ATRC 301		Ephrin type-A receptor 2 (EPHA2)		Undisclosed	Undisclosed	Undisclosed	Breast cancer Clinical candidate Colorectal cancer Clinical candidate Extremity melanoma Clinical candidate Non-small ce	Atreca, Inc	0		
DRG0HDUGB	BAT-8010	Phase1	Phase 1						Undisclosed	Exatecan		Solid tumor		0		
DRG0HEAGN	DB-1202	Phase2	Phase 1/2		DB 1202; DB-1202; DB1202		Undisclosed		Undisclosed	Undisclosed	Undisclosed Conjugate Type Undisclosed General Information of The Activity Data 	Solid tumor; Phase 2 Clinical Trial Drug-to-Antibody Ratio Undisclosed	Duality Biologics	1		NCT05785728
DRG0HEJWD	SC-011	Phase1	Phase 1						SC17	Valeric-acid-calicheamicin	Mc-PEG8-acid-labile linker	Lung cancer		0		
DRG0HGHXE	MHB088C	Phase2	Phase 2						Undisclosed	DNA topoisomerase I inhibitor		Solid tumor		0		
DRG0HHXRF	AR081	Investigative	Investigative		AR 081; AR081		Undisclosed		Undisclosed	Undisclosed	Undisclosed	Solid tumors Clinical candidate	YBiologics, Inc	0		
DRG0HKEBI	ANT-045	Investigative	Investigative		ANT045; ANT 045		Insulin-like growth factor 1 receptor (IGF1R)		Undisclosed	Undisclosed	Undisclosed	Gastric cancer Clinical candidate	Antikor Biopharma Ltd	0		
DRG0HMQMZ	KTN0182A	Investigative	Investigative		KTN-0182A; KTN 0182A		Mast/stem cell growth factor receptor Kit (KIT)	Human Deoxyribonucleic acid (hDNA)	Undisclosed	PBD dimer	Undisclosed	Solid tumors Clinical candidate 3D	Kolltan Pharmaceuticals, Inc; Celldex Therapeutics, Inc	0		
DRG0HOBUN	OMTX-705	Phase1	Phase 1		MTX5-CYT; OMTX 705; OMTX-705; OMTX705		Prolyl endopeptidase FAP (FAP)	Microtubule (MT)	OMTX005	TAM470	Mc-Val-Cit-PABC-PEG3	Solid tumor; Phase 1 Clinical Trial Drug-to-Antibody Ratio 3.5 3D	Oncomatryx Biopharma SL; Inxmed (Nanjing) Co., Ltd; InxMed (Hong Kong) Limited	1		
DRG0HPEHO	BL-B029A1	Investigative	Investigative		BL-B029; BLB029; BL B029		Undisclosed		Undisclosed	Undisclosed	Undisclosed	Solid tumors Clinical candidate	Systimmune, Inc; Sichuan Baili Pharmaceutical Co., Ltd	0		
DRG0HPUIL	Farletuzumab ecteribulin	Phase2	Phase 1/2		ER-001159569; Eribulin/farletuzumab antibody drug conjugate; Farletuzumab ecteribulin; Farletuzumab/eribulin ADC; MORAb 202; MORAb-202; VCP-Eribulin		Folate receptor alpha (FOLR1)	Microtubule (MT)	Farletuzumab	Eribulin	Mal-PEG2Val-Cit-PAB-OH	Breast cancer; Phase 2 Clinical Trial Fallopian tube cancer; Phase 2 Clinical Trial Ovarian cancer; Phase 2 Clinical Trial Peritoneal cancer; Phase 2 Clinical Trial Solid tumor; Phase 2 Clinical Trial Endometrial cancer; Phase 1 Clinical Trial Lung cancer; Phase 1 Clinical Trial Drug-to-Antibody Ratio 4 3D	Eisai Co., Ltd; Bristol Myers Squibb Co	2	10.1158/1535-7163.MCT-17-1215.	
DRG0HQVXQ	TORL-3-600	Phase1	Phase 1		TORL-3-600; TORL-3-600 ADC; TORL-3-600-ADC		Cadherin-17 (CDH17)	Microtubule (MT)	Undisclosed	Monomethyl auristatin E	Undisclosed Conjugate Type Undisclosed	Solid tumor; Phase 1 Clinical Trial Drug-to-Antibody Ratio Undisclosed 3D	TORL Biotherapeutics LLC; Translational Research In Oncology US, Inc	0		
DRG0HTJXN	TQB2103	Phase1	Phase 1		TQB 2103; TQB-2103; TQB2103		Claudin-18.2 (CLDN18.2)	DNA topoisomerase 1 (TOP1)	A humanized anti-CLDN18.2 IgG1 monoclonal antibody	2-DDDX-d	Mc-Gly-Gly-Phe-Gly	Solid tumor; Phase 1 Clinical Trial Drug-to-Antibody Ratio 8	Nanjing Shunxin Pharmaceutical Co., Ltd; Sino Biopharmaceutical Ltd	0		
DRG0HVSBG	BDC-1001	Phase2	Phase 2 (Terminated)		BDC 1001; BDC-1001; Boltbody ISAC BDC-1001		Receptor tyrosine-protein kinase erbB-2 (HER2)	Toll-like receptor 7 (TLR7); Toll-like receptor 8 (TLR8)	Trastuzumab	TORL7/8 agonist T785	BG based linker	Breast cancer; Phase 2 Clinical Trial Colorectal cancer; Phase 2 Clinical Trial Endometrial cancer; Phase 2 Clinical Trial Oesophageal cancer; Phase 2 Clinical Trial Solid tumor; Phase 2 Clinical Trial Drug-to-Antibody Ratio Undisclosed 3D	Bolt Biotherapeutics, Inc	1		NCT04278144
DRG0HWAWD	Zapadcine-1	Investigative	Investigative		Zapadcine 1; DR5 mAb-Py-VC-PAB-MMAD		Tumor necrosis factor receptor superfamily member 10B (TNFRSF10B)	Microtubule (MT)	Zaptuzumab	Monomethyl auristatin D	PY-VC-PABC	Acute lymphocytic leukemia; Investigative Lung cancer; Investigative Mature T-cell lymphoma; Investigative Drug-to-Antibody Ratio 4		1	10.7150/thno.33598.	
DRG0HWLAE	T320-ADC	Phase1	Phase 1						Undisclosed	Undisclosed	Undisclosed			0		
DRG0HXUZU	MBK-101	Investigative	Investigative		MBK 101; MBK101		Undisclosed		Undisclosed	Undisclosed	Undisclosed	Acute myeloid leukaemia Clinical candidate	Mablink Bioscience	0		
DRG0HYRZD	BAY-1862864	Phase1	Phase 1 (Terminated)		BAY 1862864; BAY-1862864; BAY1862864; CD22-Thorium-conjugate; Epratuzumab Th-227 conjugate; epratuzumab-227Th-conjugate; epratuzumab-Th227-conjugate		B-cell receptor CD22 (CD22)	Unclear	Epratuzumab	227Th	Undisclosed Conjugate Type Undisclosed	Unspecific non-hodgkin lymphoma; Phase 1 Clinical Trial Drug-to-Antibody Ratio Undisclosed	Bayer AG	0		
DRG0IBMMG	IOG-101	Investigative	Investigative		Fusion proteins (ioGenetics); IOG101; IOG 101		Undisclosed		Undisclosed	Undisclosed	Undisclosed	Influenza; Investigative Staphylococcal infection (; Investigative)	Iogenetics LLC	0		
DRG0ICCWP	Elatatug vedotin	Phase1	Phase 1						Anti-CLDN18.2 antibody	MMAE	A cleavable linker	Gastroesophageal junction adenocarcinoma		0		NCT05156866
DRG0ICRYT	Oportuzumab monatox	Phase3	Phase 3		4D5MOCB-ETA; Anti-ECAM exotoxin A fusion protein; B-4845; Oportuzumab monatox; Proxinium; VB-4847; VB-845; VB4-845; Vicineum; Vicinium; Vysyneum; oportuzumab monatox-qqrs		Epithelial cell adhesion molecule (EPCAM)	Eukaryotic elongation factor 2 (EEF2)	Oportuzumab	Pseudomonas exotoxin ETA-252-608	Undisclosed Conjugate Type Undisclosed Combination Type monatox Special Approval	Urothelial cancer; Phase 3 Clinical Trial Drug-to-Antibody Ratio Undisclosed	Sesen Bio; Qilu Pharmaceutical Co., Ltd; Baxter Oncology GmbH; Viventia Bio, Inc	3		NCT00462488
DRG0ICSRW	CHB-111	Phase1	Phase 1						Undisclosed	Undisclosed	Undisclosed			0		
DRG0IDOUS	MK-6204	Phase1	Phase 1						Undisclosed	Undisclosed	Undisclosed	Oesophageal cancer		0		NCT06726369
DRG0IDRYV	LCB-67	Investigative	Investigative		Anti-DLK1 ADC; MMAE-anti-DLK1; PYX 202; DLK1-MMAE; LCB67; LCB 67; PAY-202; PAY202		Protein delta homolog 1 (DLK1)	Microtubule (MT)	Undisclosed	Monomethyl auristatin E	Undisclosed	Acute myeloid leukaemia Clinical candidate Hepatocellular carcinoma Clinical candidate Myelodysplastic syndrome Clinical	LegoChem Biosciences, Inc	0		
DRG0IITIR	EX107	Investigative	Investigative		EX 107; EX-107		T-cell surface glycoprotein CD3 delta chain (CD3D); Programmed cell death protein 1 (PDCD1)		Undisclosed	Undisclosed	Undisclosed	Ovarian cancer Clinical candidate	Excelmab Inc	0		
DRG0IJSIT	MG2106E	Investigative	Investigative		MG2106E (Shanghai MabGen Biotech); MG-2106E; MG 2106E		Undisclosed		Undisclosed	Undisclosed	Undisclosed	Autoimmune disorder Clinical candidate Solid tumors Clinical candidate	Shanghai MabGen Biotech Ltd; Shanghai Meijing Science & Technology Co. Ltd	0		
DRG0IMAKZ	Mecbotamab vedotin	Phase2	Phase 1/2		BA 3011; BA3011; CAB-AXL-ADC; CAB-Axl antibody-drug conjugates; HTBA-3011; HTBA3011; Mecbotamab Vedotin; Mecbotamab vedotin		Tyrosine-protein kinase receptor UFO (AXL)	Microtubule (MT)	Mecbotamab	Monomethyl auristatin E	Mc-Val-Cit-PABC	Lung cancer; Phase 2 Clinical Trial Solid tumor; Phase 2 Clinical Trial Drug-to-Antibody Ratio 4 3D	BioAtla, Inc	2		NCT03425279; NCT04681131
DRG0INCQV	DXC-003	Investigative	Investigative		DXC003; DXC 003		Tumor-associated calcium signal transducer 2 (TROP2)		Undisclosed	Undisclosed	Undisclosed	Small cell lung cancer Clinical candidate Triple negative breast cancer Clinical candidate	Hangzhou DAC Biotech Co., Ltd	0		
DRG0INYKO	BCMA-077	Investigative	Investigative		BCMA 077; BCMA077		Tumor necrosis factor receptor superfamily member 17 (TNFRSF17)	Microtubule (MT)	Undisclosed	Duostatin 5.2	Proprietary Concortis linker	Multiple myeloma Clinical candidate 3D	Sorrento Therapeutics, Inc	0		
DRG0IOMGE	JNJ-89862175	Phase1	Phase 1						Anti-ENPP3 antibody	Undisclosed	Undisclosed	Lung cancer		0		NCT07223125
DRG0IOSTB	PLB-002	Phase1	Phase 1						PLB-002-ab7	Eribulin	A cleavable linker	Lung cancer		0		NCT07304128
DRG0IPCHO	TAK-164	Phase1	Phase 1 (Terminated)		TAK 164; TAK-164; TAK164		Guanylyl cyclase C (GUCY2C)	Human Deoxyribonucleic acid (hDNA)	5F9	DGN549	Mal-adipamide-Ala-Ala	Oesophageal cancer; Phase 1 Clinical Trial Drug-to-Antibody Ratio Undisclosed	ImmunoGen, Inc; Takeda Pharmaceutical Co., Ltd	1		NCT03449030
DRG0IQKOR	CON-4619	Phase1	Phase 1 (Terminated)		Aurixim; CON-4619; Rituximab conjugate (BioIntegrator LLC)		B-lymphocyte antigen CD20 (MS4A1)		Rituximab	Undisclosed	Undisclosed Conjugate Type Undisclosed General Information of The Activity Data 	Follicular lymphoma; Phase 1 Clinical Trial Unspecific non-hodgkin lymphoma; Phase 1 Clinical Trial Drug-to-Antibody Ratio Undisclosed	BioIntegrator LLC	1		NCT03057418
DRG0IQNVH	PRO-1102	Investigative	Investigative		PRO 1102; PRO1102		Receptor tyrosine-protein kinase erbB-2 (HER2)	DNA topoisomerase 1 (TOP1)	Trastuzumab	Exatecan	Cleavable hydrophilic linker Info	Solid tumors Clinical candidate 3D	ProfoundBio (Suzhou) Co., Ltd	0		
DRG0IRZIB	Glembatumumab vedotin	Phase2	Phase 2						CR-011	Monomethyl auristatin E	Mc-Val-Cit-PABC	Breast cancer		0		
DRG0IRZPG	AB-160	Phase1	Phase 1		AB 160; AB-160; AB160; nab-paclitaxel/bevacizumab complex		Vascular endothelial growth factor A (VEGFA)	Microtubule (MT)	Bevacizumab	Paclitaxel	Undisclosed Conjugate Type Undisclosed	Cervical cancer; Phase 1 Clinical Trial Endometrial cancer; Phase 1 Clinical Trial Fallopian tube cancer; Phase 1 Clinical Trial Melanoma; Phase 1 Clinical Trial Ovarian cancer; Phase 1 Clinical Trial Peritoneal cancer; Phase 1 Clinical Trial Drug-to-Antibody Ratio Undisclosed 3D	Mayo Clinic	0		
DRG0ISFPP	Anti-B7-2-gelonin immunotoxin	Investigative	Investigative		AntiB72 monoclonal antibodygelonin immunotoxin conjugate; B72 targeted immunotoxin		T-lymphocyte activation antigen CD86 (CD86)	Ribosome (RB)	Anti-CD86 mAb 1G10	Gelonin	Undisclosed	Burkitt lymphoma; Investigative Hodgkin lymphoma (; Investigative)	Bologna University	0		
DRG0ITBMZ	HD-101	Investigative	Investigative		Amanitin-CD269 antibody drug conjugate; CD269-ATAC; anti-CD269-30.1699; anti-CD269-30.2115; anti-CD269-Thiomab-30.1699; anti-CD269-Thiomab-30.2115		Tumor necrosis factor receptor superfamily member 17 (TNFRSF17)		Undisclosed	Undisclosed	Undisclosed TTD ID D03MSN	Multiple myeloma Clinical candidate Drug-to-Antibody Ratio 2	Heidelberg Pharma AG	0		
DRG0IUXVP	ABBV-324	Phase1	Phase 1						Undisclosed	Undisclosed	Undisclosed	Liver cancer		0		NCT06858813
DRG0IVDIV	TQB2102	Phase2	Phase 2		TQB 2102; TQB-2102; TQB2102		Receptor tyrosine-protein kinase erbB-2 (HER2 ECD2); Receptor tyrosine-protein kinase erbB-2 (HER2 ECD4)	DNA topoisomerase 1 (TOP1)	Undisclosed	2-DDDX-d	Mc-Gly-Gly-Phe-Gly	Breast cancer; Phase 3 Clinical Trial Biliary tract cancer; Phase 2 Clinical Trial Lung cancer; Phase 2 Clinical Trial Solid tumor; Phase 2 Clinical Trial Drug-to-Antibody Ratio 5.8	Nanjing Shunxin Pharmaceutical Co., Ltd; Sino Biopharmaceutical Ltd	1		NCT05735496
DRG0IWQWQ	DXC-014	Phase1	Phase 1						Anti-B7H3/PSMA bsAb	TOP1 inhibitor	Undisclosed	Lung cancer		0		NCT07177937
DRG0IYBRT	ADCT-602	Phase2	Phase 1/2		ADCT-602; Epratuzumab-cys-SG3249; Epratuzumab-cys-tesirine; hLL2-cys-PBD; hLL2-cys-SG3249		B-cell receptor CD22 (CD22)	Human Deoxyribonucleic acid (hDNA)	Epratuzumab	SG3199	Mal-PEG8-Val-Ala-PABC	Acute lymphoblastic leukemia; Phase 2 Clinical Trial Drug-to-Antibody Ratio 1.7 3D	ADC Therapeutics SA	3		NCT03698552
DRG0JBKMD	Labetuzumab govitecan	Phase2	Phase 2 (Terminated)		Anti-CEA monoclonal antibody; Anti-carcinoembryonic antigen monoclonal antibody; HMN-14-SN38; IMMU-130; IMMU-130, hMN14-SN38; Labetuzumab govitecan; Labetuzumab-SN38 conjugate; SN38-labetuzumab conjugate; anti-CEACAM5-SN38; hMN-14-SN38 antibody-drug conjugate		Carcinoembryonic antigen-related cell adhesion molecule 5 (CEACAM5)	DNA topoisomerase 1 (TOP1)	Labetuzumab	Active metabolite of irinotecan SN38	CL2A	Colorectal cancer; Phase 2 Clinical Trial Drug-to-Antibody Ratio 7.6 3D	Immunomedics, Inc; IBC Pharmaceuticals, Inc; Gilead Sciences, Inc	2		NCT01605318
DRG0JCGJZ	ABBV-291	Phase1	Phase 1						Anti-CD79b antibody	TOP1 inhibitor	Undisclosed	Unspecific non-hodgkin lymphoma		0		NCT06667687
DRG0JCWGF	TRPH-222	Phase1	Phase 1 (Terminated)		CAT-02-106; CD22 ADC; CD22 antibody drug conjugate; CD22-4AP; TRPH 222; TRPH-222; TRPH222		B-cell receptor CD22 (CD22)	Microtubule (MT)	Undisclosed	Maytansinoid derivative of TRPH-222	HIPS-4AP	Unspecific non-hodgkin lymphoma; Phase 1 Clinical Trial Drug-to-Antibody Ratio 2	Catalent, Inc; Triphase Accelerator Corp; Triphase Research and Development III Corp	3	10.1158/1078-0432.CCR-20-4513.	NCT03682796
DRG0JDDLS	GF-2014	Investigative	Investigative		GF 2014; GF2014		Undisclosed		Undisclosed	Undisclosed	Undisclosed	Solid tumors Clinical candidate	GenFleet Therapeutics (Shanghai) Co., Ltd	0		
DRG0JEJPW	YH-013	Investigative	Investigative		YH 013; YH013		Epidermal growth factor receptor (EGFR); Hepatocyte growth factor receptor (MET)	Microtubule (MT)	Undisclosed	Monomethyl auristatin E	Mc-Val-Cit-PABC	Non-small cell lung cancer Clinical candidate Pancreatic cancer Clinical candidate Drug-to-Antibody Ratio 4 3D	Biocytogen Pharmaceuticals (Beijing) Co., Ltd; Eucure (Beijing) Biopharma Co., Ltd	0		
DRG0JEUPG	Sacituzumab-Deruxtecan	Investigative	Investigative		WO2022068878A1		Tumor-associated calcium signal transducer 2 (TROP2)	DNA topoisomerase 1 (TOP1)	Sacituzumab	DX-8951 derivative (DXd)	Mc-Gly-Gly-Phe-Gly Info	Colon cancer; Investigative Hypopharyngeal squamous cell carcinoma; Investigative Ovarian cancer; Investigative Drug-to-Antibody Ratio 4.18 3D	Duality Biologics	0		
DRG0JEVIM	Disitamab vedotin	Approved	Approved (FDA): Jun, 2021	Aidixi	RC48; RC 48-ADC; RC-48; RC-48-ADC; RC48-ADC; Aidixi; Recombinant Humanized anti-HER2 Monoclonal Antibody-MMAE Conjugate		Receptor tyrosine-protein kinase erbB-2 (HER2)	Microtubule (MT)	Hertuzumab	Monomethyl auristatin E	Mc-Val-Cit-PABC	Breast cancer; Approved Approval Document Gastric cancer; Approved Approval Document Urothelial cancer; Approved Approval Document Oesophageal cancer; Phase 3 Clinical Trial Biliary tract cancer; Phase 2 Clinical Trial Cervical cancer; Phase 2 Clinical Trial Endometrial cancer; Phase 2 Clinical Trial Fallopian tube cancer; Phase 2 Clinical Trial Head and neck cancer; Phase 2 Clinical Trial Lung cancer; Phase 2 Clinical Trial Melanoma; Phase 2 Clinical Trial Ovarian cancer; Phase 2 Clinical Trial Peritoneal cancer; Phase 2 Clinical Trial Prostate cancer; Phase 2 Clinical Trial Vaginal cancer; Phase 2 Clinical Trial Vulvar cancer; Phase 2 Clinical Trial Solid tumor; Phase 1 Clinical Trial Drug-to-Antibody Ratio 4 3D	RemeGen Co., Ltd; RemeGen Co., Ltd; Merck Sharp & Dohme LLC	7		NCT02881190; NCT03556345; NCT04264936; NCT04714190
DRG0JFYCH	KK2845	Phase1	Phase 1						TIM-3Ab	SG3199 (SC-DR002)	Mal-PEG8-Val-Ala-PABC	Acute myeloid leukaemia		0		NCT06812104
DRG0JGJDN	HBM9033	Phase1	Phase 1		HBM 9033; HBM-9033; HBM9033; PF-08052666; PF 08052666; PF08052666; SGN-MesoC2		Mesothelin (MSLN)		Undisclosed	Undisclosed	Undisclosed Conjugate Type Undisclosed	Colorectal cancer; Phase 1 Clinical Trial Endometrial cancer; Phase 1 Clinical Trial Lung cancer; Phase 1 Clinical Trial Melanoma; Phase 1 Clinical Trial Ovarian cancer; Phase 1 Clinical Trial Pancreatic cancer; Phase 1 Clinical Trial Solid tumor; Phase 1 Clinical Trial Drug-to-Antibody Ratio Undisclosed	Harbour Biomed Therapeutics Ltd	0		
DRG0JJEUT	Aprutumab ixadotin	Phase1	Phase 1 (Terminated)		Aprutumab ixadotin; BAY 1187982; BAY-1187982; BAY1187982; FGFR2-ADC		Fibroblast growth factor receptor 2 (FGFR2)	Microtubule (MT)	Aprutumab	Auristatin W	Caproyl acid	Solid tumor; Phase 1 Clinical Trial Drug-to-Antibody Ratio 4	Bayer AG	1		NCT02368951
DRG0JJONS	HS-20124	Phase1	Phase 1						Anti-CDH6 antibody	SHR9265	Undisclosed	Unspecific solid tumor		0		NCT06763159
DRG0JKQOU	HB0052	Investigative	Investigative		HB 0052; HB-0052		5'-nucleotidase (NT5E)		Undisclosed	Undisclosed	Undisclosed	Breast cancer Clinical candidate Pancreatic cancer Clinical candidate	Huabo Biopharm Co., Ltd	0		
DRG0JLDZY	SIBP-A13	Investigative	Investigative		SIBP A13; SIBPA13		Receptor tyrosine-protein kinase erbB-3 (HER3)		Anti-HER3 mAb	Undisclosed	Undisclosed	Solid tumors IND	Sino Biopharmaceutical Ltd	0		
DRG0JLIZJ	CD38 ADC	Phase1	Phase 1						Anti-CD38 mAb	Undisclosed	Undisclosed			0		
DRG0JMVCQ	ONC-784	Investigative	Investigative		ONC 784; ONC784		Signal transducer CD24 (CD24)		Undisclosed	Undisclosed	Undisclosed	Breast cancer Clinical candidate Cervical cancer Clinical candidate Hepatocellular carcinoma Clinical candidate Lung can	Oncoc4 Inc; Oncoimmune-Guangzhou	0		
DRG0JMXQX	HDM2012	Phase1	Phase 1						Anti-Muc17 antibody	TOP1 inhibitor	A cleavable linker	Gastric cancer		0		NCT07100249
DRG0JNCVK	YL217	Phase1	Phase 1						Anti-CDH17 antibody	YL0010014	VK*G-NHCH2-O linker	Unspecific solid tumor		0		NCT06859762
DRG0JNMAT	SIBP-A17	Phase1	Phase 1						anti-HER2 antibody	DXd	Mc-VASGFG	Gastroesophageal junction adenocarcinoma		0		NCT06512116
DRG0JNXDB	XMT-1592	Phase1	Phase 1 (Terminated)		XMT 1592; XMT1592; XMT-1592		Sodium-dependent phosphate transport protein 2B (SLC34A2)	Microtubule (MT)	Undisclosed	Auristatin F hydroxypropylamide (AF-HPA)	Cys-13 ADC linker	Lung cancer; Phase 1 Clinical Trial Ovarian cancer; Phase 1 Clinical Trial Drug-to-Antibody Ratio 6 3D	Mersana Therapeutics, Inc	1		NCT04396340
DRG0JNZLF	PCA-062	Phase1	Phase 1 (Terminated)		NOV-10; PCA 062; PCA-062; PCA-pCAD; PCA06 2, NOV-10; PCA062		Cadherin-3 (CDH3)	Microtubule (MT)	CQY684	Mertansine DM1	Succinimidyl-4-(N-maleimidomethyl)cyclohexane-1-carboxylate (SMCC)	Solid tumor; Phase 1 Clinical Trial Drug-to-Antibody Ratio 3.8 3D	MorphoSys AG; Novartis AG	1		NCT02375958
DRG0JOHND	Gemtuzumab ozogamicin	Approved	Approved (FDA): Mar, 2000	Mylotarg	CDP-771; CL-555201; CMA-676; WAY-CMA-676; Anti-CD33-monoclonal-antibody-calicheamicin; Anti-CD33-monoclonal-antibody-p67-6-calicheamicin-conjugate; HP67-6-N-acetyl-gamma-dimethyl-acbut; hP67.6-calicheamicin; Human-anti-CD33-monoclonal-antibody-P67-6-calicheamicin-conjugate		Myeloid cell surface antigen CD33 (CD33)	Human Deoxyribonucleic acid (hDNA)	Gemtuzumab	N-acetyl-gamma-calicheamicin	AcButDMH	Acute myeloid leukaemia; Approved Approval Document Acute lymphoblastic leukemia; Phase 3 Clinical Trial Chronic myeloid leukemia; Phase 3 Clinical Trial Myelodysplastic syndrome; Phase 3 Clinical Trial Drug-to-Antibody Ratio 2 to 3 3D	Pfizer Inc; Wyeth Pharmaceuticals LLC	3	10.1002/ajh.25057.; 10.1016/S2352-3026(23	NCT00893399; NCT00909168
DRG0JOMGD	NC18	Phase1	Phase 1						Trastuzumab	AF-HEA	PHF polymer linker	Unspecific solid tumor		0		
DRG0JPJDT	RN927C	Investigative	Investigative		RN-927C; RN 927C		Tumor-associated calcium signal transducer 2 (TROP2)	Microtubule (MT)	Humanized Anti-Trop-2 hIgG1 Anti-ody	Auristatin 0101	AcLys-Val-Cit-PABC	Pancreatic cancer Clinical candidate Drug-to-Antibody Ratio 2 3D	Rinat Neuroscience Corp	0		
DRG0JQAJB	MGTA-117	Phase1	Phase 1 (Terminated)		Anti-CD117 amanitin ADC; Anti-CD117 amanitin antibody drug conjugate; CD117-amanitin antibody drug conjugate; MGTA 117; MGTA-117; anti-CD117 (c-KIT)-amanitin antibody-drug conjugate; CD117-ADC		Mast/stem cell growth factor receptor Kit (KIT)	DNA-directed RNA polymerase II subunit RPB2 (POLR2B); DNA-directed RNA polymerase III subunit RPC7 (POLR3G)	Opelkibart	Alpha-amanitin	Undisclosed Conjugate Type Undisclosed Combination Type elmanitin	Acute myeloid leukaemia; Phase 1 Clinical Trial Myelodysplastic syndrome; Phase 1 Clinical Trial Drug-to-Antibody Ratio 2 3D	Heidelberg Pharma AG	0		
DRG0JQHJW	AGX101	Phase1	Phase 1		AGX 101; AGX-101; AGX101; Anti-TM4SF1 ADC (Angiex)		Transmembrane 4 L6 family member 1 (TM4SF1)	Microtubule (MT) Conjugate Type Undisclosed General Information of The Activity Data Related to This ADC Discovered Using Cell Line-derived Xenograft Model Standard Type Value Units Cell Line Disease Model Tumor Growth Inhibition value (TGI) ≈ 92.6 % MIA PaCa-2 cells Pancreatic ductal adenocarcinoma Tumor Growth Inhibition value (TGI) ≈ 93.4 % MIA PaCa-2 cells Pancreatic ductal adenocarcinoma Tumor Growth Inhibition value (TGI) ≈ 94.5 % SK-BR-3 cells Breast adenocarcinoma Tumor Growth Inhibition value (TGI) ≈ 95.6 % HCC1954 cells Breast ductal carcinoma Tumor Growth Inhibition value (TGI) ≈ 98.1 % Calu-3 cells Lung adenocarcinoma Revealed Based on the Cell Line Data Standard Type Value Units Cell Line Disease Model Half Maximal Effective Concentration (EC50) 0.02 nM A-549 cells Lung adenocarcinoma Half Maximal Effective Concentration (EC50) 0.02 nM MIA PaCa-2 cells Pancreatic ductal adenocarcinoma Full List of Activity Data of This Antibody-drug Conjugate Discovered Using Cell Line-derived Xenograft Model Experiment 1 Reporting the Activity Date of This ADC [ 1 ] Efficacy Data Tumor Growth Inhibition value (TGI) ≈ 92.60% (Day 28) High TM4SF1 expression ( TM4SF1+++ ) Method Description Mice bearingeither MIA PaCa-2 tumors were treated with either vehiclecontrol or AGX101 at 12 mg/kg g7dx2. In Vivo Model Pancreatic cancer CDX model In Vitro Model Pancreatic ductal adenocarcinoma MIA PaCa-2 cells CVCL_0428 Experiment 2 Reporting the Activity Date of This ADC [ 1 ] Efficacy Data Tumor Growth Inhibition value (TGI) ≈ 93.40% (Day 23) High TM4SF1 expression ( TM4SF1+++ ) Method Description Mice bearingeither MIA PaCa-2 tumors were treated with either vehiclecontrol or AGX101 at 12 mg/kg g7dx2. In Vivo Model Pancreatic cancer CDX model In Vitro Model Pancreatic ductal adenocarcinoma MIA PaCa-2 cells CVCL_0428 Experiment 3 Reporting the Activity Date of This ADC [ 1 ] Efficacy Data Tumor Growth Inhibition value (TGI) ≈ 94.50% (Day 23) High TM4SF1 expression ( TM4SF1+++ ) Method Description Mice bearingeither HCC1954 tumors were treated with either vehiclecontrol or AGX101 at 12 mg/kg g7dx2. In Vivo Model Breast ductal cancer CDX model In Vitro Model Breast adenocarcinoma SK-BR-3 cells CVCL_0033 Experiment 4 Reporting the Activity Date of This ADC [ 1 ] Efficacy Data Tumor Growth Inhibition value (TGI) ≈ 95.60% (Day 33) High TM4SF1 expression ( TM4SF1+++ ) Method Description Mice bearingeither HCC1954 tumors were treated with either vehiclecontrol or AGX101 at 12 mg/kg g7dx2. In Vivo Model Breast ductal cancer CDX model In Vitro Model Breast ductal carcinoma HCC1954 cells CVCL_1259 Experiment 5 Reporting the Activity Date of This ADC [ 1 ] Efficacy Data Tumor Growth Inhibition value (TGI) ≈ 98.10% (Day 23) High TM4SF1 expression ( TM4SF1+++ ) Method Description Mice bearingeither CALU-3 tumors were treated with either vehiclecontrol or AGX101 at 12 mg/kg g7dx2. In Vivo Model Lung adenocarcinoma CDX model In Vitro Model Lung adenocarcinoma Calu-3 cells CVCL_0609 Revealed Based on the Cell Line Data Experiment 1 Reporting the Activity Date of This ADC [ 1 ] Efficacy Data Half Maximal Effective Concentration (EC50) 0.02 nM High TM4SF1 expression ( TM4SF1+++ ) Method Description The inhibitory activity of AGX101 exerted a potent cytotoxic effect against TM4SF1+ cell lines. In Vitro Model Lung adenocarcinoma A-549 cells CVCL_0023 Experiment 2 Reporting the Activity Date of This ADC [ 1 ] Efficacy Data Half Maximal Effective Concentration (EC50) 0.02 nM High TM4SF1 expression ( TM4SF1+++ ) Method Description The inhibitory activity of AGX101 exerted a potent cytotoxic effect against TM4SF1+ solid tumor cell lines. In Vitro Model Pancreatic ductal adenocarcinoma MIA PaCa-2 cells CVCL_0428 References Ref 1 AGX101- A novel TM4SF1-directed ADC for the treatment of solid tumors; 2022.	Undisclosed	Maytansine		Angiosarcoma; Phase 1 Clinical Trial Breast cancer; Phase 1 Clinical Trial Colorectal cancer; Phase 1 Clinical Trial Liver cancer; Phase 1 Clinical Trial Pancreatic cancer; Phase 1 Clinical Trial Prostate cancer; Phase 1 Clinical Trial Solid tumor; Phase 1 Clinical Trial Drug-to-Antibody Ratio 2	Angiex, Inc	1		
DRG0JQWJI	BG-C137	Phase1	Phase 1						Anti-FGFR2 antibody	TOP1 inhibitor	A cleavable linker	Unspecific solid tumor		0		NCT06625593
DRG0JSPJR	ZL-1310	Phase1	Phase 1		YL 212; YL-212; YL212; ZL-1310; ZL 1310; ZL1310		Delta-like protein 3 (DLL3)	DNA topoisomerase 1 (TOP1)	Undisclosed	YL0010014	Tumor microenviroment activable tripeptide linker	Lung cancer; Phase 1 Clinical Trial Drug-to-Antibody Ratio 8	Zai Lab Ltd	0		
DRG0JTQDR	FS-1502	Phase1	Phase 3		FS-1502; Herceptin-LC-LBG-MMAF; IKS 014; IKS-014; IKS014; LCB14; LCB14-0110; Trastuzumab-LC-LBG-MMAF		Receptor tyrosine-protein kinase erbB-2 (HER2)	Microtubule (MT) Conjugate Type Enzymatic Catalysis Combination Type mafodotin	Trastuzumab	Monomethyl auristatin F	Undisclosed	Breast cancer; Phase 3 Clinical Trial Solid tumor; Phase 1 Clinical Trial Drug-to-Antibody Ratio 2 3D	Iksuda Therapeutics; Shanghai Fosun Pharmaceutical	0		
DRG0JUOJJ	MHB036C	Phase2	Phase 2						Undisclosed	MH30010008		Solid tumor		0		
DRG0JUOLN	MDX-1203	Phase1	Phase 1 (Terminated)		BMS 936561; BMS-936561; BMS-936561, MDX-1203; BMS936561; MDX 1203; MDX-1203; MDX1203		CD70 antigen (CD70)	Human Deoxyribonucleic acid (hDNA)	MDX-1115	Seco-MED-A	Mal-Val-Cit	Kidney cancer; Phase 1 Clinical Trial Unspecific non-hodgkin lymphoma; Phase 1 Clinical Trial Drug-to-Antibody Ratio 2 3D	Medarex, Inc; Bristol Myers Squibb Co	2		NCT00944905
DRG0JVAJA	Rosopatamab tetraxetan	Investigative	Investigative		DOTA-HUJ-591-GS; DOTA-HUJ-591; HuJ591-DOTA; Rosopatamab Y-90 conjugation		Glutamate carboxypeptidase 2 (FOLH1)		Rosopatamab	Y90 (Radioactive isotope)	Tetraxetan Info General Information of The Activity Data Related to This ADC Ide	Prostate cancer Clinical candidate Drug-to-Antibody Ratio 3-5	Weill Cornell Medical Center	3		NCT00052000; NCT00070837; NCT02576548
DRG0JVDPQ	AG 02 saporin conjugate	Investigative	Investigative		AG02; AG02 saporin; AG02-saporin; AG02-ADC; AG02 ADC		Cell surface protein 1 (CSP-1)	Microtubule (MT)	Anti-CSP-1 mAb AG02	Saporin	Undisclosed	Pleural mesothelioma Clinical candidate	A&G Pharmaceutical, Inc	0		
DRG0JWBNH	Brentuximab vedotin	Approved	Approved (FDA): Aug, 2011	Adcetris	CAC10-vcMMAE; cAC-10. SGD-1010; SGN-30; SGN-35; cAC10-Val-Cit-MMAE; Moab chimeric SGN-30 to CD30 antigen		Tumor necrosis factor receptor superfamily member 8 (TNFRSF8)	Microtubule (MT)	Brentuximab	Monomethyl auristatin E	Mc-Val-Cit-PABC	Hodgkin lymphoma; Approved Approval Document Mycosis fungoides; Phase 3 Clinical Trial Unspecific non-hodgkin lymphoma; Phase 3 Clinical Trial Acute lymphoblastic leukemia; Phase 2 Clinical Trial Acute myeloid leukaemia; Phase 2 Clinical Trial Diffuse large B-cell lymphoma; Phase 2 Clinical Trial Graft-versus-host disease; Phase 2 Clinical Trial Lupus erythematosus; Phase 2 Clinical Trial Lymphomatoid papulosis; Phase 2 Clinical Trial Mastocytosis; Phase 2 Clinical Trial Pleura mesothelioma; Phase 2 Clinical Trial Sezary syndrome; Phase 2 Clinical Trial Systemic sclerosis; Phase 2 Clinical Trial Myelodysplastic syndrome; Phase 1 Clinical Trial Drug-to-Antibody Ratio 4 3D	Seagen Inc; BSP Pharmaceuticals SpA; Takeda Pharmaceutical Co., Ltd	61	10.1007/s10637-019-00768-6.; 10.1016/S2352-3026(20; 10.1182/blood-2017-12-821009.; 10.1182/blood-2018-07-861641.; 10.1182/blood.2022017118.; 10.1182/bloodadvances.2019000152.; 10.1182/bloodadvances.2022008420.; 10.1200/JCO.21.01281.	NCT00430846; NCT00848926; NCT00866047; NCT00947856; NCT01060904; NCT01100502; NCT01309789; NCT01352520; NCT01393717; NCT01421667; NCT01461538; NCT01578499; NCT01657331; NCT01712490; NCT01716806; NCT01777152; NCT01780662; NCT01807598; NCT01940796; NCT01979536; NCT01994850; NCT02086604; NCT02166463; NCT02227199; NCT02227433; NCT02280785; NCT02292979; NCT02388490; NCT02423291; NCT02505269; NCT02572167; NCT02581631; NCT02684292; NCT02686346; NCT02758717; NCT02927769; NCT03057795; NCT04404283
DRG0JXYIZ	DS-9606	Phase1	Phase 1						Undisclosed	modified PBD	Undisclosed	Ovarian cancer		0		
DRG0JYFQF	ZPC-21	Phase1	Phase 1						A anti-ROR1 mAb	HC74	A cleavable linker	Unspecific solid tumor		0		NCT06823167
DRG0JYKFE	BSI-712	Investigative	Investigative		BSI 712; BSI712		Zinc transporter ZIP6 (SLC39A6)		Undisclosed	Undisclosed	Undisclosed	Solid tumors Clinical candidate	Biosion, Inc; ImmunoGen, Inc	0		
DRG0JYNCF	CX-2029	Phase2	Phase 1/2		ABBV-2029; ABBV-2029,CX-2029; CD71 probody drug conjugate; CX 2029; CX-2029		Transferrin receptor protein 1 (TFRC)	Microtubule (MT)	Anti-CD71 CX-151 probody	Monomethyl auristatin E	Mc-Val-Cit-PABC	Diffuse large B-cell lymphoma; Phase 2 Clinical Trial Solid tumor; Phase 2 Clinical Trial Drug-to-Antibody Ratio 2 3D	CytomX Therapeutics, Inc; AbbVie, Inc	2		NCT03543813
DRG0KAGOH	PLBA-001	Investigative	Investigative		PLBA 001; PLBA001		Undisclosed		Undisclosed	Undisclosed	Undisclosed	Lung cancer Clinical candidate	PrimeLink BioTherapeutics (Suzhou) Co., Ltd	0		
DRG0KBCEN	M3554	Phase1	Phase 1						Anti-GD2 antibody	Exatecan	Mal-glucuronide-PABC	Brain cancer		0		NCT06641908
DRG0KDTFA	F0002-ADC	Phase1	Phase 1		Anti-CD30-MCC-DM1; CD30-MCC-DM1; F-0002-ADC; F0002 ADC; F0002-ADC; F0002-ADC, Anti-CD30-MCC-DM1		Tumor necrosis factor receptor superfamily member 8 (TNFRSF8)	Microtubule (MT)	Brentuximab	Mertansine DM1	Succinimidyl-4-(N-maleimidomethyl)cyclohexane-1-carboxylate (SMCC)	Mycosis fungoides; Phase 1 Clinical Trial Unspecific non-hodgkin lymphoma; Phase 1 Clinical Trial Drug-to-Antibody Ratio 3.37 3D	Shanghai Fudan Zhangjiang Bio Pharmaceutical Co., Ltd	0		
DRG0KFMAB	DXC-009	Phase1	Phase 1		DXC 009; DXC-009; DXC009		Undisclosed		Undisclosed	Undisclosed	Undisclosed Conjugate Type Random Cysteines	Multiple myeloma; Phase 1 Clinical Trial Drug-to-Antibody Ratio Undisclosed	Hangzhou DAC Biotech Co., Ltd	0		
DRG0KGFDM	Zt/g4-Maytansinoid	Investigative	Investigative						Undisclosed	Mertansine DM1	Succinimidyl-4-(N-maleimidomethyl)cyclohexane-1-carboxylate (SMCC)	Colorectal cancer		0		
DRG0KHDFE	BAT-8007	Phase1	Phase 1						Undisclosed	Exatecan		Solid tumor		0		
DRG0KHFFZ	PF-06263507	Phase1	Phase 1 (Terminated)		A1-mafodotin; A1-mcMMAF; MMAF ADC; PF 6263507; PF-06263507; PF-06263507, A1mc MMAF; PF06263507		Trophoblast glycoprotein (TPBG)	Microtubule (MT)	PF-06281192	Monomethyl auristatin F	Maleimido-caproyl	Solid tumor; Phase 1 Clinical Trial Drug-to-Antibody Ratio 4 3D	Oxford Biomedica Plc; Pfizer Inc	1		
DRG0KJHHN	IMGN-779	Phase1	Phase 1 (Terminated)		IMGN 779; IMGN-779; IMGN7 79; IMGN779		Myeloid cell surface antigen CD33 (CD33)	Human Deoxyribonucleic acid (hDNA)	Z4681A	DGN462	Sulfo-SPDB	Acute myeloid leukaemia; Phase 1 Clinical Trial Drug-to-Antibody Ratio 3 3D	ImmunoGen, Inc	1	10.1158/1535-7163.MCT-17-1077.	
DRG0KKATK	SHR-A2102	Phase3	Phase 3		SHR A2102; SHR-A2102; SHRA2102		Nectin-4 (NECTIN4)	DNA topoisomerase 1 (TOP1)	Undisclosed	9106-IM-2	Mc-Gly-Gly-Phe-Gly	Urothelial cancer; Phase 3 Clinical Trial Pancreatic cancer; Phase 2 Clinical Trial Solid tumor; Phase 2 Clinical Trial Drug-to-Antibody Ratio Undisclosed	Shanghai Hengrui Pharmaceutical Co., Ltd	2		NCT05701709; NCT05735275
DRG0KKBKT	BBT-001	Investigative	Investigative		BBT 001; BBT001; long-acting GCSF-IgG-Fc immunofusion protein		Granulocyte colony-stimulating factor receptor (CSF3R)		Undisclosed	Undisclosed	Undisclosed	Neutropenia Clinical candidate	Bolder BioTechnology, Inc	0		
DRG0KKQDW	SRB19	Investigative	Investigative		SRB-19; SRB 19		Epidermal growth factor receptor (EGFR); Receptor tyrosine-protein kinase erbB-3 (HER3)		Undisclosed	Undisclosed	Undisclosed	Triple negative breast cancer Clinical candidate	Sunrock Biopharma SL	0		
DRG0KMHHU	TRS-005	Phase1	Phase 1		TRS-005; TRS005		B-lymphocyte antigen CD20 (MS4A1)	Microtubule (MT)	Undisclosed	Monomethyl auristatin E	Mc-Val-Cit-PABC	Unspecific non-hodgkin lymphoma; Phase 1 Clinical Trial Drug-to-Antibody Ratio 4.2 3D	Zhejiang Teruisi Pharmaceutical Inc	1		NCT05395533
DRG0KNAHQ	BL-M14D1	Phase1	Phase 1						A anti-DLL3 mAb	Ed-04	Gly-Mal-Gly-Gly-Phe-Gly	Lung cancer		0		NCT06505824; NCT07080242
DRG0KNAKC	QBK249-G	Investigative	Investigative		QBK249G; QBK249 G		Receptor tyrosine-protein kinase erbB-2 (HER2)		Undisclosed	Undisclosed	Undisclosed	Breast cancer Clinical candidate	Quadira Biosciences AG	0		
DRG0KRSBQ	IKS-012	Investigative	Investigative		IKS 012; IKS012		Folate receptor alpha (FOLR1)		Undisclosed	Undisclosed	Undisclosed	Lung cancer Clinical candidate Ovarian cancer Clinical candidate Triple negative breast cancer Clinical candidate	Iksuda Therapeutics Ltd	0		
DRG0KSBCU	EP-400	Investigative	Investigative		EP 400; EP400		Undisclosed		Undisclosed	Undisclosed	Undisclosed TTD ID D0H6IG	Solid tumors Clinical candidate	Esperance Pharmaceuticals, Inc	0		
DRG0KSTYX	CLR-180099	Investigative	Investigative		CLR 180099; CLR180099		Lipid rafts (LR)		Undisclosed	Undisclosed	Undisclosed	Colorectal cancer Clinical candidate	Cellectar Biosciences, Inc	0		
DRG0KTRKE	PF-06664178	Phase1	Phase 1 (Terminated)		PF 6664178; PF-06664178; PF06664178; PF6664178		Tumor-associated calcium signal transducer 2 (TROP2)	Microtubule (MT)	PF-06478924	Auristatin 0101	AcLys-Val-Cit-PABC	Breast cancer; Phase 1 Clinical Trial Lung cancer; Phase 1 Clinical Trial Ovarian cancer; Phase 1 Clinical Trial Solid tumor; Phase 1 Clinical Trial Drug-to-Antibody Ratio 2 3D	Pfizer Inc	1		NCT02122146
DRG0KTTFS	XMT-2056	Phase1	Phase 1		XMT 2056; XMT-2056; XMT2056		Receptor tyrosine-protein kinase erbB-2 (HER2)	Stimulator of interferon genes protein (STING1)	HT-19	STING agonist of XMT-2056	Hydrophilic linker of XMT-2056	Breast cancer; Phase 1 Clinical Trial Colorectal cancer; Phase 1 Clinical Trial Gastric cancer; Phase 1 Clinical Trial Lung cancer; Phase 1 Clinical Trial Solid tumor; Phase 1 Clinical Trial Drug-to-Antibody Ratio 8	Mersana Therapeutics, Inc	0		
DRG0KWGRK	IMMU-140	Investigative	Investigative		IMMU140; IMMU 140		HLA class II histocompatibility antigen, DR alpha chain (HLA-DRA)	DNA topoisomerase 1 (TOP1)	IMMU-114	Active metabolite of irinotecan SN38	CL2A	Acute lymphoblastic leukemia Clinical candidate Acute myeloid leukaemia Clinical candidate B-cell lymphoma Clinical cand	Immunomedics, Inc; Gilead Sciences, Inc	0		
DRG0KWKQC	DX126-262	Phase2	Phase 2		DAC-001; DX126 262; DX126-262; Recombinant anti-HER2 antibody-Tub 114		Receptor tyrosine-protein kinase erbB-2 (HER2)	Microtubule (MT)	DX-CHO9	Tubulysin B analog Tub114	Mal-PEG10-Ala-Ala-linker	Gastric cancer; Phase 2 Clinical Trial Oesophageal cancer; Phase 2 Clinical Trial Breast cancer; Phase 1 Clinical Trial Drug-to-Antibody Ratio 3.5 to 3.8	Hangzhou DAC Biotech Co., Ltd	0		
DRG0KXLGG	MK-6837	Phase1	Phase 1						anti-TROP2 antibody	Undisclosed	Undisclosed	Unspecific solid tumor		0		NCT06460961
DRG0KYHQN	CMB-401	Phase2	Phase 2 (Terminated)		Anti-PEM monoclonal antibody calicheamicin; CDP 671; CDP-671; CMB 401; CMB-401; LLE 33288; hCTMO1-calicheamicin; hcT.MO1 calicheamicin		Mucin-1 (MUC1)	Human Deoxyribonucleic acid (hDNA)	Anti-MUC1 mAb hCTM01	N-acetyl-gamma-calicheamicin	Amide-based linker	Ovarian cancer Phase 2 Research Article Drug-to-Antibody Ratio 2 to 3 3D	Celltech Oy	2		
DRG0KYOBC	TORL-1-23	Phase1	Phase 1		TORL 1 23; TORL 1-23; TORL-1-23; TORL1-23		Claudin-6 (CLDN6)	Microtubule (MT) Conjugate Type Undisclosed General Information of The Activity Data Related to This ADC Identified from the Human Clinical Data Standard Type NCT Number Clinical Status Clinical Trial Description Undisclosed NCT05103683 Phase 1 A phase 1, first in human, dose-escalation study of TORL-1-23 in participants with advanced cancer. Full List of Activity Data of This Antibody-drug Conjugate Identified from the Human Clinical Data Experiment 1 Reporting the Activity Date of This ADC [ 1 ] Related Clinical Trial NCT Number NCT05103683 Clinical Status Phase 1 Clinical Description A phase 1, first in human, dose-escalation study of TORL-1-23 in participants with advanced cancer. References Ref 1 A Phase 1, First in Human, Dose-Escalation Study of TORL-1-23 in Participants With Advanced Cancer	Undisclosed	Monomethyl auristatin E		Solid tumor; Phase 1 Clinical Trial Drug-to-Antibody Ratio 4 3D	TORL Biotherapeutics LLC	1		NCT05103683
DRG0LBQXO	PA-368A	Investigative	Investigative		PA368A; PA 368A		Cadherin-17 (CDH17)		Undisclosed	Undisclosed	Undisclosed	Colorectal cancer (; Investigative)	Protein Alternatives SL	0		
DRG0LCOWD	MRG-004A	Phase2	Phase 1/2		MRG 004A; MRG-004A; MRG004A		Tissue factor (F3)	Microtubule (MT) Conjugate Type Enzymatic Catalysis	Undisclosed	Monomethyl auristatin E		Solid tumor; Phase 2 Clinical Trial Drug-to-Antibody Ratio 3.8 3D	Shanghai Miracogen Inc; Lepu Biopharma Co., Ltd	0		
DRG0LDEJY	ITC-6146RO	Phase1	Phase 1						Anti-B7H3 antibody	Duocarmycin derivative	Self-immolative OHPAS linker	Lung cancer		0		NCT07423117
DRG0LFBZI	ALK202	Phase1	Phase 1						A bispecific anti-EGFR/c-Met bsAb	Exatecan	Undisclosed	Unspecific solid tumor		0		NCT06707610
DRG0LFGHB	HTI-1511	Investigative	Investigative		HTI 1511; HTI1511		Epidermal growth factor receptor (EGFR)		Undisclosed	Undisclosed	Undisclosed	Solid tumors Clinical candidate	Halozyme Therapeutics, Inc	0		
DRG0LFZFX	ABBV-319	Phase1	Phase 1		ABBV 319; ABBV-319; ABBV319		B-lymphocyte antigen CD19 (CD19)	Glucocorticoid receptor (NR3C1)	Anti-CD19 ABBV319 IgG1 mAb	Proprietary GRM agonist	Formyl-Ala-Ala	Chronic lymphocytic leukemia; Phase 1 Clinical Trial Diffuse large B-cell lymphoma; Phase 1 Clinical Trial Follicular lymphoma; Phase 1 Clinical Trial Drug-to-Antibody Ratio 4 3D	AbbVie, Inc	0		
DRG0LGBME	Ispectamab tazide	Investigative	Investigative		Ispectamab tazide		Tumor necrosis factor receptor superfamily member 17 (TNFRSF17)		Undisclosed	Undisclosed	Undisclosed	Antibody Name: Undisclosed		0		
DRG0LHLWT	LR-DM1	Investigative	Investigative		LR DM1		Epidermal growth factor receptor (EGFR)	Microtubule (MT)	LR004	Mertansine DM1	Succinimidyl-4-(N-maleimidomethyl)cyclohexane-1-carboxylate (SMCC)	Solid tumors; Investigative Drug-to-Antibody Ratio 3.6 3D	Chinese Academy of Medical Science and Peking Union Medical College	0		
DRG0LHZWB	ASN-004	Phase1	Phase 1		ASN 004; ASN-004; ASN004		Trophoblast glycoprotein (TPBG)	Microtubule (MT) Conjugate Type Random Cysteines General Information of The Activity Data Related to This ADC Discovered Using Cell Line-derived Xenograft Model Standard Type Value Units Cell Line Disease Model Tumor Growth Inhibition value (TGI) ≈ 28.2 % A431 cells Skin squamous cell carcinoma Tumor Growth Inhibition value (TGI) ≈ 54.3 % Lung cancer cells Lung cancer Tumor Growth Inhibition value (TGI) ≈ 55.5 % Cervical advanced-stage cancer cells Cervical advanced-stage cancer Tumor Growth Inhibition value (TGI) ≈ 94.2 % A431 cells Skin squamous cell carcinoma Tumor Growth Inhibition value (TGI) ≈ 96.3 % A431 cells Skin squamous cell carcinoma Tumor Growth Inhibition value (TGI) ≈ 100 % Gastric cancer cells Gastric cancer Tumor Growth Inhibition value (TGI) ≈ 100 % Gastric cancer cells Gastric cancer Tumor Growth Inhibition value (TGI) ≈ 100 % Lung cancer cells Lung cancer Tumor Growth Inhibition value (TGI) ≈ 100 % Lung cancer cells Lung cancer Tumor Growth Inhibition value (TGI) ≈ 100 % A431 cells Skin squamous cell carcinoma Tumor Growth Inhibition value (TGI) ≈ 100 % A431 cells Skin squamous cell carcinoma Tumor Growth Inhibition value (TGI) ≈ 100 % A431 cells Skin squamous cell carcinoma Tumor Growth Inhibition value (TGI) ≈ 100 % A431 cells Skin squamous cell carcinoma Tumor Growth Inhibition value (TGI) ≈ 100 % MDA-MB-231 cells (5T4 overexpression) Breast adenocarcinoma Tumor Growth Inhibition value (TGI) ≈ 100 % MDA-MB-231 cells (5T4 overexpression) Breast adenocarcinoma Tumor Growth Inhibition value (TGI) ≈ 100 % MDA-MB-231 cells (5T4 overexpression) Breast adenocarcinoma Tumor Growth Inhibition value (TGI) ≈ 100 % MDA-MB-231 cells (5T4 overexpression) Breast adenocarcinoma Revealed Based on the Cell Line Data Standard Type Value Units Cell Line Disease Model Half Maximal Inhibitory Concentration (IC50) 0.07 nM SK-BR-3 cells Breast adenocarcinoma Half Maximal Inhibitory Concentration (IC50) 0.09 nM MDA-MB-231 cells Breast adenocarcinoma Half Maximal Inhibitory Concentration (IC50) 0.09 nM SCaBER cells Bladder squamous cell carcinoma Half Maximal Inhibitory Concentration (IC50) 0.12 nM 5637 cells Bladder carcinoma Half Maximal Inhibitory Concentration (IC50) 0.12 nM A-375 cells Amelanotic melanoma Half Maximal Inhibitory Concentration (IC50) 0.15 nM MCF-7 cells Invasive breast carcinoma Half Maximal Inhibitory Concentration (IC50) 0.17 nM DU145 cells Prostate carcinoma Half Maximal Inhibitory Concentration (IC50) 0.18 nM HeLa cells Endocervical adenocarcinoma Half Maximal Inhibitory Concentration (IC50) 0.23 nM MDA-MB-231 cells Breast adenocarcinoma Half Maximal Inhibitory Concentration (IC50) 0.25 nM A-549 cells Lung adenocarcinoma Half Maximal Inhibitory Concentration (IC50) 0.26 nM A431 cells Skin squamous cell carcinoma Half Maximal Inhibitory Concentration (IC50) 0.31 nM SW780 cells Bladder carcinoma Half Maximal Inhibitory Concentration (IC50) 0.34 nM U-87MG cells Glioblastoma Half Maximal Inhibitory Concentration (IC50) 0.42 nM PC-3 cells Prostate carcinoma Half Maximal Inhibitory Concentration (IC50) 0.42 nM MDA-MB-231 cells (5T4 overexpression) Breast adenocarcinoma Half Maximal Inhibitory Concentration (IC50) 0.44 nM JEG-3 cells Gestational choriocarcinoma Half Maximal Inhibitory Concentration (IC50) 0.56 nM MDA-MB-468 cells Breast adenocarcinoma Half Maximal Inhibitory Concentration (IC50) 0.57 nM HT29 cells Colon cancer Half Maximal Inhibitory Concentration (IC50) 0.62 nM NCI-N87 cells Gastric tubular adenocarcinoma Half Maximal Inhibitory Concentration (IC50) 0.66 nM TCCSUP cells Bladder carcinoma Half Maximal Inhibitory Concentration (IC50) 0.76 nM HT-1197 cells Recurrent bladder carcinoma Half Maximal Inhibitory Concentration (IC50) 0.78 nM RT-4 cells Bladder carcinoma Half Maximal Inhibitory Concentration (IC50) 0.93 nM T24 cells Bladder carcinoma Half Maximal Inhibitory Concentration (IC50) 0.95 nM NCI-H1975 cells Lung adenocarcinoma Half Maximal Inhibitory Concentration (IC50) 1.03 nM HCC1937 cells Breast ductal carcinoma Half Maximal Inhibitory Concentration (IC50) 1.05 nM NCI-H1299 cells Lung large cell carcinoma Half Maximal Inhibitory Concentration (IC50) 1.06 nM HT-1376 cells Bladder carcinoma Half Maximal Inhibitory Concentration (IC50) 1.34 nM DMS 114 cells Lung small cell carcinoma Half Maximal Inhibitory Concentration (IC50) 1.53 nM UM-UC-3 cells Bladder carcinoma Half Maximal Inhibitory Concentration (IC50) 4.28 nM J82 cells Bladder carcinoma Half Maximal Inhibitory Concentration (IC50) 9.01 nM Hep-G2 cells Hepatoblastoma Half Maximal Inhibitory Concentration (IC50) 9.03 nM LNCaP cells Prostate carcinoma Full List of Activity Data of This Antibody-drug Conjugate Discovered Using Cell Line-derived Xenograft Model Experiment 1 Reporting the Activity Date of This ADC [ 1 ] Efficacy Data Tumor Growth Inhibition value (TGI) ≈ 28.20% (Day 21) Low 5T4 expression ( 5T4+ ) Method Description ASN004 was evaluated for efficacy in human tumor mouse xenograft models,derived from four different human tumor cell types,having a wide range of 5T4 expression levels. ASN004 was studied in a tumor xenograft model derived from the A431 (human cervical epidermoid,5T4+; 88, 000 binding sites per cell) tumor cell line. Subcutaneous tumor xenografts were developed in nude mice with established mean tumor volumes of 150 mm 3 . The dose of ASN004 was 0.3 mg/kg single dose. In Vivo Model Cervical cancer CDX model In Vitro Model Skin squamous cell carcinoma A431 cells CVCL_0037 Experiment 2 Reporting the Activity Date of This ADC [ 1 ] Efficacy Data Tumor Growth Inhibition value (TGI) ≈ 54.30% (Day 60) Low 5T4 expression ( 5T4+ ) Method Description ASN004 was evaluated for efficacy in human tumor mouse xenograft models,derived from four different human tumor cell types,having a wide range of 5T4 expression levels. ASN004 was further evaluated in a tumor xenograft model derived from the H1975 human lung carcinoma cell line [5T4+; 15, 800 binding sites per cell]. Subcutaneous tumor xenografts were developed in nude mice with established mean tumor volumes of 150 mm 3 . The dose of ASN004 was 0.3 mg/kg Q4D 4. In Vivo Model Lung cancer CDX model In Vitro Model Lung cancer Lung cancer cells Homo sapiens Experiment 3 Reporting the Activity Date of This ADC [ 1 ] Efficacy Data Tumor Growth Inhibition value (TGI) ≈ 55.50% (Day 12) Low 5T4 expression ( 5T4+ ) Method Description ASN004 was evaluated for efficacy in human tumor mouse xenograft models,derived from four different human tumor cell types,having a wide range of 5T4 expression levels. Subcutaneous tumor xenografts were developed in nude mice with established mean tumor volumes of 150 mm 3 . The dose of ASN004 was 1 mg/kg Q4D 4. In Vivo Model Cervical advanced-stage cancer CDX model In Vitro Model Cervical advanced-stage cancer Cervical advanced-stage cancer cells Homo sapiens Experiment 4 Reporting the Activity Date of This ADC [ 1 ] Efficacy Data Tumor Growth Inhibition value (TGI) ≈ 94.20% (Day 21) Low 5T4 expression ( 5T4+ ) Method Description ASN004 was evaluated for efficacy in human tumor mouse xenograft models,derived from four different human tumor cell types,having a wide range of 5T4 expression levels. ASN004 was studied in a tumor xenograft model derived from the A431 (human cervical epidermoid,5T4+; 88, 000 binding sites per cell) tumor cell line. Subcutaneous tumor xenografts were developed in nude mice with established mean tumor volumes of 150 mm 3 . The dose of ASN004 was 1 mg/kg single dose. In Vivo Model Cervical cancer CDX model In Vitro Model Skin squamous cell carcinoma A431 cells CVCL_0037 Experiment 5 Reporting the Activity Date of This ADC [ 1 ] Efficacy Data Tumor Growth Inhibition value (TGI) ≈ 96.30% (Day 21) Low 5T4 expression ( 5T4+ ) Method Description ASN004 was evaluated for efficacy in human tumor mouse xenograft models,derived from four different human tumor cell types,having a wide range of 5T4 expression levels. ASN004 was studied in a tumor xenograft model derived from the A431 (human cervical epidermoid,5T4+; 88, 000 binding sites per cell) tumor cell line. Subcutaneous tumor xenografts were developed in nude mice with established mean tumor volumes of 150 mm 3 . The dose of ASN004 was 3 mg/kg single dose. In Vivo Model Cervical cancer CDX model In Vitro Model Skin squamous cell carcinoma A431 cells CVCL_0037 Experiment 6 Reporting the Activity Date of This ADC [ 1 ] Efficacy Data Tumor Growth Inhibition value (TGI) ≈ 100.00% (Day 40) Negative 5T4 expression ( 5T4- ) Method Description ASN004 was evaluated for efficacy in human tumor mouse xenograft models,derived from four different human tumor cell types,having a wide range of 5T4 expression levels. A tumor xenograft model derived from the NCI-N87 human gastric tumor cell line [5T4-; 4, 400 binding sites per cell] and high expression of HER2. Subcutaneous tumor xenografts were developed in nude mice with established mean tumor volumes of 150 mm 3 . The dose of ASN004 was 3 mg/kg single dose. In Vivo Model Gastric cancer CDX model In Vitro Model Gastric cancer Gastric cancer cells Homo sapiens Experiment 7 Reporting the Activity Date of This ADC [ 1 ] Efficacy Data Tumor Growth Inhibition value (TGI) ≈ 100.00% (Day 40) Negative 5T4 expression ( 5T4- ) Method Description ASN004 was evaluated for efficacy in human tumor mouse xenograft models,derived from four different human tumor cell types,having a wide range of 5T4 expression levels. A tumor xenograft model derived from the NCI-N87 human gastric tumor cell line [5T4-; 4, 400 binding sites per cell] and high expression of HER2. Subcutaneous tumor xenografts were developed in nude mice with established mean tumor volumes of 150 mm 3 . The dose of ASN004 was 3 mg/kg Q4D 3. In Vivo Model Gastric cancer CDX model In Vitro Model Gastric cancer Gastric cancer cells Homo sapiens Experiment 8 Reporting the Activity Date of This ADC [ 1 ] Efficacy Data Tumor Growth Inhibition value (TGI) ≈ 100.00% (Day 60) Low 5T4 expression ( 5T4+ ) Method Description ASN004 was evaluated for efficacy in human tumor mouse xenograft models,derived from four different human tumor cell types,having a wide range of 5T4 expression levels. ASN004 was further evaluated in a tumor xenograft model derived from the H1975 human lung carcinoma cell line [5T4+; 15, 800 binding sites per cell]. Subcutaneous tumor xenografts were developed in nude mice with established mean tumor volumes of 150 mm 3 . The dose of ASN004 was 1 mg/kg Q4D 4. In Vivo Model Lung cancer CDX model In Vitro Model Lung cancer Lung cancer cells Homo sapiens Experiment 9 Reporting the Activity Date of This ADC [ 1 ] Efficacy Data Tumor Growth Inhibition value (TGI) ≈ 100.00% (Day 60) Low 5T4 expression ( 5T4+ ) Method Description ASN004 was evaluated for efficacy in human tumor mouse xenograft models,derived from four different human tumor cell types,having a wide range of 5T4 expression levels. ASN004 was further evaluated in a tumor xenograft model derived from the H1975 human lung carcinoma cell line [5T4+; 15, 800 binding sites per cell]. Subcutaneous tumor xenografts were developed in nude mice with established mean tumor volumes of 150 mm 3 . The dose of ASN004 was 3 mg/kg Q4D 4. In Vivo Model Lung cancer CDX model In Vitro Model Lung cancer Lung cancer cells Homo sapiens Experiment 10 Reporting the Activity Date of This ADC [ 1 ] Efficacy Data Tumor Growth Inhibition value (TGI) ≈ 100.00% (Day 40) Low 5T4 expression ( 5T4+ ) Method Description ASN004 was evaluated for efficacy in human tumor mouse xenograft models,derived from four different human tumor cell types,having a wide range of 5T4 expression levels. ASN004 was studied in a tumor xenograft model derived from the A431 (human cervical epidermoid,5T4+; 88, 000 binding sites per cell) tumor cell line. Subcutaneous tumor xenografts were developed in nude mice with established mean tumor volumes of 150 mm 3 . The dose of ASN004 was 1 mg/kg Q4D 4. In Vivo Model Cervical cancer CDX model In Vitro Model Skin squamous cell carcinoma A431 cells CVCL_0037 Experiment 11 Reporting the Activity Date of This ADC [ 1 ] Efficacy Data Tumor Growth Inhibition value (TGI) ≈ 100.00% (Day 40) Low 5T4 expression ( 5T4+ ) Method Description ASN004 was evaluated for efficacy in human tumor mouse xenograft models,derived from four different human tumor cell types,having a wide range of 5T4 expression levels. ASN004 was studied in a tumor xenograft model derived from the A431 (human cervical epidermoid,5T4+; 88, 000 binding sites per cell) tumor cell line. Subcutaneous tumor xenografts were developed in nude mice with established mean tumor volumes of 150 mm 3 . The dose of ASN004 was 3 mg/kg Q4D 4. In Vivo Model Cervical cancer CDX model In Vitro Model Skin squamous cell carcinoma A431 cells CVCL_0037 Experiment 12 Reporting the Activity Date of This ADC [ 1 ] Efficacy Data Tumor Growth Inhibition value (TGI) ≈ 100.00% (Day 40) Low 5T4 expression ( 5T4+ ) Method Description ASN004 was evaluated for efficacy in human tumor mouse xenograft models,derived from four different human tumor cell types,having a wide range of 5T4 expression levels. ASN004 was studied in a tumor xenograft model derived from the A431 (human cervical epidermoid,5T4+; 88, 000 binding sites per cell) tumor cell line. Subcutaneous tumor xenografts were developed in nude mice with established mean tumor volumes of 150 mm 3 . The dose of ASN004 was 6mg/kg Q4D 4. In Vivo Model Cervical cancer CDX model In Vitro Model Skin squamous cell carcinoma A431 cells CVCL_0037 Experiment 13 Reporting the Activity Date of This ADC [ 1 ] Efficacy Data Tumor Growth Inhibition value (TGI) ≈ 100.00% (Day 40) Low 5T4 expression ( 5T4+ ) Method Description ASN004 was evaluated for efficacy in human tumor mouse xenograft models,derived from four different human tumor cell types,having a wide range of 5T4 expression levels. ASN004 was studied in a tumor xenograft model derived from the A431 (human cervical epidermoid,5T4+; 88, 000 binding sites per cell) tumor cell line. Subcutaneous tumor xenografts were developed in nude mice with established mean tumor volumes of 150 mm 3 . The dose of ASN004 was 10 mg/kg single dose. In Vivo Model Cervical cancer CDX model In Vitro Model Skin squamous cell carcinoma A431 cells CVCL_0037 Experiment 14 Reporting the Activity Date of This ADC [ 1 ] Efficacy Data Tumor Growth Inhibition value (TGI) ≈ 100.00% (Day 70) High 5T4 expression ( 5T4+++ ) Method Description ASN004 was evaluated for efficacy in human tumor mouse xenograft models,derived from four different human tumor cell types,having a wide range of 5T4 expression levels. Subcutaneous tumor xenografts were developed in nude mice with established mean tumor volumes of 150 mm 3 . The dose of ASN004 was 1 mg/kg Q4D 4. In Vivo Model Breast cancer CDX model In Vitro Model Breast adenocarcinoma MDA-MB-231 cells (5T4 overexpression) CVCL_0062 Experiment 15 Reporting the Activity Date of This ADC [ 1 ] Efficacy Data Tumor Growth Inhibition value (TGI) ≈ 100.00% (Day 70) High 5T4 expression ( 5T4+++ ) Method Description ASN004 was evaluated for efficacy in human tumor mouse xenograft models,derived from four different human tumor cell types,having a wide range of 5T4 expression levels. Subcutaneous tumor xenografts were developed in nude mice with established mean tumor volumes of 150 mm 3 . The dose of ASN004 was 3 mg/kg Q4D 4. In Vivo Model Breast cancer CDX model In Vitro Model Breast adenocarcinoma MDA-MB-231 cells (5T4 overexpression) CVCL_0062 Experiment 16 Reporting the Activity Date of This ADC [ 1 ] Efficacy Data Tumor Growth Inhibition value (TGI) ≈ 100.00% (Day 70) High 5T4 expression ( 5T4+++ ) Method Description ASN004 was evaluated for efficacy in human tumor mouse xenograft models,derived from four different human tumor cell types,having a wide range of 5T4 expression levels. Subcutaneous tumor xenografts were developed in nude mice with established mean tumor volumes of 150 mm 3 . The dose of ASN004 was 6mg/kg Q4D 4. In Vivo Model Breast cancer CDX model In Vitro Model Breast adenocarcinoma MDA-MB-231 cells (5T4 overexpression) CVCL_0062 Experiment 17 Reporting the Activity Date of This ADC [ 1 ] Efficacy Data Tumor Growth Inhibition value (TGI) ≈ 100.00% (Day 70) High 5T4 expression ( 5T4+++ ) Method Description ASN004 was evaluated for efficacy in human tumor mouse xenograft models,derived from four different human tumor cell types,having a wide range of 5T4 expression levels. ubcutaneous tumor xenografts were developed in nude mice with established mean tumor volumes of 150 mm 3 . The dose of ASN004 was 10 mg/kg single dose. In Vivo Model Breast cancer CDX model In Vitro Model Breast adenocarcinoma MDA-MB-231 cells (5T4 overexpression) CVCL_0062 Revealed Based on the Cell Line Data Experiment 1 Reporting the Activity Date of This ADC [ 1 ] Efficacy Data Half Maximal Inhibitory Concentration (IC50) 0.07 nM Low 5T4 expression ( 5T4+ ) Method Description The cytotoxic effect of ASN004 was assessed in cell viability assays for a diverse panel of human solid tumor cell lines representing bladder,breast,cervical,colon,gastric,glioblastoma,liver,lung,melanoma,placenta,and prostate cancers. In Vitro Model Breast adenocarcinoma SK-BR-3 cells CVCL_0033 Experiment 2 Reporting the Activity Date of This ADC [ 1 ] Efficacy Data Half Maximal Inhibitory Concentration (IC50) 0.09 nM Low 5T4 expression ( 5T4+ ) Method Description The cytotoxic effect of ASN004 was assessed in cell viability assays for a diverse panel of human solid tumor cell lines representing bladder,breast,cervical,colon,gastric,glioblastoma,liver,lung,melanoma,placenta,and prostate cancers. In Vitro Model Breast adenocarcinoma MDA-MB-231 cells CVCL_0062 Experiment 3 Reporting the Activity Date of This ADC [ 1 ] Efficacy Data Half Maximal Inhibitory Concentration (IC50) 0.09 nM High 5T4 expression ( 5T4+++ ) Method Description The cytotoxic effect of ASN004 was assessed in cell viability assays for a diverse panel of human solid tumor cell lines representing bladder,breast,cervical,colon,gastric,glioblastoma,liver,lung,melanoma,placenta,and prostate cancers. In Vitro Model Bladder squamous cell carcinoma SCaBER cells CVCL_3599 Experiment 4 Reporting the Activity Date of This ADC [ 1 ] Efficacy Data Half Maximal Inhibitory Concentration (IC50) 0.12 nM Moderate 5T4 expression ( 5T4++ ) Method Description The cytotoxic effect of ASN004 was assessed in cell viability assays for a diverse panel of human solid tumor cell lines representing bladder,breast,cervical,colon,gastric,glioblastoma,liver,lung,melanoma,placenta,and prostate cancers. In Vitro Model Bladder carcinoma 5637 cells CVCL_0126 Experiment 5 Reporting the Activity Date of This ADC [ 1 ] Efficacy Data Half Maximal Inhibitory Concentration (IC50) 0.12 nM High 5T4 expression ( 5T4+++ ) Method Description The cytotoxic effect of ASN004 was assessed in cell viability assays for a diverse panel of human solid tumor cell lines representing bladder,breast,cervical,colon,gastric,glioblastoma,liver,lung,melanoma,placenta,and prostate cancers. In Vitro Model Amelanotic melanoma A-375 cells CVCL_0132 Experiment 6 Reporting the Activity Date of This ADC [ 1 ] Efficacy Data Half Maximal Inhibitory Concentration (IC50) 0.15 nM Low 5T4 expression ( 5T4+ ) Method Description The cytotoxic effect of ASN004 was assessed in cell viability assays for a diverse panel of human solid tumor cell lines representing bladder,breast,cervical,colon,gastric,glioblastoma,liver,lung,melanoma,placenta,and prostate cancers. In Vitro Model Invasive breast carcinoma MCF-7 cells CVCL_0031 Experiment 7 Reporting the Activity Date of This ADC [ 1 ] Efficacy Data Half Maximal Inhibitory Concentration (IC50) 0.17 nM Low 5T4 expression ( 5T4+ ) Method Description The cytotoxic effect of ASN004 was assessed in cell viability assays for a diverse panel of human solid tumor cell lines representing bladder,breast,cervical,colon,gastric,glioblastoma,liver,lung,melanoma,placenta,and prostate cancers. In Vitro Model Prostate carcinoma DU145 cells CVCL_0105 Experiment 8 Reporting the Activity Date of This ADC [ 1 ] Efficacy Data Half Maximal Inhibitory Concentration (IC50) 0.18 nM Low 5T4 expression ( 5T4+ ) Method Description The cytotoxic effect of ASN004 was assessed in cell viability assays for a diverse panel of human solid tumor cell lines representing bladder,breast,cervical,colon,gastric,glioblastoma,liver,lung,melanoma,placenta,and prostate cancers. In Vitro Model Endocervical adenocarcinoma HeLa cells CVCL_0030 Experiment 9 Reporting the Activity Date of This ADC [ 1 ] Efficacy Data Half Maximal Inhibitory Concentration (IC50) 0.23 nM Low 5T4 expression ( 5T4+ ) Method Description The cytotoxic effect of ASN004 was assessed in cell viability assays for a diverse panel of human solid tumor cell lines representing bladder,breast,cervical,colon,gastric,glioblastoma,liver,lung,melanoma,placenta,and prostate cancers. In Vitro Model Breast adenocarcinoma MDA-MB-231 cells CVCL_0062 Experiment 10 Reporting the Activity Date of This ADC [ 1 ] Efficacy Data Half Maximal Inhibitory Concentration (IC50) 0.25 nM Low 5T4 expression ( 5T4+ ) Method Description The cytotoxic effect of ASN004 was assessed in cell viability assays for a diverse panel of human solid tumor cell lines representing bladder,breast,cervical,colon,gastric,glioblastoma,liver,lung,melanoma,placenta,and prostate cancers. In Vitro Model Lung adenocarcinoma A-549 cells CVCL_0023 Experiment 11 Reporting the Activity Date of This ADC [ 1 ] Efficacy Data Half Maximal Inhibitory Concentration (IC50) 0.26 nM Low 5T4 expression ( 5T4+ ) Method Description The cytotoxic effect of ASN004 was assessed in cell viability assays for a diverse panel of human solid tumor cell lines representing bladder,breast,cervical,colon,gastric,glioblastoma,liver,lung,melanoma,placenta,and prostate cancers. In Vitro Model Skin squamous cell carcinoma A431 cells CVCL_0037 Experiment 12 Reporting the Activity Date of This ADC [ 1 ] Efficacy Data Half Maximal Inhibitory Concentration (IC50) 0.31 nM Low 5T4 expression ( 5T4+ ) Method Description The cytotoxic effect of ASN004 was assessed in cell viability assays for a diverse panel of human solid tumor cell lines representing bladder,breast,cervical,colon,gastric,glioblastoma,liver,lung,melanoma,placenta,and prostate cancers. In Vitro Model Bladder carcinoma SW780 cells CVCL_1728 Experiment 13 Reporting the Activity Date of This ADC [ 1 ] Efficacy Data Half Maximal Inhibitory Concentration (IC50) 0.34 nM Low 5T4 expression ( 5T4+ ) Method Description The cytotoxic effect of ASN004 was assessed in cell viability assays for a diverse panel of human solid tumor cell lines representing bladder,breast,cervical,colon,gastric,glioblastoma,liver,lung,melanoma,placenta,and prostate cancers. In Vitro Model Glioblastoma U-87MG cells CVCL_0022 Experiment 14 Reporting the Activity Date of This ADC [ 1 ] Efficacy Data Half Maximal Inhibitory Concentration (IC50) 0.42 nM Low 5T4 expression ( 5T4+ ) Method Description The cytotoxic effect of ASN004 was assessed in cell viability assays for a diverse panel of human solid tumor cell lines representing bladder,breast,cervical,colon,gastric,glioblastoma,liver,lung,melanoma,placenta,and prostate cancers. In Vitro Model Prostate carcinoma PC-3 cells CVCL_0035 Experiment 15 Reporting the Activity Date of This ADC [ 1 ] Efficacy Data Half Maximal Inhibitory Concentration (IC50) 0.42 nM High 5T4 expression ( 5T4+++ ) Method Description The cytotoxic effect of ASN004 was assessed in cell viability assays for a diverse panel of human solid tumor cell lines representing bladder,breast,cervical,colon,gastric,glioblastoma,liver,lung,melanoma,placenta,and prostate cancers. In Vitro Model Breast adenocarcinoma MDA-MB-231 cells (5T4 overexpression) CVCL_0062 Experiment 16 Reporting the Activity Date of This ADC [ 1 ] Efficacy Data Half Maximal Inhibitory Concentration (IC50) 0.44 nM Low 5T4 expression ( 5T4+ ) Method Description The cytotoxic effect of ASN004 was assessed in cell viability assays for a diverse panel of human solid tumor cell lines representing bladder,breast,cervical,colon,gastric,glioblastoma,liver,lung,melanoma,placenta,and prostate cancers. In Vitro Model Gestational choriocarcinoma JEG-3 cells CVCL_0363 Experiment 17 Reporting the Activity Date of This ADC [ 1 ] Efficacy Data Half Maximal Inhibitory Concentration (IC50) 0.56 nM Moderate 5T4 expression ( 5T4++ ) Method Description The cytotoxic effect of ASN004 was assessed in cell viability assays for a diverse panel of human solid tumor cell lines representing bladder,breast,cervical,colon,gastric,glioblastoma,liver,lung,melanoma,placenta,and prostate cancers. In Vitro Model Breast adenocarcinoma MDA-MB-468 cells CVCL_0419 Experiment 18 Reporting the Activity Date of This ADC [ 1 ] Efficacy Data Half Maximal Inhibitory Concentration (IC50) 0.57 nM Negative 5T4 expression ( 5T4- ) Method Description The cytotoxic effect of ASN004 was assessed in cell viability assays for a diverse panel of human solid tumor cell lines representing bladder,breast,cervical,colon,gastric,glioblastoma,liver,lung,melanoma,placenta,and prostate cancers. In Vitro Model Colon cancer HT29 cells CVCL_A8EZ Experiment 19 Reporting the Activity Date of This ADC [ 1 ] Efficacy Data Half Maximal Inhibitory Concentration (IC50) 0.62 nM Negative 5T4 expression ( 5T4- ) Method Description The cytotoxic effect of ASN004 was assessed in cell viability assays for a diverse panel of human solid tumor cell lines representing bladder,breast,cervical,colon,gastric,glioblastoma,liver,lung,melanoma,placenta,and prostate cancers. In Vitro Model Gastric tubular adenocarcinoma NCI-N87 cells CVCL_1603 Experiment 20 Reporting the Activity Date of This ADC [ 1 ] Efficacy Data Half Maximal Inhibitory Concentration (IC50) 0.66 nM Moderate 5T4 expression ( 5T4++ ) Method Description The cytotoxic effect of ASN004 was assessed in cell viability assays for a diverse panel of human solid tumor cell lines representing bladder,breast,cervical,colon,gastric,glioblastoma,liver,lung,melanoma,placenta,and prostate cancers. In Vitro Model Bladder carcinoma TCCSUP cells CVCL_1738 Experiment 21 Reporting the Activity Date of This ADC [ 1 ] Efficacy Data Half Maximal Inhibitory Concentration (IC50) 0.76 nM Moderate 5T4 expression ( 5T4++ ) Method Description The cytotoxic effect of ASN004 was assessed in cell viability assays for a diverse panel of human solid tumor cell lines representing bladder,breast,cervical,colon,gastric,glioblastoma,liver,lung,melanoma,placenta,and prostate cancers. In Vitro Model Recurrent bladder carcinoma HT-1197 cells CVCL_1291 Experiment 22 Reporting the Activity Date of This ADC [ 1 ] Efficacy Data Half Maximal Inhibitory Concentration (IC50) 0.78 nM Negative 5T4 expression ( 5T4- ) Method Description The cytotoxic effect of ASN004 was assessed in cell viability assays for a diverse panel of human solid tumor cell lines representing bladder,breast,cervical,colon,gastric,glioblastoma,liver,lung,melanoma,placenta,and prostate cancers. In Vitro Model Bladder carcinoma RT-4 cells CVCL_0036 Experiment 23 Reporting the Activity Date of This ADC [ 1 ] Efficacy Data Half Maximal Inhibitory Concentration (IC50) 0.93 nM Low 5T4 expression ( 5T4+ ) Method Description The cytotoxic effect of ASN004 was assessed in cell viability assays for a diverse panel of human solid tumor cell lines representing bladder,breast,cervical,colon,gastric,glioblastoma,liver,lung,melanoma,placenta,and prostate cancers. In Vitro Model Bladder carcinoma T24 cells CVCL_0554 Experiment 24 Reporting the Activity Date of This ADC [ 1 ] Efficacy Data Half Maximal Inhibitory Concentration (IC50) 0.95 nM Low 5T4 expression ( 5T4+ ) Method Description The cytotoxic effect of ASN004 was assessed in cell viability assays for a diverse panel of human solid tumor cell lines representing bladder,breast,cervical,colon,gastric,glioblastoma,liver,lung,melanoma,placenta,and prostate cancers. In Vitro Model Lung adenocarcinoma NCI-H1975 cells CVCL_1511 Experiment 25 Reporting the Activity Date of This ADC [ 1 ] Efficacy Data Half Maximal Inhibitory Concentration (IC50) 1.03 nM Low 5T4 expression ( 5T4+ ) Method Description The cytotoxic effect of ASN004 was assessed in cell viability assays for a diverse panel of human solid tumor cell lines representing bladder,breast,cervical,colon,gastric,glioblastoma,liver,lung,melanoma,placenta,and prostate cancers. In Vitro Model Breast ductal carcinoma HCC1937 cells CVCL_0290 Experiment 26 Reporting the Activity Date of This ADC [ 1 ] Efficacy Data Half Maximal Inhibitory Concentration (IC50) 1.05 nM Low 5T4 expression ( 5T4+ ) Method Description The cytotoxic effect of ASN004 was assessed in cell viability assays for a diverse panel of human solid tumor cell lines representing bladder,breast,cervical,colon,gastric,glioblastoma,liver,lung,melanoma,placenta,and prostate cancers. In Vitro Model Lung large cell carcinoma NCI-H1299 cells CVCL_0060 Experiment 27 Reporting the Activity Date of This ADC [ 1 ] Efficacy Data Half Maximal Inhibitory Concentration (IC50) 1.06 nM High 5T4 expression ( 5T4+++ ) Method Description The cytotoxic effect of ASN004 was assessed in cell viability assays for a diverse panel of human solid tumor cell lines representing bladder,breast,cervical,colon,gastric,glioblastoma,liver,lung,melanoma,placenta,and prostate cancers. In Vitro Model Bladder carcinoma HT-1376 cells CVCL_1292 Experiment 28 Reporting the Activity Date of This ADC [ 1 ] Efficacy Data Half Maximal Inhibitory Concentration (IC50) 1.34 nM Negative 5T4 expression ( 5T4- ) Method Description The cytotoxic effect of ASN004 was assessed in cell viability assays for a diverse panel of human solid tumor cell lines representing bladder,breast,cervical,colon,gastric,glioblastoma,liver,lung,melanoma,placenta,and prostate cancers. In Vitro Model Lung small cell carcinoma DMS 114 cells CVCL_1174 Experiment 29 Reporting the Activity Date of This ADC [ 1 ] Efficacy Data Half Maximal Inhibitory Concentration (IC50) 1.53 nM Negative 5T4 expression ( 5T4- ) Method Description The cytotoxic effect of ASN004 was assessed in cell viability assays for a diverse panel of human solid tumor cell lines representing bladder,breast,cervical,colon,gastric,glioblastoma,liver,lung,melanoma,placenta,and prostate cancers. In Vitro Model Bladder carcinoma UM-UC-3 cells CVCL_1783 Experiment 30 Reporting the Activity Date of This ADC [ 1 ] Efficacy Data Half Maximal Inhibitory Concentration (IC50) 4.28 nM Moderate 5T4 expression ( 5T4++ ) Method Description The cytotoxic effect of ASN004 was assessed in cell viability assays for a diverse panel of human solid tumor cell lines representing bladder,breast,cervical,colon,gastric,glioblastoma,liver,lung,melanoma,placenta,and prostate cancers. In Vitro Model Bladder carcinoma J82 cells CVCL_0359 Experiment 31 Reporting the Activity Date of This ADC [ 1 ] Efficacy Data Half Maximal Inhibitory Concentration (IC50) 9.01 nM Moderate 5T4 expression ( 5T4++ ) Method Description The cytotoxic effect of ASN004 was assessed in cell viability assays for a diverse panel of human solid tumor cell lines representing bladder,breast,cervical,colon,gastric,glioblastoma,liver,lung,melanoma,placenta,and prostate cancers. In Vitro Model Hepatoblastoma Hep-G2 cells CVCL_0027 Experiment 32 Reporting the Activity Date of This ADC [ 1 ] Efficacy Data Half Maximal Inhibitory Concentration (IC50) 9.03 nM Moderate 5T4 expression ( 5T4++ ) Method Description The cytotoxic effect of ASN004 was assessed in cell viability assays for a diverse panel of human solid tumor cell lines representing bladder,breast,cervical,colon,gastric,glioblastoma,liver,lung,melanoma,placenta,and prostate cancers. In Vitro Model Prostate carcinoma LNCaP cells CVCL_0395 References Ref 1 ASN004, A 5T4-targeting scFv-Fc Antibody-Drug Conjugate with High Drug-to-Antibody Ratio, Induces Complete and Durable Tumor Regressions in Preclinical Models. Mol Cancer Ther. 2021 Aug;20(8):1327-1337.	Anti-5T4 scFv-Fc Anti-ody	Auristatin F hydroxypropylamide (AF-HPA)		Solid tumor; Phase 1 Clinical Trial Drug-to-Antibody Ratio 10 to 12 3D	Asana BioSciences LLC	1		
DRG0LIPUK	GL-231	Investigative	Investigative		GL231; GL 231		Undisclosed		Undisclosed	Undisclosed	Undisclosed	Breast cancer (; Investigative)	Genisphere LLC	0		
DRG0LJGJX	IBI3028	Phase1	Phase 1						A bispecific anti-EGFR/c-Met bsAb	MMAE	Undisclosed	Unspecific solid tumor		0		
DRG0LJSQF	Sacituzumab-SN-38	Investigative	Investigative Drug-to-Antibody Ratio 6 3D		Smab-SN-38		Tumor-associated calcium signal transducer 2 (TROP2)	DNA topoisomerase 1 (TOP1)	Sacituzumab	Active metabolite of irinotecan SN38	CL2A	Antibody Name: Sacituzumab		0		
DRG0LKZJZ	CS-5002	Investigative	Investigative		CS5002; CS 5002		Undisclosed		Undisclosed	Undisclosed	Undisclosed	Solid tumors Clinical candidate	CStone Pharmaceuticals Co. Ltd	0		
DRG0LLSDP	9MW-2921	Phase2	Phase 1/2		9MW 2921; 9MW-2921; 9MW2921		Tumor-associated calcium signal transducer 2 (TROP2)	DNA topoisomerase 1 (TOP1)	Undisclosed	DNA topoisomerase-I inhibitor	Undisclosed Conjugate Type Reactive Cysteines	Solid tumor; Phase 2 Clinical Trial Drug-to-Antibody Ratio 4	Mabwell (Shanghai) Bioscience Co., Ltd	0		
DRG0LNARP	MEDI-0641	Investigative	Investigative		MEDI0641; MEDI 0641; 5T4-PBD		Trophoblast glycoprotein (TPBG)	Human Deoxyribonucleic acid (hDNA)	5T4_0108	5T4-PBD	Mal-PEG8-Val-Ala-PABC Info General Information of The Activity Data Related to T	Solid tumors Clinical candidate Drug-to-Antibody Ratio 2	MedImmune LLC; AstraZeneca PLC	1	10.1158/1535-7163.MCT-18-0314.	
DRG0LNBQO	PHN-012	Phase1	Phase 1						Undisclosed	Undisclosed	Undisclosed	Colorectal cancer		0		NCT07127874
DRG0LNVKG	ARX-788	Phase2	Phase 2		ARX 788; ARX-788; ARX788		Receptor tyrosine-protein kinase erbB-2 (HER2)	Microtubule (MT)	Modified pAcPhe trastuzumab	Monomethyl auristatin F	Hydroxylamine-PEG4	Breast cancer; Phase 1 Clinical Trial Gastric cancer; Phase 1 Clinical Trial Oesophageal cancer; Phase 1 Clinical Trial Solid tumor; Phase 1 Clinical Trial Drug-to-Antibody Ratio 1.9 3D	Ambrx, Inc; Zhejiang Medicine Co., Ltd; Novocodex Biopharmaceuticals Co., Ltd	11		NCT01042379; NCT02512237; NCT03255070; NCT04829604; NCT04983121; NCT05018676; NCT05018702; NCT05041972; NCT05426486
DRG0LQZSE	Naratuximab emtansine	Phase2	Phase 2 (Terminated)		DEBIO 1562; Debio 1562, K7153 A, IMGN5 29; IMGN 529; IMGN-529; IMGN529; K7153A-SMCC-DM1; Naratuximab emtansine		Leukocyte antigen CD37 (CD37)	Microtubule (MT)	Naratuximab	Mertansine DM1	Succinimidyl-4-(N-maleimidomethyl)cyclohexane-1-carboxylate (SMCC)	Diffuse large B-cell lymphoma; Phase 2 Clinical Trial Drug-to-Antibody Ratio 3 to 4 3D	ImmunoGen, Inc; Debiopharm International SA	2		NCT01534715
DRG0LRYYB	HS630	Phase1	Phase 1						Undisclosed	Mertansine DM1	Undisclosed			0		
DRG0LSAKO	PF-06888667	Investigative	Investigative		PF 06888667; PF06888667		Receptor tyrosine-protein kinase erbB-2 (HER2)	Human Deoxyribonucleic acid (hDNA)	Trastuzumab	SW-163D	AcLys-Val-Cit-PABC-DMAE	Gastric cancer; Investigative Drug-to-Antibody Ratio 4		1	10.1021/acs.bioconjchem.8b00843.	
DRG0LSXKR	JS107	Phase1	Phase 1		JS 107; JS-107; JS107		Claudin-18.2 (CLDN18.2)	Microtubule (MT)	Undisclosed	Monomethyl auristatin E	Undisclosed Conjugate Type Undisclosed	Solid tumor; Phase 1 Clinical Trial Drug-to-Antibody Ratio Undisclosed 3D	Shanghai Junshi Biosciences Co., Ltd	0		
DRG0LTMPJ	GBM-12401	Investigative	Investigative		Gbm 12401; Gbm12401		Undisclosed		Undisclosed	Undisclosed	Undisclosed	Breast cancer (; Investigative)	Great Novel Therapeutics Biotech & Medicals Corp	0		
DRG0LTXQB	YBL-015	Investigative	Investigative		YBL 015; YBL015		CD276 antigen (CD276)		Undisclosed	Undisclosed	Undisclosed	Solid tumors Clinical candidate	YBiologics, Inc	0		
DRG0LUQSH	RG-7861	Phase1	Phase 1						MSTA3852A	DMDNA31	Mc-Val-Cit-PABC	Bacteremia		0		
DRG0LUTMF	ELN-11	Investigative	Investigative		ELN 11; ELN11; ADP-c165		Inactive tyrosine-protein kinase transmembrane receptor ROR1 (ROR1)		Undisclosed	Undisclosed	Undisclosed	Solid tumors Clinical candidate	Elasmogen Ltd; Almac Discovery Ltd	0		
DRG0LVUGT	PCG-N003	Investigative	Investigative		PCG N003; PCG N003		Undisclosed		Undisclosed	Undisclosed	Undisclosed	Degenerative diseases Clinical candidate	Epinogen Co., Ltd	0		
DRG0LVYMB	DEC006	Phase1	Phase 1						Undisclosed	CPT113	Highly stable yet cleavable linker	Lung cancer		0		NCT07444814
DRG0LWEMD	SY-0625	Investigative	Investigative		SY0625; SY 0625		Undisclosed		Undisclosed	Undisclosed	Undisclosed	Solid tumors Clinical candidate	Shanghai Symray Biopharma Co., Ltd	0		
DRG0LYIPC	Inebilizumab-amanitin	Investigative	Investigative		Inebilizumab amanitin		B-lymphocyte antigen CD19 (CD19)	DNA-directed RNA polymerase II subunit RPB2 (POLR2B); DNA-directed RNA polymerase III subunit RPC7 (POLR3G)	Inebilizumab	Alpha-amanitin	Inebilizumab-amanitin linker Conjugate Type Site-specific conjugation through th	Burkitt lymphoma; Investigative Drug-to-Antibody Ratio 2 3D	LegoChem Biosciences, Inc	0		
DRG0MBBBD	Anti-CD22-SN36248	Investigative	Investigative		Thio-hu antiCD22- (LC:K149C)-SN36248		B-cell receptor CD22 (CD22)	Human Deoxyribonucleic acid (hDNA)	Anti-CD22 10F4 Thiomab (LC:K149C)	seco-CBI-dimer	Mal-PEG2	Non Hodgkin lymphoma Clinical candidate Drug-to-Antibody Ratio 2 3D		0		
DRG0MCPAF	SIM-005A	Investigative	Investigative		SIM-005A; SIM 005A		Undisclosed		Undisclosed	Undisclosed	Undisclosed	Nasopharyngeal carcinoma Clinical candidate	Systimmune, Inc; Sichuan Baili Pharmaceutical Co., Ltd	0		
DRG0MCWQA	Enapotamab vedotin	Phase2	Phase 1/2 (Terminated)		AXL-107-MMAE; Enapotamab vedotin; HuMax-AXL; HuMax-AXL-ADC; HuMax-Axl-ADC, AXL-107-MMAE; Humax axl adc		Tyrosine-protein kinase receptor UFO (AXL)	Microtubule (MT)	AXL-107	Monomethyl auristatin E	Mc-Val-Cit-PABC	Solid tumor; Phase 2 Clinical Trial Drug-to-Antibody Ratio 4 3D	Seagen Inc; Genmab A/S	5	10.1038/s41401-022-01047-6.	
DRG0MELRN	BC2027	Phase1	Phase 1						Anti-GPC3 antibody	TOP1 inhibitor	A cleavable linker	Sarcomas		0		NCT07368478
DRG0MGBXM	CD38-077	Investigative	Investigative		CD38 077; CD38077		ADP-ribosyl cyclase/cyclic ADP-ribose hydrolase 1 (CD38)	Microtubule (MT)	STI-5171	Duostatin 5.2	Non-polyethylene glycol linker	Burkitt lymphoma Clinical candidate Multiple myeloma Clinical candidate 3D	Concortis Biosystems Corp	0		
DRG0MGUUX	FDA-022	Phase1	Phase 1		FDA 022; FDA-022; FDA022		Receptor tyrosine-protein kinase erbB-2 (HER2)	DNA topoisomerase 1 (TOP1)	Trastuzumab	DX-8951 derivative (DXd)	Mc-Val-Ala-PABC double self-immolative linker	Solid tumor; Phase 2 Clinical Trial Drug-to-Antibody Ratio 8 3D	Shanghai Fudan Zhangjiang Bio Pharmaceutical Co., Ltd	1		NCT05564858
DRG0MHAHZ	Coltuximab ravtansine	Phase2	Phase 2 (Terminated)		Anti-CD19 humanized monoclonal antibody conjugated to DM4; Anti-CD19-DM4 immunoconjugate; Coltuximab ravtansine; HUB4-DM4, SAR34 19; HuB4-DM4; Maytansin-loaded anti-CD19 mAb; SAR-3419; SAR3419		B-lymphocyte antigen CD19 (CD19)	Microtubule (MT)	Coltuximab	Mertansine DM4	N-succinimidyl 4-(2-pyridyldithio) butanoate (SPDB)	Acute lymphoblastic leukemia; Phase 2 Clinical Trial Diffuse large B-cell lymphoma; Phase 2 Clinical Trial Unspecific non-hodgkin lymphoma; Phase 1 Clinical Trial Drug-to-Antibody Ratio 3 to 4 3D	ImmunoGen, Inc; Sanofi	0		
DRG0MKREW	SIM0505	Phase1	Phase 1						Anti-CDH6 antibody	CPT116	A cleavable linker	Lung cancer		0		NCT06792552
DRG0MKSMI	CRB-2107	Investigative	Investigative		CRB2107; CRB 2107		Undisclosed		Undisclosed	Undisclosed	Undisclosed	Solid tumors (; Investigative)	China Resources Biopharmaceutical Co., Ltd	0		
DRG0MKVBS	A1801	Investigative	Investigative		A 1801; A-1801		Transmembrane glycoprotein NMB (GPNMB)		Undisclosed	Undisclosed	Undisclosed	Melanoma Clinical candidate Triple negative breast cancer Clinical candidate	Protheragen, Inc	0		
DRG0MLOQN	NI-2201	Investigative	Investigative		NI 2201; NI2201		B-lymphocyte antigen CD19 (CD19)		Undisclosed	Undisclosed	Undisclosed	B-cell lymphoma Clinical candidate	Novimmune SA; LegoChem Biosciences, Inc; Berta Holding AG; Iksuda Therapeutics Ltd	0		
DRG0MMRSA	DAN-222	Phase1	Phase 1						Undisclosed	Undisclosed	Undisclosed			0		NCT05261269
DRG0MOGWD	Anvatabart pactil	Investigative	Investigative		Anvatabart pactil		Receptor tyrosine-protein kinase erbB-2 (HER2)		Anvatabart	Undisclosed	Undisclosed	Solid tumors (; Investigative)		0		
DRG0MPDIB	ABBV-154	Phase2	Phase 2 (Terminated)		ABBV 154; ABBV-154; ABBV154		Tumor necrosis factor (TNF)	Glucocorticoid receptor (NR3C1)	Adalimumab	Glucocorticoid receptor modulator	Formyl-Gly-Glu	Crohn disease; Phase 2 Clinical Trial Rheumatoid arthritis; Phase 2 Clinical Trial Drug-to-Antibody Ratio 4 3D	AbbVie, Inc	4		NCT04888585; NCT04972968; NCT05068284; NCT05556226
DRG0MPTSO	Trastuzumab-amanitin 1	Investigative	Investigative		Trastuzumab Amanitin1		Receptor tyrosine-protein kinase erbB-2 (HER2)	DNA-directed RNA polymerase II subunit RPB2 (POLR2B); DNA-directed RNA polymerase III subunit RPC7 (POLR3G)	Trastuzumab	Beta-amanitin	Trastuzumab-Amanitin1 linker Conjugate Type Random conjugation through nucleophi	Breast cancer; Investigative Ovarian cancer; Investigative Drug-to-Antibody Ratio 1	Heidelberg Pharma AG	0		
DRG0MRJEG	REGN5093-M114	Phase2	Phase 1/2		METxMET ADC - Regeneron Pharmaceuticals; REGN 5093 M114; REGN5093- M114; REGN5093-M114; REGN5093M114		Hepatocyte growth factor receptor (MET)	Microtubule (MT)	REGN5093	Maytansine derivative M24	Valeramide-Val-Cit-PABC	Lung cancer; Phase 2 Clinical Trial Drug-to-Antibody Ratio 3.2 3D	Regeneron Pharmaceuticals, Inc	0		
DRG0MRYEL	IKS-04	Investigative	Investigative		IKS 04; IKS04		Undisclosed		Undisclosed	Undisclosed	Undisclosed TTD ID D01QRF	Solid tumors Clinical candidate	Iksuda Therapeutics Ltd	0		
DRG0MSOOX	KH815	Phase1	Phase 1						Sacituzumab	Exatecan	Mc-PEG2-VA-PAB+DBCO-PEG4-GGFG	Unspecific solid tumor		0		NCT06885645
DRG0MSZBZ	BB-1709	Phase1	Phase 1		BB 1709; BB-1709; BB1709		5'-nucleotidase (NT5E)	Microtubule (MT)	Undisclosed	Monomethyl auristatin E	Undisclosed Conjugate Type Undisclosed	Solid tumor; Phase 1 Clinical Trial Drug-to-Antibody Ratio Undisclosed 3D	Baili Sikang Biomedicine (Hangzhou) Co., Ltd	0		
DRG0MSZNJ	SHR-3792	Phase1	Phase 1						Anti-EGFR/Muc1 bsAb	TOP1 inhibitor	A cleavable linker	Unspecific solid tumor		0		NCT06907628
DRG0MTMQA	M-1231	Phase1	Phase 1		M 1231; M-1231; M1231		Epidermal growth factor receptor (EGFR); Mucin-1 (MUC1)	Microtubule (MT)	A antibody scaffold targeting tumor-associated MUC1 and EGFR	SC209	DBCO-Val-Cit-PABC	Solid tumor; Phase 1 Clinical Trial Drug-to-Antibody Ratio 4	EMD Serono Research & Development Institute, Inc; The University of Texas MD Anderson Cancer Center; Sutro Biopharma, Inc	0		
DRG0MTUPD	CytSCA208	Investigative	Investigative		Monoclonal antibody CA208-cytorhodin-S conjugate		Pregnancy-specific beta-1-glycoprotein 2 (PSG2)	DNA topoisomerase 2-alpha (TOP2A)	CA208	Cytorhodin S	Undisclosed	Solid tumors Clinical candidate Drug-to-Antibody Ratio 15 3D	Aventis SA; Sanofi	0		
DRG0MUIQK	LFD-200	Phase1	Phase 1						Anti-VISTA antibody	Undisclosed	Undisclosed	Rheumatoid arthritis		0		NCT07207954
DRG0MWSEV	NN-3201	Phase1	Phase 1		NN 3201; NN-3201; NN3201		Mast/stem cell growth factor receptor Kit (KIT)	Microtubule (MT) Conjugate Type Reactive Cysteines	NN2101	Monomethyl auristatin E		Gastrointestinal stromal cancer; Phase 1 Clinical Trial Kidney cancer; Phase 1 Clinical Trial Lung cancer; Phase 1 Clinical Trial Melanoma; Phase 1 Clinical Trial Solid tumor; Phase 1 Clinical Trial Drug-to-Antibody Ratio 4 3D	Novelty Nobility, Inc	0		
DRG0MXUQM	MYX2449	Investigative	Investigative		MYX 2449; MYX2449		Receptor tyrosine-protein kinase erbB-2 (HER2)	Glycylpeptide N-tetradecanoyltransferase 1 (NMT1)	Trastuzumab	N-Myristolytransferase inhibitor (NMTi)	Undisclosed	Breast cancer; Investigative Gastric cancer; Investigative Drug-to-Antibody Ratio 5	Myricx Pharma Ltd	0		
DRG0MYSHH	Thio-Tmab-BMPEO-DM1	Investigative	Investigative		Thio-Tmab BMPEO DM1		Receptor tyrosine-protein kinase erbB-2 (HER2)	Microtubule (MT)	Thio-Tmab	Maytansinoid DM1	Thio-Tmab-BMPEO-DM1 linker Conjugate Type Random conjugation through reduced int	Breast cancer; Investigative Drug-to-Antibody Ratio 1.6	Genentech, Inc	0		
DRG0MZYPU	Telimomab aritox	Investigative	Investigative		T101-RTA; T101RTA; T101 RTA		T-cell surface glycoprotein CD5 (CD5)	Ribosome (RB)	Anti-CD5 mAb T101	Ricin A-chain	Undisclosed	B-cell lymphoma Clinical candidate		0		
DRG0NATHY	LP-A18	Investigative	Investigative		Antibody drug conjugate Lantern Pharma; LPA18; LP A18		Undisclosed		Undisclosed	Undisclosed	Undisclosed	Solid tumors (; Investigative)	Lantern Pharma, Inc	0		
DRG0NDFLP	OXS-1650	Phase1	Phase 1						Undisclosed	Pseudomonas exotoxin PE38	Undisclosed	Solid tumor		0		
DRG0NDSLT	DYNE-301	Investigative	Investigative		DYNE301; DYNE 301; Facioscapulohumeral muscular dystrophy therapy-Dyne Therapeutics; FORCE-FM10		Double homeobox protein 4 (DUX4)		Undisclosed	Undisclosed	Undisclosed	Facioscapulohumeral muscular dystrophy Clinical candidate Muscular dystrophy Clinical candidate	Dyne Therapeutics, Inc	0		
DRG0NDXRU	Belantamab mafodotin	Approved	Approved (FDA): Aug, 2020	Blenrep	GSK-2857916; GSK'916; GSK2857916; J6M0-mcMMAF; anti-BCMA-ADC; Belamaf; belantamab mafodotin-blmf		Tumor necrosis factor receptor superfamily member 17 (TNFRSF17)	Microtubule (MT)	Belantamab	Monomethyl auristatin F	Maleimido-caproyl	Multiple myeloma; Approved Approval Document Amyloidosis; Phase 2 Clinical Trial Diffuse large B-cell lymphoma; Phase 2 Clinical Trial Immune thrombocytopenic purpura; Phase 2 Clinical Trial Unspecific non-hodgkin lymphoma; Phase 2 Clinical Trial Solid tumor; Phase 1 Clinical Trial Drug-to-Antibody Ratio 4 3D	GSK Plc; GlaxoSmithKline (Ireland) Ltd; Glaxosmithkline Intellectual Property Development Ltd	4	10.1038/s41408-019-0196-6.; 10.1158/1535-7163.MCT-21-0035.	NCT02064387; NCT03769506
DRG0NELLD	<sup>111</sup>In-DTPA-D2B-DAR4-MMAE	Investigative	Investigative						Anti-PSMA IgG1 mAb D2B	Monomethyl auristatin E	Mc-Val-Cit-PABC	Prostate cancer		0		
DRG0NEMOV	Losatuxizumab vedotin	Phase1	Phase 1 (Terminated)		ABBV 224; ABBV-221; ABBV221; Losatuxizumab vedotin		Epidermal growth factor receptor (EGFR)	Microtubule (MT)	Losatuxizumab	Monomethyl auristatin E	Mc-Val-Cit-PABC	Brain cancer; Phase 1 Clinical Trial Breast cancer; Phase 1 Clinical Trial Colorectal cancer; Phase 1 Clinical Trial Head and neck cancer; Phase 1 Clinical Trial Lung cancer; Phase 1 Clinical Trial Drug-to-Antibody Ratio 3 3D	AbbVie, Inc	4	10.3390/ph13100289.	NCT02365662
DRG0NFTVD	APN-959038	Investigative	Investigative		APN959038; APN 959038		Transmembrane protein (novel epitope)		Undisclosed	Undisclosed	Undisclosed	Solid tumors Clinical candidate	Atreca, Inc	0		
DRG0NGDCM	SKB445	Phase1	Phase 1						Anti-CDH3 antibody	KL610348	A cleavable linker	Unspecific solid tumor		0		NCT06826040
DRG0NKUQA	JS114	Investigative	Investigative		JS 114; JS-114		Nectin-4 (NECTIN4)		Undisclosed	Undisclosed	Undisclosed	Solid tumors Clinical candidate	Shanghai Junshi Biosciences Co., Ltd	0		
DRG0NLEYN	Tra-IR700	Investigative	Investigative		Trastuzumab-IR700		Receptor tyrosine-protein kinase erbB-2 (HER2)		Trastuzumab	IRDye 700DX	Undisclosed Conjugate Type Random conjugation through nucleophilic lysines. Comb	Head and neck cancer Clinical candidate Breast cancer; Investigative Drug-to-Antibody Ratio 2 3D	Rakuten Medical, Inc	1	10.1002/btm2.10388.	
DRG0NMCNK	ZV0203	Phase1	Phase 1		Recombinant anti-EGFR monoclonal antibody- DUO5 conjugate; ZV 0201; ZV 0203; ZV-0201; ZV-0203; ZV0201; ZV0203; ZV0203-ADC; ADC-2122; ADC 2122; ADC2122		Receptor tyrosine-protein kinase erbB-2 (HER2)	Microtubule (MT)	Pertuzumab	Duostatin 5	Pip-Val-Cit	Solid tumor; Phase 1 Clinical Trial Drug-to-Antibody Ratio 2 3D	Zhejiang Hisun Pharmaceutical Co., Ltd; Zhejiang Zova Biotherapeutics Inc	0		
DRG0NMCNN	SGN-CD48A	Phase1	Phase 1						Humanized anti-SLAMF2 SGN-CD48A mAb	Monomethyl auristatin E		Multiple myeloma		0		
DRG0NMRNE	KSI-601	Investigative	Investigative		KSI 601; KSI601		Vascular endothelial growth factor A (VEGFA)		Undisclosed	Undisclosed	Undisclosed	Glaucoma Clinical candidate Macular degeneration Clinical candidate	Kodiak Sciences, Inc	0		
DRG0NNKAQ	Ifinatamab deruxtecan	Phase3	Phase 3		DS 7300; DS-7300; DS-7300a; DS7300; Ifinatamab deruxtecan; I-DXd		CD276 antigen (CD276)	DNA topoisomerase 1 (TOP1)	Ifinatamab	DX-8951 derivative (DXd)	Mc-Gly-Gly-Phe-Gly	Solid tumor; Phase 3 Clinical Trial Lung cancer; Phase 2 Clinical Trial Prostate cancer; Phase 2 Clinical Trial Drug-to-Antibody Ratio 4 3D	Daiichi Sankyo Co., Ltd	3		NCT04145622; NCT05280470
DRG0NNNWR	EX108	Investigative	Investigative		EX 108; EX-108		Undisclosed		Undisclosed	Undisclosed	Undisclosed	Gastric cancer Clinical candidate Non-small cell lung cancer Clinical candidate	Excelmab Inc	0		
DRG0NOFEI	BB-1712	Phase1	Phase 1						A anti-B7-H3 mAb	Eribulin	A cleavable linker	Unspecific solid tumor		0		
DRG0NOYME	NW-001	Investigative	Investigative		NW001; NW 001		Undisclosed		Undisclosed	Undisclosed	Undisclosed	Solid tumors (; Investigative)	Shenzhen Chipscreen Biosciences Co., Ltd	0		
DRG0NTFBR	MEDI-3726	Phase1	Phase 1 (Terminated)		ADCT 401; ADCT-401; MEDI 3726; MEDI-3726; MEDI3 726 (forme rly ADCT-401); MEDI3726		Glutamate carboxypeptidase 2 (FOLH1)	Human Deoxyribonucleic acid (hDNA)	J591	SG3199	Mal-PEG8-Val-Ala-PABC	Prostate cancer; Phase 1 Clinical Trial Drug-to-Antibody Ratio 2 3D	MedImmune LLC; AstraZeneca PLC	2		NCT02991911
DRG0NWBIQ	HY-0001	Investigative	Investigative		HY 0001; HY0001		Undisclosed		Undisclosed	Undisclosed	Undisclosed	Solid tumors Clinical candidate	Sichuan Huiyu Pharmaceutical Co., Ltd	0		
DRG0NXVNX	PNU-159682-P1C1TM	Phase1	Phase 1						Undisclosed	PNU-159682	Undisclosed			0		
DRG0NZUKF	WTX-212	Phase1	Phase 1						Undisclosed	Undisclosed	Undisclosed			0		
DRG0NZUZJ	CX-2051	Phase1	Phase 1		CX 2051; CX2051		Epithelial cell adhesion molecule (EPCAM)	DNA topoisomerase 1 (TOP1) Conjugate Type Undisclosed	Undisclosed	Camptothecin analog		Solid tumor; Phase 1 Clinical Trial Drug-to-Antibody Ratio 8	CytomX Therapeutics, Inc	0		
DRG0OAWRK	SHR-A1403	Phase1	Phase 1 (Terminated)		HTI 1066; HTI-1066; SHR A1403; SHR-A1403; SHR-A1403, HTI-1066; SHRA1403		Hepatocyte growth factor receptor (MET)	Microtubule (MT)	A humanised anti-c-MET IgG2 monoclonal antibody	SHR152852	L2-MC	Solid tumor; Phase 1 Clinical Trial Drug-to-Antibody Ratio 2 3D	Jiangsu Hengrui Pharmaceuticals Co., Ltd; Shanghai Hengrui Pharmaceutical Co., Ltd	3		NCT03856541
DRG0ODFEJ	EGFR-EDV-RRM1	Phase1	Phase 1						Undisclosed	Doxorubicin	Undisclosed			0		
DRG0OGZEE	Mirzotamab clezutoclax	Phase1	Phase 1		ABBV-155; ABBV 155; ABBV155		CD276 antigen (CD276)	Bcl-2-like protein 1 (BCL2L1)	Mirzotamab	Clezutoclax	Valine-alanine (cleavable linker)	Breast cancer; Phase 1 Clinical Trial Lung cancer; Phase 1 Clinical Trial Drug-to-Antibody Ratio 2	AbbVie, Inc	0		
DRG0OJHEN	AVID-100	Phase2	Phase 1/2 (Terminated)		AVID 100; AVID-100; AVID100		Epidermal growth factor receptor (EGFR)	Microtubule (MT)	MAB100	Mertansine DM1	Succinimidyl-4-(N-maleimidomethyl)cyclohexane-1-carboxylate (SMCC)	Breast cancer; Phase 2 Clinical Trial Head and neck cancer; Phase 2 Clinical Trial Lung cancer; Phase 2 Clinical Trial Solid tumor; Phase 2 Clinical Trial Drug-to-Antibody Ratio Undisclosed 3D	Bristol Myers Squibb Co; Formation Biologics	1		NCT03094169
DRG0OMIWX	BA1301	Phase1	Phase 1						Undisclosed	Duostatin 5	Undisclosed	Solid tumor		0		
DRG0OMORU	FZ-AD004	Phase1	Phase 1		FZ AD004; FZ-AD004; FZAD004		Tumor-associated calcium signal transducer 2 (TROP2)	DNA topoisomerase 1 (TOP1)	Undisclosed	DX-8951 derivative (DXd)	Mc-Val-Ala-PABC double self-immolative linker	Solid tumor; Phase 1 Clinical Trial Drug-to-Antibody Ratio Undisclosed 3D	Shanghai Fudan Zhangjiang Bio Pharmaceutical Co., Ltd	0		
DRG0OMVBK	Azintuxizumab vedotin	Phase1	Phase 1 (Terminated)		ABBV 838; ABBV-838; ABBV838; Azintuxizumab vedotin		SLAM family member 7 (SLAMF7)	Microtubule (MT)	Azintuxizumab	Monomethyl auristatin E	Mc-Val-Cit-PABC	Multiple myeloma; Phase 1 Clinical Trial Drug-to-Antibody Ratio 4 3D	AbbVie, Inc	3		NCT02462525; NCT02951117
DRG0ONAEP	BRY811	Investigative	Investigative		BRY-811; BRY 811		Undisclosed		Undisclosed	Undisclosed	Undisclosed	Solid tumors (; Investigative)	BioRay Biopharmaceutical Co., Ltd	0		
DRG0ONNVN	PSM-101	Investigative	Investigative		PSM 101; PSM101		Undisclosed		Undisclosed	Undisclosed	Undisclosed	Colon cancer Clinical candidate Head and neck cancer Clinical candidate	PrecisemAb Biotech Co., Ltd	0		
DRG0OOMJM	Basiliximab sarotalocan	Investigative	Investigative		Basiliximab sarotalocan		Interferon-stimulated gene 20 kDa protein (ISG20)		Basiliximab	Undisclosed	Undisclosed	Antibody Name: Basiliximab		0		
DRG0OOXRC	XNW-28012	Investigative	Investigative		XNW 28012; XNW28012		Undisclosed		Undisclosed	Undisclosed	Undisclosed	Solid tumors IND	Suzhou Sinovent Pharmaceuticals Co.,Ltd; Shanghai Sinovent Biopharmaceutical Co., Ltd	0		
DRG0OPFVY	Samrotamab vedotin	Phase1	Phase 1 (Terminated)		ABBV 085; ABBV-085; ABBV085; PR-1498487-MMAE; Samrotamab vedotin		Leucine-rich repeat-containing protein 15 (LRRC15)	Microtubule (MT)	Samrotamab	Monomethyl auristatin E	Mc-Val-Cit-PABC	Solid tumor; Phase 1 Clinical Trial Drug-to-Antibody Ratio 2 3D	AbbVie, Inc	3		NCT02565758
DRG0OPGMW	Recombinant chimeric anti-CD30 mAb-MCC-DM1	Phase1	Phase 1						Undisclosed	Undisclosed	Undisclosed			0		
DRG0ORDYU	LIN-002	Investigative	Investigative		AF-Lx-trastuzumab; Auristatin-F-Lx-trastuzumab; trastuzumab-Lx-AF; LIN 002; LIN002		Receptor tyrosine-protein kinase erbB-2 (HER2)		Trastuzumab	Undisclosed	Undisclosed	Metastatic breast cancer Clinical candidate	LinXis B.V	0		
DRG0OTOJV	IKS-03	Phase1	Phase 1		IKS 03; IKS-03; IKS03; LCB-73; LCB 73; LCB73; NI-2201; NI 2201; NI2201		B-lymphocyte antigen CD19 (CD19)	Human Deoxyribonucleic acid (hDNA)	Undisclosed	Pyrrolobenzo diazepine prodrug	Tumor-cleavable linker	Diffuse large B-cell lymphoma; Phase 1 Clinical Trial Follicular lymphoma; Phase 1 Clinical Trial Mantle cell lymphoma; Phase 1 Clinical Trial Unspecific non-hodgkin lymphoma; Phase 1 Clinical Trial Drug-to-Antibody Ratio 2	Iksuda Therapeutics Ltd	0		
DRG0OUXWT	Rolinsatamab talirine	Phase1	Phase 1 (Terminated)		ABBV 176; ABBV-176; ABV176; DC-1630993; Rolinsatamab talirine; h16f		Prolactin receptor (PRLR)	Human Deoxyribonucleic acid (hDNA)	Rolinsatamab	SGD-1882	Mc-Val-Ala	Breast cancer; Phase 1 Clinical Trial Colorectal cancer; Phase 1 Clinical Trial Kidney cancer; Phase 1 Clinical Trial Solid tumor; Phase 1 Clinical Trial Drug-to-Antibody Ratio 2 3D	AbbVie, Inc	2		NCT03145909
DRG0OVMJM	PRN 222	Investigative	Investigative		PRN-222; PRN222		Epidermal growth factor receptor (EGFR); Receptor tyrosine-protein kinase erbB-3 (HER3)		Undisclosed	Undisclosed	Undisclosed Combination Type ArtBody technology	Lung cancer Clinical candidate	ProEn Therapeutics Inc	0		
DRG0OVQWP	HDM2024	Phase1	Phase 1						Anti-EGFR/HER3 bsAb	Exatecan	A cleavable linker	Unspecific solid tumor		0		
DRG0OWHOL	<sup>89</sup>Zr-DFO-T-DM1	Investigative	Investigative						Zr-labeled trastuzumab	Mertansine DM1	Undisclosed	Breast cancer		0		
DRG0OYGNU	KIVU-107	Phase1	Phase 1						Anti-PTK7 humanized IgG1 monoclonal antibody	Exatecan	Undisclosed	Unspecific solid tumor		0		NCT07229313
DRG0OZSZX	Upifitamab rilsodotin	Phase3	Phase 3		UpRi; Upifitamab rilsodotin; XMT 1536; XMT-1536; XMT1536		Sodium-dependent phosphate transport protein 2B (SLC34A2)	Microtubule (MT)	XMT-1535	Auristatin F hydroxypropylamide (AF-HPA)	Dolaflexin polymer	Fallopian tube cancer; Phase 3 Clinical Trial Peritoneal cancer; Phase 3 Clinical Trial Lung cancer; Phase 2 Clinical Trial Ovarian cancer; Phase 2 Clinical Trial Solid tumor; Phase 1 Clinical Trial Drug-to-Antibody Ratio 10 to 12 3D	Mersana Therapeutics, Inc	4		NCT03319628; NCT04907968; NCT05329545
DRG0PCDHO	LY4175408	Phase1	Phase 1						A anti-PTK7 mAb	Exatecan	A proprietary polysarcosine hydrophobicity linker	Lung cancer		0		NCT07046923
DRG0PCGKN	hu5B1-TCO	Phase1	Phase 1						hu5B1	Undisclosed	Undisclosed	Pancreatic cancer		0		NCT05737615
DRG0PDZSX	3-NAntC	Investigative	Investigative		3-NAnTc-sdAb; 3 NAntC; 3NAntC		Undisclosed		Undisclosed	Undisclosed	Undisclosed	Triple negative breast cancer Clinical candidate		0		
DRG0PEVVH	FDA-018	Phase3	Phase 3		FDA-018; FDA018; FDA018 Antibody Drug Cojugate; F0024		Tumor-associated calcium signal transducer 2 (TROP2)	DNA topoisomerase 1 (TOP1) Conjugate Type Undisclosed General Information of The Activity Data Related to This ADC Identified from the Human Clinical Data Standard Type NCT Number Clinical Status Clinical Trial Description Undisclosed NCT05174637 Phase 1 A phase study to evaluate the safety, tolerability, pharmacokinetics and efficacy of FDA018-ADC in patients with advanced solid tumors. Full List of Activity Data of This Antibody-drug Conjugate Identified from the Human Clinical Data Experiment 1 Reporting the Activity Date of This ADC [ 1 ] Related Clinical Trial NCT Number NCT05174637 Clinical Status Phase 1 Clinical Description A phase study to evaluate the safety, tolerability, pharmacokinetics and efficacy of FDA018-ADC in patients with advanced solid tumors. References Ref 1 A PhaseStudy to Evaluate the Safety, Tolerability, Pharmacokinetics and Efficacy of FDA018-ADC in Patients With Advanced Solid Tumors, NCT05174637	A humanized monoclonal antibody against human Trop-2	Active metabolite of irinotecan SN38		Breast cancer; Phase 3 Clinical Trial Solid tumor; Phase 1 Clinical Trial Drug-to-Antibody Ratio 7.6 3D	Shanghai Fudan Zhangjiang Bio Pharmaceutical Co., Ltd	1		NCT05174637
DRG0PFKFR	Pinatuzumab vedotin	Phase1	Phase 1 (Terminated)		ACD22-VCMMAE; Anti-CD22-ADC; Anti-CD22-MCC-DM1; DCDT 2980S ADC; DCDT 2980S antibody-drug conjugate; DCDT-2980S; DCDT2980S; FCU-2703; Pinatuzumab vedotin; RG-7593; RG7593, DCDT2 980S; RO-5541072; RO-5541072-000		B-cell receptor CD22 (CD22)	Microtubule (MT)	Pinatuzumab	Monomethyl auristatin E	Mc-Val-Cit-PABC	Chronic lymphocytic leukemia; Phase 1 Clinical Trial Diffuse large B-cell lymphoma; Phase 1 Clinical Trial Unspecific non-hodgkin lymphoma; Phase 1 Clinical Trial Drug-to-Antibody Ratio 3 to 4 3D	Genentech, Inc	3		NCT01209130; NCT01691898
DRG0PFQKN	EDC-2	Investigative	Investigative		EDC2; EDC 2; extracellular drug conjugate-2; extracellular drug conjugate-2 (Centrose)		Basigin (BSG)		Undisclosed	Glycosylation scillarenin	CEN010-105 Info	Head and neck cancer Clinical candidate Drug-to-Antibody Ratio 1 3D	Centrose LLC	0		
DRG0PGRFM	BCG-011	Investigative	Investigative		BCG011; BCG 011		Tumor-associated calcium signal transducer 2 (TROP2); Epidermal growth factor receptor (EGFR)		Undisclosed	Undisclosed	Undisclosed	Solid tumors Clinical candidate	Biocytogen Pharmaceuticals (Beijing) Co., Ltd	0		
DRG0PGYJL	IPH43	Investigative	Investigative		IPH-43; IPH 43		MHC class I polypeptide-related sequence A (MICA)	Human Deoxyribonucleic acid (hDNA)	Glycosylated Anti-MICA Anti-ody	PBD dimer	Undisclosed Conjugate Type Site-specific conjugation through the glutamine 295 b	Solid tumors Clinical candidate Drug-to-Antibody Ratio 2 3D	Innate Pharma SA; AstraZeneca PLC	0		
DRG0PHKMG	TORL-4-500	Phase1	Phase 1		TORL-4-500; TORL 4 500; TORL4500		Protein delta homolog 1 (DLK1)	Microtubule (MT) Conjugate Type Undisclosed	a humanized monoclonal antibody	Monomethyl auristatin E		Solid tumor; Phase 1 Clinical Trial Drug-to-Antibody Ratio Undisclosed 3D	TORL Biotherapeutics LLC	0		
DRG0PKYBF	N01-OX2	Investigative	Investigative		N01 OX2; N01OX2; IN-N01-OX2; IN N01 OX2		Melatonin receptor type 1A (MTNR1A)	Mineralocorticoid receptor (NR3C2)	Anti-MTNR1A IgG4 humanized mAb	Melatonin	Undisclosed	Alzheimer disease; Investigative Cerebral amyloid angiopathy; Investigative Diabetic retinopathy; Investigative Glaucoma; Investigative 3D	Intellect Neurosciences, Inc	0		
DRG0PLPNX	SGN-ALPV	Phase1	Phase 1 (Terminated)		SGN-ALPV; SGN ALPV; SGNALPV		Alkaline phosphatase, germ cell type (ALPG); Alkaline phosphatase, placental type (ALPP)	Microtubule (MT)	h12F3	Monomethyl auristatin E	Mc-Val-Cit-PABC	Solid tumor; Phase 1 Clinical Trial Drug-to-Antibody Ratio 4 3D	Seagen Inc	1		NCT05229900
DRG0PNJIT	Tisotumab vedotin	Approved	Approved (FDA): Sep 22, 2021	Tivdak	HuMax-TF-ADC; Tisotumab vedotin; GCT1015-04; IGG1-1015-011-1006; TF-011-MMAE; WHO 10148; Humax TF ADC; HuMax-TF; HuMax-TF-ADC		Tissue factor (F3)	Microtubule (MT)	Tisotumab	Monomethyl auristatin E	Mc-Val-Cit-PABC	Cervical cancer; Approved Approval Document Endometrial cancer; Phase 2 Clinical Trial Fallopian tube cancer; Phase 2 Clinical Trial Head and neck cancer; Phase 2 Clinical Trial Lung cancer; Phase 2 Clinical Trial Oesophageal cancer; Phase 2 Clinical Trial Ovarian cancer; Phase 2 Clinical Trial Peritoneal cancer; Phase 2 Clinical Trial Prostate cancer; Phase 2 Clinical Trial Solid tumor; Phase 2 Clinical Trial Urothelial cancer; Phase 2 Clinical Trial Drug-to-Antibody Ratio 4 3D	Seagen Inc; Genmab A/S; Zai Lab Ltd; Rps Medical Technology (Beijing) Co., Ltd	9		NCT02001623; NCT02552121; NCT03245736; NCT03438396; NCT03485209; NCT03657043; NCT03786081; NCT03913741; NCT04697628
DRG0PPLJW	Y-TR1 SPDP	Investigative	Investigative		Y-TR1-SPDP		Dipeptidyl peptidase 4 (DPP4)	Nuclear factor NF-kappa-B p105 subunit (NFKB1)	Anti-CD26 mAb YS110	Triptolide	N-succinimidyl 3-(2-pyridyldithio) propionate (SPDP)	Mature T-cell lymphoma; Investigative Pleural mesothelioma; Investigative Drug-to-Antibody Ratio 1 3D		1	10.3390/cancers11081138.	
DRG0PPLRQ	GENA-111-AF	Investigative	Investigative		GENA-111 AF; GENA-111AF; GENA-111-ADC; GENA-111 ADC		Tumor necrosis factor receptor superfamily member 17 (TNFRSF17)	Microtubule (MT)	GENA-111	Monomethyl auristatin F	Undisclosed Conjugate Type Debiopharms Multilin technology and a stabilized thio	Epithelial ovarian cancer; Investigative Drug-to-Antibody Ratio 4.26 3D	Genome & Co	0		
DRG0PQJDH	MEDI-2228	Phase1	Phase 1 (Terminated)		MEDI 2228; MEDI-2228; MEDI2 228; MEDI2228		Tumor necrosis factor receptor superfamily member 17 (TNFRSF17)	Human Deoxyribonucleic acid (hDNA)	BCMA-Ab1	SG3199	Mal-PEG8-Val-Ala-PABC	Multiple myeloma; Phase 1 Clinical Trial Drug-to-Antibody Ratio 2 3D	MedImmune LLC; AstraZeneca PLC	3		NCT03489525
DRG0PRKPN	VL-DAB31-SN38	Investigative	Investigative		VL DAB31 SN38		Undisclosed	DNA topoisomerase 1 (TOP1)	Rabbit derived VL single-domain Anti-ody	Active metabolite of irinotecan SN38	Mal-Cyc-PEG3-DAB	B-cell lymphoma; Investigative 3D		0		
DRG0PSWNN	SIBP-A18	Phase1	Phase 1						Anti-CLDN18.2 antibody	DXd	Mc-VASGFG	Gastroesophageal junction adenocarcinoma		0		NCT06985368
DRG0PULZQ	YL201	Phase3	Phase 3						Undisclosed	YL0010014	Tumor microenviroment activable tripeptide linker	Lung cancer		0		
DRG0PWAOJ	SGN-CD228A	Phase1	Phase 1 (Terminated)		Anti-CD228-MMAE; SGN CD228A; SGN-CD228A; anti-CD228 antibody-drug conjugate		Melanotransferrin (MELTF)	Microtubule (MT)	hL49	Monomethyl auristatin E	b-glucuronidase cleavable linker	Breast cancer; Phase 1 Clinical Trial Colorectal cancer; Phase 1 Clinical Trial Lung cancer; Phase 1 Clinical Trial Melanoma; Phase 1 Clinical Trial Pancreatic cancer; Phase 1 Clinical Trial Pleura mesothelioma; Phase 1 Clinical Trial Drug-to-Antibody Ratio 8 3D	Seagen Inc	2		NCT04042480
DRG0PXBVI	RC68-PY-Val-Cit-PABC-MMAE	Investigative	Investigative		RC68 PY VC PAB MMAE		Epidermal growth factor receptor (EGFR)	Microtubule (MT)	RC68	Monomethyl auristatin E	PY-VC-PABC	Pancreatic cancer Clinical candidate Drug-to-Antibody Ratio 4 3D	RemeGen Co., Ltd	0		
DRG0PXQWR	Depatuxizumab mafodotin	Phase2	Phase 1/2 (Terminated)		ABT-414; ABT-414/806; Depatux-M; Depatuxizumab mafodotin		Epidermal growth factor receptor (EGFR)	Microtubule (MT)	Depatuxizumab	Monomethyl auristatin F	Maleimido-caproyl	Brain cancer; Phase 2 Clinical Trial Solid tumor; Phase 1 Clinical Trial Drug-to-Antibody Ratio 3.8 3D	AbbVie, Inc	2	10.1093/neuonc/noac173.; 10.3390/ph13100289.	
DRG0QAHFT	DS3610	Phase1	Phase 1						Undisclosed	Undisclosed	Undisclosed	Unspecific solid tumor		0		NCT07159126
DRG0QBQKB	EBC-129	Phase1	Phase 1		EBC 129; EBC-129; EBC129		Carcinoembryonic antigen-related cell adhesion molecule 5 (CEACAM5); Carcinoembryonic antigen-related cell adhesion molecule 6 (CEACAM6)	Microtubule (MT)	Undisclosed	Monomethyl auristatin E	Mc-Val-Cit-PABC	Solid tumor; Phase 1 Clinical Trial Drug-to-Antibody Ratio 3.5 3D	Experimental Drug Development Centre, PAREXEL International Corp	0		
DRG0QCCTW	KM501	Phase1	Phase 1		KM 501; KM-501; KM501; Recombinant anti-HER2 domain II and domain IV bispecific antibody-MMAE conjugate (Xuanzhu); XZP-KM501		Receptor tyrosine-protein kinase erbB-2 (HER2 ECD2); Receptor tyrosine-protein kinase erbB-2 (HER2 ECD4)	Microtubule (MT)	Undisclosed	Monomethyl auristatin E	Undisclosed Conjugate Type Undisclosed Puchem SID 386397316	Solid tumor; Phase 1 Clinical Trial Drug-to-Antibody Ratio Undisclosed 3D	Xuanzhu Biopharmaceutical Co., Ltd	0		
DRG0QDCHN	PRO-1160	Phase2	Phase 1/2		PRO 1160; PRO-1160; PRO1160		CD70 antigen (CD70)	DNA topoisomerase 1 (TOP1)	Undisclosed	Exatecan	Cys-11 ADC linker	Kidney cancer; Phase 2 Clinical Trial Nasopharyngeal cancer; Phase 2 Clinical Trial Unspecific non-hodgkin lymphoma; Phase 2 Clinical Trial Drug-to-Antibody Ratio 8 3D	ProfoundBio (Suzhou) Co., Ltd	1		NCT05721222
DRG0QEAUM	RG7787	Investigative	Investigative		RG 7787; RG-7787		Mesothelin (MSLN)	Eukaryotic elongation factor 2 (EEF2)	Anti-MSLN Anti-ody Fab fragment	Pseudomonas exotoxin PE24	Undisclosed General Information of The Activity Data Related to This ADC Reveale	Epidermoid cancer; Investigative Pancreatic cancer; Investigative Pleural mesothelioma; Investigative Triple negative breast cancer (; Investigative)		1	10.1158/0008-5472.CAN-15-2401.	
DRG0QEUVQ	BSC-4201	Investigative	Investigative		BSC4201; BSC 4201		Undisclosed		Undisclosed	Undisclosed	Undisclosed	Solid tumors Clinical candidate	BiSiChem Co. Ltd	0		
DRG0QFDKM	RAD-502	Investigative	Investigative		RAD 502; RAD502; Lutetium-177 labeled humanized monoclonal antibody targeting leucine rich repeat containing 15 (LRRC15)		Leucine-rich repeat-containing protein 15 (LRRC15)		Undisclosed	Undisclosed	Undisclosed Special Approval(s) Orphan drug(FDA)	Osteosarcoma Clinical candidate	Radiopharm Theranostics Ltd	0		
DRG0QIJRR	IMB-201	Investigative	Investigative		Antibody-drug conjugates (ImmunoBiochem); IMB 201; IMB201		HLA class I histocompatibility antigen, alpha chain G (HLA-G)		Undisclosed	Undisclosed	Undisclosed	Breast cancer (; Investigative)	ImmunoBiochem Corp	0		
DRG0QMIBK	FOR-46	Phase2	Phase 2		Anti-CD46 antibody drug conjugate; FOR 46; FOR-46; FOR46; FG-3246; FG 3246; FG3246		Membrane cofactor protein (CD46)	Microtubule (MT)	Anti-CD46 fully human Anti-ody	Monomethyl auristatin E	Mc-Val-Cit-PABC	Prostate cancer; Phase 2 Clinical Trial Multiple myeloma; Phase 1 Clinical Trial Drug-to-Antibody Ratio 3.7 3D	University of California San Diego; Fortis Therapeutics, Inc	3		NCT03575819; NCT03650491; NCT05011188
DRG0QNWFH	CBP-1609	Investigative	Investigative		CBP1609; CBP 1609		Undisclosed		Undisclosed	Undisclosed	Undisclosed	Antibody Name: Undisclosed	Coherent Biopharma Suzhou Co. Ltd	0		
DRG0QODVX	16A5-MCC-DM1	Phase1	Phase 1						MBH-1309	Mertansine DM1	Succinimidyl-4-(N-maleimidomethyl)cyclohexane-1-carboxylate (SMCC)			0		
DRG0QOWCK	NV101	Investigative	Investigative		BV101; NV 101; anti-CD99-doxorubicin ADC (Nanovalent); Dox-anti-CD99; NV-101		CD99 antigen (CD99)	DNA topoisomerase 2-alpha (TOP2A)	Undisclosed	Doxorubicin	Undisclosed	Ewing sarcoma Clinical candidate 3D	NanoValent Pharmaceuticals, Inc	0		
DRG0QQETS	BDB-101	Investigative	Investigative		BDB101; BDB 101		Programmed cell death 1 ligand 1 (CD274)	Toll-like receptor 7 (TLR7); Toll-like receptor 8 (TLR8)	Undisclosed	TLR7/8 agonist	Undisclosed	Solid tumors Clinical candidate	Seven And Eight Biopharmaceuticals Inc	0		
DRG0QQSDO	SGN-PDL1V	Phase3	Phase 3		PF-08046054; SGN PDL1V; SGN-PDL1V; SGNPDL1V		Programmed cell death 1 ligand 1 (CD274)	Microtubule (MT)	Humanized Anti-PD-L1 SGN-PDL1V mAb	Monomethyl auristatin E	Mc-Val-Cit-PABC	Lung cancer; Phase 3 Clinical Trial Breast cancer; Phase 1 Clinical Trial Gastric cancer; Phase 1 Clinical Trial Head and neck cancer; Phase 1 Clinical Trial Melanoma; Phase 1 Clinical Trial Oesophageal cancer; Phase 1 Clinical Trial Ovarian cancer; Phase 1 Clinical Trial Drug-to-Antibody Ratio 4 3D	Seagen Inc	1		NCT05208762
DRG0QQUXG	SMP-656	Phase1	Phase 1		SMP 656; SMP-656; SMP656		Receptor tyrosine-protein kinase erbB-2 (HER2)	Microtubule (MT) Conjugate Type Random Cysteines	Undisclosed	Eribulin		Solid tumor; Phase 1 Clinical Trial Drug-to-Antibody Ratio 4 3D	Xiling Lab Pharmaceutical Co., Ltd	0		
DRG0QRDUT	AGS-16C3F	Phase2	Phase 2 (Terminated)		AGS 16C3F; AGS-16C3F; AGS-16F; AGS-16M8F; AGS16C3F; Anti-ENPP3-MMAF		Ectonucleotide pyrophosphatase/phosphodiesterase family member 3 (ENPP3)	Microtubule (MT)	Anti-ENPP3 AGS-16C3F mAb	Monomethyl auristatin F	Maleimido-caproyl	Kidney cancer; Phase 2 Clinical Trial Drug-to-Antibody Ratio 4 3D	Agensys, Inc; Astellas Pharma, Inc	3		NCT01672775; NCT02639182
DRG0QRLPU	LCB17-0877	Phase1	Phase 1						Undisclosed	Undisclosed	Undisclosed			0		
DRG0QRTNX	BioLink018	Phase1	Phase 1						Undisclosed	Undisclosed	Undisclosed			0		
DRG0QTTET	BSA01	Investigative	Investigative		BSA 01; BSA-01		Epidermal growth factor receptor (EGFR); Mucin-1 (MUC1)	Microtubule (MT)	Undisclosed	Monomethyl auristatin E	Undisclosed	Gastric cancer Clinical candidate Non-small cell lung cancer Clinical candidate Pancreatic cancer Clinical candidate Dru	Biocytogen Pharmaceuticals (Beijing) Co., Ltd	0		
DRG0QTTWI	Praluzatamab ravtansine	Phase2	Phase 2		Anti-CD166-DM4-CX-2009; Anti-cd166 probody-drug conjugate cx-2009; CD166 Probody Drug Conjugate; CD166 probody drug conjugate; CX-2009; Praluzatamab ravtansine		CD166 antigen (ALCAM)	Microtubule (MT)	Praluzatamab	Mertansine DM4	N-succinimidyl 4-(2-pyridyldithio) butanoate (SPDB)	Breast cancer; Phase 2 Clinical Trial Solid tumor; Phase 2 Clinical Trial Drug-to-Antibody Ratio 3.5 3D	ImmunoGen, Inc; CytomX Therapeutics, Inc	1		NCT03149549
DRG0QWZIT	Polatuzumab vedotin	Approved	Approved (FDA): Jun, 2019	Polivy	Polatuzumab vedotin-piic; DCDS4501A; DCDS4501S; FCU-2711; RG-7596; RO-5541077-000; RO5541077; 1313206-42-6; anti-CD79b-VC-MMAE		B-cell antigen receptor complex-associated protein beta chain (CD79B)	Microtubule (MT)	Polatuzumab	Monomethyl auristatin E	Mc-Val-Cit-PABC	Diffuse large B-cell lymphoma; Approved Approval Document Hodgkin lymphoma; Phase 2 Clinical Trial Unspecific non-hodgkin lymphoma; Phase 2 Clinical Trial Chronic lymphocytic leukemia; Phase 1 Clinical Trial Drug-to-Antibody Ratio 3.5 3D	Genentech, Inc; Chugai Pharmaceutical Co., Ltd; F. Hoffmann-La Roche Ltd; Roche Holding AG	10		NCT01287741; NCT01290549; NCT01691898; NCT02257567; NCT02600897; NCT02611323; NCT02729896; NCT03274492
DRG0QWZSI	VAL-0620	Investigative	Investigative		VAL 0620; VAL0620		Myotubularin (MTM1)		Undisclosed	Undisclosed	Undisclosed	Muscular disease (; Investigative)	Valerion Therapeutics LLC	0		
DRG0QXDTN	R4702	Investigative	Investigative		R 4702; R-4702		Tumor-associated calcium signal transducer 2 (TROP2)		Undisclosed	Undisclosed	Undisclosed	Solid tumors Clinical candidate	OBI Pharma, Inc	0		
DRG0QYTLQ	IN30728	Investigative	Investigative		IN-30728; IN 30728		Undisclosed		Undisclosed	Undisclosed	Undisclosed	Solid tumors (; Investigative)	Inxmed (Nanjing) Co., Ltd	0		
DRG0QYUVZ	MI-130004	Investigative	Investigative		MI130004; MI 130004		Receptor tyrosine-protein kinase erbB-2 (HER2)	Microtubule (MT)	Trastuzumab	PM050489	6-(2,5-dioxopyrrol-1-yl)-N-Propylhexanamide Info Combination Type PM120160	Breast cancer Clinical candidate Drug-to-Antibody Ratio 1.8 3D	Pharma Mar SA	0		
DRG0QZHYU	Sirtratumab vedotin	Phase1	Phase 1 (Terminated)		AGS-15E; AGS15CSGD-1006; ASG 15E; ASG 15ME; ASG-15ME; Ha15-10ac.1vcMMAE; Ha15-10ac12vcMMAE; Sirtratumab vedotin; sirtratumab vedotin		SLIT and NTRK-like protein 6 (SLITRK6)	Microtubule (MT)	Sirtratumab	Monomethyl auristatin E	Mc-Val-Cit-PABC	Urothelial cancer; Phase 1 Clinical Trial Drug-to-Antibody Ratio 4 3D	Agensys, Inc; Astellas Pharma Global Development, Inc; Seagen Inc	2		NCT01963052
DRG0RARRJ	MEN-1309	Phase1	Phase 1		MEN 1309; MEN-1309; MEN1309; MEN1309, OBT076; MEN1309/OBT076; OBT 076; OBT-076; OBT076		Lymphocyte antigen 75 (LY75)	Microtubule (MT)	MBH-1309	Mertansine DM4	N-succinimidyl 4-(2-pyridyldithio) butanoate (SPDB)	Breast cancer; Phase 1 Clinical Trial Solid tumor; Phase 1 Clinical Trial Unspecific non-hodgkin lymphoma; Phase 1 Clinical Trial Drug-to-Antibody Ratio 3.7 3D	Oxford BioTherapeutics Ltd; A. Menarini Industrie Farmaceutiche Riunite SRL	3		NCT03403725; NCT04064359
DRG0RBGQK	MHB118C	Phase1	Phase 1						Anti-IGF-1R antibody	Undisclosed	Undisclosed	Unspecific solid tumor		0		NCT07045454
DRG0RCFPY	BL-M11D1	Phase1	Phase 1		BL M11D1; BL-M11D1; BLM11D1		Myeloid cell surface antigen CD33 (CD33)	DNA topoisomerase 1 (TOP1)	Gemtuzumab	Camptothecin analogue ED04	Gly-Mal-Gly-Gly-Phe-Gly	Acute myeloid leukaemia; Phase 1 Clinical Trial Drug-to-Antibody Ratio 10	Sichuan Baili Pharmaceutical Co., Ltd; Chengdu Bailidote Biological Pharmaceutical Co., Ltd; Sichuan Biokin Pharmaceutical Co., Ltd	0		
DRG0RCHSE	SKB-315	Phase1	Phase 1		A315; SKB 315; SKB-315; SKB315		Claudin-18.2 (CLDN18.2)	DNA topoisomerase 1 (TOP1) Conjugate Type Random Cysteines General Information of The Activity Data Related to This ADC Identified from the Human Clinical Data Standard Type NCT Number Clinical Status Clinical Trial Description Undisclosed NCT05367635 Phase 1 A phase 1 clinical study to evaluate the safety, tolerability, pharmacokinetics and preliminary efficacy of SKB315 for injection in patients with advanced solid tumors expressing claudin 18.2. Full List of Activity Data of This Antibody-drug Conjugate Identified from the Human Clinical Data Experiment 1 Reporting the Activity Date of This ADC [ 1 ] Related Clinical Trial NCT Number NCT05367635 Clinical Status Phase 1 Clinical Description A phase 1 clinical study to evaluate the safety, tolerability, pharmacokinetics and preliminary efficacy of SKB315 for injection in patients with advanced solid tumors expressing claudin 18.2. References Ref 1 A Phase 1 Clinical Study to Evaluate the Safety, Tolerability, Pharmacokinetics and Preliminary Efficacy of SKB315 for Injection in Patients With Advanced Solid Tumors Expressing Claudin18.2	Undisclosed	Topoisomerase I inhibitor		Solid tumor; Phase 1 Clinical Trial Drug-to-Antibody Ratio 7 to 8	KLUS Pharma, Inc; Sichuan Kelun-Biotech Biopharmaceutical Co., Ltd	1		NCT05367635
DRG0RDZIH	SAB-Y27	Investigative	Investigative		SAB Y27; SABY27		Phosphatidylserine synthase 1 (PTDSS1)		Undisclosed	Undisclosed	Undisclosed	Solid tumors Clinical candidate	Syntab Therapeutics GmbH	0		
DRG0RFWQY	ADRX-0706	Phase1	Phase 1		ADRX 0706; ADRX-0706; ADRX0706		Nectin-4 (NECTIN4)	Microtubule (MT) Conjugate Type Undisclosed	Undisclosed	AP052		Breast cancer; Phase 1 Clinical Trial Cervical cancer; Phase 1 Clinical Trial Solid tumor; Phase 1 Clinical Trial Urothelial cancer; Phase 1 Clinical Trial Drug-to-Antibody Ratio 8	Adcentrx Therapeutics, Inc	0		
DRG0RHAZG	Ladiratuzumab vedotin	Phase2	Phase 2		Ladiratuzumab vedotin; MK-6440; SGN-LIV1A; SGN-LIV1A, MK-6440		Zinc transporter ZIP6 (SLC39A6)	Microtubule (MT)	Ladiratuzumab	Monomethyl auristatin E	Mc-Val-Cit-PABC	Gastric cancer; Phase 2 Clinical Trial Head and neck cancer; Phase 2 Clinical Trial Lung cancer; Phase 2 Clinical Trial Melanoma; Phase 2 Clinical Trial Oesophageal cancer; Phase 2 Clinical Trial Prostate cancer; Phase 2 Clinical Trial Drug-to-Antibody Ratio 4 3D	Seagen Inc; F. Hoffmann-La Roche Ltd; Merck Sharp & Dohme Corp	4	10.1080/13543784.2022.2042252.	NCT01969643; NCT03310957; NCT04032704
DRG0RIPVI	Becotatug vedotin	Approved	Approved (FDA): Oct, 2025	Meiyouheng	MRG 003; MRG-003; MRG003		Epidermal growth factor receptor (EGFR)	Microtubule (MT)	JMT101	Monomethyl auristatin E	Mc-Val-Cit-PABC	Breast cancer; Approved Approval Document Biliary tract cancer; Phase 2 Clinical Trial Gastric cancer; Phase 2 Clinical Trial Lung cancer; Phase 2 Clinical Trial Oesophageal cancer; Phase 2 Clinical Trial Solid tumor; Phase 2 Clinical Trial Colorectal cancer; Phase 1 Clinical Trial Head and neck cancer; Phase 1 Clinical Trial Drug-to-Antibody Ratio 3.8 3D	Shanghai Miracogen Inc; Lepu Biopharma Co., Ltd	1		NCT04868344
DRG0RJKWE	STRO-001	Phase2	Phase 1/2 (Terminated)		BN301; SP-7219; SP-7675; SP-7676; STRO 001; STRO- 001; STRO-001		HLA class II histocompatibility antigen gamma chain (CD74)	Microtubule (MT)	Bezetabart	Maytansinoid derivative	Cys-12 ADC linker	Mantle cell lymphoma; Phase 2 Clinical Trial Diffuse large B-cell lymphoma; Phase 1 Clinical Trial Follicular lymphoma; Phase 1 Clinical Trial Unspecific non-hodgkin lymphoma; Phase 1 Clinical Trial Drug-to-Antibody Ratio 2 3D	Sutro Biopharma, Inc; BioNova Pharmaceuticals (Shanghai) Ltd; Piramal Pharma Solutions, Inc	0		
DRG0RLKMU	IBI343	Phase3	Phase 3						A fully humanized anti-CLDN18.2 monoclonal antibody	Exatecan		Gastric cancer		0		
DRG0RMBUN	IMGC-936	Phase2	Phase 1/2		AEX6003 (S442C)-DGN549; IMGC 936; IMGC-936; IMGC936		Disintegrin and metalloproteinase domain-containing protein 9 (ADAM9)	Microtubule (MT)	MGA021	DM21-C	Mc-Ala-Ala-Ala	Breast cancer; Phase 2 Clinical Trial Colorectal cancer; Phase 2 Clinical Trial Lung cancer; Phase 2 Clinical Trial Oesophageal cancer; Phase 2 Clinical Trial Pancreatic cancer; Phase 2 Clinical Trial Drug-to-Antibody Ratio 2	ImmunoGen, Inc; MacroGenics, Inc	1		NCT04622774
DRG0RMWCH	SOT-102	Phase2	Phase 1/2 (Terminated)		SO- N102; SO-N102; SOT 102; SOT-102; SOT102; SOT102, SO- N102		Claudin-18.2 (CLDN18.2)	DNA topoisomerase 2-alpha (TOP2A)	Undisclosed	PNU-159682	Pentaglycine-EDA (Non-cleavable)	Pancreatic cancer; Phase 2 Clinical Trial Drug-to-Antibody Ratio 2 3D	SCTbio as	1		NCT05525286
DRG0RNICE	BIO104	Investigative	Investigative		BIO 104; BIO-104		Undisclosed		Undisclosed	Undisclosed	Undisclosed	Solid tumors Clinical candidate	Boostimmune, Inc	0		
DRG0RONXP	SIM0609	Phase1	Phase 1						Anti-CDH17 antibody	CPT116	A cleavable linker	Gastroesophageal junction adenocarcinoma		0		NCT07265921
DRG0RRDEF	Luveltamab tazevibulin	Phase3	Phase 2/3		DBCO-Alexa647-conjugated SP7219; Luveltamab Tazevibulin; Luveltamab tazevibulin; STRO 002; STRO-002; anti-FolRa ADC STRO-002; luvelta		Folate receptor alpha (FOLR1)	Microtubule (MT)	Luveltamab	SC209	Val-Cit-PABA	Acute myeloid leukaemia; Phase 2 Clinical Trial Lung cancer; Phase 2 Clinical Trial Solid tumor; Phase 2 Clinical Trial Endometrial cancer; Phase 1 Clinical Trial Fallopian tube cancer; Phase 1 Clinical Trial Ovarian cancer; Phase 1 Clinical Trial Peritoneal cancer; Phase 1 Clinical Trial Drug-to-Antibody Ratio 4	Sutro Biopharma, Inc; Tasly Biopharmaceuticals Co., Ltd	1		
DRG0RRORA	AK138D1	Phase1	Phase 1						Patritumab	DXd	Mc-Ala-Ala-Ala	Unspecific solid tumor		0		NCT06730386; NCT07281326
DRG0RSBMJ	Sofituzumab vedotin	Phase1	Phase 1 (Terminated)		Anti-MUC16 ADC MMAE; Anti-MUC16 MMAE ADC; Anti-MUC16 mAb MMAE; Anti-MUC16 monoclonal antibody MMAE; Anti-MUC16 monoclonal antibody monomethyl auristatin E conjugate; Anti-MUC16 monoclonal antibody vedotin; DMUC-5754A; DMUC5754A; MMAE anti-MUC16; MMAE anti-MUC16 mAb; RG-7458; RG7458, DMUC 5754A; Sofituzumab vedotin		Mucin-16 (MUC16)	Microtubule (MT)	Anti-MUC16 Anti-ody 3A5	Monomethyl auristatin E	Mc-Val-Cit-PABC	Ovarian cancer; Phase 1 Clinical Trial Pancreatic cancer; Phase 1 Clinical Trial Drug-to-Antibody Ratio 3 to 4 3D	Genentech, Inc; Roche Holding AG	0		
DRG0RUAXZ	DS001	Phase1	Phase 1						Undisclosed	Undisclosed	Undisclosed			0		
DRG0RVNRW	J58-PE24	Investigative	Investigative		J58 PE24; J58PE24		Glypican-3 (GPC3)	Eukaryotic elongation factor 2 (EEF2)	Anti-GPC3 mAb J58	Pseudomonas exotoxin PE24	Undisclosed General Information of The Activity Data Related to This ADC Reveale	Hepatocellular carcinoma (; Investigative)		1		
DRG0RVOYG	GenSci140	Phase1	Phase 1						Anti-FRα antibody	GSC5181	A cleavable linker	Ovarian cancer		0		NCT07251166
DRG0RWFIB	SG3-Val-Cit-MMAF8	Investigative	Investigative		SG3 vcMMAF8		Tumor necrosis factor receptor superfamily member 17 (TNFRSF17)	Microtubule (MT)	SG3	Monomethyl auristatin F	Mc-Val-Cit-PABC	Multiple myeloma Clinical candidate 3D	Seagen Inc	0		
DRG0RWVUF	V-DOS47	Investigative	Investigative		V DOS47; VDOS47		Vascular endothelial growth factor receptor 2 (KDR)		Undisclosed	Undisclosed	Undisclosed	Breast cancer (; Investigative)	Helix BioPharma Corp	0		
DRG0RYBMQ	SHR-A1201	Phase1	Phase 1 (Terminated)		SHR A1201; SHR-A1201; SHRA1201		Receptor tyrosine-protein kinase erbB-2 (HER2)	Microtubule (MT)	Trastuzumab	Mertansine DM1	Succinimidyl-4-(N-maleimidomethyl)cyclohexane-1-carboxylate (SMCC)	Breast cancer; Phase 1 Clinical Trial Drug-to-Antibody Ratio 3.5 3D	Jiangsu Hengrui Pharmaceuticals Co., Ltd; Shanghai Hengrui Pharmaceutical Co., Ltd	1		
DRG0RZJIL	Tamrintamab pamozirine	Phase1	Phase 1 (Terminated)		SC 003; SC-003; SC003; Tamrintamab pamozirine		Dipeptidase 3 (DPEP3)	Human Deoxyribonucleic acid (hDNA)	Tamrintamab	SC-DR002	Mc-Val-Ala-PABC	Ovarian cancer; Phase 1 Clinical Trial Drug-to-Antibody Ratio 2	AbbVie, Inc; Stemcentrx, Inc	1		NCT02539719
DRG0SACUI	BB-1705	Phase2	Phase 1/2		BB-1705; BB 1705; BB1705		Epidermal growth factor receptor (EGFR)	Microtubule (MT)	Undisclosed	Eribulin	Mc-PEG2-Val-Cit-PABC	Solid tumor; Phase 2 Clinical Trial Drug-to-Antibody Ratio 2 3D	Baili Sikang Biomedicine (Hangzhou) Co., Ltd	1		NCT05217693
DRG0SALIN	SHR-7782	Phase1	Phase 1						An antibody targeting CLDN6/9	Undisclosed	Undisclosed	Unspecific solid tumor		0		NCT07123129
DRG0SARIF	HDM2020	Phase1	Phase 1						Anti-FGFR2 antibody	TOP1 inhibitor	A cleavable linker	Lung cancer		0		NCT07098052
DRG0SAXJE	IN30705	Investigative	Investigative		IN 30705; IN-30705		Prolyl endopeptidase FAP (FAP)		Undisclosed	Undisclosed	Undisclosed	Solid tumors Clinical candidate	Inxmed (Nanjing) Co., Ltd	0		
DRG0SBFHC	GR1017	Phase1	Phase 1						AimedBio	TOP1 inhibitor	A cleavable linker	Lung cancer		0		NCT06874335
DRG0SBYGM	Blinatumomab-amanitin	Investigative	Investigative		Blinatumomab amanitin		B-lymphocyte antigen CD19 (CD19); T-cell surface glycoprotein CD3 delta chain (CD3D)	DNA-directed RNA polymerase II subunit RPB2 (POLR2B); DNA-directed RNA polymerase III subunit RPC7 (POLR3G)	Blinatumomab	Alpha-amanitin	Blinatumomab-amanitin linker Conjugate Type Site-specific conjugation through th	Burkitt lymphoma; Investigative Drug-to-Antibody Ratio 2 3D	LegoChem Biosciences, Inc	0		
DRG0SCLSY	GB-251	Phase1	Phase 1 (Terminated)		GB 251; GB-251; NBT 828; NBT-828; NBT828		Receptor tyrosine-protein kinase erbB-2 (HER2)	Microtubule (MT) Conjugate Type Undisclosed Special Approval(s) Special approval (NMPA)	Undisclosed	Monomethyl auristatin E		Breast cancer; Phase 1 Clinical Trial Drug-to-Antibody Ratio 4 3D	NewBio Therapeutics	0		
DRG0SDGDV	C6vcMMAD	Investigative	Investigative		C6-vc-MMAD		Tumor-associated calcium signal transducer 2 (TROP2)		C6vcMMAD antibody	Undisclosed	C6vcMMAD linker	Lung cancer; Investigative Drug-to-Antibody Ratio 2	Pfizer Inc	0		
DRG0SDZSF	Lorvotuzumab mertansine	Phase2	Phase 2 (Terminated)		BB-10901; IMGN-901; IMGN-901, N901-DM1, BB-10901; IMGN-901-TAP; IMGN901 TAP; Lorvotuzumab mertansine; Monoclonal antibody huN901-DM1 conjugate; huN-901-DM1; huN-901-SPP-DM1; huN901-DM1; huN901-DM1 antibody; huN901-SPP-DM1		Neural cell adhesion molecule 1 (NCAM1)	Microtubule (MT)	Lorvotuzumab	Mertansine DM1	N-succinimidyl 4-(2-pyridyldithio) pentanoate (SPP)	Acute lymphoblastic leukemia; Phase 2 Clinical Trial Acute myeloid leukaemia; Phase 2 Clinical Trial Chronic myeloid leukemia; Phase 2 Clinical Trial Kidney cancer; Phase 2 Clinical Trial Myelodysplastic syndrome; Phase 2 Clinical Trial Rhabdomyosarcoma; Phase 2 Clinical Trial Solid tumor; Phase 2 Clinical Trial Unspecific non-hodgkin lymphoma; Phase 2 Clinical Trial Lung cancer; Phase 1 Clinical Trial Merkel cell carcinoma; Phase 1 Clinical Trial Multiple myeloma; Phase 1 Clinical Trial Ovarian cancer; Phase 1 Clinical Trial Drug-to-Antibody Ratio 3 to 4 3D	ImmunoGen, Inc	1	10.1016/j.clml.2018.08.018.	NCT00346255
DRG0SEAFV	PYX-201	Phase1	Phase 1		PYX 201; PYX-201; PYX201		Fibronectin (FN1)	Microtubule (MT)	Micvotabart	Auristatin 0101	Mc-Val-Cit-PABC	Solid tumor; Phase 1 Clinical Trial Drug-to-Antibody Ratio 4 3D	Pfizer Inc; Pyxis Oncology, Inc	1		NCT05720117
DRG0SEZFV	DhuVHH6-PE38	Investigative	Investigative		Anti-CD7 nanobody based immunotoxins; Anti-CD7 nanobody based immunotoxins (Soochow University/PersonGen Biomedicine)		T-cell antigen CD7 (CD7)		Undisclosed	Undisclosed	Undisclosed	Precursor B-lymphoblastic neoplasms Clinical candidate	Medical College of Soochow University; PersonGen Biomedicine (Suzhou) Co., Ltd	0		
DRG0SGCAF	BG-C477	Phase1	Phase 1						Anti-CEA antibody	TOP1 inhibitor	A cleavable linker	Unspecific solid tumor		0		NCT06596473
DRG0SGUGL	Ispectamab debotansine	Phase1	Phase 1 (Terminated)		Anti-BCMA antibody drug conjugate; BMS-986352; BMS-986352, CC-99712, SP8919; CC 99712; CC-99712; Ispectamab debotansine; SP8919		Tumor necrosis factor receptor superfamily member 17 (TNFRSF17)	Microtubule (MT)	Ispectamab	Maytansinoid derivative	Cys-12 ADC linker	Multiple myeloma; Phase 1 Clinical Trial Drug-to-Antibody Ratio 4 3D	Sutro Biopharma, Inc; Celgene Corp; Bristol Myers Squibb Co	0		
DRG0SGXZO	huHEA125-amanitin4	Investigative	Investigative		huHEA125 Amanitin4		Epithelial cell adhesion molecule (EPCAM)	DNA-directed RNA polymerase II subunit RPB2 (POLR2B); DNA-directed RNA polymerase III subunit RPC7 (POLR3G)	huHEA125	Beta-amanitin	huHEA125-Amanitin4 linker Conjugate Type Random conjugation through nucleophilic	Breast cancer; Investigative Cholangiocarcinoma; Investigative Colon adenocarcinoma; Investigative Pancreatic ductal adenocarcinoma; Investigative Drug-to-Antibody Ratio 3	Heidelberg Pharma AG	1		
DRG0SHGPV	PF-06647263	Phase1	Phase 1 (Terminated)		Anti-EFNA4-ADC; Anti-EFNA4-monoclonal-antibody-calicheamicin-conjugate; PF 6647263; PF-06647263; PF06647263; PF-0667263; PF 0667263; PF0667263		Ephrin-A4 (EFNA4)	Human Deoxyribonucleic acid (hDNA)	Anti-EFNA4 mAb huE22	N-acetyl-gamma-calicheamicin	AcButDMH	Breast cancer; Phase 1 Clinical Trial Solid tumor; Phase 1 Clinical Trial Drug-to-Antibody Ratio 4.6 3D	Pfizer Inc	2		NCT02078752
DRG0SHZAQ	BCG034	Phase1	Phase 1						Anti-B7H3/PTK7 bsAb	BCPT02	Hydrophilic, protease-cleavable linker	Solid tumor		0		NCT07503808
DRG0SIMLV	ESG-401	Phase3	Phase 3		ESG 401; ESG-401; Humanized anti-Trop2-SN38 antibody conjugate; Humanized mAb anti-TROP-2 program; STI- 3258; STI-3258		Tumor-associated calcium signal transducer 2 (TROP2)	DNA topoisomerase 1 (TOP1) Conjugate Type Undisclosed General Information of The Activity Data Related to This ADC Identified from the Human Clinical Data Standard Type NCT Number Clinical Status Clinical Trial Description Objective Response Rate (ORR) NCT04892342 Phase 1/2 An open-label, multiple dose, dose escalation and cohort expansion phase 1/2 study to investigate the safety, tolerability, pharmacokinetics and antitumor activities of ESG401 in Subjects with locally advanced/metastatic solid tumors. Full List of Activity Data of This Antibody-drug Conjugate Identified from the Human Clinical Data Experiment 1 Reporting the Activity Date of This ADC [ 1 ] Efficacy Data Objective Response Rate (ORR) 36.40% Patients Enrolled Patients (pts) aged 18 years with locally advanced/metastatic solid tumors refractory to/relapsed. Administration Dosage Treated with 1 dose of ESG401 during escalation at doses of 2-20 mg/kg once Q3W (Regimen A), or 12-16 mg/kg D1,8,15 in a 4-week cycle (Regimen B). Related Clinical Trial NCT Number NCT04892342 Clinical Status Phase 1/2 Clinical Description An open-label, multiple dose, dose escalation and cohort expansion phase 1/2 study to investigate the safety, tolerability, pharmacokinetics and antitumor activities of ESG401 in Subjects with locally advanced/metastatic solid tumors. References Ref 1 Preliminary results from a first-in-human study of ESG401, a trophoblast cell-surface antigen 2 (TROP2) antibody drug conjugate (ADC), in patients with locally advanced/metastatic solid tumors. J Clin Oncol. 2023 41:16_suppl, 1100-1100.	A humanized IgG1 monoclonal antibody	Active metabolite of irinotecan SN38		Breast cancer; Phase 3 Clinical Trial Oral cavity cancer; Phase 2 Clinical Trial Solid tumor; Phase 2 Clinical Trial Drug-to-Antibody Ratio 8 3D	Shanghai Escugen Biotechnology	1		NCT04892342
DRG0SIURJ	CPO-204	Phase1	Phase 1		CPO 204; CPO-204; CPO204		Undisclosed		Undisclosed	Undisclosed	Undisclosed Conjugate Type Undisclosed	Urothelial cancer Phase 1 Related Report Drug-to-Antibody Ratio Undisclosed	CSPC Pharmaceutical Group Ltd	0		
DRG0SJVKP	<sup>111</sup>In-DTPA-D2B-DAR2-MMAE	Investigative	Investigative						Anti-PSMA IgG1 mAb D2B	Monomethyl auristatin E	Mc-Val-Cit-PABC	Prostate cancer		0		
DRG0SLLFJ	BCG022	Investigative	Investigative		BCG 022; BCG-022		Receptor tyrosine-protein kinase erbB-3 (ERBB3); Hepatocyte growth factor receptor (MET)	Microtubule (MT)	Undisclosed	Monomethyl auristatin E	Undisclosed	Breast cancer Clinical candidate Colorectal cancer Clinical candidate Gastric cancer Clinical candidate Non-small cell l	Biocytogen Pharmaceuticals (Beijing) Co., Ltd	0		
DRG0SMAPS	PF-08052667	Phase1	Phase 1						A anti-ITGB6 mAb	MMAE	Mal PEG12 based β-glucuronide linker	Urothelial cancer		0		NCT07206225
DRG0SMTQN	MG2002A	Phase1	Phase 1						Undisclosed	Undisclosed	Undisclosed	Tumor		0		
DRG0SNPYJ	PBX-001	Investigative	Investigative		PBX 001; PBX001		Tumor-associated calcium signal transducer 2 (TROP2)		Sacituzumab	Undisclosed	Undisclosed	Bladder cancer Clinical candidate Lung cancer Clinical candidate Pancreatic cancer Clinical candidate Triple negative br	Pinotbio	0		
DRG0SNURI	OBI-999	Phase2	Phase 1/2 (Terminated)		Globo H ADC; OBI 999; OBI-999; OBI999		Globo H (globotriaosylceramide)	Microtubule (MT) Conjugate Type Reactive Cysteines Drugbank ID DB17356 DrugMap ID DMPB9OD TTD ID D2H6NI General Information of The Activity Data Related to This ADC Identified from the Human Clinical Data Standard Type NCT Number Clinical Status Clinical Trial Description Undisclosed NCT04084366 Phase 1 A phase 1/2, open-label, dose-escalation and cohort-expansion study evaluating the safety, pharmacokinetics, and therapeutic activity of OBI-999 in patients with advanced solid tumors. Discovered Using Cell Line-derived Xenograft Model Standard Type Value Units Cell Line Disease Model Tumor Growth Inhibition value (TGI) ≈ 34 % CVCL_0031 Invasive breast carcinoma Tumor Growth Inhibition value (TGI) ≈ 60 % CVCL_0031 Invasive breast carcinoma Tumor Growth Inhibition value (TGI) ≈ 83 % CVCL_1603 Gastric tubular adenocarcinoma Tumor Growth Inhibition value (TGI) ≈ 85 % CVCL_1569 Lung small cell carcinoma Tumor Growth Inhibition value (TGI) ≈ 95 % CVCL_0031 Invasive breast carcinoma Tumor Growth Inhibition value (TGI) ≈ 97 % CVCL_1603 Gastric tubular adenocarcinoma Tumor Growth Inhibition value (TGI) ≈ 97 % CVCL_1603 Gastric tubular adenocarcinoma Tumor Growth Inhibition value (TGI) ≈ 98 % CVCL_0031 Invasive breast carcinoma Tumor Growth Inhibition value (TGI) ≈ 99 % CVCL_3517 Pancreatic adenocarcinoma Revealed Based on the Cell Line Data Standard Type Value Units Cell Line Disease Model Tumor Growth Inhibition value (TGI) ≈ 70.7 % MDA-MB-231 cells HCC1428 cells Breast adenocarcinoma Full List of Activity Data of This Antibody-drug Conjugate Identified from the Human Clinical Data Experiment 1 Reporting the Activity Date of This ADC [ 1 ] Patients Enrolled Advanced solid tumors that had been previously treated with standard-of-care therapy and their physicians had determined that such therapy was no longer effective, or patients had declined to receive further standard-of-care treatments. Administration Dosage The starting dose of 0.40 mg/kg on day 1 of each 21-day cycle; A standard 3 + 3 dose-escalation design was used, and doses of 0.80, 1.20, and 1.60 mg/kg were also administered on day 1 of each 21-day cycle; intravenous infusion over 60 minutes. Related Clinical Trial NCT Number NCT04084366 Clinical Status Phase 1 Clinical Description A phase 1/2, open-label, dose-escalation and cohort-expansion study evaluating the safety, pharmacokinetics, and therapeutic activity of OBI-999 in patients with advanced solid tumors. Primary Endpoint The incidence of dose-limiting toxicities and adverse events and determination of the maximum tolerated dose (MTD)/recommended phase II dose. Discovered Using Cell Line-derived Xenograft Model Experiment 1 Reporting the Activity Date of This ADC [ 2 ] Efficacy Data Tumor Growth Inhibition value (TGI) ≈ 34.00% (Day 26) Positive Globo H expression ( Globo H+++/++ ) Method Description Mice were treated with an intravenous dose of the ADCs at 0.3 mg/kg, qw*6. In Vivo Model MCF-7 CDX model In Vitro Model Invasive breast carcinoma MCF-7 cells CVCL_0031 Experiment 2 Reporting the Activity Date of This ADC [ 2 ] Efficacy Data Tumor Growth Inhibition value (TGI) ≈ 60.00% (Day 77) Positive Globo H expression ( Globo H+++/++ ) Method Description Mice were treated with an intravenous dose of the ADCs at 1 mg/kg, qw*6. In Vivo Model MCF-7 CDX model In Vitro Model Invasive breast carcinoma MCF-7 cells CVCL_0031 Experiment 3 Reporting the Activity Date of This ADC [ 2 ] Efficacy Data Tumor Growth Inhibition value (TGI) ≈ 83.00% (Day 53) Positive Globo H expression ( Globo H+++/++ ) Method Description Mice were treated with an intravenous dose of the ADCs at 1 mg/kg, qw*4. In Vivo Model NCI-N87 CDX model In Vitro Model Gastric tubular adenocarcinoma NCI-N87 cells CVCL_1603 Experiment 4 Reporting the Activity Date of This ADC [ 2 ] Efficacy Data Tumor Growth Inhibition value (TGI) ≈ 85.00% (Day 25) Positive Globo H expression ( Globo H+++/++ ) Method Description Mice were treated with an intravenous dose of the ADCs at 10 mg/kg, qw*4. In Vivo Model NCI-H526 CDX model In Vitro Model Lung small cell carcinoma NCI-H526 cells CVCL_1569 Experiment 5 Reporting the Activity Date of This ADC [ 2 ] Efficacy Data Tumor Growth Inhibition value (TGI) ≈ 95.00% (Day 77) Positive Globo H expression ( Globo H+++/++ ) Method Description Mice were treated with an intravenous dose of the ADCs at 10 mg/kg, qw*2. In Vivo Model MCF-7 CDX model In Vitro Model Invasive breast carcinoma MCF-7 cells CVCL_0031 Experiment 6 Reporting the Activity Date of This ADC [ 2 ] Efficacy Data Tumor Growth Inhibition value (TGI) ≈ 97.00% (Day 53) Positive Globo H expression ( Globo H+++/++ ) Method Description Mice were treated with an intravenous dose of the ADCs at 10 mg/kg, qw*4. In Vivo Model NCI-N87 CDX model In Vitro Model Gastric tubular adenocarcinoma NCI-N87 cells CVCL_1603 Experiment 7 Reporting the Activity Date of This ADC [ 2 ] Efficacy Data Tumor Growth Inhibition value (TGI) ≈ 97.00% (Day 53) Positive Globo H expression ( Globo H+++/++ ) Method Description Mice were treated with an intravenous dose of the ADCs at 1-3 mg/kg, qw*4. In Vivo Model NCI-N87 CDX model In Vitro Model Gastric tubular adenocarcinoma NCI-N87 cells CVCL_1603 Experiment 8 Reporting the Activity Date of This ADC [ 2 ] Efficacy Data Tumor Growth Inhibition value (TGI) ≈ 98.00% (Day 77) Positive Globo H expression ( Globo H+++/++ ) Method Description Mice were treated with an intravenous dose of the ADCs at 3 mg/kg, qw*6. In Vivo Model MCF-7 CDX model In Vitro Model Invasive breast carcinoma MCF-7 cells CVCL_0031 Experiment 9 Reporting the Activity Date of This ADC [ 2 ] Efficacy Data Tumor Growth Inhibition value (TGI) ≈ 99.00% (Day 37) Positive Globo H expression ( Globo H+++/++ ) Method Description Mice were treated with an intravenous dose of the ADCs at 10 mg/kg, qw*4. In Vivo Model HPAC CDX model In Vitro Model Pancreatic adenocarcinoma HPAC cells CVCL_3517 Revealed Based on the Cell Line Data Experiment 1 Reporting the Activity Date of This ADC [ 3 ] Efficacy Data Tumor Growth Inhibition value (TGI) ≈ 70.70% Method Description In vivo , In each animal study,the antitumor efficacy was evaluated with doses of 1.00, 3.00, or 10.00 mg/kg of OBI-999 via i.v. injection. In NCI-N87 xenograft model,treatment groups of MMAE 0.191 mg/kg and Ctrl-ADC 3 mg/kg were also included. Each study utilized 6 to 8 mice per group. In Vitro Model Breast adenocarcinoma MDA-MB-231 cells CVCL_0062 Breast adenocarcinoma HCC1428 cells CVCL_1252 References Ref 1 First-in-Human Study of OBI-999, a Globo H-Targeting Antibody-Drug Conjugate, in Patients With Advanced Solid Tumors. JCO Precis Oncol. 2023 Jan;7:e2200496. Ref 2 Conjugated biological molecules, pharmaceutical compositions and methods. Ref 3 Preclinical Studies of OBI-999: A Novel Globo H-Targeting Antibody-Drug Conjugate. Mol Cancer Ther. 2021 Jun;20(6):1121-1132.	OBI-888	Monomethyl auristatin E		Solid tumor; Phase 2 Clinical Trial Drug-to-Antibody Ratio 4 3D	OBI Pharma, Inc	3		NCT04084366
DRG0SPYZJ	TST013	Investigative	Investigative		TST 013; TST-013		Undisclosed		Undisclosed	Undisclosed	Undisclosed	Breast cancer (; Investigative)	TST-013 Mabspace Biosciences Co., Ltd	0		
DRG0SQAHG	Septuximab vedotin	Investigative	Investigative		Septuximab vedotin		Frizzled-7 (FZD7)	Microtubule (MT)	Septuximab	Monomethyl auristatin E	Mc-Val-Cit-PABC	Ovarian cancer Clinical candidate Drug-to-Antibody Ratio 4 3D	University of California San Diego	1		
DRG0SQAQX	AMB-101	Investigative	Investigative		AMB101; AMB 101; AMB-101 (AmMax Bio)		Undisclosed	DNA topoisomerase 1 (TOP1)	Undisclosed	Topoisomerase I inhibitor	Undisclosed	Solid tumors Clinical candidate Drug-to-Antibody Ratio 8	AmMax Bio, Inc	0		
DRG0SQXAL	ARX-517	Phase1	Phase 1		ARX 517; ARX-517; ARX517		Glutamate carboxypeptidase 2 (FOLH1)	Microtubule (MT)	Undisclosed; a humanized anti-PSMA antibody, https://aacrjournals.org/mct/article/23/12/1842/750247	Monomethyl auristatin F	Oxime-PEG3	Prostate cancer; Phase 1 Clinical Trial Drug-to-Antibody Ratio 2 3D	Ambrx, Inc	1		NCT04662580
DRG0SSFSR	DM001	Phase1	Phase 1		DM 001; DM-001; DM001		Tumor-associated calcium signal transducer 2 (TROP2); Epidermal growth factor receptor (EGFR)	DNA topoisomerase 1 (TOP1) Conjugate Type Undisclosed Combination Type BLD1102	Undisclosed	BCPT02		Breast cancer; Phase 1 Clinical Trial Lung cancer; Phase 1 Clinical Trial Solid tumor; Phase 1 Clinical Trial Drug-to-Antibody Ratio 8	Xadcera Biopharmaceutical (Suzhou) Co., Ltd; Biocytogen Pharmaceuticals (Beijing) Co., Ltd	0		
DRG0SSTBB	HS-20108	Phase1	Phase 1						Anti-SEZ6 antibody	TOP1 inhibitor	Undisclosed	Lung cancer		0		NCT06936735
DRG0STCNY	OX-002	Investigative	Investigative		OX 002; OX002		Lymphocyte antigen 75 (LY75)		Undisclosed	Undisclosed	Undisclosed	Breast cancer Clinical candidate	Oxford BioTherapeutics Ltd	0		
DRG0SURHR	PF-08046031	Phase1	Phase 1						hL49	MMAE	Mc-Val-Cit-PABC	Melanoma		0		NCT06799533
DRG0SUYIT	G-100	Investigative	Investigative						Undisclosed	Undisclosed	Undisclosed	Graft-versus-host disease		0		
DRG0SVXYY	RC-188	Investigative	Investigative		RC188; RC 188		Undisclosed		Undisclosed	Undisclosed	Undisclosed	Solid tumors IND	RemeGen Co., Ltd	0		
DRG0SWCOG	ADC2122	Phase1	Phase 1						Pertuzumab	Duostatin 5	Pip-Val-Cit linker	Unspecific solid tumor		0		NCT05423977
DRG0SXFSY	Inotuzumab ozogamicin	Approved	Approved (FDA): Aug, 2017	Besponsa	CMC-544; PF-05208773; PF-5208773; WAY-207294; INO		B-cell receptor CD22 (CD22)	Human Deoxyribonucleic acid (hDNA)	Inotuzumab	N-acetyl-gamma-calicheamicin	AcButDMH	Acute lymphoblastic leukemia; Approved Approval Document Unspecific non-hodgkin lymphoma; Phase 2 Clinical Trial Drug-to-Antibody Ratio 6 3D	Pfizer Inc; Wyeth Pharmaceuticals LLC	14	10.1002/cncr.32116.; 10.1016/j.ejogrb.2010.11.015.; 10.1038/s41375-018-0265-z.	NCT00073749; NCT00299494; NCT00717925; NCT00724971; NCT01134575; NCT01535989; NCT01564784; NCT02981628
DRG0SYLKC	B7H3-MMAE	Investigative	Investigative		B7H3MMAE; B7H3 MMAE		CD276 antigen (CD276)	Microtubule (MT)	Undisclosed	Monomethyl auristatin E	Undisclosed	Solid tumors Clinical candidate 3D	Anwita Biosciences, Inc	0		
DRG0SZERO	Lonigutamab ugodotin	Phase2	Phase 1/2 (Terminated)		F50085-hz208F2-4-F556311; Lonigutamab ugodotin; W 0101; W-0101; W0101		Insulin-like growth factor 1 receptor (IGF1R)	Microtubule (MT)	Lonigutamab	F554443	Maleimido-caproyl	Solid tumor; Phase 2 Clinical Trial Drug-to-Antibody Ratio 4 3D	Pierre Fabre SA,	2		NCT03316638
DRG0SZKXH	BYON-3521	Phase1	Phase 1		BYON 3521; BYON-3521; BYON3521		Hepatocyte growth factor receptor (MET)	Human Deoxyribonucleic acid (hDNA)	Undisclosed	seco-DUBA	Mc-Val-Cit-PABC	Solid tumor; Phase 1 Clinical Trial Drug-to-Antibody Ratio 2 3D	Syntarga BV; Byondis BV	1		NCT05261269; NCT05323045
DRG0SZXVK	PF-08046032	Phase1	Phase 1						A detuned-affinity anti-CD25 mAb	MMAE	Mc-Val-Cit-PABC	Diffuse large b-cell lymphoma		0		NCT06870487
DRG0TAOLW	LY203725	Phase1	Phase 1						KS1/4	4-desacetylvinblastine (DAVLB)	A cleavable linker	Ovarian cancer		0		
DRG0TBCEQ	HS-20093	Phase3	Phase 3		HS 20093; HS-20093; HS20093		CD276 antigen (CD276)	DNA topoisomerase 1 (TOP1) Conjugate Type Undisclosed General Information of The Activity Data Related to This ADC Identified from the Human Clinical Data Standard Type NCT Number Clinical Status Clinical Trial Description Undisclosed NCT05276609 Phase 1 ARTEMIS-001: A phase 1, open-label, multi-center study to evaluate safety, tolerability, pharmacokinetics, and efficacy of multiple doses of intravenous administration of HS-20093 in patients with locally advanced or metastatic solid tumors who have progressed following prior therapy. Full List of Activity Data of This Antibody-drug Conjugate Identified from the Human Clinical Data Experiment 1 Reporting the Activity Date of This ADC [ 1 ] Related Clinical Trial NCT Number NCT05276609 Clinical Status Phase 1 Clinical Description ARTEMIS-001: A phase 1, open-label, multi-center study to evaluate safety, tolerability, pharmacokinetics, and efficacy of multiple doses of intravenous administration of HS-20093 in patients with locally advanced or metastatic solid tumors who have progressed following prior therapy. References Ref 1 ARTEMIS-001: A Phase 1, Open-label, Multi-center Study to Evaluate Safety, Tolerability, Pharmacokinetics, and Efficacy of Multiple Doses of Intravenous Administration of HS-20093 in Patients With Locally Advanced or Metastatic Solid Tumors Who Have Progressed Following Prior Therapy, NCT05276609	Risvutatug	Exatecan derivative (HS-9265)		Lung cancer; Phase 3 Clinical Trial Head and neck cancer; Phase 2 Clinical Trial Oesophageal cancer; Phase 2 Clinical Trial Osteosarcoma; Phase 2 Clinical Trial Prostate cancer; Phase 2 Clinical Trial Solid tumor; Phase 2 Clinical Trial Drug-to-Antibody Ratio 4	Shanghai Hansoh Biomedical Co. Ltd	1		NCT05276609
DRG0TCBEP	Hertuzumab vedotin	Investigative	Investigative		Hertuzumab-vc-MMAE		Receptor tyrosine-protein kinase erbB-2 (HER2)	Microtubule (MT)	Hertuzumab	Monomethyl auristatin E	Mc-Val-Cit-PABC	Breast cancer Clinical candidate 3D	Rongchang Pharmaceuticals Ltd	0		
DRG0TCKKR	XMT-2175	Investigative	Investigative		XMT2175; XMT 2175		Undisclosed	Stimulator of interferon genes protein (STING1)	Undisclosed	STING agonist	Undisclosed Conjugate Type Immunosynthen.	Solid tumors Clinical candidate	Mersana Therapeutics, Inc	0		
DRG0TDXML	Epratuzumab-SN38	Phase1	Phase 1						Epratuzumab	Active metabolite of irinotecan SN38	CL2A			0		
DRG0TEQRI	MP-LGS-ADC	Phase1	Phase 1						Undisclosed	Undisclosed	Undisclosed			0		
DRG0TEQTA	CM-09	Investigative	Investigative		CM-09 (Curemeta); CM09; CM 09		Undisclosed		Undisclosed	Undisclosed	Undisclosed	Gastric cancer Clinical candidate Pancreatic cancer Clinical candidate Prostate cancer Clinical candidate	Curemetrix, Inc	0		
DRG0TEUSB	ANG-101	Investigative	Investigative		ANG101; ANG 101		Undisclosed		Undisclosed	Undisclosed	Undisclosed	Solid tumors Clinical candidate	Angiex, Inc	0		
DRG0TGZKY	AMT-151	Phase1	Phase 1		AMT 151; AMT-151; AMT151		Folate receptor alpha (FOLR1)	Microtubule (MT)	Ab-151	Duostatin 5	Undisclosed Conjugate Type Undisclosed General Information of The Activity Data 	Breast cancer; Phase 1 Clinical Trial Endometrial cancer; Phase 1 Clinical Trial Lung cancer; Phase 1 Clinical Trial Ovarian cancer; Phase 1 Clinical Trial Pancreatic cancer; Phase 1 Clinical Trial Pleura mesothelioma; Phase 1 Clinical Trial Solid tumor; Phase 1 Clinical Trial Drug-to-Antibody Ratio Undisclosed 3D	Multitude Therapeutics, Inc	1		NCT05498597
DRG0THGAW	Trastuzumab duocarmazine	Phase3	Phase 3		(vic-)trastuzumab-duocarmazine; Anti-HER2 ADC (Byondis); SYD 985; SYD-985; SYD985; Trastuzumab duocarmazine; Trastuzumab vc-seco-DUBA; Trastuzumab-SYD980; humanized monoclonal antibody conjugated to the pro-drug seco-duocarmycinhydroxyb		Receptor tyrosine-protein kinase erbB-2 (HER2)	Human Deoxyribonucleic acid (hDNA)	Trastuzumab	seco-DUBA	Mal-PEG2-Val-Cit-PABA-Cyclization Spacer	Breast cancer; Phase 3 Clinical Trial Endometrial cancer; Phase 2 Clinical Trial Gastric cancer; Phase 1 Clinical Trial Solid tumor; Phase 1 Clinical Trial Urothelial cancer; Phase 1 Clinical Trial Drug-to-Antibody Ratio 2.8 3D	Synthon BV; Byondis BV	8		NCT01042379; NCT02277717; NCT03262935; NCT04205630; NCT04235101; NCT04602117; NCT04983238
DRG0TIZXC	Trastuzumab botidotin	Approved	Approved (FDA): Oct, 2025	Sertaly	A 166; A-166; A166; KL-A166		Receptor tyrosine-protein kinase erbB-2 (HER2)	Microtubule (MT)	Trastuzumab	Duostatin 5	K-lock-Val-Cit-PABC	Head and neck cancer; Approved Approval Document Colorectal cancer; Phase 3 Clinical Trial Gastric cancer; Phase 3 Clinical Trial Lung cancer; Phase 3 Clinical Trial Oesophageal cancer; Phase 3 Clinical Trial Biliary tract cancer; Phase 2 Clinical Trial Breast cancer; Phase 2 Clinical Trial Solid tumor; Phase 2 Clinical Trial Drug-to-Antibody Ratio 2 3D	Sichuan Kelun Pharmaceutical Co., Ltd; Fudan University; KLUS Pharma, Inc; Levena Biopharma US, Inc	4	10.1038/s41523-023-00522-5.	NCT03602079; NCT05311397; NCT05346328
DRG0TJYIW	ORM-6151	Phase3	Phase 3		ORM 6151; ORM6151		Myeloid cell surface antigen CD33 (CD33)	Eukaryotic peptide chain release factor GTP-binding subunit ERF3A (GSPT1) Conjugate Type Undisclosed	OR000283	SMol006		Acute myeloid leukaemia; Phase 3 Clinical Trial Drug-to-Antibody Ratio 4	Orum Therapeutics, Inc	0		
DRG0TKVCB	Loncastuximab tesirine	Approved	Approved (FDA):Apr, 2021	Zynlonta	ADCT 402; ADCT-402; MT-2111; Anti-CD19-PBD-conjugate-ADC; Immunoglobulin g1-kappa; Lonca; Lonca-T; loncastuximab tesirine-lpyl		B-lymphocyte antigen CD19 (CD19)	Human Deoxyribonucleic acid (hDNA)	Loncastuximab	SG3199	Mal-PEG8-Val-Ala-PABC	Diffuse large B-cell lymphoma; Approved Approval Document Follicular lymphoma; Phase 2 Clinical Trial Unspecific non-hodgkin lymphoma; Phase 2 Clinical Trial Acute lymphoblastic leukemia; Phase 1 Clinical Trial Solid tumor; Phase 1 Clinical Trial Drug-to-Antibody Ratio 2.3 3D	ADC Therapeutics SA; BSP Pharmaceuticals SpA; Overland Pharmaceutical (Shanghai) Co., Ltd	5		NCT02669017; NCT02669264; NCT03589469
DRG0TMDEU	AMT-754	Phase1	Phase 1						Ab-754	Exatecan	T1000	Unspecific solid tumor		0		NCT06597721
DRG0TMDKY	AOC 1044	Investigative	Investigative		Antibody-targeted exon-skipping siRNA (Avidity Biosciences); Antibody-targeted exon-skipping siRNA (Avidity Biosciences)		Dystrophin (DMD)		Undisclosed	Undisclosed	Undisclosed	Duchenne muscular dystrophy Clinical candidate Muscular dystrophy Clinical candidate	Avidity Biosciences, Inc	0		
DRG0TMPMK	PHN-010	Phase1	Phase 1		PHN 010; PHN-010; PHN010		Undisclosed	DNA topoisomerase 1 (TOP1)	Undisclosed	DNA topoisomerase-I inhibitor	Undisclosed Conjugate Type Undisclosed	Cervical cancer; Phase 1 Clinical Trial Colorectal cancer; Phase 1 Clinical Trial Endometrial cancer; Phase 1 Clinical Trial Lung cancer; Phase 1 Clinical Trial Ovarian cancer; Phase 1 Clinical Trial Solid tumor; Phase 1 Clinical Trial Drug-to-Antibody Ratio 8	Pheon Therapeutics Ltd	0		
DRG0TNQTB	DXC1002	Phase1	Phase 1						Undisclosed	CPT113		Solid tumor		0		
DRG0TOMLD	GB7008-01-Val-Cit-MMAE	Investigative	Investigative		Anti-CLDN6 antibody drug conjugate (cancer); GB-7008-01 vcMMAE		Claudin-6 (CLDN6)	Microtubule (MT)	GB7008-01	Monomethyl auristatin E	Mc-Val-Cit-PABC	Ovarian cancer Clinical candidate Drug-to-Antibody Ratio 4 3D	Shanghai Genechem Co., Ltd	0		
DRG0TPQUN	9MW-2821	Phase2	Phase 1/2		9MW 2821; 9MW-2821; 9MW2821		Nectin-4 (NECTIN4)	Microtubule (MT)	Bulumtatug	Monomethyl auristatin E	IDM-Val-Cit-PBCA	Cervical cancer; Phase 3 Clinical Trial Urothelial cancer; Phase 3 Clinical Trial Solid tumor; Phase 2 Clinical Trial Drug-to-Antibody Ratio 4 3D	Jiangsu Maiweikang New Drug R & D Co., Ltd; Mabwell (Shanghai) Bioscience Co., Ltd	0		
DRG0TSLDF	SHR-A1921	Phase2	Phase 2		SHR A1921; SHR-A1921; SHRA1921; SHR-1921; SHR 1921; SHR1921		Tumor-associated calcium signal transducer 2 (TROP2)	DNA topoisomerase 1 (TOP1)	Tizetatug	SHR9265	Mc-Gly-Gly-Phe-Gly	Ovarian cancer; Phase 3 Clinical Trial Breast cancer; Phase 2 Clinical Trial Lung cancer; Phase 2 Clinical Trial Oral cavity cancer; Phase 2 Clinical Trial Solid tumor; Phase 1 Clinical Trial Drug-to-Antibody Ratio 4 3D	Suzhou Suncadia Biopharmaceuticals Co., Ltd; Shanghai Hengrui Pharmaceutical Co., Ltd	3		NCT05154604; NCT05594875; NCT05765032
DRG0TTTUA	SHR-A2009	Phase3	Phase 3		SHR A2009; SHR-A2009; SHRA2009		Receptor tyrosine-protein kinase erbB-3 (HER3)	DNA topoisomerase 1 (TOP1)	Ruzaltatug	9106-IM-2	Mc-Gly-Gly-Phe-Gly	Lung cancer; Phase 2 Clinical Trial Solid tumor; Phase 1 Clinical Trial Drug-to-Antibody Ratio 4	Suzhou Suncadia Biopharmaceuticals Co., Ltd	2		NCT05114759; NCT05394818
DRG0TUKTY	PRO-1184	Phase3	Phase 3						Rinatabart	Exatecan	Cys-11 ADC linker	Ovarian cancer		0		
DRG0TWLXC	SBT-6290	Phase2	Phase 1/2 (Terminated)		SBT 6290; SBT-6290; SBT6290		Nectin-4 (NECTIN4)	Toll-like receptor 8 (TLR8)	Undisclosed	TLR8 agonist	Undisclosed Conjugate Type Undisclosed	Breast cancer; Phase 2 Clinical Trial Head and neck cancer; Phase 2 Clinical Trial Lung cancer; Phase 2 Clinical Trial Urothelial cancer; Phase 2 Clinical Trial Drug-to-Antibody Ratio Undisclosed	Silverback Therapeutics, Inc; ARS Pharmaceuticals, Inc	0		
DRG0TZVTS	SYS6040	Phase1	Phase 1						Anti-DLL3 antibody	Undisclosed	A cleavable linker	Lung cancer		0		NCT06970795
DRG0TZZNJ	Mipasetamab uzoptirine	Phase1	Phase 1		ADCT 601; ADCT-601; ADCT601; BGB 601; BGB-601; BGB601; Mipasetamab uzoptirine		Tyrosine-protein kinase receptor UFO (AXL)	Human Deoxyribonucleic acid (hDNA)	Mipasetamab	SG3199	BCN-HydraSpace-Val-Ala-PABC	Solid tumor; Phase 1 Clinical Trial Drug-to-Antibody Ratio 2 3D	ADC Therapeutics SA; Overland Pharmaceutical (Shanghai) Co., Ltd	1		
DRG0UBSWW	SIM0610	Phase1	Phase 1						A bispecific anti-EGFR/c-Met bsAb	TOP1 inhibitor	A cleavable hydrophilic linker	Colorectal cancer		0		NCT07348211
DRG0UCTSX	RG-7600	Phase1	Phase 1						Humanized IgG1 anti-MSLN mAb h7D9.v3	Monomethyl auristatin E	Protease-labile valine-citrulline linker			0		
DRG0UEGSE	33B7-Saporin	Investigative	Investigative		Anti-PTGFRN antibody-drug conjugate (A&G Pharmaceutical); Anti-PTGFRN antibody-drug conjugate		Prostaglandin F2 receptor negative regulator (PTGFRN)	Microtubule (MT)	Anti-PTGFRN mAb 33B7	Saporin	Undisclosed Conjugate Type Saporin conjugated to the Fc region of 33B7.	Brain medulloblastoma Clinical candidate Pleural mesothelioma Clinical candidate	A&G Pharmaceutical, Inc	0		
DRG0UEVLW	TGW101	Phase1	Phase 1						Anti-TAG-72 antibody	MMAE	A cleavable linker	Oesophageal cancer		0		NCT06959706
DRG0UFAIG	SBE303	Phase1	Phase 1						Anti-Nectin-4 antibody	TOP1 inhibitor	Self-immolative OHPAS linker	Unspecific solid tumor		0		NCT07524348
DRG0UFZLI	NBE-001	Investigative	Investigative		NBE 001; NBE001		Undisclosed		Undisclosed	Undisclosed	Undisclosed Conjugate Type Site-specific SMAC-conjugation.	Multiple myeloma Clinical candidate	NBE-Therapeutics AG	0		
DRG0UGQRX	Enlimomab pegol	Phase1	Phase 1						Undisclosed	Undisclosed	Undisclosed			0		
DRG0UHEOR	HS-20089	Phase3	Phase 3		HS 20089; HS-20089; HS20089		V-set domain-containing T-cell activation inhibitor 1 (VTCN1)	DNA topoisomerase 1 (TOP1)	Undisclosed	DNA topoisomerase-I inhibitor	Undisclosed Conjugate Type Undisclosed General Information of The Activity Data 	Ovarian cancer; Phase 3 Clinical Trial Endometrial cancer; Phase 2 Clinical Trial Fallopian tube cancer; Phase 2 Clinical Trial Peritoneal cancer; Phase 2 Clinical Trial Solid tumor; Phase 1 Clinical Trial Drug-to-Antibody Ratio 6	Shanghai Hansoh Biomedical Co. Ltd	1		NCT05263479
DRG0UHUMZ	IBI-354	Phase3	Phase 3		IBI 354; IBI-354; IBI354		Receptor tyrosine-protein kinase erbB-2 (HER2)	DNA topoisomerase 1 (TOP1)	Trastuzumab	DX-8951 derivative (DXd)	"PODS-CHX-A""-DTPA"	Fallopian tube cancer; Phase 3 Clinical Trial Ovarian cancer; Phase 3 Clinical Trial Peritoneal cancer; Phase 3 Clinical Trial Solid tumor; Phase 2 Clinical Trial Drug-to-Antibody Ratio Undisclosed 3D	Innovent Biologics (Suzhou) Co. Ltd	0		
DRG0UHXQK	SYS6041	Phase1	Phase 1						A anti-FRα mAb	Exatecan	A cleavable linker	Unspecific solid tumor		0		
DRG0UIDCY	NJH-395	Phase1	Phase 1 (Terminated)		Immune stimulator antibody conjugate; NJH 395; NJH-395; NJH395		Receptor tyrosine-protein kinase erbB-2 (HER2)	Toll-like receptor 7 (TLR7)	Anti-HER2 NJH395 mAb	Tolllike receptor 7 agonist	Noncleavable linker	Solid tumor; Phase 1 Clinical Trial Drug-to-Antibody Ratio Undisclosed	Novartis Pharma AG	1	10.1158/1078-0432.CCR-18-3965.	NCT03696771
DRG0UIZFH	XB3-001	Investigative	Investigative		Melanotransferrin-trastuzumab conjugate (biOasis); MTf-TZM; MTfp-TZM; p97-trastuzumab conjugate (T)		Receptor tyrosine-protein kinase erbB-2 (HER2)		Undisclosed	Undisclosed	Undisclosed	Brain cancer Clinical candidate Glioblastoma Clinical candidate	Bioasis Technologies, Inc	0		
DRG0UJALJ	MSLN MMAE	Investigative	Investigative		MSLNMMAE; MSLN MMAE (Anwita Biosciences); MSLN-MMAE		Mesothelin (MSLN)	Microtubule (MT)	Undisclosed	Monomethyl auristatin E	Undisclosed	Pancreatic cancer Clinical candidate Platinum resistant ovarian cancer Clinical candidate 3D	Anwita Biosciences, Inc	0		
DRG0UJMPA	BA-1302	Phase1	Phase 1		BA 1302; BA-1302; BA1302		Melanotransferrin (MELTF)	Microtubule (MT) Conjugate Type Undisclosed Combination Type BNLD11	Undisclosed	Monomethyl auristatin E		Breast cancer; Phase 1 Clinical Trial Lung cancer; Phase 1 Clinical Trial Melanoma; Phase 1 Clinical Trial Pancreatic cancer; Phase 1 Clinical Trial Drug-to-Antibody Ratio 4 3D	Shandong Boan Biotechnology Co., Ltd; Luye Pharma Group Ltd	0		
DRG0UJUZQ	GQ-1007	Phase1	Phase 1 (Terminated)		GQ 1007; GQ-1007; GQ1007		Receptor tyrosine-protein kinase erbB-2 (HER2)	Toll-like receptor 7 (TLR7); Toll-like receptor 8 (TLR8) Conjugate Type Undisclosed	Undisclosed	TLR7/8 agonist		Solid tumor; Phase 1 Clinical Trial Drug-to-Antibody Ratio Undisclosed	GeneQuantum Healthcare (Suzhou) Co. Ltd; Borui Biomedical Technology (Suzhou) Co., Ltd	0		
DRG0ULCEQ	Rovalpituzumab tesirine	Phase3	Phase 3 (Terminated)		P256HB60FF; Rova-T; Rovalpituzumab tesirine; SC-0002; SC0001-SCX; SC0001SCX; SC16LD6.5		Delta-like protein 3 (DLL3)	Human Deoxyribonucleic acid (hDNA)	Rovalpituzumab	SG3199	Mal-PEG8-Val-Ala-PABC	Lung cancer; Phase 2 Clinical Trial Solid tumor; Phase 2 Clinical Trial Drug-to-Antibody Ratio 2 3D	AbbVie, Inc	6		NCT02674568; NCT02709889; NCT02819999; NCT03000257; NCT03033511
DRG0ULJQN	OBT207	Investigative	Investigative		OBT-207; OBT 207		Undisclosed		Undisclosed	Undisclosed	Undisclosed	Solid tumors Clinical candidate	Oxford BioTherapeutics Ltd	0		
DRG0UPZCS	MGC026	Phase1	Phase 1						Vobramitamab	Exatecan	Bicyclononyne carbamoyl sulfamide Val-Ala-PABC	Unspecific solid tumor		0		NCT06242470
DRG0UQTJG	Lifastuzumab vedotin	Phase2	Phase 2 (Terminated)		Anti-NaPi2b ADC; DNIB-0600A; DNIB0600A; LIFA; Lifastuzumab vedotin; NaPi2b-ADC; NaPi3b; RG-7599; RG7599, DNIB-0600A; RO-5541081		Sodium-dependent phosphate transport protein 2B (SLC34A2)	Microtubule (MT)	Lifastuzumab	Monomethyl auristatin E	Mc-Val-Cit-PABC	Fallopian tube cancer; Phase 2 Clinical Trial Peritoneal cancer; Phase 2 Clinical Trial Lung cancer; Phase 1 Clinical Trial Ovarian cancer; Phase 1 Clinical Trial Drug-to-Antibody Ratio 3 to 4 3D	Genentech, Inc; Roche Holding AG; Roche Holding AG	7		NCT01363947; NCT01911598; NCT01991210; NCT01995188
DRG0UQXWB	BI-CON-02	Phase1	Phase 1 (Terminated)		BI-CON-02; BI CON 02; BICON02		Receptor tyrosine-protein kinase erbB-2 (HER2)		Trastuzumab	Undisclosed	Undisclosed Conjugate Type Undisclosed General Information of The Activity Data 	Breast cancer; Phase 1 Clinical Trial Drug-to-Antibody Ratio Undisclosed	BioIntegrator LLC	1		NCT03062007
DRG0USADY	DXC004	Phase1	Phase 1						Nimotuzumab derivative	Tubulysin B analog	Undisclosed	Unspecific solid tumor		0		
DRG0USIEY	DA-3501	Phase1	Phase 1						Anti-CLDN18.2 antibody	Undisclosed	Undisclosed	Gastroesophageal junction adenocarcinoma		0		NCT07481357
DRG0USILO	TAC-001	Phase2	Phase 1/2		CD22 targeting TRAAC-Tallac Therapeutics; TAAC-001; TAC 001; TAC-001		B-cell receptor CD22 (CD22)	Toll-like receptor 9 (TLR9)	Mozistobart	Differentiated TLR-9 agonist (T-CpG)	Undisclosed Conjugate Type Undisclosed Combination Type zoratolimod General Info	Solid tumor; Phase 2 Clinical Trial Drug-to-Antibody Ratio Undisclosed	Tallac Therapeutics, Inc	1		NCT05399654
DRG0UTRTT	<sup>124</sup>I-scFvD2B	Investigative	Investigative						Anti-PSMA scFv	Iodine I-124	Undisclosed	Prostate cancer		0		
DRG0UTYGF	Trastuzumab-deBouganin	Investigative	Investigative		Anti-HER2 single-chain Fv dimer-deBouganin ADC (Sesen Bio/AviPep); T-deB		Receptor tyrosine-protein kinase erbB-2 (HER2)	Microtubule (MT)	Trastuzumab	DeBouganin	Undisclosed	Breast cancer Clinical candidate	Viventia Bio, Inc; Avipep Pty Ltd; Sesen Bio, Inc	0		
DRG0UUEEH	SC-002	Phase1	Phase 1 (Terminated)		SC 002; SC-002; SC002		Delta-like protein 3 (DLL3)	Human Deoxyribonucleic acid (hDNA) Conjugate Type Undisclosed TTD ID D0D4OL ChEBI ID CHEMBL3990011 General Information of The Activity Data Related to This ADC Identified from the Human Clinical Data Standard Type NCT Number Clinical Status Clinical Trial Description Objective Response Rate (ORR) NCT02500914 Phase 1a/1b A phase 1a/1b dose escalation and expansion study of single-agent SC-002 in subjects with relapsed or refractory small cell lung cancer and large cell neuroendocrine carcinoma. Undisclosed NCT02500914 Phase 1 A phase 1a/1b dose escalation and expansion study of single-agent SC-002 in subjects with relapsed or refractory small cell lung cancer and large cell neuroendocrine carcinoma. Full List of Activity Data of This Antibody-drug Conjugate Identified from the Human Clinical Data Experiment 1 Reporting the Activity Date of This ADC [ 1 ] Efficacy Data Objective Response Rate (ORR) 14.29% Patients Enrolled Small-cell lung cancer (either limited or extensive disease) or large cell neuroendocrine carcinoma that had relapsed or was refractory to treatment following 1 prior systemic chemotherapy and for which no curative therapy was available were eligible for the phase 1a dose-escalation. Administration Dosage 7 dose levels (0.025-0.40 mg/kg), 3+3 design. Related Clinical Trial NCT Number NCT02500914 Clinical Status Phase 1a/1b Clinical Description A phase 1a/1b dose escalation and expansion study of single-agent SC-002 in subjects with relapsed or refractory small cell lung cancer and large cell neuroendocrine carcinoma. Primary Endpoint All patients (N = 35) were included in response analyses. Five patients (14.29%) overall achieved a PR per investigator assessment,with no patients achieving a CR. One patient each had a PR in the 0.20 and 0.30 mg/kg Q3W dose groups, and 3 patients in the 0.40 mg/kg Q9W dose group, fourteen (40.00%) patients achieved stable disease as their best overall response,and 5 had no or an non-evaluable posttreatment scan. Other Endpoint Nineteen patients had tumor samples that were able to be assessed for DLL3 expression by immunohistochemistry. DLL3-positive expression by immunohistochemistry (DLL3 >0%) was confirmed in 17 patients; 5 were DLL3 high (75.00% DLL3 positive cells). Of DLL3-positive patients, 2 (11.80%) achieved a PR, including 1 patient in the 0.20 mg/kg Q3W cohort and 1 DLL3-high patient in the 0.40 mg/kg Q9W cohort. Experiment 2 Reporting the Activity Date of This ADC [ 2 ] Related Clinical Trial NCT Number NCT02500914 Clinical Status Phase 1 Clinical Description A phase 1a/1b dose escalation and expansion study of single-agent SC-002 in subjects with relapsed or refractory small cell lung cancer and large cell neuroendocrine carcinoma. References Ref 1 SC-002 in patients with relapsed or refractory small cell lung cancer and large cell neuroendocrine carcinoma: Phase 1 study. Lung Cancer. 2020 Jul;145:126-131. Ref 2 A Phase 1a/1b Dose Escalation and Expansion Study of Single-agent SC-002 in Subjects With Relapsed or Refractory Small Cell Lung Cancer and Large Cell Neuroendocrine Carcinoma, NCT02500914	Rovalpituzumab	SG3199		Lung cancer; Phase 1 Clinical Trial Drug-to-Antibody Ratio 2 3D	Stemcentrx, Inc; AbbVie, Inc	2		NCT02500914
DRG0UUFIR	SYD998	Investigative	Investigative		WO2015177360A1_ADC-wt; SYD 998; SYD-998		Glutamate carboxypeptidase 2 (FOLH1)	Human Deoxyribonucleic acid (hDNA)	Anti-PSMA mAb wt	seco-DUBA	Mal-PEG2-Val-Cit-PABA-Cyclization Spacer	Prostate cancer; Investigative Drug-to-Antibody Ratio 1.8 3D	Byodes Private Ltd	1		
DRG0UUOGO	TORL-2-307-ADC	Phase1	Phase 1		TORL-2-307 ADC; TORL-2-307- ADC; TORL-2-307- ADC, TORL-2-307-MAB; TORL-2-307-ADC; TORL-2-307-MAB		Claudin-18.2 (CLDN18.2)	Microtubule (MT) Conjugate Type Undisclosed General Information of The Activity Data Related to This ADC Identified from the Human Clinical Data Standard Type NCT Number Clinical Status Clinical Trial Description Undisclosed NCT05156866 Phase 1 A phase 1, first in human, dose-escalation study of TORL-2-307-ADC in participants with advanced cancer. Full List of Activity Data of This Antibody-drug Conjugate Identified from the Human Clinical Data Experiment 1 Reporting the Activity Date of This ADC [ 1 ] Related Clinical Trial NCT Number NCT05156866 Clinical Status Phase 1 Clinical Description A phase 1, first in human, dose-escalation study of TORL-2-307-ADC in participants with advanced cancer. References Ref 1 A Phase 1, First in Human, Dose-Escalation Study of TORL-2-307-ADC in Participants With Advanced Cancer	Undisclosed	Monomethyl auristatin E		Solid tumor; Phase 1 Clinical Trial Drug-to-Antibody Ratio Undisclosed 3D	TORL Biotherapeutics LLC	1		NCT05156866
DRG0UVYLY	SYS6005	Phase1	Phase 1						anti-ROR1 Fc-silenced mAb	MMAE	A cleavable linker	Unspecific solid tumor		0		NCT06958679
DRG0UWYXJ	ALTA-002	Phase1	Phase 1		ALTA 002; ALTA-002; Anti-SIRPa antibody conjugated toll-like receptor 9 agonists-ALX Oncology/Tallac Therapeutics; TAC002		Leukocyte surface antigen CD47 (CD47)	Toll-like receptor 9 (TLR9)	Anti-CD47 ALTA-002 mAb	Differentiated TLR-9 agonist (T-CpG)	Undisclosed Conjugate Type Undisclosed	Solid tumor Phase 1 Related Report Drug-to-Antibody Ratio Undisclosed	ALX Oncology, Inc; Tallac Therapeutics, Inc	0		
DRG0UYIOG	YL-212	Investigative	Investigative		YL212; YL 212		Delta-like protein 3 (DLL3)		Undisclosed	Undisclosed	Undisclosed Conjugate Type MediLinks proprietary TAMLIN platform.	Small cell lung cancer Clinical candidate	Suzhou Medilink Therapeutics Ltd; Zai Lab Ltd	0		
DRG0UZQBB	NOV0712-DXd	Investigative	Investigative		NOV0712 DXd		Cadherin-6 (CDH6)	DNA topoisomerase 1 (TOP1)	Anti-CDH6 mAb NOV0712	DX-8951 derivative (DXd)	Mc-Gly-Gly-Phe-Gly	Ovarian cancer; Investigative Renal cell carcinoma; Investigative Drug-to-Antibody Ratio 7.8 3D	Daiichi Sankyo Co., Ltd	1		
DRG0VFBIW	AMG-224	Phase1	Phase 1 (Terminated)		AMG 224; AMG-224; AMG22 4; AMG224		Tumor necrosis factor receptor superfamily member 17 (TNFRSF17)	Microtubule (MT) Conjugate Type Undisclosed Puchem SID 472418778 , 440234651 ChEBI ID CHEMBL4594520 General Information of The Activity Data Related to This ADC Identified from the Human Clinical Data Standard Type NCT Number Clinical Status Clinical Trial Description Objective Response Rate (ORR) NCT02561962 Phase 1 A phase 1 first in human study evaluating the safety, tolerability, pharmacokinetics and pharmacodynamics of AMG 224 in subjects with relapsed or refractory multiple myeloma. Undisclosed NCT02561962 Phase 1 A phase 1 first in human study evaluating the safety, tolerability, pharmacokinetics and pharmacodynamics of AMG 224 in subjects with relapsed or refractory multiple myeloma. Full List of Activity Data of This Antibody-drug Conjugate Identified from the Human Clinical Data Experiment 1 Reporting the Activity Date of This ADC [ 1 ] Efficacy Data Objective Response Rate (ORR) 23.00% (heavily pretreated population of patients with R/R MM with a median of seven lines of prior therapy) 60.00% (in a phase 1 trial of GSK2857916) Patients Enrolled Relapsed or refractory (R/R) multiple myeloma (MM). Administration Dosage Every 3 weeks (Q3W) at prespecified doses of 30-300 mg in a 3+3 design. Related Clinical Trial NCT Number NCT02561962 Clinical Status Phase 1 Clinical Description A phase 1 first in human study evaluating the safety, tolerability, pharmacokinetics and pharmacodynamics of AMG 224 in subjects with relapsed or refractory multiple myeloma. Primary Endpoint AmG 224 was generally well tolerated up to 190 mg Q3W. Other Endpoint ORR=23.00% (95% CI,11.00-39.00%), including six responses in dose escalation and three responses in the dose expansion. Two (5.00%) patients were CR and 7 (18.00%) patients were PR. Experiment 2 Reporting the Activity Date of This ADC [ 2 ] Related Clinical Trial NCT Number NCT02561962 Clinical Status Phase 1 Clinical Description A phase 1 first in human study evaluating the safety, tolerability, pharmacokinetics and pharmacodynamics of AMG 224 in subjects with relapsed or refractory multiple myeloma. References Ref 1 Phase 1 study of the anti-BCMA antibody-drug conjugate AMG 224 in patients with relapsed/refractory multiple myeloma. Leukemia. 2021 Jan;35(1):255-258. Ref 2 A Phase 1 First in Human Study Evaluating the Safety, Tolerability, Pharmacokinetics and Pharmacodynamics of AMG 224 in Subjects With Relapsed or Refractory Multiple Myeloma, NCT02561962	Anti-human BCMA IgG1 Anti-ody	Mertansine DM1		Multiple myeloma; Phase 1 Clinical Trial Drug-to-Antibody Ratio Undisclosed 3D	Amgen, Inc	2		NCT02561962
DRG0VFEIE	BR111	Phase1	Phase 1						A anti-ROR1 mAb	Eribulin	Undisclosed	Unspecific solid tumor		0		NCT06937957
DRG0VFTUI	LY256787	Phase1	Phase 1						KS1/4	4-desacetylvinblastine (DAVLB)	A cleavable linker	Unspecific solid tumor		0		
DRG0VGXGH	CD4-BFFI	Investigative	Investigative		AntiCD mAb 6314+T561; CD4 BFFI; CD4BFFI		T-cell surface glycoprotein CD4 (CD4)	Envelope glycoprotein gp160 (env)	Anti-CD4 mAb 6314	T-651 similar fusion inhibitor	Undisclosed TTD ID D0D9KK	HIV Infection Clinical candidate	Roche Holding AG	0		
DRG0VHHWJ	OBI-998	Investigative	Investigative		OBI 998; OBI998		Stage-specific embryonic antigen-4 (SSEA-4)	Microtubule (MT)	OBI-898	Monomethyl auristatin E	Maleimide and PEGylated cleavable linker Info	Non-small cell lung cancer Clinical candidate 3D	OBI Pharma, Inc	0		
DRG0VHRBL	RC-88	Phase2	Phase 1/2		RC 88; RC-88; RC-88 ADC; RC88		Mesothelin (MSLN)	Microtubule (MT)	Misitatug	Monomethyl auristatin E	Mc-Val-Cit-PABC	Breast cancer; Phase 2 Clinical Trial Fallopian tube cancer; Phase 2 Clinical Trial Gastric cancer; Phase 2 Clinical Trial Lung cancer; Phase 2 Clinical Trial Ovarian cancer; Phase 2 Clinical Trial Pancreatic cancer; Phase 2 Clinical Trial Peritoneal cancer; Phase 2 Clinical Trial Pleura mesothelioma; Phase 2 Clinical Trial Solid tumor; Phase 1 Clinical Trial Drug-to-Antibody Ratio 4 3D	RemeGen Co., Ltd	3		NCT04175847; NCT05508334
DRG0VHVOA	TUB-030	Phase2	Phase 1/2		TUB 030; TUB-030; TUB030		Trophoblast glycoprotein (TPBG)	DNA topoisomerase 1 (TOP1) Conjugate Type Undisclosed Combination Type tubutecan	Undisclosed	Exatecan		Breast cancer; Phase 2 Clinical Trial Colorectal cancer; Phase 2 Clinical Trial Head and neck cancer; Phase 2 Clinical Trial Lung cancer; Phase 2 Clinical Trial Solid tumor; Phase 2 Clinical Trial Drug-to-Antibody Ratio 8 3D	Tubulis GmbH	0		
DRG0VHXYA	GQ-1005	Phase3	Phase 3		GQ 1005; GQ-1005; GQ1005		Receptor tyrosine-protein kinase erbB-2 (HER2)	DNA topoisomerase 1 (TOP1) Conjugate Type Undisclosed	Undisclosed	DX-8951 derivative (DXd)		Breast cancer; Phase 3 Clinical Trial Solid tumor; Phase 1 Clinical Trial Drug-to-Antibody Ratio 4 3D	GeneQuantum Healthcare (Suzhou) Co. Ltd	0		
DRG0VIMVV	ALX2004	Phase1	Phase 1						Anti-EGFR antibody	TOP1 inhibitor	Undisclosed	Oesophageal cancer		0		NCT07085091
DRG0VIUMF	M-9140	Phase2	Phase 1/2		M 9140; M-9140; M9140		Carcinoembryonic antigen-related cell adhesion molecule 5 (CEACAM5)	DNA topoisomerase 1 (TOP1)	Undisclosed	Exatecan	Mal-glucuronide-PABC	Gastric cancer; Phase 2 Clinical Trial Lung cancer; Phase 2 Clinical Trial Pancreatic cancer; Phase 2 Clinical Trial Solid tumor; Phase 2 Clinical Trial Colorectal cancer; Phase 1 Clinical Trial Drug-to-Antibody Ratio 8 3D	Merck KGaA; EMD Serono Research & Development Institute, Inc	0		
DRG0VJOET	Moxetumomab pasudotox	Approved	Approved (FDA): Sep, 2018	Lumoxiti	HA22; CAT- 8015; GCR-8015; R490A		B-cell receptor CD22 (CD22)	Eukaryotic elongation factor 2 (EEF2)	Moxetumomab	Pseudomonas exotoxin PE38	Mc-Val-Cit-PABC	Hairy cell leukemia; Approved Approval Document Acute lymphoblastic leukemia; Phase 2 Clinical Trial Chronic lymphocytic leukemia; Phase 2 Clinical Trial Unspecific non-hodgkin lymphoma; Phase 2 Clinical Trial Prolymphocytic leukemia; Phase 1 Clinical Trial Drug-to-Antibody Ratio Undisclosed	AstraZeneca PLC	7		NCT00462189; NCT00586924; NCT00659425; NCT01829711; NCT01891981; NCT02227108
DRG0VJROY	SGN-B6A	Phase3	Phase 3		PF-08046047; SGN-B6A; SGNB6A; Sigvotatug Vedotin; humanized IgG1 beta-6 monoclonal antibody conjugated to monomethyl auristatin E		Integrin beta-6 (ITGB6)	Microtubule (MT)	Sigvotatug	Monomethyl auristatin E	Mc-Val-Cit-PABC	Lung cancer; Phase 3 Clinical Trial Gastric cancer; Phase 1 Clinical Trial Head and neck cancer; Phase 1 Clinical Trial Oesophageal cancer; Phase 1 Clinical Trial Drug-to-Antibody Ratio 4 3D	Seagen Inc	1		NCT04389632
DRG0VKEZC	BL-M005	Investigative	Investigative		BLM005; BL M005		Undisclosed		Undisclosed	Undisclosed	Undisclosed	Breast cancer Clinical candidate Non-small cell lung cancer Clinical candidate	Sichuan Biokin Pharmaceutical Co., Ltd	0		
DRG0VNZZZ	PF-06688992	Phase1	Phase 1 (Terminated)		GD3 ADC; PF 06688992; PF-06688992; PF06688992		Ganglioside GD3	Unclear	Undisclosed	PF-06464368	Undisclosed Conjugate Type Undisclosed Puchem SID 402426011 , 472420097 , 440234	Melanoma; Phase 1 Clinical Trial Drug-to-Antibody Ratio Undisclosed	Pfizer Inc; Memorial Sloan-Kettering Cancer Center	1		NCT03159117
DRG0VOIMW	BSI-709	Investigative	Investigative		BSI 709; BSI709		Cadherin-6 (CDH6)		Undisclosed	Undisclosed	Undisclosed	Solid tumors Clinical candidate	Biosion, Inc; ImmunoGen, Inc	0		
DRG0VSEXE	MG2001	Phase1	Phase 1						Undisclosed	Undisclosed	Undisclosed	Tumor		0		
DRG0VSGFV	BRKB-28	Investigative	Investigative		BRKB28; BRKB 28		Undisclosed		Undisclosed	Undisclosed	Undisclosed	Breast cancer Clinical candidate Gastric cancer Clinical candidate	Brickbio, Inc	0		
DRG0VULUJ	TQB2101	Phase1	Phase 1						Anti-ROR1 antibody	Undisclosed	Undisclosed	Colorectal cancer		0		NCT06948539; NCT07113925
DRG0VURPQ	NC-6201	Investigative	Investigative		E-7974+NCAB-001 (Nanocarrier); E-7974/NCAB-001 (Nanocarrier); NC6201; NC 6201		Epidermal growth factor receptor (EGFR)	Microtubule (MT)	NCAB001	E7974	Undisclosed	Solid tumors Clinical candidate 3D	NanoCarrier Co., Ltd	0		
DRG0VVKYV	FZ-AD005	Phase1	Phase 1						Anti-DLL3 antibody	DXd	Mc-Val-Ala-PABC double self-immolative linker	Brain cancer		0		NCT06424665; NCT07455045
DRG0VWNGX	BIO-201	Investigative	Investigative		BIO201; BIO 201; BIO-201 (BiOneCure Therapeutics)		Undisclosed		Undisclosed	Undisclosed	Undisclosed	Solid tumors Clinical candidate	BiOneCure Therapeutics, Inc	0		
DRG0VWODF	Anetumab corixetan	Investigative	Investigative		BAY 2287409; BAY-2287409; BAY2287409		Mesothelin (MSLN)		Anetumab	Undisclosed	Undisclosed Combination Type Corixetan	Solid tumors Clinical candidate	Bayer AG	0		
DRG0VXXXS	BIO105	Investigative	Investigative		BIO-105; BIO 105		Undisclosed		Undisclosed	Undisclosed	Undisclosed	Neoplasms (; Investigative)	Boostimmune, Inc	0		
DRG0VYGBA	Araris ADC	Investigative	Investigative		Anti-Nectin-4 ADC(Araris Biotech); ArarisADC; Araris-ADC		Nectin-4 (NECTIN4)	Microtubule (MT)	Enfortumab	Monomethyl auristatin E	Cathepsin B cleavable linker Conjugate Type Site-specific enzymatic conjugation 	Breast cancer Clinical candidate Drug-to-Antibody Ratio 2 3D	Araris Biotech AG	0		
DRG0VYGGK	BMS-986148	Phase2	Phase 1/2 (Terminated)		BMS 986148; BMS-986148; Mesothelin-ADC		Mesothelin (MSLN)	Microtubule (MT)	BMS-986021	Tubulysin	Mc-Val-Cit	Solid tumor; Phase 1 Clinical Trial Drug-to-Antibody Ratio 3	Bristol Myers Squibb Co	3		NCT02341625; NCT02884726
DRG0VYKSA	LM-305	Phase2	Phase 1/2		LM 305; LM-305; LM305; AZD-0305; AZD 0305; AZD0305		G-protein coupled receptor family C group 5 member D (GPRC5D)	Microtubule (MT)	Undisclosed	Monomethyl auristatin E	Mc-Val-Cit-PABC	Multiple myeloma; Phase 2 Clinical Trial Drug-to-Antibody Ratio 4 3D	LaNova Medicines Ltd; AstraZeneca PLC	1		
DRG0WBCEJ	Vas-201	Investigative	Investigative		Vas 201; Vas201		Undisclosed		Undisclosed	Undisclosed	Undisclosed	Solid tumors (; Investigative)	VasGene Therapeutics, Inc	0		
DRG0WCBFK	Cirmtuzumab vedotin	Investigative	Investigative		UC-961ADC3		Inactive tyrosine-protein kinase transmembrane receptor ROR1 (ROR1)	Microtubule (MT)	Cirmtuzumab	Monomethyl auristatin E	Lysine-linker	B-cell chronic lymphocytic leukemia Clinical candidate Breast cancer Clinical candidate Castration-resistant prostatic c	University of California; Oncternal Therapeutics, Inc	0		
DRG0WCTHL	Pivekimab sunirine	Phase2	Phase 1/2		IMGN 632; IMGN-632; IMGN632; Pivekimab sunirine		Interleukin-3 receptor subunit alpha (IL3RA)	Human Deoxyribonucleic acid (hDNA)	Pivekimab	sulfonated DGN462	Mal-adipamide-Ala-Ala	Acute lymphoblastic leukemia; Phase 2 Clinical Trial Acute myeloid leukaemia; Phase 2 Clinical Trial Unspecific non-hodgkin lymphoma; Phase 2 Clinical Trial Drug-to-Antibody Ratio 2	ImmunoGen, Inc	0		
DRG0WCYUM	Lupartumab amadotin	Phase1	Phase 1 (Terminated)		Anti-C4.4a antibody-drug conjugates; Anti-LY6-PLAUR domain containing 3 antibody-drug conjugates; Anti-LYPD3 antibody-drug conjugates; BAY 1129980; BAY-1129980; BAY1129980; LYPD3 protein-directed antibody-drug conjugates; Lupartumab amadotin		Ly6/PLAUR domain-containing protein 3 (LYPD3)	Microtubule (MT)	Lupartumab	Auristatin W	Mc-hydrazide linker	Solid tumor; Phase 1 Clinical Trial Drug-to-Antibody Ratio 4	Bayer AG	0		
DRG0WEEMU	AT-03	Phase1	Phase 1						Anti-CLDN6 antibody	TCS132 (AxcynDOT)	A cleavable linker	Oesophageal cancer		0		NCT06809114
DRG0WEGRW	MGTA-C100	Investigative	Investigative		MGTAC100; MGTA C100; Anti-CD45 antibody-drug conjugate (Magenta Therapeutics); anti-CD45 antibody-drug conjugate (Magenta Therapeutics)		Receptor-type tyrosine-protein phosphatase C (PTPRC)		Undisclosed	Undisclosed	Undisclosed	Acute myeloid leukaemia Clinical candidate Arteriosclerosis Clinical candidate Bone marrow transplant rejection Clinical	Magenta Therapeutics, Inc	0		
DRG0WFJHW	BAT-8009	Phase1	Phase 1						Undisclosed	Exatecan		Solid tumor		0		
DRG0WGVKF	FS-1502	Phase3	Phase 3		FS-1502; Herceptin-LC-LBG-MMAF; IKS 014; IKS-014; IKS014; LCB14; LCB14-0110; Trastuzumab-LC-LBG-MMAF		Receptor tyrosine-protein kinase erbB-2 (HER2)	Microtubule (MT) Conjugate Type Enzymatic Catalysis Combination Type mafodotin	Trastuzumab	Monomethyl auristatin F		Breast cancer; Phase 3 Clinical Trial Solid tumor; Phase 1 Clinical Trial Drug-to-Antibody Ratio 2 3D	Iksuda Therapeutics; Shanghai Fosun Pharmaceutical	0		
DRG0WIBDT	HDP-101	Phase2	Phase 1/2		HDP 101; HDP-101; HDP101		Tumor necrosis factor receptor superfamily member 17 (TNFRSF17)	DNA-directed RNA polymerase II subunit RPB2 (POLR2B); DNA-directed RNA polymerase III subunit RPC7 (POLR3G)	J22.9-ISY	HDP 30.2115	Mal-Val-Ala-PAB	Multiple myeloma; Phase 2 Clinical Trial Drug-to-Antibody Ratio 2 3D	Heidelberg Pharma AG; Huadong Medicine Co., Ltd; Hangzhou Zhongmeihuadong Pharmaceutical Co., Ltd; Heidelberg Pharma Research GmbH	1		
DRG0WIVJB	SYD1035	Investigative	Investigative		WO2015177360A1_ADC-HC120; SYD 1035; SYD-1035		Glutamate carboxypeptidase 2 (FOLH1)	Human Deoxyribonucleic acid (hDNA)	Anti-PSMA mAb wt HC T120C	seco-DUBA	Mal-PEG2-Val-Cit-PABA-Cyclization Spacer	Prostate cancer; Investigative Drug-to-Antibody Ratio 1.8 3D	Byodes Private Ltd	1		
DRG0WJKRI	DS-6157a	Phase1	Phase 1 (Terminated)		DS 6157a; DS-6157; DS-6157a; DS6157a		G-protein coupled receptor 20 (GPR20)	DNA topoisomerase 1 (TOP1)	Undisclosed	DX-8951 derivative (DXd)	Mc-Gly-Gly-Phe-Gly	Solid tumor; Phase 1 Clinical Trial Drug-to-Antibody Ratio 8 3D	Daiichi Sankyo Inc	1	10.1158/1078-0432.CCR-23-0640.	NCT04276415
DRG0WJWEG	AGS-67E	Phase1	Phase 1 (Terminated)		AGS 67E; AGS-67E; AGS67E		Leukocyte antigen CD37 (CD37)	Microtubule (MT)	AGS67C	Monomethyl auristatin E	Mc-Val-Cit-PABC	Acute myeloid leukaemia; Phase 1 Clinical Trial Chronic lymphocytic leukemia; Phase 1 Clinical Trial Hairy cell leukemia; Phase 1 Clinical Trial Prolymphocytic leukemia; Phase 1 Clinical Trial Unspecific non-hodgkin lymphoma; Phase 1 Clinical Trial Drug-to-Antibody Ratio 2.3 3D	Agensys, Inc	3		NCT02175433; NCT02610062
DRG0WLYOR	MLN2704	Phase2	Phase 2						MLN591	Mertansine DM1	Thiopentanoate linker	Prostate cancer		0		
DRG0WMPDO	<sup>111</sup>In-DOTA-5D3	Investigative	Investigative						Anti-PSMA mAb 5D3	Indium-111	Tetraxetan	Prostate cancer		0		
DRG0WNUZE	IMB-213I	Investigative	Investigative		IMB 213I; IMB213I		Undisclosed		Undisclosed	Undisclosed	Undisclosed	Solid tumors Clinical candidate	ImmunoBiochem Corp	0		
DRG0WNVBV	ICP-B794	Phase1	Phase 1						Anti-B7H3 antibody	TOP1 inhibitor	A cleavable linker	Unspecific solid tumor		0		NCT07136558
DRG0WOBTH	DS-3939	Phase2	Phase 2						Gatipotuzumab	DX-8951 derivative (DXd)	Mc-Gly-Gly-Phe-Gly	Solid tumor		0		
DRG0WOJVL	BB-1701	Phase2	Phase 2		BB 1701; BB-1701; BB1701		Receptor tyrosine-protein kinase erbB-2 (HER2 exon 20)	Microtubule (MT)	Undisclosed	Eribulin	Mc-PEG2-Val-Cit-PABC	Breast cancer; Phase 2 Clinical Trial Solid tumor; Phase 1 Clinical Trial Drug-to-Antibody Ratio 4 3D	Baili Sikang Biomedicine (Hangzhou) Co., Ltd	1		NCT04257110
DRG0WOUMV	RG-7841	Phase1	Phase 1						MLYE4489A	Monomethyl auristatin E	Mc-Val-Cit-PABC	Solid tumor		0		
DRG0WPYAS	BSI-04702	Phase2	Phase 2						R4702	Exatecan	Mal-PEG24-Val-Ala-PABC	Solid tumor		0		
DRG0WRFYU	PF-06650808	Phase1	Phase 1 (Terminated)		PF 6650808; PF-06650808; PF-6650808		Neurogenic locus notch homolog protein 3 (NOTCH3)	Microtubule (MT)	Anti-NOTCH3 mAb hu28	Auristatin 0101	Mc-Val-Cit-PABC	Breast cancer; Phase 1 Clinical Trial Solid tumor; Phase 1 Clinical Trial Drug-to-Antibody Ratio 4 3D	Pfizer Inc	2		NCT02129205
DRG0WVXVY	DK-410	Investigative	Investigative		DK410; DK 410		Mucosal vascular addressin cell adhesion molecule 1 (MADCAM1)		Undisclosed	Undisclosed	Undisclosed Conjugate Type Diakines.	Crohn disease Clinical candidate Psoriasis Clinical candidate Rheumatoid arthritis Clinical candidate Sepsis Clinical ca	Deka Biosciences, Inc	0		
DRG0WWBVZ	BC3195	Phase1	Phase 1		BC-3195; BC 3195; BC3195		Cadherin-3 (CDH3)	Microtubule (MT) Conjugate Type Undisclosed	Undisclosed	Monomethyl auristatin E		Solid tumor; Phase 1 Clinical Trial Drug-to-Antibody Ratio Undisclosed 3D	Wuxi Biocity Biopharmaceutics Co., Ltd	0		
DRG0WWZAS	SYS6010	Phase3	Phase 3		SYS 6010; SYS-6010; SYS6010; CPO 301; CPO-301; CPO301		Epidermal growth factor receptor (EGFR)	DNA topoisomerase 1 (TOP1) Conjugate Type Undisclosed	Undisclosed	JS-1		Lung cancer; Phase 3 Clinical Trial Breast cancer; Phase 2 Clinical Trial Solid tumor; Phase 2 Clinical Trial Drug-to-Antibody Ratio 8	CSPC Pharmaceutical Group Ltd	0		
DRG0WXNKG	JBH-492	Phase1	Phase 1 (Terminated)		Anti-CCR7 antibody-drug conjugate - Novartis Pharmaceuticals; JBH 492; JBH-492; JBH492		C-C chemokine receptor type 7 (CCR7)	Microtubule (MT) Conjugate Type Undisclosed	A humanized Fc-silenced anti-CCR7 IgG1 antibody	Mertansine DM4		Chronic lymphocytic leukemia; Phase 1 Clinical Trial Unspecific non-hodgkin lymphoma; Phase 1 Clinical Trial Drug-to-Antibody Ratio 3.8 3D	Novartis Pharmaceuticals Corp	0		
DRG0WXQJL	Vadastuximab talirine	Phase3	Phase 3 (Terminated)		33-A; 33A; Anti-CD33A targeted ADC; SGN CD33A; SGN-CD33A; Vadastuximab talirine		Myeloid cell surface antigen CD33 (CD33)	Human Deoxyribonucleic acid (hDNA)	Vadastuximab	SGD-1882	Mc-Val-Ala	Acute myeloid leukaemia; Phase 3 Clinical Trial Drug-to-Antibody Ratio 2 3D	Seagen Inc	7		NCT01902329; NCT02326584; NCT02614560; NCT02785900
DRG0WXTQM	APEC-1	Investigative	Investigative		APEC1; APEC 1		B-lymphocyte antigen CD20 (MS4A1)		Undisclosed	Undisclosed	Undisclosed	B-cell lymphoma Clinical candidate	Revitope Oncology, Inc	0		
DRG0WYSHT	RC-178	Investigative	Investigative		RC178; RC 178		Undisclosed		Undisclosed	Undisclosed	Undisclosed	Solid tumors IND	RemeGen Co., Ltd	0		
DRG0XBJHU	LY-3076226	Phase1	Phase 1 (Terminated)		Anti-FGFR3 Ab IMC-D11; LY 3076226; LY-3076226; LY3076 226; LY3076226		Fibroblast growth factor receptor 3 (FGFR3)	Microtubule (MT)	IMC-D11	Mertansine DM4	N-succinimidyl 4-(2-pyridyldithio) butanoate (SPDB)	Solid tumor; Phase 1 Clinical Trial Drug-to-Antibody Ratio Undisclosed 3D	Eli Lilly & Co	0		
DRG0XCSOA	ST8176AA1	Investigative	Investigative		ST 8176AA1; Trastuzumab-HDACi ADC		Receptor tyrosine-protein kinase erbB-2 (HER2)	Histone deacetylase 1 (HDAC1)	Trastuzumab	ST7612AA1	Maleimide-thiol linker	Solid tumors Clinical candidate Drug-to-Antibody Ratio 4.6 3D	Alfasigma SpA	0		
DRG0XCWMD	Cantuzumab ravtansine	Phase2	Phase 2 (Terminated)		C-242 DM4; C242 DM4 immunoconjugate; C242 maytansinoid-4 conjugate; Cantuzumab ravtansine; IMGN-242; Maytasinoid DM4-conjugated humanised monoclonal antibody huC242; Monoclonal antibody C-242 DM4 conjugate; huC242-DM4		Mucin-1 (MUC1)	Microtubule (MT)	Cantuzumab	Mertansine DM4	N-succinimidyl 4-(2-pyridyldithio) butanoate (SPDB)	Gastric cancer; Phase 2 Clinical Trial Oesophageal cancer; Phase 2 Clinical Trial Solid tumor; Phase 1 Clinical Trial Drug-to-Antibody Ratio 3 to 4 3D	ImmunoGen, Inc	4		NCT00352131; NCT00620607
DRG0XEXPT	SGN-STNV	Phase1	Phase 1 (Terminated)		SGN STNV; SGN-STNV; SGNSTNV		Onco-foetal sialyl-Tn	Microtubule (MT)	Undisclosed	Monomethyl auristatin E	Mc-Val-Cit-PABC	Solid tumor; Phase 1 Clinical Trial Drug-to-Antibody Ratio Undisclosed 3D	Seagen Inc	1		NCT04665921
DRG0XFQVE	SYSA-1801	Phase1	Phase 1 (Terminated)		CPO 102; CPO-102; CPO102; Claudin 18.2-MMAE ADC; SYSA1801; EO 3021; EO-3021; EO3021		Claudin-18.2 (CLDN18.2)	Microtubule (MT)	Anti-CLDN18.2 mAb SYSA-1801	Monomethyl auristatin E	PEG3-Val-Cit-PABC	Gastric cancer; Phase 1 Clinical Trial Pancreatic cancer; Phase 1 Clinical Trial Drug-to-Antibody Ratio 2 3D	CSPC Pharmaceutical Group Ltd; Elevation Oncology, Inc	1		NCT05009966
DRG0XFTRM	Bevacizumab vedotin	Investigative	Investigative		Bevacizumab-Val-Cit-PABC-MMAE; Bevacizumab Val Cit PABC MMAE		Vascular endothelial growth factor A (VEGFA)	Microtubule (MT)	Bevacizumab	Monomethyl auristatin E	Mc-Val-Cit-PABC	Breast cancer; Investigative Glioblastoma; Investigative Hepatocellular carcinoma; Investigative Drug-to-Antibody Ratio 1.9 3D		1	10.1016/j.bioorg.2023.106575.	
DRG0XGLSR	NOV0712-DM4	Investigative	Investigative		NOV0712 DM4		Cadherin-6 (CDH6)	Microtubule (MT)	Anti-CDH6 mAb NOV0712	Mertansine DM4	Sulfo-SPDB	Ovarian cancer; Investigative Renal cell carcinoma; Investigative Drug-to-Antibody Ratio 3.6 3D	Daiichi Sankyo Co., Ltd	1		
DRG0XHLKM	C6vc0101	Investigative	Investigative		C6-vc0101		Tumor-associated calcium signal transducer 2 (TROP2)		C6vc0101 antibody	Undisclosed	C6vc0101 linker	Lung cancer; Investigative Drug-to-Antibody Ratio 2	Pfizer Inc	0		
DRG0XHZLG	Cofetuzumab pelidotin	Phase1	Phase 1 (Terminated)		ABBV-647; Cofetuzumab pelidotin; PF-06523435; PF-06647020; PF-06647020, PTK7-ADC, ABBV-647, PTK7-Aur0101; PF-6647020; PF-7020; PTK7-ADC; PTK7-Aur0101; hu-24		Inactive tyrosine-protein kinase 7 (PTK7)	Microtubule (MT)	Cofetuzumab	Auristatin 0101	Mc-Val-Cit-PABC	Breast cancer; Phase 1 Clinical Trial Lung cancer; Phase 1 Clinical Trial Ovarian cancer; Phase 1 Clinical Trial Solid tumor; Phase 1 Clinical Trial Drug-to-Antibody Ratio 4 3D	AbbVie, Inc; Stemcentrx, Inc; Pfizer Inc	3		NCT02222922; NCT03243331; NCT04189614
DRG0XIERX	P-1000	Investigative	Investigative		P1000; P 1000		Undisclosed		Undisclosed	Undisclosed	Undisclosed	Solid tumors Clinical candidate	German Cancer Research Center (Deutsches Krebsforschungszentrum, DKFZ)	0		
DRG0XJLTL	JNJ-95298177	Phase1	Phase 1						A humanized anti-PSMA IgG1k mAb	Amberstatin 269 (AS269)	Oxime-PEG3	Prostate cancer		0		NCT04662580
DRG0XKMVA	SYS6002	Phase2	Phase 2						Undisclosed	Monomethyl auristatin E	NH2-PEG3-Val-Cit-PABC	Solid tumor		0		
DRG0XKZBO	AZD-8205	Phase2	Phase 2						Puxitatug	AZ0132	Mal-PEG8-Val-Ala	Biliary tract cancer		0		
DRG0XLJJW	IMGN-388	Phase1	Phase 1						Intetumumab	Mertansine DM4		Breast cancer		0		
DRG0XLKYQ	IKS-01	Investigative	Investigative		IKS01; IKS 01		Folate receptor alpha (FOLR1)	Human Deoxyribonucleic acid (hDNA)	Isumab01	FGX2-62	Undisclosed Conjugate Type Iksuda's proprietary PermaLink conjugation technology	Lung cancer Clinical candidate Ovarian cancer Clinical candidate Drug-to-Antibody Ratio 2	Iontas, Inc; Iksuda Therapeutics Ltd; Femtogenix Ltd	0		
DRG0XLSWN	SC-006	Phase1	Phase 1 (Terminated)		SC 006; SC-006; SC006		E3 ubiquitin-protein ligase RNF43 (RNF43)	Human Deoxyribonucleic acid (hDNA) Conjugate Type Undisclosed Combination Type tesirine TTD ID D03MBU ChEBI ID CHEMBL4594495 General Information of The Activity Data Related to This ADC Identified from the Human Clinical Data Standard Type NCT Number Clinical Status Clinical Trial Description Objective Response Rate (ORR) NCT03035279 Phase 1 An open label phase 1 study of SC-006 as a single agent and in combination with ABBV-181 in subjects with advanced colorectal cancer. Full List of Activity Data of This Antibody-drug Conjugate Identified from the Human Clinical Data Experiment 1 Reporting the Activity Date of This ADC [ 1 ] Efficacy Data Objective Response Rate (ORR) 0.00% Patients Enrolled Patients with advanced metastatic or unresectable colorectal cancer. Administration Dosage SC-006-monotherapy, 2 to 12 ug/kg IV every 3 weeks. Related Clinical Trial NCT Number NCT03035279 Clinical Status Phase 1 Clinical Description An open label phase 1 study of SC-006 as a single agent and in combination with ABBV-181 in subjects with advanced colorectal cancer. References Ref 1 Anti-NaPi2b antibody-drug conjugate lifastuzumab vedotin (DNIB0600A) compared with pegylated liposomal doxorubicin in patients with platinum-resistant ovarian cancer in a randomized, open-label, phase II study. Ann Oncol. 2018 Apr 1;29(4):917-923. doi: 10.1093/annonc/mdy023.	Undisclosed	SC-DR003		Colorectal cancer; Phase 1 Clinical Trial Drug-to-Antibody Ratio 2	AbbVie, Inc	1	10.1093/annonc/mdy023.	NCT03035279
DRG0XOUNW	SDV-1001	Investigative	Investigative		SDV 1001; SDV1001		Undisclosed		Undisclosed	Undisclosed	Undisclosed	Breast cancer Clinical candidate Colorectal cancer Clinical candidate Pancreatic cancer Clinical candidate	Syndivia SAS	0		
DRG0XOZXZ	SIB-029A	Investigative	Investigative		SIB-029A; SIB 029A		Epidermal growth factor receptor (EGFR); Receptor tyrosine-protein kinase erbB-3 (HER3)		Undisclosed	Undisclosed	Undisclosed	Colon cancer Clinical candidate Head and neck cancer Clinical candidate Lung cancer Clinical candidate	Systimmune, Inc; Sichuan Baili Pharmaceutical Co., Ltd	0		
DRG0XPPOZ	Vorsetuzumab mafodotin	Phase1	Phase 1 (Terminated)		SGN 75; SGN-75; SGN75; Vorsetuzumab mafodotin		CD70 antigen (CD70)	Microtubule (MT)	Vorsetuzumab	Monomethyl auristatin F	Maleimido-caproyl	Kidney cancer; Phase 1 Clinical Trial Unspecific non-hodgkin lymphoma; Phase 1 Clinical Trial Drug-to-Antibody Ratio 3 to 4 3D	Seagen Inc	0		
DRG0XRAON	LOP-628	Phase1	Phase 1 (Terminated)		Anti-c-kit humanised IgG1 kappa antibody-maitansine conjugate (Novartis Pharma AG); Anti-c-kit humanised IgG1 kappa antibody-maytansine conjugate; Anti-c-kit humanised IgG1kappa antibody-maitansine conjugate; Anti-proto-oncogene protein; Anti-proto-oncogene protein c-kit IgG1 kappa antibody-maitansine conjugate; LOP 628; LOP-628; LOP62 8; LOP628		Mast/stem cell growth factor receptor Kit (KIT)	Microtubule (MT)	humanized Anti-KIT mAb LMJ729	Mertansine DM1	Succinimidyl-4-(N-maleimidomethyl)cyclohexane-1-carboxylate (SMCC)	Acute myeloid leukaemia; Phase 1 Clinical Trial Solid tumor; Phase 1 Clinical Trial Drug-to-Antibody Ratio 3.5 3D	Novartis Pharma AG; Novartis AG	1		
DRG0XRBCK	DAN-405	Investigative	Investigative		DAN405; DAN 405		Glutamate carboxypeptidase 2 (FOLH1)	Microtubule (MT)	Undisclosed	Cabazitaxel	Undisclosed Conjugate Type Targeted high-capacity drug conjugate platform.	Castration resistant prostate cancer Clinical candidate Drug-to-Antibody Ratio 60-70 3D	Dantari	0		
DRG0XRDLA	S3F-CL-MMAE	Investigative	Investigative		SIA-01; SIA-101; SIA-102; SIA-103; SIA-104; Anti-SialylTn mAbs (Siamab Therapeutics)		Onco-foetal sialyl-Tn	Microtubule (MT)	Anti-sTn mAb S3F	Monomethyl auristatin E	Mc-Val-Cit-PABC	Solid tumors Clinical candidate 3D	Siamab Therapeutics, Inc	0		
DRG0XSBGL	PF-08046876	Phase1	Phase 1						Sigvotatug	AMDCPT	Mal based β-glucuronide linker	Oesophageal cancer		0		NCT07090499
DRG0XTOSR	STRO-004	Investigative	Investigative		STRO 004; STRO004		Tissue factor (F3)		Anti-TF mAb	Undisclosed	Undisclosed	Solid tumors Clinical candidate	Sutro Biopharma, Inc	0		
DRG0XUVMS	CBT-005	Investigative	Investigative		CBT005; CBT 005		Vascular endothelial growth factor A (VEGFA)		Undisclosed	Undisclosed	Undisclosed	Macular degeneration Clinical candidate	Cloudbreak Therapeutics LLC	0		
DRG0XVPES	LM-306	Investigative	Investigative		LM 306; LM306		Interleukin-13 receptor subunit alpha-2 (IL13RA2)		LM-106	Undisclosed	Undisclosed	Glioblastoma Clinical candidate Melanoma Clinical candidate	LaNova Medicines Ltd	0		
DRG0XWNPK	AK0406	Phase1	Phase 1						Undisclosed	Undisclosed	Undisclosed			0		
DRG0XWTYJ	DXC-005	Phase1	Phase 1		DXC 005; DXC-005; DXC005; DAC 005; DAC-005; DAC005; Recombinant humanized anti-Muc1 antibody conjugated to Tub201; Recombinant humanized anti-Muc1 antibody conjugated to Tub201(Hangzhou DAC Biotechnology)		Mucin-1 (MUC1)	Microtubule (MT)	Undisclosed	Tubulysin B analog Tub201	Undisclosed Conjugate Type Undisclosed	Solid tumor; Phase 1 Clinical Trial Drug-to-Antibody Ratio 4.0 to 4.2	Hangzhou DAC Biotech Co., Ltd	0		
DRG0XXDCJ	ABL-202	Phase1	Phase 1						Undisclosed	Undisclosed	Undisclosed			0		
DRG0YAEPQ	TGM-005	Investigative	Investigative		TGM 005; TGM005		Undisclosed		Undisclosed	Undisclosed	Undisclosed	Prostate cancer (; Investigative)	Targetome NV	0		
DRG0YANSF	BL-B01D1	Phase3	Phase 3		BL B01D1; BL-B01D1; BLB01D1		Receptor tyrosine-protein kinase erbB-3 (HER3); Epidermal growth factor receptor (EGFR)	DNA topoisomerase 1 (TOP1)	SI-B001	Camptothecin analogue ED04	Gly-Mal-Gly-Gly-Phe-Gly	Nasopharyngeal cancer; Phase 3 Clinical Trial Urothelial cancer; Phase 3 Clinical Trial Brain cancer; Phase 2 Clinical Trial Breast cancer; Phase 1 Clinical Trial Lung cancer; Phase 1 Clinical Trial Oesophageal cancer; Phase 1 Clinical Trial Solid tumor; Phase 1 Clinical Trial Drug-to-Antibody Ratio 8	Sichuan Baili Pharmaceutical Co., Ltd; Systimmune, Inc; Chengdu Bailidote Biological Pharmaceutical Co., Ltd	5		NCT05194982; NCT05262491; NCT05393427; NCT05470348; NCT05785039
DRG0YAZBQ	RM-1995	Phase1	Phase 1 (Terminated)		RM 1995; RM-1995; RM1995		Interleukin-2 receptor subunit alpha (IL2RA)		Undisclosed	IRDye 700DX	Undisclosed Conjugate Type Undisclosed General Information of The Activity Data 	Head and neck cancer; Phase 1 Clinical Trial Drug-to-Antibody Ratio Undisclosed 3D	Rakuten Medical, Inc	1		NCT05220748
DRG0YBNRC	GQ-1003	Investigative	Investigative		GQ 1003; GQ1003		Tumor-associated calcium signal transducer 2 (TROP2)		Undisclosed	Undisclosed	Undisclosed	Non-small cell lung cancer Clinical candidate Triple negative breast cancer Clinical candidate	GeneQuantum Healthcare (Suzhou) Co. Ltd; SAMSUNG BIOLOGICS Co., Ltd	0		
DRG0YBSML	AK146D1	Phase1	Phase 1						Anti-nectin-4/TROP2 bsAb	DXd	Mc-Ala-Ala-Ala	Unspecific solid tumor		0		NCT06929663; NCT07067567
DRG0YDBZU	SHR-4602	Phase2	Phase 2		SHR 4602; SHR-4602; SHR4602		Receptor tyrosine-protein kinase erbB-2 (HER2)	Microtubule (MT) Conjugate Type Undisclosed	Pertuzumab	Eribulin derivatives ER300		Solid tumor; Phase 2 Clinical Trial Drug-to-Antibody Ratio Undisclosed	Jiangsu Hengrui Pharmaceuticals Co., Ltd	0		
DRG0YFOJD	SGN-35C	Phase1	Phase 1						Brentuximab	AMDCPT	A cleavable linker	Diffuse large b-cell lymphoma		0		NCT06254495
DRG0YFVYF	ST1	Investigative	Investigative		ST-1; ST 1		Onco-foetal sialyl-Tn	Microtubule (MT)	Undisclosed	Monomethyl auristatin E	Undisclosed	Ovarian cancer Clinical candidate 3D	Siamab Therapeutics, Inc	0		
DRG0YGXLF	CPO-102	Phase1	Phase 1						Undisclosed	Monomethyl auristatin E	Undisclosed			0		
DRG0YHHWC	N501-SN38	Investigative	Investigative		N501 SN38		Trophoblast glycoprotein (TPBG)	DNA topoisomerase 1 (TOP1)	Anti-5T4 n501 (nanobody)	Active metabolite of irinotecan SN38	CL2A	Hepatocellular carcinoma; Investigative Pancreatic cancer; Investigative Drug-to-Antibody Ratio 1 3D		1		
DRG0YHPUE	RC-108	Phase2	Phase 2		RC 108; RC-108; RC108		Hepatocyte growth factor receptor (MET)	Microtubule (MT)	Undisclosed	Monomethyl auristatin E	Mc-Val-Cit-PABC	Solid tumor; Phase 2 Clinical Trial Drug-to-Antibody Ratio 4 3D	RemeGen Co., Ltd	0		
DRG0YHPYG	RGX-019	Investigative	Investigative		RGX019; RGX 019		Tyrosine-protein kinase Mer (MERTK)		Undisclosed	Undisclosed	Undisclosed Conjugate Type RNA-DRIVEr platform.	Triple negative breast cancer Clinical candidate	The Rockefeller University; Inspirna, Inc	0		
DRG0YHRUZ	BP-A102	Investigative	Investigative		BPA102; BP A102		Undisclosed		Undisclosed	Undisclosed	Undisclosed	Glioblastoma Clinical candidate Small cell lung cancer Clinical candidate	Tinfa Biopharmaceuticals Co., Ltd	0		
DRG0YKHCA	AbGn-107	Phase1	Phase 1 (Terminated)		AbGn 107; AbGn-107; AbGn-107, Ab1-18Hr1; AbGn107		AG7	Microtubule (MT) Conjugate Type Undisclosed Puchem SID 404720095 TTD ID D08GZE ChEBI ID CHEMBL4297683 General Information of The Activity Data Related to This ADC Identified from the Human Clinical Data Standard Type NCT Number Clinical Status Clinical Trial Description Objective Response Rate (ORR) NCT02908451 Phase 1 A phase 1 dose escalation study, with cohort expansion, to evaluate the safety, tolerability, pharmacokinetics, and preliminary efficacy of ABGN-107 therapy in patients with chemo-refractory locally advanced, recurrent, or metastatic gastric, colorectal, pancreatic or biliary cancer. Full List of Activity Data of This Antibody-drug Conjugate Identified from the Human Clinical Data Experiment 1 Reporting the Activity Date of This ADC [ 1 ] Efficacy Data Objective Response Rate (ORR) 11.40% (all) Patients Enrolled Patients with locally advanced or metastatic G, CRC, PDA, or BIL cancer, previously treated, ECOG PS 0-1, positive AG-7 expression was not required. Administration Dosage AbGn-107 administered iv Q4 weeks (from 0.10-1.20 mg/kg) and Q2 weeks (from 0.80-1.00 mg/kg). Related Clinical Trial NCT Number NCT02908451 Clinical Status Phase 1 Clinical Description A phase 1 dose escalation study, with cohort expansion, to evaluate the safety, tolerability, pharmacokinetics, and preliminary efficacy of ABGN-107 therapy in patients with chemo-refractory locally advanced, recurrent, or metastatic gastric, colorectal, pancreatic or biliary cancer. References Ref 1 A first-in-human, open label, multiple dose, dose escalation, and cohort expansion phase I study to investigate the safety, tolerability, pharmacokinetics and antitumor activity of BB-1701 in patients with locally advanced/metastatic HER2-expressing solid tumors. J Clin Oncol. 2023 41:16_suppl, 3029-3029.	Undisclosed	Mertansine DM4		Biliary tract cancer; Phase 1 Clinical Trial Colorectal cancer; Phase 1 Clinical Trial Gastric cancer; Phase 1 Clinical Trial Oesophageal cancer; Phase 1 Clinical Trial Pancreatic cancer; Phase 1 Clinical Trial Drug-to-Antibody Ratio 2.5 3D	AbGenomics International, Inc	1		NCT02908451
DRG0YKTME	OXS-1750	Investigative	Investigative		Antibody-drug conjugate containing OXS-4235; OXS 1750; OXS1750		Sequestosome-1 (SQSTM1)		Undisclosed	Undisclosed	Undisclosed	Multiple myeloma (; Investigative)	OXIS Biotech, Inc; GT Biopharma, Inc; MultiCell Technologies, Inc	0		
DRG0YKZGZ	cHD37-amanitin	Investigative	Investigative		cHD37 amanitin		B-lymphocyte antigen CD19 (CD19)	DNA-directed RNA polymerase II subunit RPB2 (POLR2B); DNA-directed RNA polymerase III subunit RPC7 (POLR3G)	cHD37	Alpha-amanitin	cHD37-amanitin linker Conjugate Type Site-specific conjugation through the CaaX 	Burkitt lymphoma; Investigative Drug-to-Antibody Ratio 2 3D	LegoChem Biosciences, Inc	0		
DRG0YLNPN	BRY-812	Phase1	Phase 1		BRY 812; BRY-812; BRY812		Zinc transporter ZIP6 (SLC39A6)	Microtubule (MT)	Undisclosed	Monomethyl auristatin E	Undisclosed Conjugate Type Undisclosed	Solid tumor; Phase 1 Clinical Trial Drug-to-Antibody Ratio Undisclosed 3D	BioRay Biopharmaceutical Co., Ltd	0		
DRG0YMRIE	JSKN016	Phase2	Phase 2		JSKN-016; JSKN 016; JSKN016		Receptor tyrosine-protein kinase erbB-3 (HER3); Tumor-associated calcium signal transducer 2 (TROP2)	DNA topoisomerase 1 (TOP1)	Undisclosed	DNA topoisomerase-I inhibitor	Undisclosed Conjugate Type Undisclosed	Lung cancer; Phase 2 Clinical Trial Solid tumor; Phase 1 Clinical Trial Drug-to-Antibody Ratio Undisclosed	Suzhou Alphamab Co. Ltd	0		
DRG0YNUEK	XB371	Investigative	Investigative		XB-371; XB 371		Tissue factor (F3)		Undisclosed	Undisclosed	Undisclosed	Solid tumors Clinical candidate	Exelixis, Inc	0		
DRG0YODKD	BIO-106	Phase2	Phase 1/2		BIO 106; BIO-106; BIO106		Tumor-associated calcium signal transducer 2 (TROP2)	Microtubule (MT)	Undisclosed	TAMTM	Undisclosed Conjugate Type Undisclosed General Information of The Activity Data 	Solid tumor; Phase 2 Clinical Trial Drug-to-Antibody Ratio Undisclosed	BiOneCure Therapeutics, Inc	1		NCT05320588
DRG0YPVKH	Pertuzumab zuvotolimod	Phase1	Phase 1 (Terminated)		Pertuzumab zuvotolimod; SBT6050; pertuzumab zuvotolimod		Receptor tyrosine-protein kinase erbB-2 (HER2)	Toll-like receptor 8 (TLR8)	Pertuzumab	Analogue of motolimod	Mc-Val-Cit-PABC	Solid tumor; Phase 1 Clinical Trial Drug-to-Antibody Ratio Undisclosed	Silverback Therapeutics, Inc; ARS Pharmaceuticals, Inc	2		NCT04460456; NCT05091528
DRG0YQAIX	SHR-A1904	Phase3	Phase 3		SHR A1904; SHR-A1904; SHRA1904		Claudin-18.2 (CLDN18.2)	DNA topoisomerase 1 (TOP1)	A humanized IgG1 monoclonal antibody targeting CLDN18.2	SHR9265	Mc-Gly-Gly-Phe-Gly	Oesophageal cancer; Phase 3 Clinical Trial Pancreatic cancer; Phase 2 Clinical Trial Solid tumor; Phase 2 Clinical Trial Drug-to-Antibody Ratio 3.5 to 4.5 3D	Jiangsu Hengrui Pharmaceuticals Co., Ltd; Shanghai Hengrui Pharmaceutical Co., Ltd	3		NCT04877717; NCT04928625; NCT05277168
DRG0YRJDY	ALT-P7	Phase1	Phase 1						Trastuzumab variant	Monomethyl auristatin E		Breast cancer		0		
DRG0YSIDA	Xl-250	Investigative	Investigative		Xl 250; xl250		Receptor tyrosine-protein kinase erbB-2 (HER2)		Undisclosed	Undisclosed	Undisclosed	Solid tumors Clinical candidate	XL-protein GmbH; Heidelberg Pharma AG	0		
DRG0YTJTJ	APH-0912	Investigative	Investigative		APH0912; APH 0912; 10-alpha-GAG-DT		Undisclosed	Microtubule (MT)	Undisclosed	Docetaxel	Hydrophilic linker containing sugar molecules	Breast cancer Clinical candidate 3D	Sanofi	0		
DRG0YTMFF	VIS-705	Investigative	Investigative		VIS 705; VIS705		Undisclosed		Undisclosed	Undisclosed	Undisclosed	Bacterial infections Clinical candidate	Visterra, Inc	0		
DRG0YTRFZ	Vandortuzumab vedotin	Phase1	Phase 1 (Terminated)		89Zr-DFO-MSTP2 109A (diagno stic); Anti-STEAP1-vc-MMAE; DSTP-3086S; DSTP3086S; RG-7450; RG7450, DSTP3 086S; Vandortuzumab vedotin		Metalloreductase STEAP1 (STEAP1)	Microtubule (MT)	Vandortuzumab	Monomethyl auristatin E	Mc-Val-Cit-PABC	Prostate cancer; Phase 1 Clinical Trial Drug-to-Antibody Ratio 3 to 4 3D	Genentech, Inc; Roche Holding AG; Agensys, Inc; Astellas Pharma, Inc	2		NCT01283373
DRG0YUCNA	BL-M08D1	Phase1	Phase 1		BL M19D1; BL-M08D1; BL-M19D1; BLM19D1		Tumor-associated calcium signal transducer 2 (TROP2)	DNA topoisomerase 1 (TOP1)	Undisclosed	Camptothecin analogue ED04	Gly-Mal-Gly-Gly-Phe-Gly	Solid tumor; Phase 1 Clinical Trial Unspecific non-hodgkin lymphoma; Phase 1 Clinical Trial Drug-to-Antibody Ratio Undisclosed	Sichuan Baili Pharmaceutical Co., Ltd	0		
DRG0YVBCV	REGN-3124-PBD	Investigative	Investigative		REGN 3124 PBD; REGN3124-PBD		Epidermal growth factor receptor variant III (EGFRvIII)	Human Deoxyribonucleic acid (hDNA)	REGN3124	SG3199	Mal-PEG8-Val-Ala-PABC	Glioblastoma Clinical candidate 3D	Regeneron Pharmaceuticals, Inc	0		
DRG0YWAHM	DS-6000	Phase3	Phase 2/3		DS 6000; DS-6000; DS-6000a; DS6000; Raludotatug deruxtecan		Cadherin-6 (CDH6)	DNA topoisomerase 1 (TOP1)	Raludotatug	DX-8951 derivative (DXd)	Mc-Gly-Gly-Phe-Gly	Fallopian tube cancer; Phase 3 Clinical Trial Ovarian cancer; Phase 3 Clinical Trial Peritoneal cancer; Phase 3 Clinical Trial Lung cancer; Phase 2 Clinical Trial Solid tumor; Phase 2 Clinical Trial Kidney cancer; Phase 1 Clinical Trial Drug-to-Antibody Ratio 8 3D	Daiichi Sankyo Co., Ltd	1		NCT04707248
DRG0YWPJC	TARG-9	Investigative	Investigative		Alpha10antibody drug conjugate Targinta; TARG9; TARG 9		Integrin alpha-10 (ITGA10)		Undisclosed	Undisclosed	Undisclosed	Breast cancer Clinical candidate Glioblastoma Clinical candidate	Targinta AB; Xintela AB	0		
DRG0YWYJJ	IMGN151	Phase1	Phase 1		IMGN 151; IMGN-151; IMGN151; Opugotamig olatansine		Folate receptor alpha (FOLR1)	Microtubule (MT)	Opugotamig	DM21-C	Stable cleavable peptide linker	Cervical cancer; Phase 1 Clinical Trial Endometrial cancer; Phase 1 Clinical Trial Fallopian tube cancer; Phase 1 Clinical Trial Ovarian cancer; Phase 1 Clinical Trial Peritoneal cancer; Phase 1 Clinical Trial Drug-to-Antibody Ratio 3.5	ImmunoGen, Inc	1		
DRG0YXBEH	SHR-A1912	Phase1	Phase 1		SHR A1912; SHR-A1912; SHRA1912		B-cell antigen receptor complex-associated protein beta chain (CD79B)	DNA topoisomerase 1 (TOP1)	SHR-1920	SHR9265	Mc-Gly-Gly-Phe-Gly	Unspecific non-hodgkin lymphoma; Phase 1 Clinical Trial Drug-to-Antibody Ratio 4 3D	Jiangsu Hengrui Pharmaceuticals Co., Ltd; Shanghai Hengrui Pharmaceutical Co., Ltd	1		NCT05113069
DRG0YXJPS	Veltuzumab-CL2E-SN-38	Investigative	Investigative Drug-to-Antibody Ratio 6 3D		Vmab-CL2E-SN-38		B-lymphocyte antigen CD20 (MS4A1)	DNA topoisomerase 1 (TOP1)	Veltuzumab	Active metabolite of irinotecan SN38	CL2E	Antibody Name: Veltuzumab		0		
DRG0YXZQL	SGN-15	Phase2	Phase 2 (Terminated)		BMS-182248; BMS-182248-01; BR96-DAPDOX; BR96-DOX; CBR96-Doxorubicin Immunoconjugate; SGN 15; SGN-15; SGN15; hBR96		Lewis Y	DNA topoisomerase 2-alpha (TOP2A)	Anti-Lewis-Y mAb cBR96	Doxorubicin	Acid-labile linker	Lung cancer; Phase 2 Clinical Trial Prostate cancer; Phase 2 Clinical Trial Drug-to-Antibody Ratio 8 3D	Seagen Inc; Bristol Myers Squibb Co	0		
DRG0YZEVV	MT-5111	Phase1	Phase 1 (Terminated)		MT 5111; MT-5111; MT5111		Receptor tyrosine-protein kinase erbB-2 (HER2)	Ribosome (RB)	Undisclosed	Shiga toxin B subunit (StxB)	Undisclosed Conjugate Type Undisclosed DrugMap ID DM5SN0A TTD ID DS60CK	Breast cancer; Phase 1 Clinical Trial Gastric cancer; Phase 1 Clinical Trial Oesophageal cancer; Phase 1 Clinical Trial Solid tumor; Phase 1 Clinical Trial Drug-to-Antibody Ratio Undisclosed	Molecular Templates, Inc	0		
DRG0YZGPN	CDX-014	Phase1	Phase 1 (Terminated)		CDX 014; CDX-014; CR 014-vcMMAE		Hepatitis A virus cellular receptor 1 (HAVCR1)	Microtubule (MT)	CR014	Monomethyl auristatin E	Mc-Val-Cit-PABC	Kidney cancer; Phase 1 Clinical Trial Ovarian cancer; Phase 1 Clinical Trial Drug-to-Antibody Ratio 4.5 3D	CuraGen Corp; Celldex Therapeutics, Inc; Amgen, Inc	2		NCT02837991
DRG0YZPWM	SGN-CD352A	Phase1	Phase 1 (Terminated)		SGN CD352A; SGN-CD352 A; SGN-CD352A; SGNCD352A		SLAM family member 6 (SLAMF6)	Human Deoxyribonucleic acid (hDNA) Conjugate Type Reactive Cysteines Puchem SID 472419710 , 404720134 TTD ID D09RUO ChEBI ID CHEMBL4297827	Anti-SLAMF6 mAb h20F3ec	PBD dimer		Multiple myeloma; Phase 1 Clinical Trial Drug-to-Antibody Ratio 2 3D	Seagen Inc; Ligand Pharmaceuticals, Inc	0		
DRG0ZAECD	AGS-16M8F	Phase1	Phase 1						Anti-ENPP3 antibody	MMAF	Maleimido-caproyl	Kidney cancer		0		NCT01114230
DRG0ZAFBL	IBI129	Phase2	Phase 2						Undisclosed	Undisclosed	Undisclosed	Solid tumor		0		
DRG0ZAJGM	BL-M09D1	Phase1	Phase 1						A anti-CEA mAb	Ed-04	Gly-Mal-Gly-Gly-Phe-Gly	Lung cancer		0		NCT06954077; NCT07056556
DRG0ZBCCA	MGC028	Phase1	Phase 1						Anti-ADAM9 antibody	Exatecan	Bicyclononyne carbamoyl sulfamide Val-Ala-PABC	Colorectal cancer		0		NCT06723236
DRG0ZBXTV	TJ101	Phase1	Phase 1						Anti-B7H3/EGFR bsAb	PY-4car2	A cleavable linker	Oesophageal cancer		0		NCT07181473
DRG0ZGWBV	JY201	Investigative	Investigative		JY-201; JY 201		Receptor tyrosine-protein kinase erbB-2 (HER2 ECD2); Receptor tyrosine-protein kinase erbB-2 (HER2 ECD4)		Undisclosed	Undisclosed	Undisclosed	Solid tumors Clinical candidate	Shenzhen Enduring Biotech, Ltd	0		
DRG0ZGWEK	XB010	Phase1	Phase 1						Undisclosed	Monomethyl auristatin E		Breast cancer		0		
DRG0ZIFBH	GenSci143	Phase1	Phase 1						Anti-B7H3/PSMA bsAb	GSC5181	A cleavable linker	Prostate cancer		0		NCT07252414
DRG0ZIJNR	Milatuzumab doxorubicin	Phase2	Phase 2						Milatuzumab	Doxorubicin	Mcc-hydrazide	Chronic lymphocytic leukemia		0		
DRG0ZLJPV	SKB-410	Phase2	Phase 1/2		SKB 410; SKB-410; SKB410		Nectin-4 (NECTIN4)		Undisclosed	Undisclosed	Undisclosed Conjugate Type Undisclosed	Solid tumor; Phase 2 Clinical Trial Drug-to-Antibody Ratio Undisclosed	Sichuan Kelun-Biotech Biopharmaceutical Co., Ltd	0		
DRG0ZMRYF	HMBD-501	Investigative	Investigative		HMBD 501; HMBD501		Receptor tyrosine-protein kinase erbB-3 (HER3)	DNA topoisomerase 1 (TOP1)	Undisclosed	Exatecan	Undisclosed	Solid tumors Clinical candidate 3D	Hummingbird Bioscience Pte Ltd	0		
DRG0ZMZUD	Zilovertamab vedotin	Phase2	Phase 2		MK 2140; MK- 2140; MK-2140; VLS-101; Zilovertamab vedotin		Inactive tyrosine-protein kinase transmembrane receptor ROR1 (ROR1)	Microtubule (MT)	Cirmtuzumab	Monomethyl auristatin E	Mc-Val-Cit-PABC	Acute lymphoblastic leukemia; Phase 2 Clinical Trial Diffuse large B-cell lymphoma; Phase 2 Clinical Trial Mantle cell lymphoma; Phase 2 Clinical Trial Solid tumor; Phase 2 Clinical Trial Acute myeloid leukaemia; Phase 1 Clinical Trial Chronic lymphocytic leukemia; Phase 1 Clinical Trial Follicular lymphoma; Phase 1 Clinical Trial Unspecific non-hodgkin lymphoma; Phase 1 Clinical Trial Drug-to-Antibody Ratio 4 3D	Merck & Co., Inc	8		NCT03833180; NCT04504916; NCT05139017; NCT05144841; NCT05406401; NCT05458297; NCT05562830
DRG0ZNAID	SHR-A1307	Investigative	Investigative		SHR A1307; SHRA1307		Epidermal growth factor receptor (EGFR)	Microtubule (MT)	Anti-EGFR mAb hR3-YTE	SHR152852	L2-MC Info Combination Type L2-MC-SHR152852	Solid tumors Clinical candidate Drug-to-Antibody Ratio 2 3D	Jiangsu Hengrui Pharmaceuticals Co., Ltd	0		
DRG0ZNUYD	Pab-001-MMAE	Investigative	Investigative		PAb001-ADC		Mucin-1 (MUC1)	Microtubule (MT)	Pab-001	Monomethyl auristatin E	Undisclosed	Triple negative breast cancer Clinical candidate 3D	Peptron; Qilu Pharmaceutical Co., Ltd	0		
DRG0ZODWK	M-DGN549	Investigative	Investigative		M DGN549		Folate receptor alpha (FOLR1)		Undisclosed	Undisclosed	Undisclosed Combination Type DGN549-C	Solid tumors Clinical candidate	ImmunoGen, Inc	0		
DRG0ZOMIJ	OMTX-505	Investigative	Investigative		OMTX 505; OMTX505		Prolyl endopeptidase FAP (FAP)		Undisclosed	Undisclosed	Undisclosed	Myxofibrosarcoma Clinical candidate	Oncomatryx Biopharma SL	0		
DRG0ZOYQV	Datopotamab deruxtecan	Approved	Approved (FDA): Jan, 2025	Datroway	DS 1062a; DS-1062; DS-1062, Dato-DXd; DS-1062a; Dato-DXd; Datopotamab deruxtecan		Tumor-associated calcium signal transducer 2 (TROP2)	DNA topoisomerase 1 (TOP1)	Datopotamab	DX-8951 derivative (DXd)	Mc-Gly-Gly-Phe-Gly	Breast cancer; Approved Approval Document Lung cancer; Phase 3 Clinical Trial Biliary tract cancer; Phase 2 Clinical Trial Colorectal cancer; Phase 2 Clinical Trial Endometrial cancer; Phase 2 Clinical Trial Gastric cancer; Phase 2 Clinical Trial Ovarian cancer; Phase 2 Clinical Trial Prostate cancer; Phase 2 Clinical Trial Urothelial cancer; Phase 2 Clinical Trial Drug-to-Antibody Ratio 4 3D	Daiichi Sankyo Co., Ltd; AstraZeneca PLC; Baxter Oncology GmbH	21	10.1200/JCO.23.00059.; 10.2217/fon-2023-0230.	NCT01042379; NCT03401385; NCT03742102; NCT03944772; NCT04484142; NCT04526691; NCT04612751; NCT04644068; NCT04656652; NCT04940325; NCT05061550; NCT05104866; NCT05215340; NCT05374512; NCT05460273; NCT05489211; NCT05555732; NCT05629585; NCT05687266
DRG0ZQBSG	MRG-001	Phase2	Phase 2		MRG 001; MRG-001; MRG001		B-lymphocyte antigen CD20 (MS4A1)	Microtubule (MT)	Chimeric Anti-CD20 mAb	Monomethyl auristatin E	Mc-Val-Cit-PABC	Alcoholic hepatitis; Phase 2 Clinical Trial Motor neuron disease; Phase 2 Clinical Trial Diffuse large B-cell lymphoma; Phase 1 Clinical Trial Drug-to-Antibody Ratio 4 3D	Shanghai Miracogen Inc; Lepu Biopharma Co., Ltd	2		NCT05155839; NCT05844527
DRG0ZQLZD	TR1801-ADC	Phase1	Phase 1		MT-8633; TR 1801 ADC; TR1801-ADC; TR1801-ADC, MT-8633; TR1801-antibody drug conjugate		Hepatocyte growth factor receptor (MET)	Human Deoxyribonucleic acid (hDNA)	hD12	SG3199	Mal-PEG8-Val-Ala-PABC	Solid tumor; Phase 1 Clinical Trial Drug-to-Antibody Ratio 2 3D	Tanabe Research Laboratories U.S.A., Inc	2		NCT03859752
DRG0ZQORV	DEC008	Phase1	Phase 1						Undisclosed	CPT113	Undisclosed	Ovarian cancer		0		NCT07470853
DRG0ZSNLV	KGX201	Investigative	Investigative		KGX-201; KGX 201		Undisclosed		Undisclosed	Undisclosed	Undisclosed	Solid tumors Clinical candidate	KangaBio Co., Ltd	0		
DRG0ZSVBZ	<sup>111</sup>In-1849	Investigative	Investigative						Anti-TF mAb 1849	Indium-111	Undisclosed	Pancreatic cancer		0		
DRG0ZTZMD	BAY-943	Investigative	Investigative		BAY 943; BAY943; VIP-943; IL3RA-KSPi-ADC		Interleukin-3 receptor subunit alpha (IL3RA)	Kinesin-like protein KIF11 (KIF11)	TPP-9476	KSP inhibitor	Protease cleavable linker	Acute myeloid leukaemia Clinical candidate Hodgkin lymphoma Clinical candidate 3D	Bayer AG	0		
DRG0ZUQNL	BAT-8001	Phase3	Phase 3						BAT0606	Maytansinoid derivative of batansine	6-Maleimidocaproic acid	Breast cancer		0		
DRG0ZXRLG	SLV-154	Phase1	Phase 1						Undisclosed	Undisclosed	Undisclosed	Sarcomas		0		NCT06771219
DRG0ZYLBB	ZW-33	Investigative	Investigative		ZW 33; ZW33		Receptor tyrosine-protein kinase erbB-2 (HER2 ECD2); Receptor tyrosine-protein kinase erbB-2 (HER2 ECD4)		Zanidatamab	Undisclosed	Undisclosed Special Approval(s) Orphan drug(FDA)	Breast cancer Clinical candidate Gastric cancer Clinical candidate Ovarian cancer Clinical candidate	Zymeworks Biopharmaceuticals, Inc; Zymeworks BC, Inc	0		
