entity_id	canonical_name	entity_type	payload_moa_target	synonyms	n_adc_backlinks	adc_backlink_names	adc_backlink_ids	source_url
PAY0DGDJZ	2-DDDX-d	ADC_PAYLOAD			2	TQB2102; TQB2103		https://adcdb.idrblab.net/data/payload/details/PAY0DGDJZ
PAY0NESLG	2-DDDX-d	ADC_PAYLOAD	DNA topoisomerase 1 (TOP1)	2-DDDX-d	1		DRG0IVDIV	https://adcdb.idrblab.net/data/payload/details/PAY0NESLG
PAY0RDAOD	227Th	ADC_PAYLOAD			1	BAY-1862864		https://adcdb.idrblab.net/data/payload/details/PAY0RDAOD
PAY0MHDPD	227Th	ADC_PAYLOAD	Unclear		0			https://adcdb.idrblab.net/data/payload/details/PAY0MHDPD
PAY0NCNYB	4-desacetylvinblastine (DAVLB)	ADC_PAYLOAD			0			https://adcdb.idrblab.net/data/payload/details/PAY0NCNYB
PAY0TLDYP	5(6)-Carboxytetramethylrhodamine	ADC_PAYLOAD		5(6)-Carboxytetramethylrhodamine; 5(6)-TAMRA; 5(6)-Carboxy-tetramethylrhodamine; 3',6'-bis(dimethylamino)-1-oxospiro[2-benzofuran-3,9'-xanthene]-5-carboxylic acid;3',6'-bis(dimethylamino)-3-oxospiro[2-benzofuran-1,9'-xanthene]-5-carboxylic acid; Spiro[isobenzofuran-1(3H),9'-[9H]xanthene]-ar-carboxylic acid, 3',6'-(dimethylamino)-3-oxo- (9CI); 5(6)-AMRA; AKOS015914675; HY-15944; PD063678; E83295; J-100070; 5(6)-Carboxytetramethylrhodamine, BioReagent, suitable for fluorescence, >=85% (sum of isomers, HPCE)	0			https://adcdb.idrblab.net/data/payload/details/PAY0TLDYP
PAY0MQSWH	5T4-PBD	ADC_PAYLOAD	Human Deoxyribonucleic acid (hDNA)	5T4 PBD; 5T4PBD	1		DRG0LNARP	https://adcdb.idrblab.net/data/payload/details/PAY0MQSWH
PAY0EYSIJ	7-aminomethyl-10,11-methylenedioxycamptothecin (AMDCPT)	ADC_PAYLOAD	DNA topoisomerase 1 (TOP1)		0			https://adcdb.idrblab.net/data/payload/details/PAY0EYSIJ
PAY0ZWDQO	9106-IM-2	ADC_PAYLOAD	DNA topoisomerase 1 (TOP1)	9106-IM-2	2		DRG0KKATK; DRG0TTTUA	https://adcdb.idrblab.net/data/payload/details/PAY0ZWDQO
PAY0VRVTR	A-1770637	ADC_PAYLOAD			2	ABBV-969; Turmetabart adizutecan		https://adcdb.idrblab.net/data/payload/details/PAY0VRVTR
PAY0PNJFX	AC225	ADC_PAYLOAD	The activity data of This Payload Standard Type Value Units Cell line Disease Model Cell line ID Reference Half-maximal effective concentration (EC50) 2.8 nCi/ml SK-OV-3 cells Ovarian serous cystadenocarcinoma CVCL_0532 [ 1 ]	AC225	1		DRG0EDBXG	https://adcdb.idrblab.net/data/payload/details/PAY0PNJFX
PAY0VFAHM	ADC 1-1 payload	ADC_PAYLOAD	DNA topoisomerase 1 (TOP1)	ADC1-1 payload	1	ADC1-1		https://adcdb.idrblab.net/data/payload/details/PAY0VFAHM
PAY0CSFKK	ADC 1-11 payload	ADC_PAYLOAD	DNA topoisomerase 1 (TOP1)	ADC1-11 payload	1	ADC1-11		https://adcdb.idrblab.net/data/payload/details/PAY0CSFKK
PAY0QZGVC	ADC 1-12 payload	ADC_PAYLOAD	DNA topoisomerase 1 (TOP1)	ADC1-12 payload	1	ADC1-12		https://adcdb.idrblab.net/data/payload/details/PAY0QZGVC
PAY0HRIZV	ADC 1-2 payload	ADC_PAYLOAD	DNA topoisomerase 1 (TOP1)	ADC1-2 payload	1	ADC1-2		https://adcdb.idrblab.net/data/payload/details/PAY0HRIZV
PAY0TVGCR	ADC 1-4 payload	ADC_PAYLOAD	DNA topoisomerase 1 (TOP1)	ADC1-4 payload	1	ADC1-4		https://adcdb.idrblab.net/data/payload/details/PAY0TVGCR
PAY0FYZOP	ADC 2-10 payload	ADC_PAYLOAD	DNA topoisomerase 1 (TOP1)	ADC2-10 payload	0			https://adcdb.idrblab.net/data/payload/details/PAY0FYZOP
PAY0HUJGR	ADC 2-11 payload	ADC_PAYLOAD	DNA topoisomerase 1 (TOP1)	ADC2-11 payload	0			https://adcdb.idrblab.net/data/payload/details/PAY0HUJGR
PAY0YIHSM	ADC 2-12 payload	ADC_PAYLOAD	DNA topoisomerase 1 (TOP1)	ADC2-12 payload	1	ADC2-12		https://adcdb.idrblab.net/data/payload/details/PAY0YIHSM
PAY0JGYRM	ADC 2-2 payload	ADC_PAYLOAD	DNA topoisomerase 1 (TOP1)	ADC2-2 payload	1	ADC2-2		https://adcdb.idrblab.net/data/payload/details/PAY0JGYRM
PAY0AUPYL	ADC 2-22 payload	ADC_PAYLOAD	DNA topoisomerase 1 (TOP1)	ADC2-22 payload	1	ADC2-22		https://adcdb.idrblab.net/data/payload/details/PAY0AUPYL
PAY0WCBTU	ADC 2-23 payload	ADC_PAYLOAD	DNA topoisomerase 1 (TOP1)	ADC2-23 payload	1	ADC2-23		https://adcdb.idrblab.net/data/payload/details/PAY0WCBTU
PAY0FOCQV	ADC 2-24 payload	ADC_PAYLOAD	DNA topoisomerase 1 (TOP1)	ADC2-24 payload	1	ADC2-24		https://adcdb.idrblab.net/data/payload/details/PAY0FOCQV
PAY0UNVKK	ADC 2-25 payload	ADC_PAYLOAD	DNA topoisomerase 1 (TOP1)	ADC2-25 payload	1	ADC2-25		https://adcdb.idrblab.net/data/payload/details/PAY0UNVKK
PAY0TLGIU	ADC 2-26 payload	ADC_PAYLOAD	DNA topoisomerase 1 (TOP1)	ADC2-26 payload	1	ADC2-26		https://adcdb.idrblab.net/data/payload/details/PAY0TLGIU
PAY0LFFMY	ADC 2-27 payload	ADC_PAYLOAD	DNA topoisomerase 1 (TOP1)	ADC2-27 payload	1	ADC2-27		https://adcdb.idrblab.net/data/payload/details/PAY0LFFMY
PAY0GJVKZ	ADC 2-29 payload	ADC_PAYLOAD	DNA topoisomerase 1 (TOP1)	ADC2-29 payload	0			https://adcdb.idrblab.net/data/payload/details/PAY0GJVKZ
PAY0BOFYP	ADC 2-30 payload	ADC_PAYLOAD	DNA topoisomerase 1 (TOP1)	ADC2-30 payload	1	ADC2-30		https://adcdb.idrblab.net/data/payload/details/PAY0BOFYP
PAY0KKROA	ADC 2-31 payload	ADC_PAYLOAD	DNA topoisomerase 1 (TOP1)	ADC2-31 payload	0			https://adcdb.idrblab.net/data/payload/details/PAY0KKROA
PAY0FEVXS	ADC 2-32 payload	ADC_PAYLOAD	DNA topoisomerase 1 (TOP1)	ADC2-32 payload	1	ADC2-32		https://adcdb.idrblab.net/data/payload/details/PAY0FEVXS
PAY0PZRPA	ADC 2-33 payload	ADC_PAYLOAD	DNA topoisomerase 1 (TOP1)	ADC2-33 payload	1	ADC2-33		https://adcdb.idrblab.net/data/payload/details/PAY0PZRPA
PAY0VPOEQ	ADC 2-34 payload	ADC_PAYLOAD	DNA topoisomerase 1 (TOP1)	ADC2-34 payload	1	ADC2-34		https://adcdb.idrblab.net/data/payload/details/PAY0VPOEQ
PAY0AZRMP	ADC 2-35 payload	ADC_PAYLOAD	DNA topoisomerase 1 (TOP1)	ADC2-35 payload	1	ADC2-35		https://adcdb.idrblab.net/data/payload/details/PAY0AZRMP
PAY0TAWJM	ADC 2-36-1 payload	ADC_PAYLOAD	DNA topoisomerase 1 (TOP1)	ADC2-36-1 payload	0			https://adcdb.idrblab.net/data/payload/details/PAY0TAWJM
PAY0BCATG	ADC 2-36-2 payload	ADC_PAYLOAD	DNA topoisomerase 1 (TOP1)	ADC2-36-2 payload	0			https://adcdb.idrblab.net/data/payload/details/PAY0BCATG
PAY0YDKGG	ADC 2-37 payload	ADC_PAYLOAD	DNA topoisomerase 1 (TOP1)	ADC2-37 payload	1	ADC2-37		https://adcdb.idrblab.net/data/payload/details/PAY0YDKGG
PAY0FFTHG	ADC 2-38 payload	ADC_PAYLOAD	DNA topoisomerase 1 (TOP1)	ADC2-38 payload	1	ADC2-38		https://adcdb.idrblab.net/data/payload/details/PAY0FFTHG
PAY0FFMRL	ADC 2-39 payload	ADC_PAYLOAD	DNA topoisomerase 1 (TOP1)	ADC2-39 payload	0			https://adcdb.idrblab.net/data/payload/details/PAY0FFMRL
PAY0CXXLZ	ADC 2-4 payload	ADC_PAYLOAD	DNA topoisomerase 1 (TOP1)	ADC2-4 payload	1	ADC2-4		https://adcdb.idrblab.net/data/payload/details/PAY0CXXLZ
PAY0UCVJL	ADC 2-40 payload	ADC_PAYLOAD	DNA topoisomerase 1 (TOP1)	ADC2-40 payload	1	ADC2-40		https://adcdb.idrblab.net/data/payload/details/PAY0UCVJL
PAY0HBWZK	ADC 2-41 payload	ADC_PAYLOAD	DNA topoisomerase 1 (TOP1)	ADC2-41 payload	0			https://adcdb.idrblab.net/data/payload/details/PAY0HBWZK
PAY0EKZUG	ADC 2-42 payload	ADC_PAYLOAD	DNA topoisomerase 1 (TOP1)	ADC2-42 payload	0			https://adcdb.idrblab.net/data/payload/details/PAY0EKZUG
PAY0JXQEZ	ADC 2-42-RO payload	ADC_PAYLOAD	DNA topoisomerase 1 (TOP1)	ADC2-42-RO payload	0			https://adcdb.idrblab.net/data/payload/details/PAY0JXQEZ
PAY0RYITV	ADC 2-43 payload	ADC_PAYLOAD	DNA topoisomerase 1 (TOP1)	ADC2-43 payload	0			https://adcdb.idrblab.net/data/payload/details/PAY0RYITV
PAY0YAUFG	ADC 2-44 payload	ADC_PAYLOAD	DNA topoisomerase 1 (TOP1)	ADC2-44 payload	1	ADC2-44		https://adcdb.idrblab.net/data/payload/details/PAY0YAUFG
PAY0AKRXN	ADC 2-45 payload	ADC_PAYLOAD	DNA topoisomerase 1 (TOP1)	ADC2-45 payload	1	ADC2-45		https://adcdb.idrblab.net/data/payload/details/PAY0AKRXN
PAY0PTUJO	ADC 2-46 payload	ADC_PAYLOAD	DNA topoisomerase 1 (TOP1)	ADC2-46 payload	1	ADC2-46		https://adcdb.idrblab.net/data/payload/details/PAY0PTUJO
PAY0CQPYO	ADC 2-47 payload	ADC_PAYLOAD	DNA topoisomerase 1 (TOP1)	ADC2-47 payload	0			https://adcdb.idrblab.net/data/payload/details/PAY0CQPYO
PAY0GJQWR	ADC 2-48 payload	ADC_PAYLOAD	DNA topoisomerase 1 (TOP1)	ADC2-48 payload	1	ADC2-48		https://adcdb.idrblab.net/data/payload/details/PAY0GJQWR
PAY0IODXZ	ADC 2-49 payload	ADC_PAYLOAD	DNA topoisomerase 1 (TOP1)	ADC2-49 payload	1	ADC2-49		https://adcdb.idrblab.net/data/payload/details/PAY0IODXZ
PAY0JJUEV	ADC 2-50 payload	ADC_PAYLOAD	DNA topoisomerase 1 (TOP1)	ADC2-50 payload	1	ADC2-50		https://adcdb.idrblab.net/data/payload/details/PAY0JJUEV
PAY0CYCYC	ADC 2-51 payload	ADC_PAYLOAD	DNA topoisomerase 1 (TOP1)	ADC2-51 payload	1	ADC2-51		https://adcdb.idrblab.net/data/payload/details/PAY0CYCYC
PAY0QVGLY	ADC 2-53 payload	ADC_PAYLOAD	DNA topoisomerase 1 (TOP1)	ADC2-53 payload	0			https://adcdb.idrblab.net/data/payload/details/PAY0QVGLY
PAY0EMDHF	ADC 2-54 payload	ADC_PAYLOAD	DNA topoisomerase 1 (TOP1)	ADC2-54 payload	1	ADC2-54		https://adcdb.idrblab.net/data/payload/details/PAY0EMDHF
PAY0FPJZJ	ADC 2-55 payload	ADC_PAYLOAD	DNA topoisomerase 1 (TOP1)	ADC2-55 payload	0			https://adcdb.idrblab.net/data/payload/details/PAY0FPJZJ
PAY0JKOJY	ADC 2-56 payload	ADC_PAYLOAD	DNA topoisomerase 1 (TOP1)	ADC2-56 payload	0			https://adcdb.idrblab.net/data/payload/details/PAY0JKOJY
PAY0GOFTO	ADC 2-57 payload	ADC_PAYLOAD	DNA topoisomerase 1 (TOP1)	ADC2-57 payload	1	ADC2-57		https://adcdb.idrblab.net/data/payload/details/PAY0GOFTO
PAY0DQCCO	ADC 2-58 payload	ADC_PAYLOAD	DNA topoisomerase 1 (TOP1)	ADC2-58 payload	1	ADC2-58		https://adcdb.idrblab.net/data/payload/details/PAY0DQCCO
PAY0XYHMN	ADC 2-59 payload	ADC_PAYLOAD	DNA topoisomerase 1 (TOP1)	ADC2-59 payload	1	ADC2-59		https://adcdb.idrblab.net/data/payload/details/PAY0XYHMN
PAY0XROPC	ADC 2-6-2 payload	ADC_PAYLOAD	DNA topoisomerase 1 (TOP1)	ADC2-6-2 payload	1	ADC2-6-2		https://adcdb.idrblab.net/data/payload/details/PAY0XROPC
PAY0NDWHK	ADC 2-60 payload	ADC_PAYLOAD	DNA topoisomerase 1 (TOP1)	ADC2-60 payload	1	ADC2-60		https://adcdb.idrblab.net/data/payload/details/PAY0NDWHK
PAY0FXFTE	ADC 2-61 payload	ADC_PAYLOAD	DNA topoisomerase 1 (TOP1)	ADC2-61 payload	1	ADC2-61		https://adcdb.idrblab.net/data/payload/details/PAY0FXFTE
PAY0TUXJG	ADC 2-62-1 payload	ADC_PAYLOAD	DNA topoisomerase 1 (TOP1)	ADC-2-62-1 payload	1	ADC-2-62-1		https://adcdb.idrblab.net/data/payload/details/PAY0TUXJG
PAY0UNRMF	ADC 2-62-2 payload	ADC_PAYLOAD	DNA topoisomerase 1 (TOP1)	ADC-2-62-2 payload	1	ADC-2-62-2		https://adcdb.idrblab.net/data/payload/details/PAY0UNRMF
PAY0AYJSJ	ADC 2-63-1 payload	ADC_PAYLOAD	DNA topoisomerase 1 (TOP1)	ADC-2-63-1 payload	1	ADC-2-63-1		https://adcdb.idrblab.net/data/payload/details/PAY0AYJSJ
PAY0RKLCS	ADC 2-63-2 payload	ADC_PAYLOAD	DNA topoisomerase 1 (TOP1)	ADC-2-63-2 payload	1	ADC-2-63-2		https://adcdb.idrblab.net/data/payload/details/PAY0RKLCS
PAY0DQVLT	ADC 2-64-1 payload	ADC_PAYLOAD	DNA topoisomerase 1 (TOP1)	ADC-2-64-1 payload	1	ADC-2-64-1		https://adcdb.idrblab.net/data/payload/details/PAY0DQVLT
PAY0NRHJN	ADC 2-64-2 payload	ADC_PAYLOAD	DNA topoisomerase 1 (TOP1)	ADC-2-64-2 payload	1	ADC-2-64-2		https://adcdb.idrblab.net/data/payload/details/PAY0NRHJN
PAY0VVSDK	ADC 2-65-1 payload	ADC_PAYLOAD	DNA topoisomerase 1 (TOP1)	ADC-2-65-1 payload	0			https://adcdb.idrblab.net/data/payload/details/PAY0VVSDK
PAY0TFZDF	ADC 2-65-2 payload	ADC_PAYLOAD	DNA topoisomerase 1 (TOP1)	ADC-2-65-2 payload	0			https://adcdb.idrblab.net/data/payload/details/PAY0TFZDF
PAY0ODOET	ADC 2-7-2 payload	ADC_PAYLOAD	DNA topoisomerase 1 (TOP1)	ADC2-7-2 payload	1	ADC2-7-2		https://adcdb.idrblab.net/data/payload/details/PAY0ODOET
PAY0CMWPR	ADC 2-9-1 payload	ADC_PAYLOAD	DNA topoisomerase 1 (TOP1)	ADC2-9-1 payload	1	ADC2-9-1		https://adcdb.idrblab.net/data/payload/details/PAY0CMWPR
PAY0BKHHJ	ADC 2-9-2 payload	ADC_PAYLOAD	DNA topoisomerase 1 (TOP1)	ADC2-9-2 payload	1	ADC2-9-2		https://adcdb.idrblab.net/data/payload/details/PAY0BKHHJ
PAY0RQYNM	ADC 2-A payload	ADC_PAYLOAD	DNA topoisomerase 1 (TOP1)	ADC2-A payload	1	ADC2-A		https://adcdb.idrblab.net/data/payload/details/PAY0RQYNM
PAY0NFHMH	ADC 2-B payload	ADC_PAYLOAD	DNA topoisomerase 1 (TOP1)	ADC2-B payload	1	ADC2-B		https://adcdb.idrblab.net/data/payload/details/PAY0NFHMH
PAY0QSUEZ	ADC 3-1 payload	ADC_PAYLOAD	DNA topoisomerase 1 (TOP1)	ADC3-1 payload	1	ADC3-1		https://adcdb.idrblab.net/data/payload/details/PAY0QSUEZ
PAY0GRZPE	ADC 3-10 payload	ADC_PAYLOAD	DNA topoisomerase 1 (TOP1)	ADC3-10 payload	1	ADC3-10		https://adcdb.idrblab.net/data/payload/details/PAY0GRZPE
PAY0UEREX	ADC 3-11 payload	ADC_PAYLOAD	DNA topoisomerase 1 (TOP1)	ADC3-11 payload	1	ADC3-11		https://adcdb.idrblab.net/data/payload/details/PAY0UEREX
PAY0DKNWM	ADC 3-12 payload	ADC_PAYLOAD	DNA topoisomerase 1 (TOP1)	ADC3-12 payload	1	ADC3-12		https://adcdb.idrblab.net/data/payload/details/PAY0DKNWM
PAY0NUWOK	ADC 3-13 payload	ADC_PAYLOAD	DNA topoisomerase 1 (TOP1)	ADC3-13 payload	0			https://adcdb.idrblab.net/data/payload/details/PAY0NUWOK
PAY0MZZRB	ADC 3-14 payload	ADC_PAYLOAD	DNA topoisomerase 1 (TOP1)	ADC3-14 payload	1	ADC3-14		https://adcdb.idrblab.net/data/payload/details/PAY0MZZRB
PAY0NVXFA	ADC 3-15 payload	ADC_PAYLOAD	DNA topoisomerase 1 (TOP1)	ADC3-15 payload	1	ADC3-15		https://adcdb.idrblab.net/data/payload/details/PAY0NVXFA
PAY0MJXFR	ADC 3-16 payload	ADC_PAYLOAD	DNA topoisomerase 1 (TOP1)	ADC3-16 payload	0			https://adcdb.idrblab.net/data/payload/details/PAY0MJXFR
PAY0NEYLN	ADC 3-17 payload	ADC_PAYLOAD	DNA topoisomerase 1 (TOP1)	ADC3-17 payload	0			https://adcdb.idrblab.net/data/payload/details/PAY0NEYLN
PAY0IXZFB	ADC 3-18 payload	ADC_PAYLOAD	DNA topoisomerase 1 (TOP1)	ADC3-18 payload	0			https://adcdb.idrblab.net/data/payload/details/PAY0IXZFB
PAY0RQBQW	ADC 3-19 payload	ADC_PAYLOAD	DNA topoisomerase 1 (TOP1)	ADC3-19 payload	0			https://adcdb.idrblab.net/data/payload/details/PAY0RQBQW
PAY0QMCOT	ADC 3-2 payload	ADC_PAYLOAD	DNA topoisomerase 1 (TOP1)	ADC3-2 payload	1	ADC3-2		https://adcdb.idrblab.net/data/payload/details/PAY0QMCOT
PAY0UVIUP	ADC 3-20 payload	ADC_PAYLOAD	DNA topoisomerase 1 (TOP1)	ADC3-20 payload	0			https://adcdb.idrblab.net/data/payload/details/PAY0UVIUP
PAY0NYIOD	ADC 3-3 payload	ADC_PAYLOAD	DNA topoisomerase 1 (TOP1)	ADC3-3 payload	1	ADC3-3		https://adcdb.idrblab.net/data/payload/details/PAY0NYIOD
PAY0AMEDC	ADC 3-4 payload	ADC_PAYLOAD	DNA topoisomerase 1 (TOP1)	ADC3-4 payload	1	ADC3-4		https://adcdb.idrblab.net/data/payload/details/PAY0AMEDC
PAY0DRQLL	ADC 3-5 payload	ADC_PAYLOAD	DNA topoisomerase 1 (TOP1)	ADC3-5 payload	1	ADC3-5		https://adcdb.idrblab.net/data/payload/details/PAY0DRQLL
PAY0SJTXX	ADC 3-6 payload	ADC_PAYLOAD	DNA topoisomerase 1 (TOP1)	ADC3-6 payload	1	ADC3-6		https://adcdb.idrblab.net/data/payload/details/PAY0SJTXX
PAY0PBQIS	ADC 3-7 payload	ADC_PAYLOAD	DNA topoisomerase 1 (TOP1)	ADC3-7 payload	1	ADC3-7		https://adcdb.idrblab.net/data/payload/details/PAY0PBQIS
PAY0XXJNY	ADC 3-8 payload	ADC_PAYLOAD	DNA topoisomerase 1 (TOP1)	ADC3-8 payload	1	ADC3-8		https://adcdb.idrblab.net/data/payload/details/PAY0XXJNY
PAY0HECEY	ADC 3-9 payload	ADC_PAYLOAD	DNA topoisomerase 1 (TOP1)	ADC3-9 payload	1	ADC3-9		https://adcdb.idrblab.net/data/payload/details/PAY0HECEY
PAY0IHIJA	ADC-C1 payload	ADC_PAYLOAD	DNA topoisomerase 1 (TOP1)	ADC-C1 payload	0			https://adcdb.idrblab.net/data/payload/details/PAY0IHIJA
PAY0YMYPV	ADC-C2 payload	ADC_PAYLOAD	DNA topoisomerase 1 (TOP1)	ADC-C2 payload	0			https://adcdb.idrblab.net/data/payload/details/PAY0YMYPV
PAY0ULVPD	ADC-C3 payload	ADC_PAYLOAD	DNA topoisomerase 1 (TOP1)	ADC-C3 payload	0			https://adcdb.idrblab.net/data/payload/details/PAY0ULVPD
PAY0OXLXB	ADC-C4 payload	ADC_PAYLOAD	DNA topoisomerase 1 (TOP1)	ADC-C4 payload	0			https://adcdb.idrblab.net/data/payload/details/PAY0OXLXB
PAY0LCDJX	ADC-C5 payload	ADC_PAYLOAD	DNA topoisomerase 1 (TOP1)	ADC-C5 payload	0			https://adcdb.idrblab.net/data/payload/details/PAY0LCDJX
PAY0BNILB	AF-HEA	ADC_PAYLOAD			0			https://adcdb.idrblab.net/data/payload/details/PAY0BNILB
PAY0HQOIZ	AF-HPA	ADC_PAYLOAD			5	ASN004; Emiltatug ledadotin; Upifitamab rilsodotin; XMT-1522; XMT-1592		https://adcdb.idrblab.net/data/payload/details/PAY0HQOIZ
PAY0IXEJQ	AGD-0182	ADC_PAYLOAD	Microtubule (MT)	AGD-0182; CHEMBL5205301; SCHEMBL17302870; HY-144585; CS-0432631	1	AGS-62P1		https://adcdb.idrblab.net/data/payload/details/PAY0IXEJQ
PAY0SUOCB	AMDCPT	ADC_PAYLOAD			1	ABBV-400		https://adcdb.idrblab.net/data/payload/details/PAY0SUOCB
PAY0UHCAF	AP052	ADC_PAYLOAD			1	ADRX-0706		https://adcdb.idrblab.net/data/payload/details/PAY0UHCAF
PAY0AHVOK	AP052	ADC_PAYLOAD	Microtubule (MT)		0			https://adcdb.idrblab.net/data/payload/details/PAY0AHVOK
PAY0WUYLV	AP25	ADC_PAYLOAD	Integrin alpha-5 (ITGA5)	AP25	1	PSG4R AP25		https://adcdb.idrblab.net/data/payload/details/PAY0WUYLV
PAY0LGKPJ	AZ-1508	ADC_PAYLOAD	Microtubule (MT)	Tubulysin AZ-1508; 1817736-04-1; UNII-1Y3DZ3604R; 1Y3DZ3604R; AZ 1508; AZ-1508; AZ1508; SCHEMBL17157189; AKOS040743569; HY-128962; CS-0102877; (2S,4R)-4-[[2-[(1R,3R)-1-acetyloxy-3-[[(2S,3S)-2-[[(2R,4R)-1,4-dimethylpiperidine-2-carbonyl]amino]-3-methylpentanoyl]-ethylamino]-4-methylpentyl]-1,3-thiazole-4-carbonyl]amino]-5-[4-[[(2S)-6-amino-2-[6-(2,5-dioxopyrrol-1-yl)hexanoylamino]hexanoyl]amino]phenyl]-2-methylpentanoic acid	4	T-D2-1508; T-D4-1508; T-D6-1508; T-D8-1508		https://adcdb.idrblab.net/data/payload/details/PAY0LGKPJ
PAY0OWZGZ	AZ0132	ADC_PAYLOAD	DNA topoisomerase 1 (TOP1)	AZ0132	2		DRG0CWADI; DRG0XKZBO	https://adcdb.idrblab.net/data/payload/details/PAY0OWZGZ
PAY0AKUNH	AZ13599185	ADC_PAYLOAD	Microtubule (MT)	AZ13599185	0			https://adcdb.idrblab.net/data/payload/details/PAY0AKUNH
PAY0VJTOU	AZ14170132 (AZ0132)	ADC_PAYLOAD			4	Lixarkitug samrotecan; Puxitatug samrotecan; Tilatamig samrotecan; Torvutatug samrotecan		https://adcdb.idrblab.net/data/payload/details/PAY0VJTOU
PAY0JUHNT	AZ14170132	ADC_PAYLOAD	DNA topoisomerase 1 (TOP1)		1		DRG0BIQVN	https://adcdb.idrblab.net/data/payload/details/PAY0JUHNT
PAY0ZVBAI	Active metabolite of irinotecan SN38	ADC_PAYLOAD	DNA topoisomerase 1 (TOP1)	Active metabolite of irinotecan SN38	19		DRG0AYEUI; DRG0BUAWG; DRG0BXRDQ; DRG0CZHYM; DRG0DBPMZ; DRG0EKTUN; DRG0HUPSN; DRG0JBKMD; DRG0OKMOL; DRG0PEVVH; DRG0PZVUG; DRG0QGQWG; DRG0QITMW; DRG0QJGNH; DRG0QQKLF; DRG0QYJUL; DRG0RGMND; DRG0SIMLV; DRG0YHHWC	https://adcdb.idrblab.net/data/payload/details/PAY0ZVBAI
PAY0TZKYS	Ahx-maytansine	ADC_PAYLOAD	Microtubule (MT)	Ahx-maytansine	1	Trastuzumab-SYNtansine		https://adcdb.idrblab.net/data/payload/details/PAY0TZKYS
PAY0VSQTA	Aldehyde-tagged MMAF	ADC_PAYLOAD	Microtubule (MT)	Aldehyde-tagged MMAF	0			https://adcdb.idrblab.net/data/payload/details/PAY0VSQTA
PAY0LNJXB	Alendronate	ADC_PAYLOAD	Farnesyl pyrophosphate synthase (FDPS)	Alendronate	0			https://adcdb.idrblab.net/data/payload/details/PAY0LNJXB
PAY0EGTHJ	Alpha-amanitin (thioether)	ADC_PAYLOAD	DNA-directed RNA polymerase II subunit RPB2 (POLR2B); DNA-directed RNA polymerase III subunit RPC7 (POLR3G)	Alpha-amanitin (thioether)	0			https://adcdb.idrblab.net/data/payload/details/PAY0EGTHJ
PAY0KYHON	Alpha-amanitin+Monomethyl auristatin E	ADC_PAYLOAD	DNA-directed RNA polymerase II subunit RPB2 (POLR2B); DNA-directed RNA polymerase III subunit RPC7 (POLR3G); Microtubule (MT)	Alpha-amanitin+Monomethyl auristatin E	2	WO2017089890A1 ADC58; WO2017089890A1 ADC78		https://adcdb.idrblab.net/data/payload/details/PAY0KYHON
PAY0MZOZX	Alpha-amanitin	ADC_PAYLOAD	DNA-directed RNA polymerase II subunit RPB2 (POLR2B); DNA-directed RNA polymerase III subunit RPC7 (POLR3G)	Alpha-amanitin; 23109-05-9; alpha-Amanitine; .alpha.-Amanitin; HSDB 3458; C39H54N10O14S; EINECS 245-432-2; BRN 1071138; C39-H54-N10-O14-S; CHEMBL3792970; SCHEMBL16491633; Cyclic(L-asparaginyl-4-hydroxy-L-prolyl-(R)-4,5-dihydroxy-L-isoleucyl-6-hydroxy-2-mercapto-L-tryptophylglycyl-L-isoleucylglycyl-L-cysteinyl), cyclic (4-8)-sulfide, (R)-S-oxide; AKOS024457936; CS-5321; HY-19610; 11000-43-4; cyclo[L-Asparaginyl-4-hydroxy-L-proly-(R-4,5-dihydroxy-L-isoleucyl-6-hydroxy-2-mercapto-L-tryptophylglycyl-L-isoleucylglycyl-L-cysteinyl]cyclic (4?8)-sulfide (R)-S-oxide	9		DRG0AVRJX; DRG0AZIZP; DRG0GJZXV; DRG0HYJMR; DRG0IVKDI; DRG0IYRDO; DRG0KMBTX; DRG0SSXAK; DRG0VIJTU	https://adcdb.idrblab.net/data/payload/details/PAY0MZOZX
PAY0VWAIT	Alphatecan (T01)	ADC_PAYLOAD			0			https://adcdb.idrblab.net/data/payload/details/PAY0VWAIT
PAY0XKIFN	Amaninamide (thioether)	ADC_PAYLOAD	DNA-directed RNA polymerase II subunit RPB2 (POLR2B); DNA-directed RNA polymerase III subunit RPC7 (POLR3G)	Amaninamide; C39-H54-N10-O13-S; 58311-65-2; LS-190889; Q4739861; 2-[34-butan-2-yl-13-(3,4-dihydroxybutan-2-yl)-8-hydroxy-2,5,11,14,27,30,33,36,39-nonaoxo-27lambda4-thia-3,6,12,15,25,29,32,35,38-nonazapentacyclo[14.12.11.06,10.018,26.019,24]nonatriaconta-18(26),19,21,23-tetraen-4-yl]acetamide	0			https://adcdb.idrblab.net/data/payload/details/PAY0XKIFN
PAY0BLWRI	Amanitin 30.088	ADC_PAYLOAD	DNA-directed RNA polymerase II subunit RPB2 (POLR2B); DNA-directed RNA polymerase III subunit RPC7 (POLR3G)	Amanitin 30.088	2	Anti-HER2-D265C-30.0880; Anti-PSMA-D265C-30.0880		https://adcdb.idrblab.net/data/payload/details/PAY0BLWRI
PAY0IKFVR	Amanitin 30.1699	ADC_PAYLOAD	DNA-directed RNA polymerase II subunit RPB2 (POLR2B); DNA-directed RNA polymerase III subunit RPC7 (POLR3G)	Amanitin 30.1699	2	Anti-HER2-D265C-30.1699; Anti-PSMA-D265C-30.1699		https://adcdb.idrblab.net/data/payload/details/PAY0IKFVR
PAY0ZLLVK	Amanitin 30.206	ADC_PAYLOAD	DNA-directed RNA polymerase II subunit RPB2 (POLR2B); DNA-directed RNA polymerase III subunit RPC7 (POLR3G)	Amanitin 30.206	2	Anti-HER2-D265C-30.2060; Anti-PSMA-D265C-30.2060		https://adcdb.idrblab.net/data/payload/details/PAY0ZLLVK
PAY0HCZTW	Amanitin 30.2115	ADC_PAYLOAD	DNA-directed RNA polymerase II subunit RPB2 (POLR2B); DNA-directed RNA polymerase III subunit RPC7 (POLR3G)	Amanitin 30.2115	2	Anti-HER2-D265C-30.2115; Anti-PSMA-D265C-30.2115		https://adcdb.idrblab.net/data/payload/details/PAY0HCZTW
PAY0AETYD	Amanitin 30.2347	ADC_PAYLOAD	DNA-directed RNA polymerase II subunit RPB2 (POLR2B); DNA-directed RNA polymerase III subunit RPC7 (POLR3G)	Amanitin 30.2347	2	Anti-HER2-D265C-30.2347; Anti-PSMA-D265C-30.2347		https://adcdb.idrblab.net/data/payload/details/PAY0AETYD
PAY0KQAFJ	Amanitin 30.2371	ADC_PAYLOAD	DNA-directed RNA polymerase II subunit RPB2 (POLR2B); DNA-directed RNA polymerase III subunit RPC7 (POLR3G)	Amanitin 30.2371	2	Anti-HER2-D265C-30.2371; Anti-PSMA-D265C-30.2371		https://adcdb.idrblab.net/data/payload/details/PAY0KQAFJ
PAY0EQLPH	Amanitin 30.2867	ADC_PAYLOAD	DNA-directed RNA polymerase II subunit RPB2 (POLR2B); DNA-directed RNA polymerase III subunit RPC7 (POLR3G)	Amanitin 30.2867	2	Anti-HER2-D265C-30.2867; Anti-PSMA-D265C-30.2867		https://adcdb.idrblab.net/data/payload/details/PAY0EQLPH
PAY0NWDDV	Amanitin	ADC_PAYLOAD			0			https://adcdb.idrblab.net/data/payload/details/PAY0NWDDV
PAY0LHRMR	Amberstatin 269 (AS269)	ADC_PAYLOAD			1	ARX-788		https://adcdb.idrblab.net/data/payload/details/PAY0LHRMR
PAY0JXVNR	Amberstatin-269	ADC_PAYLOAD			1	ARX-517		https://adcdb.idrblab.net/data/payload/details/PAY0JXVNR
PAY0AQACP	Analogue of motolimod	ADC_PAYLOAD	Toll-like receptor 8 (TLR8)		1		DRG0YPVKH	https://adcdb.idrblab.net/data/payload/details/PAY0AQACP
PAY0PQRCP	Angiopep-2 TFA	ADC_PAYLOAD		Angiopep-2 TFA; SCHEMBL22807671; 906480-05-5	1	Homo-Ang2-Cys5.5 conjugate DAR 4		https://adcdb.idrblab.net/data/payload/details/PAY0PQRCP
PAY0XAAPP	Attenuated form of IFN alpha	ADC_PAYLOAD	Interferon alpha-1/13 (IFNA1; IFNA13)	Attenuated form of IFN alpha	0			https://adcdb.idrblab.net/data/payload/details/PAY0XAAPP
PAY0XIIXN	Aur0131	ADC_PAYLOAD	Microtubule (MT)	Aur0131	10	Anti-CXCR4 ADC 510; Anti-CXCR4 ADC 513; Anti-CXCR4 ADC 669; Anti-CXCR4 ADC 670; Anti-CXCR4 ADC 671; Anti-CXCR4 ADC 672; Anti-CXCR4 ADC 711; Anti-CXCR4 ADC 712; Anti-CXCR4 ADC 713; Anti-CXCR4 ADC 714		https://adcdb.idrblab.net/data/payload/details/PAY0XIIXN
PAY0CNXJS	Auristatin 0101 (Aur0101)	ADC_PAYLOAD			5	Cofetuzumab pelidotin; Micvotabart pelidotin; PF-06650808; PF-06664178; PF-06804103		https://adcdb.idrblab.net/data/payload/details/PAY0CNXJS
PAY0WDZAK	Auristatin 0101	ADC_PAYLOAD	Microtubule (MT)	PF-06380101; 1436391-86-4; Auristatin 0101; Aur0101; Q8020AX34E; AUR-0101; 2-Methyl-L-Alanyl-N-[(3r,4s,5s)-3-Methoxy-1-{(2s)-2-[(1r,2r)-1-Methoxy-2-Methyl-3-Oxo-3-{[(1s)-2-Phenyl-1-(1,3-Thiazol-2-Yl)ethyl]amino}propyl]pyrrolidin-1-Yl}-5-Methyl-1-Oxoheptan-4-Yl]-N-Methyl-L-Valinamide; (2S)-2-((2-Amino-2-methyl-propanoyl)amino)-N-((1S,2R)-2-methoxy-4-((2S)-2-((1R,2R)-1-methoxy-2-methyl-3-oxo-3-(((1S)-2-phenyl-1-thiazol-2-yl-ethyl)amino)propyl)pyrrolidin-1-yl)-1-((1S)-1-methylpropyl)-4-oxo-butyl)-N,3-dimethyl-butanamide; (S)-2-(2-amino-2-methylpropanamido)-N-((3R,4S,5S)-3-methoxy-1-((S)-2-((1R,2R)-1-methoxy-2-methyl-3-oxo-3-(((S)-2-phenyl-1-(thiazol-2-yl)ethyl)amino)propyl)pyrrolidin-1-yl)-5-methyl-1-oxoheptan-4-yl)-N,3-dimethylbutanamide; L-Valinamide, 2-methylalanyl-N-((1S,2R)-2-methoxy-4-((2S)-2-((1R,2R)-1-methoxy-2-methyl-3-oxo-3-(((1S)-2-phenyl-1-(2-thiazolyl)ethyl)amino)propyl)-1-pyrrolidinyl)-1-((1S)-1-methylpropyl)-4-oxobutyl)-N-methyl-; Auristatin-0101; UNII-Q8020AX34E; CHEMBL3359827; SCHEMBL14936149; AKOS040742399; CS-3706; NCGC00485972-01; HY-12522; MS-31297; F85106; Q27454197; (2S)-2-[(2-amino-2-methylpropanoyl)amino]-N-[(3R,4S,5S)-3-methoxy-1-[(2S)-2-[(1R,2R)-1-methoxy-2-methyl-3-oxo-3-[[(1S)-2-phenyl-1-(1,3-thiazol-2-yl)ethyl]amino]propyl]pyrrolidin-1-yl]-5-methyl-1-oxoheptan-4-yl]-N,3-dimethylbutanamide; 2-methylalanyl-N-[(3R,4S,5S)-3-methoxy-1-{(2S)-2-[(1R,2R)-1-methoxy-2-methyl-3-oxo-3-{[(1S)-2-phenyl-1-(1,3-thiazol-2-yl)ethyl]amino}propyl]pyrrolidin-1-yl}-5-methyl-1-oxoheptan-4-yl]-N-methyl-L-valinamide; 3WD	18		DRG0AHSMK; DRG0AWQJG; DRG0BCCNW; DRG0CNBLH; DRG0HLZRS; DRG0KTRKE; DRG0MNQKW; DRG0NDRNP; DRG0NGCKA; DRG0OMACI; DRG0PCQPN; DRG0PPPGF; DRG0QCIPJ; DRG0REALL; DRG0SEAFV; DRG0WRFYU; DRG0XHZLG; DRG0ZDBNL	https://adcdb.idrblab.net/data/payload/details/PAY0WDZAK
PAY0CZRPM	Auristatin E	ADC_PAYLOAD	Microtubule (MT)	Auristatin E; 160800-57-7; (2S)-2-[[(2S)-2-(dimethylamino)-3-methylbutanoyl]amino]-N-[(3R,4S,5S)-1-[(2S)-2-[(1R,2R)-3-[[(1S,2R)-1-hydroxy-1-phenylpropan-2-yl]amino]-1-methoxy-2-methyl-3-oxopropyl]pyrrolidin-1-yl]-3-methoxy-5-methyl-1-oxoheptan-4-yl]-N,3-dimethylbutanamide; (S)-2-((S)-2-(dimethylamino)-3-methylbutanamido)-N-((3R,4S,5S)-1-((S)-2-((1R,2R)-3-(((1S,2R)-1-hydroxy-1-phenylpropan-2-yl)amino)-1-methoxy-2-methyl-3-oxopropyl)pyrrolidin-1-yl)-3-methoxy-5-methyl-1-oxoheptan-4-yl)-N,3-dimethylbutanamide; SCHEMBL1687439; CHEMBL4082989; WOWDZACBATWTAU-FEFUEGSOSA-N; AMY10330; EX-A3360; AKOS040741181; CS-3435; BP-23645; HY-15582; MS-31271; F85071	0			https://adcdb.idrblab.net/data/payload/details/PAY0CZRPM
PAY0SIHVM	Auristatin F hydroxypropylamide (AF-HPA)	ADC_PAYLOAD	Microtubule (MT)	Auristatin f-hpa; Auristatin F hydroxypropylamide; 7A55BK9DV3; XMT-1267; 1415659-09-4; UNII-7A55BK9DV3; SCHEMBL14315837; L-PHENYLALANINAMIDE, N,N-DIMETHYL-L-VALYL-L-VALYL-(3R,4S,5S)-3-METHOXY-5-METHYL-4-(METHYLAMINO)HEPTANOYL-(.ALPHA.R,.BETA.R,2S)-.BETA.-METHOXY-.ALPHA.-METHYL-2-PYRROLIDINEPROPANOYL-N-(3-HYDROXYPROPYL)-; L-Phenylalaninamide, N,N-dimethyl-L-valyl-L-valyl-(3R,4S,5S)-3-methoxy-5-methyl-4-(methylamino)heptanoyl-(alphaR,betaR,2S)-beta-methoxy-alpha-methyl-2-pyrrolidinepropanoyl-N-(3-hydroxypropyl)-; N,N-DIMETHYL-L-VALYL-L-VALYL-(3R,4S,5S)-3-METHOXY-5-METHYL-4-(METHYLAMINO)HEPTANOYL-(.ALPHA.R,.BETA.R,2S)-.BETA.-METHOXY-.ALPHA.-METHYL-2-PYRROLIDINEPROPANOYL-N-(3-HYDROXYPROPYL)-L-PHENYLALANINAMIDE; N,N-Dimethyl-L-valyl-L-valyl-(3R,4S,5S)-3-methoxy-5-methyl-4-(methylamino)heptanoyl-(alphaR,betaR,2S)-beta-methoxy-alpha-methyl-2-pyrrolidinepropanoyl-N-(3-hydroxypropyl)-L-phenylalaninamide	4		DRG0GYNBS; DRG0JNXDB; DRG0LHZWB; DRG0OZSZX	https://adcdb.idrblab.net/data/payload/details/PAY0SIHVM
PAY0KGVAS	Auristatin F	ADC_PAYLOAD	Microtubule (MT)	Auristatin F; 163768-50-1; ((2R,3R)-3-((S)-1-((3R,4S,5S)-4-((S)-2-((S)-2-(dimethylamino)-3-methylbutanamido)-N,3-dimethylbutanamido)-3-methoxy-5-methylheptanoyl)pyrrolidin-2-yl)-3-methoxy-2-methylpropanoyl)-L-phenylalanine; (2S)-2-[[(2R,3R)-3-[(2S)-1-[(3R,4S,5S)-4-[[(2S)-2-[[(2S)-2-(dimethylamino)-3-methylbutanoyl]amino]-3-methylbutanoyl]-methylamino]-3-methoxy-5-methylheptanoyl]pyrrolidin-2-yl]-3-methoxy-2-methylpropanoyl]amino]-3-phenylpropanoic acid; SCHEMBL2606135; CHEMBL5184029; LGNCNVVZCUVPOT-FUVGGWJZSA-N; EX-A3361; CS-3436; BP-27999; HY-15583; F85072; (2S)-2-[(2R)-2-[(R)-[(2S)-1-[(3R,4S,5S)-4-[(2S)-2-[(2S)-2-(dimethylamino)-3-methylbutanamido]-N,3-dimethylbutanamido]-3-methoxy-5-methylheptanoyl]pyrrolidin-2-yl](methoxy)methyl]propanamido]-3-phenylpropanoic acid; (S)-2-((2R,3R)-3-((S)-1-((3R,4S,5S)-4-((S)-2-((S)-2-(Dimethylamino)-3-methylbutanamido)-N,3-dimethylbutanamido)-3-methoxy-5-methylheptanoyl)pyrrolidin-2-yl)-3-methoxy-2-methylpropanamido)-3-phenylpropanoic acid	12	1711 (scFv)-SNAP-AuriF; 1F6-Asp-Val-AF; 1F6-His-Val-AF; 1F6-Ile-Pro-AF; 1F6-Ile-Val-AF; 1F6-Me3-Lys-Pro-AF; 1F6-Met- (D)Lys-AF; 1F6-Met-Lys-AF; 1F6-NorVal- (D)Asp-AF; 1F6-PhenylGly- (D)Lys-AF; 1F6-Pro- (D)Lys-AF; 1F6-beta-Ala- (D)Asp-AF		https://adcdb.idrblab.net/data/payload/details/PAY0KGVAS
PAY0JYSRJ	Auristatin M	ADC_PAYLOAD	Microtubule (MT)	Auristatin M	2	1F6-Asn- (D)Lys-AM; 1F6-Met- (D)Lys-AM		https://adcdb.idrblab.net/data/payload/details/PAY0JYSRJ
PAY0OQQWQ	Auristatin S	ADC_PAYLOAD			0			https://adcdb.idrblab.net/data/payload/details/PAY0OQQWQ
PAY0BSEDX	Auristatin W	ADC_PAYLOAD			1	Aprutumab ixadotin		https://adcdb.idrblab.net/data/payload/details/PAY0BSEDX
PAY0GSHBE	Auristatin W derivative	ADC_PAYLOAD			1	Lupartumab amadotin		https://adcdb.idrblab.net/data/payload/details/PAY0GSHBE
PAY0PBONE	Auristatin W	ADC_PAYLOAD	Microtubule (MT)	Auristatin W	1		DRG0JJEUT	https://adcdb.idrblab.net/data/payload/details/PAY0PBONE
PAY0BOXXJ	BCL-XL inhibitor	ADC_PAYLOAD	Bcl-2-like protein 1 (BCL2L1)		0			https://adcdb.idrblab.net/data/payload/details/PAY0BOXXJ
PAY0RTKFS	BCL-xL inhibitor	ADC_PAYLOAD			1	ABBV-637		https://adcdb.idrblab.net/data/payload/details/PAY0RTKFS
PAY0MXQKD	BCPT02	ADC_PAYLOAD			3	DM001; DM002; DM005		https://adcdb.idrblab.net/data/payload/details/PAY0MXQKD
PAY0FJLKL	BCPT02	ADC_PAYLOAD	DNA topoisomerase 1 (TOP1)		0			https://adcdb.idrblab.net/data/payload/details/PAY0FJLKL
PAY0KASIT	BET degrader	ADC_PAYLOAD			0			https://adcdb.idrblab.net/data/payload/details/PAY0KASIT
PAY0YBMFZ	BET degrader	ADC_PAYLOAD	BET		0			https://adcdb.idrblab.net/data/payload/details/PAY0YBMFZ
PAY0EJOCR	BRD4 PROTAC 3	ADC_PAYLOAD	Bromodomain-containing protein 4 (BRD4)	BRD4 PROTAC 3	0			https://adcdb.idrblab.net/data/payload/details/PAY0EJOCR
PAY0LNEJH	Batansine	ADC_PAYLOAD			2	BAT8001; BAT8003		https://adcdb.idrblab.net/data/payload/details/PAY0LNEJH
PAY0SKCAI	Belotecan-derivative	ADC_PAYLOAD			1	SKB315		https://adcdb.idrblab.net/data/payload/details/PAY0SKCAI
PAY0EHKEY	Belotecan	ADC_PAYLOAD			6	DRG0ABIGI; DRG0IZKGD; DRG0LECDP; DRG0MLPUR; DRG0OHXUL; DRG0ROTZN		https://adcdb.idrblab.net/data/payload/details/PAY0EHKEY
PAY0XFJJT	Beta-amanitin	ADC_PAYLOAD	DNA-directed RNA polymerase II subunit RPB2 (POLR2B); DNA-directed RNA polymerase III subunit RPC7 (POLR3G)	BETA-AMANITIN; 21150-22-1; beta-Amanitine; beta.-Amanitin; 2-[34-butan-2-yl-13-(3,4-dihydroxybutan-2-yl)-8,22-dihydroxy-2,5,11,14,27,30,33,36,39-nonaoxo-27lambda4-thia-3,6,12,15,25,29,32,35,38-nonazapentacyclo[14.12.11.06,10.018,26.019,24]nonatriaconta-18(26),19(24),20,22-tetraen-4-yl]acetic acid; beta-Amatoxin; HSDB 3459; 1-L-Aspartic acid alpha-amanitin; alpha-Amanitin, 1-l-aspartic acid-; EINECS 244-244-8; beta -Amanitin; BRN 1071139; SCHEMBL3505949; CHEMBL1978871; IEQCUEXVAPAFMQ-UHFFFAOYSA-N; 9,18-(Iminoethaniminoethaniminoethaniminomethano)pyrrolo(1',2':8,9)(1,5,8,11,14)thiatetraazacyclooctadecino(18,17-b)indole-6-acetic acid, 1,2,3,5,6,7,8,9,10,12,17,18,19,20,21,22,23,23a-octadecahydro-29-sec-butyl-2,14-dihydroxy-21-(2,3-dihydroxy-1-methylpropyl)-5,8,20,23,24,27,30,33-octaoxo-, 11-oxide; NSC627727; NSC-627727; LS-80950; NCI60_008881; J-013881; beta-Amanitin from Amanita phalloides, ~90% (HPLC)	4		DRG0IKOGW; DRG0RSHGL; DRG0SGXZO; DRG0TGUXX	https://adcdb.idrblab.net/data/payload/details/PAY0XFJJT
PAY0BITNZ	Bicyclopentyl-seco-CBI-dimer	ADC_PAYLOAD	Human Deoxyribonucleic acid (hDNA)	Bicyclopentyl-seco-CBI-dimer	0			https://adcdb.idrblab.net/data/payload/details/PAY0BITNZ
PAY0SXCMM	Bifunctional immunomodulator D18	ADC_PAYLOAD	Toll-like receptor 7 (TLR7); Toll-like receptor 8 (TLR8)	Bifunctional immunomodulator D18	0			https://adcdb.idrblab.net/data/payload/details/PAY0SXCMM
PAY0WCMYD	Budesonide derivative P12	ADC_PAYLOAD	Glucocorticoid receptor (NR3C1)	Budesonide derivative P12	0			https://adcdb.idrblab.net/data/payload/details/PAY0WCMYD
PAY0RBGYB	Budesonide derivative P3	ADC_PAYLOAD	Glucocorticoid receptor (NR3C1)	Budesonide derivative P3	0			https://adcdb.idrblab.net/data/payload/details/PAY0RBGYB
PAY0PTREU	CAMP59	ADC_PAYLOAD			0			https://adcdb.idrblab.net/data/payload/details/PAY0PTREU
PAY0YJTZD	CBI-dimer-beta-Gal	ADC_PAYLOAD	Human Deoxyribonucleic acid (hDNA)	CBI-dimer-beta-Gal	1	OHPAS ADC-4		https://adcdb.idrblab.net/data/payload/details/PAY0YJTZD
PAY0RYYQU	CN-Pro-dideoxy-alpha-amanitin	ADC_PAYLOAD	DNA-directed RNA polymerase II subunit RPB2 (POLR2B); DNA-directed RNA polymerase III subunit RPC7 (POLR3G)	CN-Pro-dideoxy-alpha-amanitin	0			https://adcdb.idrblab.net/data/payload/details/PAY0RYYQU
PAY0TEJSN	CPT-derivative payloads	ADC_PAYLOAD			0			https://adcdb.idrblab.net/data/payload/details/PAY0TEJSN
PAY0XYHQD	CPT113	ADC_PAYLOAD			1	DXC-006		https://adcdb.idrblab.net/data/payload/details/PAY0XYHQD
PAY0MQHMP	CPT113	ADC_PAYLOAD	DNA topoisomerase 1 (TOP1)		0			https://adcdb.idrblab.net/data/payload/details/PAY0MQHMP
PAY0YFLYF	CPT116	ADC_PAYLOAD			0			https://adcdb.idrblab.net/data/payload/details/PAY0YFLYF
PAY0UKURS	CRD5500	ADC_PAYLOAD	Stimulator of interferon genes protein (STING1)	CRD5500	0			https://adcdb.idrblab.net/data/payload/details/PAY0UKURS
PAY0ETAAN	Cabazitaxel	ADC_PAYLOAD	Microtubule (MT)	CABAZITAXEL; 183133-96-2; Jevtana; Taxoid XRP6258; Xrp6258; XRP-6258; Cabazitaxelum; TXD 258; Jevtana Kit; Jevtana (TN); cabazitaxel acetonate; Cabazitaxel Injection; TXD258; XRP 6258; Cabazitaxel [USAN:INN]; NSC-761432; javtana; CHEBI:63584; TXD-258; UNII-51F690397J; RPR 116258A; RPR-116258A; 51F690397J; dimethoxydocetaxel; kabazitaxel; Cabazitaxel (Jevtana); (1S,2S,3R,4S,7R,9S,10S,12R,15S)-4-(acetyloxy)-15-{[(2R,3S)-3-{[(tert-butoxy)carbonyl]amino}-2-hydroxy-3-phenylpropanoyl]oxy}-1-hydroxy-9,12-dimethoxy-10,14,17,17-tetramethyl-11-oxo-6-oxatetracyclo[11.3.1.0^{3,10}.0^{4,7}]heptadec-13-en-2-yl benzoate; (2aR,4S,4aS,6R,9S,11S,12S,12aR,12bS)-12b-acetoxy-9-(((2R,3S)-3-((tert-butoxycarbonyl)amino)-2-hydroxy-3-phenylpropanoyl)oxy)-11-hydroxy-4,6-dimethoxy-4a,8,13,13-tetramethyl-5-oxo-2a,3,4,4a,5,6,9,10,11,12,12a,12b-dodecahydro-1H-7,11-methanocyclodeca[3,4]benzo[1,2-b]oxet-12-yl benzoate.; CABAZITAXEL ACETONATE [JAN]; Jevanta; XRP6258;RPR-116258A;taxoid XRP6258; CABAZITAXEL [MI]; CABAZITAXEL [INN]; Cabazitaxel (USAN/INN); CABAZITAXEL [USAN]; D02HSB; CABAZITAXEL [VANDF]; CABAZITAXEL [MART.]; CABAZITAXEL [WHO-DD]; SCHEMBL179674; CABAZITAXEL [EMA EPAR]; GTPL6798; CHEMBL1201748; AMY4317; CABAZITAXEL [ORANGE BOOK]; DTXSID40171389; EX-A838; BMQGVNUXMIRLCK-OAGWZNDDSA-N; (alpha-R,-beta-S)-beta-[[(1,1-Dimethylethoxy)carbonyl]amino]-alpha-hydroxybenzenepropanoic acid (2aR,4S,4aS,6R,9S,11S,12S,12aR,12bS)-12b-(acetyloxy)-12-(benzoyloxy)-2a,3,4,4a,5,6,9,10,11,12,12a,12b-dodecahydro-11-hydroxy-4,6-dimethoxy-4a,8,13,13-tetramethyl-5-oxo-7,11-methano-1H-cyclodeca[3,4]benz[1,2-b]oxet-9-yl ester; MFCD18827611; NSC761432; NSC794609; s3022; AKOS032947285; CCG-270519; CS-0972; CS-O-01257; DB06772; NSC 761432; NSC-794609; NCGC00346704-01; NCGC00346704-03; AS-75355; HY-15459; C3390; A25044; D09755; AB01273971-01; AB01273971_02; EN300-22232477; Q412963; SR-01000941585; J-011721; J-519981; SR-01000941585-1; (((tertbutoxy)carbonyl)amino)-2-hydroxy-3-phenylpropanoate1-hydroxy-7beta,10beta-dimethoxy-9-oxo-5beta,20-epoxytax-11-ene-2alpha,4,13alpha-triyl 4-acetate 2-benzoate 13-((2R,3S)-3-; (1S)-5beta,20-Epoxy-9-oxo-7beta,10beta-dimethoxytaxa-11-ene-1,2alpha,4alpha,13alpha-tetraol 2-benzoate 4-acetate 13-[(2R,3S)-2-hydroxy-3-(tert-butoxycarbonylamino)-3-phenylpropionate]; (1S,2S,3R,4S,7R,9S,10S,12R,15S)-4-(acetyloxy)-15-{[(2R,3S)-3-{[(tert-butoxy)carbonyl]amino}-2-hydroxy-3-phenylpropanoyl]oxy}-1-hydroxy-9,12-dimethoxy-10,14,17,17-tetramethyl-11-oxo-6-oxatetracyclo[11.3.1.0(3),(1)?.0?,?]heptadec-13-en-2-yl benzoate; (2alpha,5beta,7beta,10beta,13alpha)-4-acetoxy-13-({(2R,3S)-3-[(tert-butoxycarbonyl)amino]-2-hydroxy-3-phenylpropanoyl}oxy)-1-hydroxy-7,10-dimethoxy-9-oxo-5,20-epoxytax-11-en-2-yl benzoate; (2AR,4S,4aS,6R,9S,11S,12S,12aR,12bS)-12b-acetoxy-9-(((2R,3S)-3-((tert-butoxycarbonyl)amino)-2-hydroxy-3-phenylpropanoyl)oxy)-11-hydroxy-4,6-dimethoxy-4a,8,13,1; (2aR,4S,4aS,6R,9S,11S,12S,12aR,12bS)-12b-acetoxy-9-(((2R,3S)-3-((tert-butoxycarbonyl)amino)-2-hydroxy-3-phenylpropanoyl)oxy)-11-hydroxy-4,6-dimethoxy-4a,8,13,13-tetramethyl-5-oxo-2a,3,4,4a,5,6,9,10,11,12,12a,12b-dodecahydro-1H-7,11-methanocyclodeca[3,4]benzo[1,2-b]oxet-12-yl benzoate; [(1S,2S,3R,4S,7R,9S,10S,12R,15S)-4-acetyloxy-1-hydroxy-15-[(2R,3S)-2-hydroxy-3-[(2-methylpropan-2-yl)oxycarbonylamino]-3-phenylpropanoyl]oxy-9,12-dimethoxy-10,14,17,17-tetramethyl-11-oxo-6-oxatetracyclo[11.3.1.03,10.04,7]heptadec-13-en-2-yl] benzoate; 1-hydroxy-7,10-dimethoxy-9-oxo-5,20-epoxytax-11-ene-2,4,13-triyl 4-acetate 2-benzoate 13-((2R,3S)-3-(((tertbutoxy)carbonyl)amino)-2-hydroxy-3-phenylpropanoate); 1-HYDROXY-7.BETA.,10.BETA.-DIMETHOXY-9-OXO-5.BETA.,20-EPOXYTAX-11-ENE-2.ALPHA.,4,13.ALPHA.-TRIYL 4-ACETATE 2-BENZOATE 13-((2R,3S)-3-(((TERT-BUTOXY)CARBONYL)AMINO)-2-HYDROXY-3-PHENYLPROPANOATE); 890654-44-1; Benzenepropanoic acid, beta-[[(1,1-dimethylethoxy)carbonyl]amino]-alpha-hydroxy-, (2aR,4S,4aS,6R,9S,11S,12S,12aR,12bS)-12b-(acetyloxy)-12-(benzoyloxy)-2a,3,4,4a,5,6,9,10,11,12,12a,12b-dodecahydro-11-hydroxy-4,6-dimethoxy-4a,8,13,13-tetramethyl-5-oxo-7,11-methano-1H-cyclodeca[3,4]benz[1,2-b]oxet-9-yl ester, (alphaR,betaS)-	0			https://adcdb.idrblab.net/data/payload/details/PAY0ETAAN
PAY0ROECQ	Camptothecin analog	ADC_PAYLOAD			1	GQ1010		https://adcdb.idrblab.net/data/payload/details/PAY0ROECQ
PAY0YMTEK	Camptothecin analog	ADC_PAYLOAD	DNA topoisomerase 1 (TOP1)		0			https://adcdb.idrblab.net/data/payload/details/PAY0YMTEK
PAY0HANQZ	Camptothecin analogue ED04	ADC_PAYLOAD	DNA topoisomerase 1 (TOP1)	Camptothecin analogue ED04	3		DRG0EJBII; DRG0EOMCN; DRG0YANSF	https://adcdb.idrblab.net/data/payload/details/PAY0HANQZ
PAY0DYCON	Camptothecin analogue	ADC_PAYLOAD	DNA topoisomerase 1 (TOP1)		0			https://adcdb.idrblab.net/data/payload/details/PAY0DYCON
PAY0QVWCJ	Camptothecin-based toxin	ADC_PAYLOAD	DNA topoisomerase 1 (TOP1)		0			https://adcdb.idrblab.net/data/payload/details/PAY0QVWCJ
PAY0WUZLC	Camptothecin	ADC_PAYLOAD	DNA topoisomerase 1 (TOP1)	Camptothecin; 7689-03-4; Camptothecine; (S)-(+)-Camptothecin; Campathecin; (+)-Camptothecine; d-Camptothecin; (+)-Camptothecin; 20(S)-Camptothecine; 21,22-Secocamptothecin-21-oic acid lactone; NSC94600; Camptothecine (S,+); CHEMBL65; (S)-4-ethyl-4-hydroxy-1H-Pyrano[3',4':6,7]indolizino[1,2-b]quinoline-3,14(4H,12H)-dione; NSC-94600; MLS000766223; XT3Z54Z28A; CHEBI:27656; MFCD00081076; (4S)-4-ethyl-4-hydroxy-1H-pyrano[3',4':6,7]indolizino[1,2-b]quinoline-3,14(4H,12H)-dione; (19S)-19-ethyl-19-hydroxy-17-oxa-3,13-diazapentacyclo[11.8.0.02,11.04,9.015,20]henicosa-1(21),2,4,6,8,10,15(20)-heptaene-14,18-dione; (S)-Camptothecin; (19S)-19-ethyl-19-hydroxy-17-oxa-3,13-diazapentacyclo[11.8.0.0^{2,11}.0^{4,9}.0^{15,20}]henicosa-1(21),2,4(9),5,7,10,15(20)-heptaene-14,18-dione; 1H-Pyrano(3',4':6,7)indolizino(1,2-b)quinoline-3,14(4H,12H)-dione, 4-ethyl-4-hydroxy-, (4S)-; 1H-Pyrano(3',4':6,7)indolizino(1,2-b)quinoline-3,14(4H,12H)-dione, 4-ethyl-4-hydroxy-, (S)-; 1H-Pyrano[3',4':6,7]indolizino[1,2-b]quinoline-3,14(4H,12H)-dione, 4-ethyl-4-hydroxy-, (4S)-; 20(S)-Camptothecin; 4-ETHYL-4-HYDROXY-1,12-DIHYDRO-4H-2-OXA-6,12A-DIAZA-DIBENZO[B,H]FLUORENE-3,13-DIONE; SR-01000075798; SR-01000597379; d-camptothecine; (s)-camptothecine; Camptothecin,(S); (4S)-4-ETHYL-4-HYDROXY-1H-PYRANO(3',4':6,7)INDOLIZINO(1,2-B)QUINOLINE-3,14(4H,12H)-DIONE; (S)-4-ethyl-4-hydroxy-1H-Pyrano(3',4':6,7)indolizino(1,2-b)quinoline-3,14(4H,12H)-dione; (S)-4-Ethyl-4-hydroxy-1H-pyrano[3',4':6,7]indolizino[1,2-b]quinoline-3,14-(4H,12H)-dione; 1H-Pyrano[3',4':6,7]indolizino[1,2-b]quinoline-3,14(4H,12H)-dione, 4-ethyl-4-hydroxy-, (S)-; Prestwick_102; (+)-Camptothecin;; Camptothecine (8CI); Spectrum_000299; Tocris-1100; SpecPlus_000712; Prestwick0_000200; Prestwick1_000200; Prestwick2_000200; Prestwick3_000200; Spectrum2_000903; Spectrum3_001203; Spectrum4_000738; Spectrum5_001126; CAMPTOTHECIN [MI]; Lopac-C-9911; D09YDM; SCHEMBL6038; UNII-XT3Z54Z28A; Lopac0_000341; BSPBio_000159; BSPBio_002586; KBioGR_001036; KBioSS_000779; KBioSS_002283; cid_24360; CAMPTOTHECIN [WHO-DD]; DivK1c_000826; DivK1c_006808; SPECTRUM1502232; SPBio_000746; SPBio_002080; BPBio1_000175; DTXSID0030956; HMS502J08; KBio1_000826; KBio1_001752; KBio2_000779; KBio2_003347; KBio2_005915; KBio3_002086; 4-Ethyl-4-hydroxy-1H-pyrano-[3',4':6,7]indolizino[1,2-b]quinoline-3,14(4H,12H)-dione; NINDS_000826; Bio1_000400; Bio1_000889; Bio1_001378; HMS1568H21; HMS1921N08; HMS2089F08; HMS2095H21; HMS3261E03; HMS3414J17; HMS3654D13; HMS3678J15; HMS3712H21; BCP02857; Tox21_500341; AC-202; BBL033963; BDBM50008923; CCG-40255; GR-301; s1288; STK801886; AKOS004119861; CS-1049; DB04690; KS-5235; LP00341; SDCCGMLS-0066688.P001; SDCCGSBI-0050329.P003; CAS-2114454; IDI1_000826; NCGC00015290-01; NCGC00016994-01; NCGC00016994-02; NCGC00016994-03; NCGC00016994-04; NCGC00016994-05; NCGC00016994-06; NCGC00016994-07; NCGC00016994-08; NCGC00016994-09; NCGC00016994-10; NCGC00016994-11; NCGC00016994-12; NCGC00016994-16; NCGC00016994-29; NCGC00024997-01; NCGC00024997-02; NCGC00024997-03; NCGC00024997-04; NCGC00024997-05; NCGC00024997-06; NCGC00178592-01; NCGC00178592-02; NCGC00261026-01; HY-16560; NCI60_042105; SMR000445686; SY010324; EU-0100341; SW196414-3; C 9911; C01897; M01564; AB00052452-08; AB00052452-09; AB00052452_10; EN300-1725804; (S)-(+)-Camptothecin, >=90% (HPLC), powder; A838882; Q419964; Q-200785; SR-01000075798-1; SR-01000075798-4; SR-01000597379-1; SR-01000597379-3; BRD-K37890730-001-09-4; BRD-K37890730-001-10-2; Z1741982070; (S)-4-ethyl-4-hydroxy-1,12-dihydro-4H-2-oxa-6,12a-diaza-dibenzo[b,h]florene-3,13-dione; (S)-4-ethyl-4-hydroxy-1,12-dihydro-4H-2-oxa-6,12a-diaza-dibenzo[b,h]fluorene-3,13-dione; 4-Ethyl-4-hydroxy-1H-pyrano-[3[,4[:6,7]indolizino[1,2-b]quinoline-3,14(4H,12H)-dione; (19S)-19-ethyl-19-hydroxy-17-oxa-3,13-diazapentacyclo[11.8.0.0^{2,11}.0^{4,9}.0^{15,20}]henicosa-1(21),2(11),3,5,7,9,15(20)-heptaene-14,18-dione; (S)-4-Ethyl-4-hydroxy-1H-pyrano-[3',4':6,7]indolizino[1,2-b]quinoline-3,14(4H,12H)-dione; (S)-4-Ethyl-4-hydroxy-1H-pyrano-[3',4':6,7]indolizino[1,2-b]quinoline-3,14(4H,12H)-dione;(S)-(+)-Camptothecin; (S)-4-Ethyl-4-hydroxy-1H-pyrano[3 inverted exclamation mark ,4 inverted exclamation mark :6,7]indolizino[1,2-b]quinoline-3,14-(4H,12H)-dione; 1H-Pyrano[3',7]indolizino[1,2-b]quinoline-3,14(4H,12H)-dione, 4-ethyl-4-hydroxy-, (S)-; 4(S)-Ethyl-4-hydroxy-1H-pyrano-[3',4':6,7]indolizino[1,2-b]quinoline-3,14 (4H,12H)-dione; 4-ethyl-4-hydroxy-(4S)-3,4,12,14-tetrahydro-1H-pyrano[3'',4'':6,7]indolizino[1,2-b]quinoline-3,14-dione; 4-Ethyl-4-hydroxy-1,12-dihydro-4H-2-oxa-6,12a-diaza-dibenzo[b,h]fluorene-3,13-dione (camptothecin or CPT); 4-Ethyl-4-hydroxy-1,12-dihydro-4H-2-oxa-6,12a-diaza-dibenzo[b,h]fluorene-3,13-dione (Camptothecin); 4-Ethyl-4-hydroxy-1,12-dihydro-4H-2-oxa-6,12a-diaza-dibenzo[b,h]fluorene-3,13-dione (CPT, Camptothecin)	0			https://adcdb.idrblab.net/data/payload/details/PAY0WUZLC
PAY0YBAUM	Carboxypeptidase G2 (CPG2)	ADC_PAYLOAD	The activity data of This Payload Standard Type Value Units Cell line Disease Model Cell line ID Reference Methotrexate metabolic activity 6.6±0.3 mg/umol Undisclosed [ 1 ] References Ref 1 Engineering carboxypeptidase G2 circular permutations for the design of an autoinhibited enzyme. Protein Eng Des Sel. 2017 Apr 1;30(4):321-331.	CPG2 (carboxypeptidase G2)	0			https://adcdb.idrblab.net/data/payload/details/PAY0YBAUM
PAY0VJCNR	Cis-aconityl-doxorubicin	ADC_PAYLOAD	DNA topoisomerase 2-alpha (TOP2A)	Doxorubicin; Adriamycin; 23214-92-8; Adriablastin; Doxil; Doxorubicine; Adriblastina; Doxorubicinum; 14-Hydroxydaunomycin; Hydroxydaunorubicin; Doxorubicina; 14-Hydroxydaunorubicine; Adriamycin semiquinone; Doxorubicine [INN-French]; Doxorubicinum [INN-Latin]; Doxorubicina [INN-Spanish]; Doxorubicin Hydrochloride; Adriblastin; Doxorubicin HCl; CCRIS 739; FI 106; Doxorubicin [USAN:INN:BAN]; ThermoDox; Adriblas tina; hydroxydaunomycin; HSDB 3070; NCI-C01514; NDC 38242-874; Doxorubicin-hLL1; EINECS 245-495-6; Adriblastina (TN); Resmycin; Caelyx; NSC 123127; CHEBI:28748; Aerosolized Doxorubicin; Doxorubicin-P4/D10; C27H29NO11; DOX-SL; UNII-80168379AG; Doxorubicin (USAN/INN); ADM; Doxorubicin-hLL1 conjugate; Rubex (hydrochloride salt); NSC-759155; rubidox; Adriacin (hydrochloride salt); CHEMBL53463; Caelyx (liposomal doxorubicin); Doxorubicin-P4/D10 conjugate; TLC D-99; (7S,9S)-7-[(2R,4S,5S,6S)-4-amino-5-hydroxy-6-methyloxan-2-yl]oxy-6,9,11-trihydroxy-9-(2-hydroxyacetyl)-4-methoxy-8,10-dihydro-7H-tetracene-5,12-dione; 5,12-Naphthacenedione, 10-((3-amino-2,3,6-trideoxy-alpha-L-lyxo-hexopyranosyl)oxy)-7,8,9,10-tetrahydro-6,8,11-trihydroxy-8-(hydroxyacetyl)-1-methoxy-, (8S-cis)-; 80168379AG; adiblastine (hydrochloride salt); adriblatina (hydrochloride salt); DTXSID8021480; adriablatina (hydrochloride salt); Adriblastina (hydrochloride salt); adriablastine (hydrochloride salt); Farmablastina (hydrochloride salt); adr iablatina (hydrochloride salt); Adriamycin PFS (hydrochloride salt); Adriamycin RDF (hydrochloride salt); Liposomal Doxorubicin; (1S,3S)-3-Glycoloyl-1,2,3,4,6,11-hexahydro-3,5,12-trihydroxy-10-methoxy-6,11-dioxo-1-naphthacenyl-(3-amino-2,3,6-tridesoxy-alpha-L-lyxo-hexopyranosid); (1S,3S)-3-glycoloyl-3,5,12-trihydroxy-10-methoxy-6,11-dioxo-1,2,3,4,6,11-hexahydrotetracen-1-yl 3-amino-2,3,6-trideoxy-alpha-L-lyxo-hexopyranoside; (8S,10S)-10-((3-Amino-2,3,6-trideoxy-alpha-L-lyxo-hexopyranosyl)oxy)-8-glycoloyl-7,8,9,10-tetrahydro-6,8,11-trihydroxy-1-methoxy-5,12-naphthacenedione; 1,2,3,4,6,11-Hexahydro-4beta,5,12-trihydroxy-4-(hydroxyacetyl)-10-methoxy-6,11-dioxonaphthacen-1beta-yl-3-amino-2,3,6-trideoxy-alpha-L-lyxohexopyranoside; DM2; hydroxydaunorubicin HCl; Doxorubicin hydrochloride (hydrochloride salt); Rubex (TN); Triferric doxorubicin; NSC-123127; DOXORUBICIN (MART.); DOXORUBICIN [MART.]; (8S,10S)-10-{[(2R,4S,5S,6S)-4-amino-5-hydroxy-6-methyloxan-2-yl]oxy}-6,8,11-trihydroxy-8-(2-hydroxyacetyl)-1-methoxy-5,7,8,9,10,12-hexahydrotetracene-5,12-dione; (8S-cis)-10-((3-amino-2,3,6-trideoxy-alpha-L-lyxo-hexopyranosyl)oxy)-7,8,9,10-tetrahydro-6,8,11-trihydroxy-8-(hydroxyacetyl)-1-methoxy-5,12-naphthacenedione; 10-((3-Amino-2,3,6-trideoxy-D-lyxohexopyranosyl)oxy)-8-glycolcyl-7,8,9,10-tetrahydro-6,8,11-trihydroxy-1-methoxy-5,12-naphthacenedione; ADR; Hydroxydaunomycin hydrochloride (hydrochloride salt); Hydroxydaunomycin hydrochlor ide (hydrochloride salt); Hydroxydaunorubicin hydrochloride (hydrochloride salt); MLS000028393; Conjugate of doxorubicin with humanized monoclonal antibody LL1 against CD74; Conjugate of doxorubicin with monoclonal antibody P4/D10 against GP120; RDF Rubex; (1S,3S)-3,5,12-trihydroxy-3-(hydroxyacetyl)-10-(methyloxy)-6,11-dioxo-1,2,3,4,6,11-hexahydrotetracen-1-yl 3-amino-2,3,6-trideoxy-alpha-L-lyxo-hexopyranoside; (1S,3S)-3,5,12-trihydroxy-3-(hydroxyacetyl)-10-methoxy-6,11-dioxo-1,2,3,4,6,11-hexahydrotetracen-1-yl 3-amino-2,3,6-trideoxy-alpha-L-lyxo-hexopyranoside; (7S,9S)-7-[(2R,4S,5S,6S)-4-amino-5-hydroxy-6-methyl-tetrahydropyran-2-yl]oxy-6,9,11-trihydroxy-9-(2-hydroxyacetyl)-4-methoxy-8,10-dihydro-7H-tetracene-5,12-dione; (8S,10S)-10-(((2R,4S,5S,6S)-4-amino-5-hydroxy-6-methyltetrahydro-2H-pyran-2-yl)oxy)-6,8,11-trihydroxy-8-(2-hydroxyacetyl)-1-methoxy-7,8,9,10-tetrahydrotetracene-5,12-dione; 5,12-Naphthacenedione, 10-((3-amino-2,3,6-trideoxy-alpha-L-lyxo-hexopyranosyl)oxy)-7,8,9,10-tetrahydro-6,8,11-trihydroxy-8-(hydroxyacetyl)-1-methoxy-, (8S,10S)-; VALRUBICIN IMPURITY, DOXORUBICIN (USP IMPURITY); VALRUBICIN IMPURITY, DOXORUBICIN [USP IMPURITY]; doxorrubicina; Hydroxyldaunorubicin; 5,12-NAPHTHACENEDIONE, 10-((3-AMINO-2,3,6-TRIDEOXY-.ALPHA.-L-LYXO-HEXOPYRANOSYL)OXY)-7,8,9,10-TETRAHYDRO-6,8,11-TRIHYDROXY-8-(HYDROXYACETYL)-1-METHOXY-, (8S-CIS)-; 5,12-Naphthacenedione, 10-[(3-amino-2,3,6-trideoxy-.alpha.-L-lyxo-hexopyranosyl)oxy]-7,8,9,10-tetrahydro-6,8,11-trihydroxy-8-(hydroxyacetyl)-1-methoxy-, (8S-cis)-; Caelyx (TN); Hydroxyl Daunorubicin; Myocet (TN); Cantide + adriamycin; Adriamycin PFS (TN); Adriamycin RDF (TN); NSC123127; DOXORUBICIN [MI]; (7S,9S)-7-[(2R,4S,5S,6S)-4-amino-5-hydroxy-6-methyloxan-2-yl]oxy-6,9,11-trihydroxy-9-(2-hydroxyacetyl)-4-methoxy-8,10-dihydro-7H-tetracene-5,12-dione;hydrochloride; Prestwick0_000438; Prestwick1_000438; Prestwick2_000438; Prestwick3_000438; DOXORUBICIN [INN]; DOXORUBICIN [HSDB]; DOXORUBICIN [USAN]; D07VLY; D0VW5S; Probes1_000151; Probes2_000129; DOXORUBICIN [VANDF]; SCHEMBL3243; BSPBio_000456; BSPBio_001031; DOXORUBICIN [WHO-DD]; SPBio_002395; Doxorubicin [USAN:BAN:INN]; (8S-cis)-10-; BPBio1_000502; cid_443939; DTXCID301480; GTPL7069; Valrubicin impurity, doxorubicin; BDBM22984; BDBM32022; L01DB01; AOJJSUZBOXZQNB-TZSSRYMLSA-N; HMS2089H06; (8S,10S)-10-((3-AMINO-2,3,6-TRIDEOXY-.ALPHA.-L-LYXO-HEXOPYRANOSYL)OXY)-8-GLYCOLOYL-7,8,9,10-TETRAHYDRO-6,8,11-TRIHYDROXY-1-METHOXY-5,12-NAPHTHACENEDIONE; 5,12-Naphthacenedione, 10-[(3-amino-2,3,6-trideoxy-.alpha.-L-lyxo-hexopyranosyl)oxy]-7,8,9,10-tetrahydro-6,8,11-trihydroxy-8-(hydroxyacetyl)-1-methoxy-, (8S,10S)-; GR-319; HY-15142A; LMPK13050001; Adriamycin (Doxorubicin hydrochloride); AKOS015951330; Doxorubicin hydrochloride (Adriamycin); CS-O-01338; DB00997; SMP1_000106; NCGC00024415-35; NCGC00024415-37; NCGC00024415-38; NCGC00024415-40; NCGC00024415-41; NCGC00024415-42; NCGC00024415-61; 5,12-Naphthacenedione, 10-[(3-amino-2,3,6-trideoxy- ?-L-lyxo-hexopyranosyl)oxy]-7,8,9,10-tetrahydro -6,8,11-trihydroxy-8-(hydroxyacetyl)-1-methox y-, (8S-cis)-; BP-23114; JT9100000; LS-165655; (8S,10S)-10; (8S,10S)-10-; A14403; C01661; D03899; EN300-120698; Epirubicin hydrochloride impurity, doxorubicin-; H11954; Q18936; A816625; BRD-K92093830-003-04-3; BRD-K92093830-003-25-8; EPIRUBICIN HYDROCHLORIDE IMPURITY C [EP IMPURITY]; DAUNORUBICIN HYDROCHLORIDE IMPURITY D [EP IMPURITY]; EPIRUBICIN HYDROCHLORIDE IMPURITY, DOXORUBICIN- [USP IMPURITY]; (7S,9R)-7-[(2S,4S,5S,6S)-4-Amino-5-hydroxy-6-methyl-oxan-2-yl]oxy-6,9,11-trihydroxy-9-(2-hydroxyacetyl)-4-methoxy-8,10-dihydro-7H-tetracene-5,12-dione; (7S,9S)-7-[(2R,4S,5S,6S)-4-amino-5-hydroxy-6-methyl-tetrahydropyran-2-yl]oxy-9-glycoloyl-6,9,11-trihydroxy-4-methoxy-8,10-dihydro-7H-tetracene-5,12-quinone;hydrochloride; (7S,9S)-7-[(2R,4S,5S,6S)-4-azanyl-6-methyl-5-oxidanyl-oxan-2-yl]oxy-4-methoxy-6,9,11-tris(oxidanyl)-9-(2-oxidanylethanoyl)-8,10-dihydro-7H-tetracene-5,12-dione;hydrochloride; (7S,9S)-7-[(4S,5S,6S)-4-amino-5-hydroxy-6-methyloxan-2-yl]oxy-6,9,11-trihydroxy-9-(2-hydroxyacetyl)-4-methoxy-8,10-dihydro-7H-tetracene-5,12-dione; (7S,9S)-7-[[(2R,4S,5S,6S)-4-amino-5-hydroxy-6-methyl-2-oxanyl]oxy]-6,9,11-trihydroxy-9-(2-hydroxy-1-oxoethyl)-4-methoxy-8,10-dihydro-7H-tetracene-5,12-dione;hydrochloride; (8S,10S)-10-(((2R,4S,5S,6S)-4-amino-5-hydroxy-6-methyltetrahydro-2H-pyran-2-yl)oxy)-6,8,11-trihydroxy-8-(2-hydroxyacetyl)-1-methoxy-7,8,9,10-tetrahydrotetracene-5,12-dione;(7S,9S)-7-[(4S,5S,6S)-4-amino-5-hydroxy-6-methyl-tetrahydropyran-2-yl]oxy-6,9,11-trihydroxy-9-(2-hydroxyacetyl)-4-methoxy-8,10-dihydro-7H-tetracene-5,12-dione; (8S,10S)-10-((2R,4S,5S,6S)-4-amino-5-hydroxy-6-methyltetrahydro-2H-pyran-2-yloxy)-6,8,11-trihydroxy-8-(2-hydroxyacetyl)-1-methoxy-7,8,9,10-tetrahydrotetracene-5,12-dione; (8S-cis)-10-((3-Amino-2,3,6-trideoxy-alpha-L-lyxo-hexopyranosyl)oxy)-7,8,9,10-tetrahydro-6,8,11-trihydroxy-8-(hydroacetyl)-1-methoxy-5,12-naphthacenedione; (8S-cis)-10-(3-Amino-2,3,6-Tr ideoxy-alpha-L-Lyxo-Hexopyranosyl)Oxy-7,8,9,10-Tetrahydro-6,8,11-Trihydroxy-8-(Hydroxyacetyl)-1-Methoxy-5,12-Naphthacenedione; (8S-cis)-10-(3-Amino-2,3,6-Trideoxy-alpha-L-Lyxo-Hexopyranosyl)Oxy-7,8,9,10-Tetrahydro-6,8,11-Trihydroxy-8-(Hydroxyacetyl)-1-Methoxy-5,12-Naphthacenedione; (8S-cis)-10-[(3-Amino-2,3,6-trideoxy-.alpha.-L-lyxo-hexopyranosyl]-7,8,9,10-tetrahydro-6,8,11-trihydroxy-8-(hydroxyacetyl)-1-methoxy-5,12-naphthacenedione; 1,2,3,4,6,11-hexahydro-4beta,5,12-trihydroxy-4-(hydroxyacetyl)-10-methoxy-6, 11-Dioxonaphthacen-1beta-yl-3-amino-2,3,6-trideoxy-alpha-l-lyxohexopyranoside; 10-((3-Amino-2,3,6-trideoxy-alpha-L-lyso-hexopyranosyl)oxy)-7,8,9,10-tetrahydro-6,8,11-trihydroxy-8-(hydroxyacetyl)-1-methoxy-5,12-naphthacenedione; 1392315-46-6; 5,12-naphthacenedione, 10-((3-Amino-2,3,6-trideoxy-alpha-l-lyxo-hexopyranosyl)oxy)-7,8,9,10-tetrahydro-6,8,11-trihydroxy-1-methoxy-5,12-naphthacenedione; 5,12-NAPHTHACENEDIONE, 10-[(3-AMINO-2,3,6-TRIDEOXY-.ALPHA.-L-LYXO-HEXOPYRANOSYL)OXY]-7,8,9,10-TETRAHYDRO-6,8,11-TRIHYDROXY-8-(HYDROXYACETYL)-1-METOXY-, (8S-CIS)-; 5,12-Naphthacenedione, 10-[(3-amino-2,3,6-trideoxy-alpha-L-lyxo-hexopyranosyl)oxy]-7,8,9,10-tetrahydro-6,8,11-trihydroxy-8-(2-hydroxyacetyl)-1-methoxy-, (8S,10S)-	1	B12-PEG-G5-DOX		https://adcdb.idrblab.net/data/payload/details/PAY0VJCNR
PAY0VOJYJ	Cisplatin	ADC_PAYLOAD	Human Deoxyribonucleic acid (hDNA)	Cisplatin; 14913-33-8; trans-Dichlorodiamineplatinum(II); azane;dichloroplatinum; Platinum, diamminedichloro-, (SP-4-1)-; trans-Diamminedichloro platinum(II); trans-Platinum(II)diammine dichloride; MFCD00011623; trans-Dichlorodiamineplatinum(II);Transplatin; SR-05000001586; IA call; Trans-Platinum diammine dichloride; Cisplatin in water; Cisplatin,(S); Cisplatin in DMSO; DDP-H; PLATINOL (TN); Cl2-H6-N2-Pt; [Pt](Cl)(Cl)(N)N; SPECTRUM1502107; Cisplatin (JP17/USP/INN); cis-Diaminodichloroplatinum(II); HMS502M12; HMS1921J18; HMS2092D04; BCP01792; BCP18182; CCG-39901; AKOS005137969; NCGC00094962-01; NCGC00094962-02; NCGC00094962-03; FT-0777996; C06911; D00275; cis-Diammineplatinum(II) dichloride, crystalline; Q412415; SR-01000076254; SR-01000076254-1; SR-05000001586-1; SR-05000001586-3; Z3182781436; Cisplatin, European Pharmacopoeia (EP) Reference Standard; Cisplatin, United States Pharmacopeia (USP) Reference Standard; cis-Diamineplatinum(II) dichloride, >=99.9% trace metals basis; Cisplatin impurity A, European Pharmacopoeia (EP) Reference Standard; Transplatin, United States Pharmacopeia (USP) Reference Standard; Cisplatin, Pharmaceutical Secondary Standard; Certified Reference Material	0			https://adcdb.idrblab.net/data/payload/details/PAY0VOJYJ
PAY0ZRPIV	Clezutoclax	ADC_PAYLOAD	Bcl-2-like protein 1 (BCL2L1)	Clezutoclax	0			https://adcdb.idrblab.net/data/payload/details/PAY0ZRPIV
PAY0URNSM	Cryptophycin	ADC_PAYLOAD	Microtubule (MT)	Cryptophycin 1; cryptophycin; 124689-65-2; UNII-XO974V2M5T; C35H43ClN2O8; XO974V2M5T; (3S,6R,10R,13E,16S)-10-[(3-chloro-4-methoxyphenyl)methyl]-6-methyl-3-(2-methylpropyl)-16-[(1S)-1-[(2R,3R)-3-phenyloxiran-2-yl]ethyl]-1,4-dioxa-8,11-diazacyclohexadec-13-ene-2,5,9,12-tetrone; CRYPTOPHYCIN A; 10-((3-Chloro-4-methoxyphenyl)methyl)-6-methyl-3-(2-methylpropyl)-16-(1-(3-phenyloxiranyl)ethyl)-1,4-dioxa-8,11-diazacyclohexadec-13-ene-2,5,9,12-tetrone; 1,4-Dioxa-8,11-diazacyclohexadec-13-ene-2,5,9,12-tetrone, 10-((3-chloro-4-methoxyphenyl)methyl)-6-methyl-3-(2-methylpropyl)-16-(1-(3-phenyloxiranyl)ethyl)-; CRYPTOPHYCIN-1; D0LI3C; CRYPTOPHYCIN-1 [MI]; CHEMBL441018; SCHEMBL1346966; PSNOPSMXOBPNNV-VVCTWANISA-N; DTXSID901046187; C35-H43-Cl-N2-O8; LS-172597; C16877; Q27293933; .BETA.-ALANINE, N-(3-CHLORO-N-(5-((2-HYDROXY-4-METHYL-1-OXOPENTYL)OXY)-1-OXO-6-(3-PHENYLOXIRANYL)-2-HEPTENYL)-O-METHYL-D-TYROSYL)-2-METHYL-, .XI.-LACTONE, (2R-(2.ALPHA.(1(R*),2E,5S*(S*),6S*),3.BETA.))-; CYCLO((2R)-2-METHYL-.BETA.-ALANYL-(2S)-2-HYDROXY-4-METHYLPENTANOYL-(2E,5S,6S)-5-HYDROXY-6-((2R,3R)-3-PHENYL-2-OXIRANYL)-2-HEPTENOYL-3-CHLORO-O-METHYL-D-TYROSYL); CYCLO((2R)-2-METHYL-.BETA.-ALANYL-(2S)-2-HYDROXY-4-METHYLPENTANOYL-(2E,5S,6S)-5-HYDROXY-6-((2R,3R)-3-PHENYLOXIRANYL)-2-HEPTENOYL-3-CHLORO-O-METHYL-D-TYROSYL)	1	FOLR1-Mal-PEG-Val-Cit-PABC-Cryptophycin		https://adcdb.idrblab.net/data/payload/details/PAY0URNSM
PAY0LSGQO	Curcumin	ADC_PAYLOAD	Arylamine N-acetyltransferase 2 (NAT2)	Curcumin; 458-37-7; Diferuloylmethane; Natural yellow 3; Indian saffron; Kacha haldi; Curcuma; Gelbwurz; Haldar; Curcumin I; Souchet; Haidr; Halad; Halud; Yellow Ginger; Terra Merita; (1E,6E)-1,7-Bis(4-hydroxy-3-methoxyphenyl)hepta-1,6-diene-3,5-dione; Safran d'Inde; Yo-Kin; C.I. Natural Yellow 3; Hydrastis; Yellow puccoon; Golden seal; Diferaloylmethane; Curcumine; Tumeric yellow; CI Natural Yellow 3; Kurkumin [Czech]; Kurkumin; C.I. 75300; 8024-37-1; Zlut prirodni 3; curouma; Jianghuangsu; Zlut prirodni 3 [Czech]; Cucurmin; Curcumin (synthetic); kachs haldi; NanoCurc; E 100; safra d'inde; Tumeric oleoresin; 1,7-Bis(4-hydroxy-3-methoxyphenyl)hepta-1,6-diene-3,5-dione; 94875-80-6; CI 75300; NSC32982; NSC 32982; 1,7-Bis(4-hydroxy-3-methoxyphenyl)-1,6-heptadiene-3,5-dione; CCRIS 3257; CHEBI:3962; Curcurmin; Lipocurc; Tumeric; Kurkum; Ukon; HSDB 4334; 1,5-Di(vanillyliden)acetylaceton; NCI-C61325; 1,5-Divanillyliden-2,4-pentandion; EINECS 207-280-5; UNII-IT942ZTH98; MFCD00008365; NSC-32982; Curcumin e100; Ukon (dye); 98% curcurmin); NSC 687842; trans,trans-Curcumin; BRN 2306965; FEMA No. 3085; FEMA No. 3086; CCRIS 5804; IT942ZTH98; 1,9-Bis(4-hydroxy-3-methoxyphenyl)-2,7-nonadiene-4,6-dione; E 100 (Dye); MLS000069631; C Yellow 15; DTXSID8031077; (1E,6E)-1,7-Bis(4-hydroxy-3-methoxyphenyl)-1,6-heptadiene-3,5-dione; 1,6-Heptadiene-3,5-dione, 1,7-bis(4-hydroxy-3-methoxyphenyl)-, (E,E)-; C21H20O6; CHEMBL140; Curcuma longa l. oleoresin; NSC-687842; 1,6-Heptadiene-3,5-dione, 1,7-bis(4-hydroxy-3-methoxyphenyl)-; (E,E)-1,7-bis(4-Hydroxy-3-methoxyphenyl)-1,6-heptadiene-3,5-dione; SMR000058237; 1,6-Heptadiene-3,5-dione, 1,7-bis(4-hydroxy-3-methoxyphenyl)-, (1E,6E)-; DTXCID901421; E-100; INS NO. 100(I); INS-100(I); 4-08-00-03697 (Beilstein Handbook Reference); NSC687842; NCGC00017159-05; 2,7-Nonadiene-4,6-dione, 1,9-bis(4-hydroxy-3-methoxyphenyl)-; CURCUMIN (MART.); CURCUMIN [MART.]; (1E,6E)-1,7-bis(4-hydroxy-3-methoxy-phenyl)hepta-1,6-diene-3,5-dione; (1E,6E)-1,7-bis[4-hydroxy-3-(methyloxy)phenyl]hepta-1,6-diene-3,5-dione; CU-01000001305-2; CURCUMIN (SEE ALSO TUMERIC, OLEORESIN (10105-J)); 1,7-BIS-(4-HYDROXY-3-METHOXYPHENYL)-HEPTA-1,6-DIENE-3,5-DIONE; PREVENTION 4 (CURCUMIN) (SEE ALSO TUMERIC, OLEORESIN (10105-J)); CAS-458-37-7; Phytosome, Curcumin; SR-01000000149; Curcumin W; Curcumin,(S); Curcumin (Natural); (E/Z)-Curcumin; Curcumin (6CI); trans trans-Curcumin; Colorant E 100; San-Ei Curcumine AL; starbld0017234; CURCUMIN [HSDB]; CURCUMIN [INCI]; CURCUMIN [MI]; Opera_ID_1627; San-Ei Gen Curcumine AL; CURCUMIN [USP-RS]; CURCUMIN [WHO-DD]; D07SDQ; D0H8LC; SCHEMBL8440; SCHEMBL8441; Curcumin, analytical standard; MLS001148449; BIDD:ER0479; UNII-856YO1Z64F; cid_969516; GTPL7000; SCHEMBL13521974; SCHEMBL23884885; SCHEMBL23884886; SCHEMBL23884892; SCHEMBL23884893; BDBM29532; cid_5281767; cMAP_000052; CI 75300 [INCI]; HMS2233K04; HMS3649K06; 91884-86-5; AMY33436; BCP04695; Tox21_110803; Tox21_111505; Tox21_201116; BBL027711; BDBM50067040; BDBM50140172; CCG-36020; CCG-36107; LS-125; STL371943; AKOS001305497; BCP9000557; DB11672; LS-2189; NCGC00017159-04; NCGC00017159-06; NCGC00017159-07; NCGC00017159-09; NCGC00017159-10; NCGC00017159-11; NCGC00017159-12; NCGC00023332-03; NCGC00023332-04; NCGC00023332-05; NCGC00258668-01; AC-24238; AS-72202; BP-25396; CURCUMIN (CONSTITUENT OF TURMERIC); BCP0726000035; WLN: 1OR BQ E1U1V1V1U1R DQ CO1; C-230; C2302; CS-0149275; 1,3-Di(3-methoxy-4-hydroxystyryl)propanedial; EN300-21494; F21478; K00009; Curcumin, Curcuma longa L. - CAS 458-37-7; A826902; Curcumin, primary pharmaceutical reference standard; Q312266; 1,5-dione, 1,7-bis(4-hydroxy-3-methoxyphenyl)-; SR-01000000149-2; SR-01000000149-5; BRD-K07572174-001-02-2; BRD-K07572174-001-19-6; BRD-K07572174-001-22-0; Z104500108; Curcumin, >=94% (curcuminoid content), >=80% (Curcumin); 1,7-bis(4-hydroxy-3-methoxyphenyl)-1,6-heptadien-3,5-dione; 1,7-bis(4-hydroxy-3-methoxyphenyl)1,6-heptadiene-3,5-dione; Curcumin, matrix substance for MALDI-MS, >=99.5% (HPLC); Curcumin, United States Pharmacopeia (USP) Reference Standard; (E)-1 7-Bis(4-hydroxy-3-methoxyphenyl)-1 6-heptadiene-3 5-dione; 1,7-BIS(4-HYDROXYMETHOXYPHENYL)-1,6-HEPTADIENE-3,5-DIONE; 1,7-Bis-(4-hydroxy-3-methoxy-phenyl)-hepta-1,6-diene-3,5-dione; 1,7-bis-(4-hydroxy-3-methoxyphenyl)-1,6-heptadiene-3,5-dione; '(1E,6E)-1,7-bis(4-hydroxy-3-methoxyphenyl)hepta-1,6-diene-3,5-dione'; ((E,E)-1,7-bis(4-hydroxy-3-methoxyphenyl)-1,6-heptadiene-3,5-dione); (1E 6E)-1 7-Bis(4-hydroxy-3-methoxyphenyl)-1 6-heptadiene-3 5-dione; (1E,6E)-1,7-bis(3-methoxy-4-oxidanyl-phenyl)hepta-1,6-diene-3,5-dione; (1E,6E)-1,7-Bis(4-hydroxy-3-methoxyphenyl)-1,6-heptadiene-3,5-dione #; (1E,6E)-1,7-bis(4-hydroxy-3-methoxyphenyl)hepta-1,6-diene-3,5-dione.; (1E,6E)-1,7-Bis-(4-hydroxy-3-methoxy-phenyl)-hepta-1,6-diene-3,5-dione; (1Z,6E)-1,7-Bis-(4-hydroxy-3-methoxy-phenyl)-hepta-1,6-diene-3,5-dione; (E E)-1 7-Bis(4-hydroxy-3-methoxyphenyl)-1 6-heptadiene-3 5-dione; 1,6-heptadieno-3,5-diona, 1,7-bis(4-hidroxi-3-metoxifenil)-, (1e,6e)-; 1,7-Bis(4-hydroxy-3-methoxyphenyl)-1,6-heptadiene-3,5-dione, (E,E)-; 5-hydroxy-1,7-bis(4-hydroxy-3-methoxyphenyl)-1,4,6-heptatrien-3-one; 5-Hydroxy-1,7-bis-(4-hydroxy-3-methoxy-phenyl)-hepta-1,4,6-trien-3-one; Curcumin; 1,7-Bis(4-hydroxy-3-methoxyphenyl)-1,6-heptadiene-3,5-dione; (1E,4Z,6E)-5-Hydroxy-1,7-bis-(4-hydroxy-3-methoxy-phenyl)-hepta-1,4,6-trien-3-one; 1 6-Heptadiene-3 5-dione 1 7-bis(4-hydroxy-3-methoxyphenyl)-(E E)-(8CI); 1, 7- bis(4- hydroxy- 3- methoxyphenyl)hepta- 1, 6- diene- 3, 5- dione	0			https://adcdb.idrblab.net/data/payload/details/PAY0LSGQO
PAY0ZAIZX	Cyclopropylpyrroloindole (CPI) DNA-damaging payload	ADC_PAYLOAD	Human Deoxyribonucleic acid (hDNA)	Cyclopropylpyrroloindole; SCHEMBL1129881	0			https://adcdb.idrblab.net/data/payload/details/PAY0ZAIZX
PAY0YJUYC	Cyclopropylpyrroloindoline (CPI) payload	ADC_PAYLOAD	Human Deoxyribonucleic acid (hDNA)	Cyclopropylpyrroloindoline (CPI) payload	0			https://adcdb.idrblab.net/data/payload/details/PAY0YJUYC
PAY0ASLAG	Cytorhodin S	ADC_PAYLOAD	DNA topoisomerase 2-alpha (TOP2A)	Cytorhodin S	0			https://adcdb.idrblab.net/data/payload/details/PAY0ASLAG
PAY0AJDUH	D211	ADC_PAYLOAD	Human Deoxyribonucleic acid (hDNA)	D211	0			https://adcdb.idrblab.net/data/payload/details/PAY0AJDUH
PAY0FQNWH	DC1	ADC_PAYLOAD	Human Deoxyribonucleic acid (hDNA)	169901-27-3; DC1; (S)-N-(2-(1-(Chloromethyl)-5-hydroxy-2,3-dihydro-1H-benzo[e]indole-3-carbonyl)-1H-indol-5-yl)-5-(3-mercaptopropanamido)-1H-indole-2-carboxamide; SCHEMBL12126075; AKOS040732933; HY-112899; CS-0067645; N-{2-[(1S)-1-(chloromethyl)-5-hydroxy-1H,2H,3H-benzo[e]indole-3-carbonyl]-1H-indol-5-yl}-5-(3-sulfanylpropanamido)-1H-indole-2-carboxamide	1	B4-SPP-DC1		https://adcdb.idrblab.net/data/payload/details/PAY0FQNWH
PAY0EOICO	DC44	ADC_PAYLOAD	Human Deoxyribonucleic acid (hDNA)	DC44; CHEMBL2158593; HY-135126; CS-0109497	1	B4-SPP-DC44		https://adcdb.idrblab.net/data/payload/details/PAY0EOICO
PAY0UDTAB	DEAEA duocarmycin	ADC_PAYLOAD	Human Deoxyribonucleic acid (hDNA)	DEAEA duocarmycin	1	DAB4-DuoDM		https://adcdb.idrblab.net/data/payload/details/PAY0UDTAB
PAY0AFEPS	DGN462	ADC_PAYLOAD	Human Deoxyribonucleic acid (hDNA)	DGN462; 1394079-41-4; SCHEMBL12523030; DGN 462; AKOS040732962; HY-101150; CS-0020917	1		DRG0KJHHN	https://adcdb.idrblab.net/data/payload/details/PAY0AFEPS
PAY0CNQGY	DGN549	ADC_PAYLOAD			2	Pivekimab sunirine; TAK-164		https://adcdb.idrblab.net/data/payload/details/PAY0CNQGY
PAY0KFOXJ	DGN549	ADC_PAYLOAD	Human Deoxyribonucleic acid (hDNA)	DGN549	1		DRG0IPCHO	https://adcdb.idrblab.net/data/payload/details/PAY0KFOXJ
PAY0OYHUV	DM1 derivative 15	ADC_PAYLOAD	Microtubule (MT)	DM1 derivative 15	1	PSMA-15		https://adcdb.idrblab.net/data/payload/details/PAY0OYHUV
PAY0KPCRM	DM1 derivative 16	ADC_PAYLOAD	Microtubule (MT)	DM1 derivative 16	3	EGFRvIII-16; PRLR-16; PSMA-16		https://adcdb.idrblab.net/data/payload/details/PAY0KPCRM
PAY0VZVPQ	DM1	ADC_PAYLOAD			16	AMG 172; AMG 224; AMG 595; Bivatuzumab mertansine; Cantuzumab mertansine; DRG0MSAAI; F0002-ADC; GQ1001; LOP628; Laprituximab emtansine; Lorvotuzumab mertansine; MLN2704; Naratuximab emtansine; PCA062; TRPH-222; Trastuzumab emtansine		https://adcdb.idrblab.net/data/payload/details/PAY0VZVPQ
PAY0GFWCQ	DM21-C	ADC_PAYLOAD	Microtubule (MT)	DM21-C	2		DRG0RMBUN; DRG0YWYJJ	https://adcdb.idrblab.net/data/payload/details/PAY0GFWCQ
PAY0CLRJD	DM4	ADC_PAYLOAD			16	AVE9633; AbGn-107; Anetumab ravtansine; BIIB015; Cantuzumab ravtansine; Coltuximab ravtansine; DRG0OFPVA; HKT288; IMGN388; JBH492; LY3076226; Mirvetuximab soravtansine; Praluzatamab ravtansine; SAR428926; SAR566658; Tusamitamab ravtansine		https://adcdb.idrblab.net/data/payload/details/PAY0CLRJD
PAY0HFZDV	DMDNA31	ADC_PAYLOAD	DNA-directed RNA polymerase II subunit RPB1 (POLR2A)	Dimethylaminopiperidyl-rifa; Q5KH60X1LL; UNII-Q5KH60X1LL; DMDNA31; 1',4-Didehydro-1-deoxy-5'-(4-(dimethylamino)-1-piperidinyl)-1,4-dihydro-3'-hydroxy-1-oxorifamycin VIII; Rifamycin VIII, 1',4-didehydro-1-deoxy-5'-(4-(dimethylamino)-1-piperidinyl)-1,4-dihydro-3'-hydroxy-1-oxo-; 845625-44-7; SCHEMBL16274472	0			https://adcdb.idrblab.net/data/payload/details/PAY0HFZDV
PAY0OUVCV	DMTub	ADC_PAYLOAD	Microtubule (MT)	DMTub	0			https://adcdb.idrblab.net/data/payload/details/PAY0OUVCV
PAY0XFSLP	DNA mimics	ADC_PAYLOAD	Human Deoxyribonucleic acid (hDNA)	DNA mimics	0			https://adcdb.idrblab.net/data/payload/details/PAY0XFSLP
PAY0CFZAO	DNA topoisomerase I inhibitor	ADC_PAYLOAD	DNA topoisomerase 1 (TOP1)		0			https://adcdb.idrblab.net/data/payload/details/PAY0CFZAO
PAY0LHNVZ	DNA topoisomerase-I inhibitor	ADC_PAYLOAD	DNA topoisomerase 1 (TOP1)		1		DRG0UHEOR	https://adcdb.idrblab.net/data/payload/details/PAY0LHNVZ
PAY0MRSCW	DT390-scFvUCHT1	ADC_PAYLOAD	The activity data of This Payload Standard Type Value Units Cell line Disease Model Cell line ID Reference Half Maximal Inhibitory Concentration (IC50) 4.80E-10 M CHO cells Normal CVCL_0213 [ 1 ] References Ref 1 Expression of an anti-CD3 single-chain immunotoxin with a truncated diphtheria toxin in a mutant CHO cell line. Protein Expr Purif. 2000 Jul;19(2):304-11.	DT390-scFvUCHT1	0			https://adcdb.idrblab.net/data/payload/details/PAY0MRSCW
PAY0XJNEL	DT390	ADC_PAYLOAD	Eukaryotic elongation factor 2 (EEF2) The activity data of This Payload Standard Type Value Units Cell line Disease Model Cell line ID Reference Survival Rate 43 % (Day60) C57BL/6 enriched lymph node T cells Normal Undisclosed [ 1 ] Survival Rate 43 % (Day80) C57BL/6 enriched lymph node T cells Normal Undisclosed [ 1 ] Survival Rate 57 % (Day40) C57BL/6 enriched lymph node T cells Normal Undisclosed [ 1 ] References Ref 1 Anti-graft-versus-host disease effect of DT390-anti-CD3sFv, a single-chain Fv fusion immunotoxin specifically targeting the CD3 epsilon moiety of the T-cell receptor. Blood. 1996 Sep 15;88(6):2342-53.	DT390	0			https://adcdb.idrblab.net/data/payload/details/PAY0XJNEL
PAY0JRATG	DUX4 siRNA	ADC_PAYLOAD	Double homeobox protein 4 (DUX4) The activity data of This Payload Standard Type Value Units Cell line Disease Model Cell line ID Reference Methylation Fold Change ≈2.5 FMUFAHi001-A cells Facioscapulohumeral dystrophy CVCL_C0FU [ 1 ]	DUX4 siRNA	1		DRG0AVJCO	https://adcdb.idrblab.net/data/payload/details/PAY0JRATG
PAY0UXDSB	DX-8951 derivative (DXd)	ADC_PAYLOAD	DNA topoisomerase 1 (TOP1)	1599440-33-1; Dxd; OQM5SD32BQ; N-[(10S,23S)-10-ethyl-18-fluoro-10-hydroxy-19-methyl-5,9-dioxo-8-oxa-4,15-diazahexacyclo[14.7.1.02,14.04,13.06,11.020,24]tetracosa-1,6(11),12,14,16,18,20(24)-heptaen-23-yl]-2-hydroxyacetamide; Exatecan derivative for ADC; Acetamide, N-((1S,9S)-9-ethyl-5-fluoro-2,3,9,10,13,15-hexahydro-9-hydroxy-4-methyl-10,13-dioxo-1H,12H-benzo(de)pyrano(3',4':6,7)indolizino(1,2-b)quinolin-1-yl)-2-hydroxy-; N-((1S,9S)-9-Ethyl-5-fluoro-2,3,9,10,13,15-hexahydro-9-hydroxy-4-methyl-10,13-dioxo-1H,12H-benzo(de)pyrano(3',4':6,7)indolizino(1,2-b)quinolin-1-yl)-2-hydroxyacetamide; N-((1S,9S)-9-ethyl-5-fluoro-9-hydroxy-4-methyl-10,13-dioxo-2,3,9,10,13,15-hexahydro-1H,12H-benzo[de]pyrano[3',4':6,7]indolizino[1,2-b]quinolin-1-yl)-2-hydroxyacetamide; N-[(1S,9S)-9-Ethyl-5-fluoro-2,3,9,10,13,15-hexahydro-9-hydroxy-4-methyl-10,13-dioxo-1H,12H-benzo[de]pyrano[3',4':6,7]indolizino[1,2-b]quinolin-1-yl]-2-hydroxyacetamide; UNII-OQM5SD32BQ; SCHEMBL16485136; EX-A4319; HY-13631D; NSC825332; AT21797; NSC-825332; AC-32494; BP-27997; MS-29164; CS-0044752; A936339; N-[(10S,23S)-10-ethyl-18-fluoro-10-hydroxy-19-methyl-5,9-dioxo-8-oxa-4,15-diazahexacyclo[14.7.1.0,.0,.0,.0,tetracosa-1,6(11),12,14,16,18,20(24)-heptaen-23-yl]-2-hydroxyacetamide	15		DRG0BWNUI; DRG0DAKKB; DRG0EFAMN; DRG0ERKBH; DRG0GVDPA; DRG0LOXYS; DRG0MGUUX; DRG0NNKAQ; DRG0SLFJV; DRG0UCXTV; DRG0UZQBB; DRG0WJKRI; DRG0YWAHM; DRG0ZBRFQ; DRG0ZOYQV	https://adcdb.idrblab.net/data/payload/details/PAY0UXDSB
PAY0WSZPJ	DXd	ADC_PAYLOAD			12	DRG0JKVMP; DS-3939a; DS-6157a; Datopotamab deruxtecan; FDA-022; FZ-AD004; GQ-1005; Ifinatamab deruxtecan; JSKN-003; Patritumab deruxtecan; Raludotatug deruxtecan; Trastuzumab deruxtecan		https://adcdb.idrblab.net/data/payload/details/PAY0WSZPJ
PAY0PTQYV	Dasatinib	ADC_PAYLOAD	Breakpoint cluster region protein (BCR)	Dasatinib; 302962-49-8; Sprycel; BMS-354825; Dasatinib anhydrous; BMS 354825; Dasatinib (anhydrous); BMS354825; Dasatinib (BMS-354825); dasatinibum; anh. dasatinib; N-(2-chloro-6-methylphenyl)-2-((6-(4-(2-hydroxyethyl)piperazin-1-yl)-2-methylpyrimidin-4-yl)amino)thiazole-5-carboxamide; N-(2-CHLORO-6-METHYLPHENYL)-2-({6-[4-(2-HYDROXYETHYL)PIPERAZIN-1-YL]-2-METHYLPYRIMIDIN-4-YL}AMINO)-1,3-THIAZOLE-5-CARBOXAMIDE; N-(2-chloro-6-methylphenyl)-2-(6-(4-(2-hydroxyethyl)piperazin-1-yl)-2-methylpyrimidin-4-ylamino)thiazole-5-carboxamide; anhydrous dasatinib; dasatinib (anh.); Spyrcel; N-(2-chloro-6-methylphenyl)-2-[[6-[4-(2-hydroxyethyl)piperazin-1-yl]-2-methylpyrimidin-4-yl]amino]-1,3-thiazole-5-carboxamide; Dasatinib [USAN]; BMS Dasatinib; UNII-X78UG0A0RN; X78UG0A0RN; C22H26ClN7O2S; DTXSID4040979; CHEBI:49375; Dasatinib [USAN:INN]; NSC732517; NSC-759877; CHEMBL1421; DTXCID2020979; BMS-354825 HYDRATE; BMS 345825; NSC-732517; 5-Thiazolecarboxamide, N-(2-chloro-6-methylphenyl)-2-((6-(4-(2-hydroxyethyl)-1-piperazinyl)-2-methyl-4-pyrimidinyl)amino)-; NCGC00181129-01; BMS 35482513; Dasatinib (USAN); BMS-354825-03; SPRYCEL (TN); CHEBI:70839; DTXSID50235486; 2-(6-(4-(2-hydroxyethyl)piperazin-1-yl)-2-methylpyrimidin-4-ylamino)-N-(2-chloro-6-methylphenyl)thiazole-5-carboxamide; 5-Thiazolecarboxamide, N-(2-chloro-6-methylphenyl)-2-[[6-[4-(2-hydroxyethyl)-1-piperazinyl]-2-methyl-4-pyrimidinyl]amino]-; n-(2-chloro-6-methylphenyl)-2-((6-(4-(2-hydroxyethyl)piperazin-1-yl)-2-methylpyrimidin-4-yl)amino)-1,3-thiazole-5-carboxamide; SMR002529551; CAS-302962-49-8; NSC 759877; 302962-49-8 pound not863127-77-9; Dasatinib, BMS 354825; 1N1; Kinome_3650; Dasatinib (JAN/INN); DASATINIB [INN]; DASATINIB [MI]; n-(2-chloro-6-methylphenyl)-2-[[6-[4-(2-hydroxyethyl)-1-piperazinyl]-2-methyl-4-pyrimidinyl]amino]-5-thiazolecarboxamide; Sprycel (Bristol Meyers); D0E6XR; DASATINIB [WHO-DD]; SCHEMBL8226; Dasatinib,BMS-354825; MLS003915609; MLS004774145; MLS006010904; Dasatinib - BMS-354825; GTPL5678; BDBM13216; cid_3062316; DTXCID50157977; EX-A401; L01XE06; ZBNZXTGUTAYRHI-UHFFFAOYSA-N; 5-Thiazolecarboxamide, monohydrate; BCPP000263; HMS2043N05; HMS3244A05; HMS3244A06; HMS3244B05; HMS3265C19; HMS3265C20; HMS3265D19; HMS3265D20; HMS3654K05; HMS3744C11; Pharmakon1600-01502275; BCP01797; C22-H26-Cl-N7-O2-S; Tox21_112736; MFCD11046566; NSC759877; NSC800087; s1021; AKOS015902363; Tox21_112736_1; BCP9000589; CCG-264779; CS-0100; CS-O-01350; DB01254; GS-6548; NSC-800087; SB17284; NCGC00181129-02; NCGC00181129-03; NCGC00181129-05; NCGC00181129-06; NCGC00181129-07; NCGC00181129-12; NCGC00181129-14; NCGC00181129-22; NCGC00481571-01; (18F)-N-(2-chloro-6-methylphenyl)-2-(6-(4-(2-hydroxyethyl)piperazin-1-yl)-2-methylpyrimidin-4-ylamino)thiazole-5-carboxamide; AC-22749; BCB03_000715; HY-10181; N-(2-chloro-6-methyl-phenyl)-2-[[6-[4-(2-hydroxyethyl)piperazin-1-yl]-2-methyl-pyrimidin-4-yl]amino]thiazole-5-carboxamide; LS-186641; LS-187028; LS-187773; AM20080877; D5949; FT-0650671; PA-3062316; SW208076-5; EC-000.2122; D-3307; D03658; EN300-123025; AB01273956-01; AB01273956-02; AB01273956_03; AR-270/43507994; BMS-354825, Sprycel, BMS354825, Dasatinib; Q419940; SR-00000000554; Q-101345; SR-00000000554-5; BRD-K49328571-001-05-1; BRD-K49328571-001-07-7; Z1546610486; 5-tiazolcarboxamida, n-(2-cloro-6-metilfenil)-2-[[6-[4-(2-hidroxietil)-1-piperazinil]-2-metil-4-pirimidinil]amino]-; N-(2-chloro-6-methylphenyl)-2-({6-[4-(2-hydroxyethyl)-1-piperazinyl]-2-methyl-4-pyrimidinyl}amino)-1,3-thiazole-5-carboxamide; N-(2-Chloro-6-methylphenyl)-2-[[6-[4-(2-hydroxyethyl)-1-piperazinyl)]-2-methyl-4-pyrimidinyl]amino)]-1,3-thiazole-5-carboxamide; N-(2-Chloro-6-methylphenyl)-2-[[6-[4-(2-hydroxyethyl)-1-piperazinyl]-2-methyl-4-pyrimidinyl]amino]-5-thiazolecarboxamide, monohydrate	0			https://adcdb.idrblab.net/data/payload/details/PAY0PTQYV
PAY0ZSIWY	DeBouganin	ADC_PAYLOAD	Microtubule (MT) The activity data of This Payload Standard Type Value Units Cell line Disease Model Cell line ID Reference Half Maximal Inhibitory Concentration (IC50) >1000 nM BT-474 cells Invasive breast carcinoma CVCL_0179 [ 1 ] Half Maximal Inhibitory Concentration (IC50) >1000 nM NCI-N87 cells Gastric tubular adenocarcinoma CVCL_1603 [ 1 ] Half Maximal Inhibitory Concentration (IC50) >1000 nM OE19 cells Esophageal adenocarcinoma CVCL_1622 [ 1 ] Half Maximal Inhibitory Concentration (IC50) >1000 nM SK-BR-3 cells Breast adenocarcinoma CVCL_0033 [ 1 ] Half Maximal Inhibitory Concentration (IC50) >1000 nM Calu-3 cells Lung adenocarcinoma CVCL_0609 [ 1 ] Half Maximal Inhibitory Concentration (IC50) >1000 nM HCC1954 cells Breast ductal carcinoma CVCL_1259 [ 1 ] Half Maximal Inhibitory Concentration (IC50) >1000 nM HCC1419 cells Breast ductal carcinoma CVCL_1251 [ 1 ] Half Maximal Inhibitory Concentration (IC50) >1000 nM HCC1569 cells Breast ductal carcinoma CVCL_1255 [ 1 ] Half Maximal Inhibitory Concentration (IC50) >1000 nM HCC2218 cells Breast ductal carcinoma CVCL_1263 [ 1 ] Half Maximal Inhibitory Concentration (IC50) >1000 nM HCC202 cells Breast ductal carcinoma CVCL_2062 [ 1 ] References Ref 1 DeBouganin Diabody Fusion Protein Overcomes Drug Resistance to ADCs Comprised of Anti-Microtubule Agents. Molecules. 2016 Dec 17;21(12):1741.	DeBouganin	0			https://adcdb.idrblab.net/data/payload/details/PAY0ZSIWY
PAY0HRHLR	Deglycosylated ricin A-chain (dgA)	ADC_PAYLOAD	The activity data of This Payload Standard Type Value Units Cell line Disease Model Cell line ID Reference Half Maximal Inhibitory Concentration (IC50) 124 ug/mL Daudi cells Burkitt lymphoma CVCL_0008 [ 1 ]	Deglycosylated ricin A-chain (dgA)	1	DRG0NFKRP		https://adcdb.idrblab.net/data/payload/details/PAY0HRHLR
PAY0KYMRL	Dexamethasone	ADC_PAYLOAD	Glucocorticoid receptor (NR3C1)	Dexamethasone; 50-02-2; Decadron; Maxidex; Dexamethazone; Hexadecadrol; Millicorten; Decaspray; Dexasone; Hexadrol; Oradexon; Prednisolone F; Aeroseb-Dex; Fluormethylprednisolone; Desametasone; Superprednol; Visumetazone; Cortisumman; Decaderm; Dexacortal; Dexacortin; Fortecortin; Gammacorten; Auxiron; Calonat; Dexason; Dexone; Azium; Aphtasolon; Dectancyl; Deltafluorene; Dergramin; Desadrene; Desamethasone; Desameton; Dexadeltone; Dexapolcort; Mediamethasone; Mymethasone; Corsone; Decalix; Decasone; Dekacort; Dexacort; Dexalona; Dexameth; Dextelan; Dinormon; Loverine; Luxazone; Mexidex; Dexa-Cortidelt; Dexa-Scheroson; Dexa-Cortisyl; Prednisolon F; Dexa-sine; Isopto-Dex; SK-Dexamethasone; Aeroseb-D; Anaflogistico; Decacortin; Deseronil; Dexafarma; Dexaprol; Dexinolon; Dexinoral; Policort; Spoloven; Turbinaire; Deronil; Dexapos; Sunia Sol D; Bisu DS; Dexa Mamallet; Lokalison F; Ocu-trol; Dex-ide; Hl-dex; Dexamethasonum; Decameth; Fluormone; Fluorocort; Decagel; Dexpak; Dezone; Dexone 4; Dxms; Hexadrol Elixir; Pet Derm III; Dexamethasone alcohol; Dexamethasone Intensol; Methylfluorprednisolone; Dexone 0.5; Dexone 1.5; Dexametasona; Decaject; Dexone 0.75; Hexadrol Tablets; Desametasone [DCIT]; Aphthasolone; Decacort; Dexamonozon; Dextenza; Ozurdex; 9alpha-Fluoro-16alpha-methylprednisolone; Dexametasona [INN-Spanish]; Dexamethasonum [INN-Latin]; Decadron Tablets, Elixir; Decaject-L.A.; Azium (Veterinary); Dexametasone; Dexamethansone; MK 125; Adexone; Dexaltin; Osurdex; Posurdex; Dexycu; Prodex; DexaSite; OTO-104; Dexa-Mamallet; Corson; NSC 34521; 16alpha-Methyl-9alpha-fluoro-1-dehydrocortisol; 16alpha-Methyl-9alpha-fluoroprednisolone; (3H)-Dexamethasone; 16-alpha-Methyl-9-alpha-fluoroprednisolone; 9-alpha-Fluoro-16-alpha-methylprednisolone; Azimycin (Veterinary); delta1-9alpha-Fluoro-16alpha-methylcortisol; 1-Dehydro-16alpha-methyl-9alpha-fluorohydrocortisone; Naquasone (Veterinary); Tresaderm (Veterinary); CCRIS 7067; Dexonium; Diodex; DTXSID3020384; HSDB 3053; ISV-305; 16-alpha-Methyl-9-alpha-fluoro-1-dehydrocortisol; Zema-Pak; UNII-7S5I7G3JQL; Dexamethasone Base; 16-alpha-Methyl-9-alpha-fluoro-delta1-hydrocortisone; delta(sup 1)-9-alpha-Fluoro-16-alpha-methylcortisol; EINECS 200-003-9; 7S5I7G3JQL; MFCD00064136; NSC-34521; Decadron (TN); 16alpha-Methyl-9alpha-fluoro-delta(sup 1)-hydrocortisone; DXM [Steroid]; 16-alpha-Methyl-9-alpha-fluoro-delta(sup 1)-hydrocortisone; HEMADY; Dexamethasone [INN:BAN:JAN]; Dexamethasone (GMP); Dexamethasone, topical; CHEBI:41879; AI3-50934; 9A-FLUORO-16BETA-METHYLPREDNISOLONE; Prednisolone, 9alpha-fluoro-16alpha-methyl-; C22H29FO5; (11beta,16alpha)-9-Fluoro-11,17,21-trihydroxy-16-methylpregna-1,4-diene-3,20-dione; Dexamethasone (DHAP); dexmethsone; DTXCID10384; MLS001332507; 16.alpha.-Methyl-9.alpha.-fluoroprednisolone; Dexamethasone [USP:INN:BAN:JAN]; DXM (Steroid); 9-Fluoro-11beta,17,21-trihydroxy-16alpha-methylpregna-1,4-diene-3,20-dione; [3H]-dexamethasone; Pregna-1,4-diene-3,20-dione, 9-fluoro-11,17,21-trihydroxy-16-methyl-, (11beta,16alpha)-; CIPRODEX COMPONENT DEXAMETHASONE; MAXITROL COMPONENT DEXAMETHASONE; TOBRADEX COMPONENT DEXAMETHASONE; (1R,2S,10S,11S,13R,14R,15S,17S)-1-fluoro-14,17-dihydroxy-14-(2-hydroxyacetyl)-2,13,15-trimethyltetracyclo[8.7.0.0^{2,7}.0^{11,15}]heptadeca-3,6-dien-5-one; DEXACIDIN COMPONENT DEXAMETHASONE; DEXASPORIN COMPONENT DEXAMETHASONE; DEXAMETHASONE COMPONENT OF CIPRODEX; DEXAMETHASONE COMPONENT OF MAXITROL; DEXAMETHASONE COMPONENT OF TOBRADEX; TOBRADEX ST COMPONENT DEXAMETHASONE; DEXAMETHASONE COMPONENT OF DEXACIDIN; DEXAMETHASONE COMPONENT OF DEXASPORIN; DEXAMETHASONE COMPONENT OF TOBRADEX ST; 9.alpha.-Fluoro-16.alpha.-methylprednisolone; 16-alpha-Methyl-9-alpha-fluoro-1,4-pregnadiene-11-beta,17-alpha,21-triol-3,20-dione; 16-alpha-Methyl-9-alpha-fluoro-11-beta,17-alpha,21-trihydroxypregna-1,4-diene-3,20-dione; 4-alpha-Fluoro-16-alpha-methyl-11-beta,17,21-trihydroxypregna-1,4-diene-3,20-dione; 9-alpha-Fluoro-16-alpha-methyl-1,4-pregnadiene-11-beta,17-alpha,21-triol-3,20-dione; (8S,9R,10S,11S,13S,14S,16R,17R)-9-fluoro-11,17-dihydroxy-17-(2-hydroxyacetyl)-10,13,16-trimethyl-6,7,8,11,12,14,15,16-octahydrocyclopenta[a]phenanthren-3-one; (8S,9R,10S,11S,13S,14S,16R,17R)-9-fluoro-11,17-dihydroxy-17-(2-hydroxyacetyl)-10,13,16-trimethyl-6,7,8,9,10,11,12,13,14,15,16,17-dodecahydro-3H-cyclopenta[a]phenanthren-3-one; DEXAMETHASONE (MART.); DEXAMETHASONE [MART.]; 16.alpha.-Methyl-9.alpha.-fluoro-1-dehydrocortisol; 1-Dehydro-16-alpha-methyl-9-alpha-fluorohydrocortisone; 1-Dehydro-16.alpha.-methyl-9.alpha.-fluorohydrocortisone; IontoDex; DEXAMETHASONE (EP MONOGRAPH); DEXAMETHASONE [EP MONOGRAPH]; DEXAMETHASONE (USP MONOGRAPH); DEXAMETHASONE [USP MONOGRAPH]; Pet-Derm Iii; Pregna-1,4-diene-3,20-dione, 9-fluoro-11beta,17,21-trihydroxy-16alpha-methyl-; Decaject L.A.; (11beta,16alpha)-9-Fluoro-11,17,21-trihydroxy-16-methylpregna-1,4-diene-3,20-dione labeled with tritium; 23495-06-9; Pregna-1,4-diene-3,20-dione, 9-fluoro-11,17,21-trihydroxy-16-methyl-, labeled with tritium, (11beta,16alpha)-; SMR000857119; BETAMETHASONE IMPURITY A (EP IMPURITY); BETAMETHASONE IMPURITY A [EP IMPURITY]; dexamethasone (tetramethyl-rhodamine conjugated ); Prednisolone, 9.alpha.-fluoro-16.alpha.-methyl-; Amplidermis; Auricularum; Cortidexason; Dexafluorene; Dexamecortin; Fluorodelta; Aacidexam; Baycadron; Decadrol; Dexalocal; Dexasine; Solurex; Spersadex; .delta.(sup 1)-9-.alpha.-Fluoro-16-.alpha.-methylcortisol; 16.alpha.-Methyl-9.alpha.-fluoro-.delta.(sup1)-hydrocortisone; Dxevo; NSC34521; TaperDex; Aknichthol Dexa; Alin Oftalmico; Anemul mono; Dexa-Rhinosan; .gamma.corten; ZoDex; 9-Fluoro-11,17,21-trihydroxy-16-methylpregna-1,4-diene-3,20-dione; Alin Depot; Baycuten N; C22-H29-F-O5; Lokalison-F; Apo-dexamethasone; Decadron DP; Dexasone 4mg; Alba-Dex; PHL-dexamethasone; PMS-dexamethasone; [3H]dexamethasone; Decasone R.p.; Dexamethasone-omega; NCGC00091019-08; Dexasone 0.5mg; Pregna-1,4-diene-3,20-dione, 9-fluoro-11,17,21-trihydroxy-16-methyl-, (11.beta.,16.alpha.)-; Dexasone 0.75mg; Sandoz Dexamethasone; DEXASCHEROSON; DEXYCU KIT; Maxidex Ont 0.1%; Maxidex Sus 0.1%; Decadron, Dexamethasone; dexamethasone-17-acetate; Spectrum5_002019; DEXAMETHASONE [MI]; D0IT2G; Foy Brand of Dexamethasone; MolMap_000018; DEXAMETHASONE [INN]; DEXAMETHASONE [JAN]; ECR Brand of Dexamethasone; ICN Brand of Dexamethasone; SCHEMBL3774; Alcon Brand of Dexamethasone; DEXAMETHASONE [HSDB]; Merck Brand of Dexamethasone; BIDD:PXR0060; BSPBio_000995; DEXAMETHASONE [VANDF]; MLS001055412; MLS001332508; BIDD:ER0494; sustained-release dexamethasone; DEXAMETHASONE [USP-RS]; DEXAMETHASONE [WHO-DD]; DEXAMETHASONE [WHO-IP]; Merz Brand 1 of Dexamethasone; Merz Brand 2 of Dexamethasone; 3,20-DIONE; CHEMBL384467; Dexamethasone [BAN:INN:JAN]; GTPL2768; GTPL3447; SGCUT00126; 9-Fluoro-16-methylprednisolone; Ak Dex Oph Otic Soln 0.1%; DEXAMETHASONE [EMA EPAR]; BDBM18207; Dexamethasone (anti-inflammatory); Dexamethasone (JP15/USP/INN); Dexamethasone (JP17/USP/INN); (11-beta,16-alpha)-9-Fluoro-11,17,21-trihydroxy-16-methylpregna-1,4-diene-3,20-dione; 1p93; DEXAMETHASONE [GREEN BOOK]; HMS1792A17; HMS1990A17; HMS2089N13; HMS2235F08; HMS3039L11; HMS3259N11; HMS3403A17; DEXAMETHASONE [ORANGE BOOK]; AMY28815; DRG-0013; to_000038; Tox21_200122; Dexamethasone, >=97.0% (HPLC); HB2521; HY-14648G; IBI-10090; MK-125; s1322; Dexamethasone 1.0 mg/ml in Methanol; DEXAMETHASONUM [WHO-IP LATIN]; PMS Dexamethasone Elixir 0.5mg/5ml; AKOS005259009; AKOS015895509; Decadron phosphate, Decdan, Dexacort,; CCG-264887; CS-1505; CS-O-00294; CS-O-01282; CS-O-01283; DB01234; KS-1451; LS-7300; NC00645; alpha -Fluoro-16-alpha -methylcortisol; CAS-50-02-2; SMP1_000092; Dexamethasone, >=98% (HPLC), powder; NCGC00091019-01; NCGC00091019-02; NCGC00091019-03; NCGC00091019-04; NCGC00091019-05; NCGC00091019-06; NCGC00091019-07; NCGC00091019-23; NCGC00257676-01; (8S,9R,10S,11S,13S,14S,16R,17R)-9-Fluoro-11,17-dihydroxy-17-(2-hydroxyacetyl)-10,13,16-trimethyl-6,7,8,9,10,11,12,13,14,15,16,17-dodecahydro-3H-cyclopenta[a]ph; 9alpha-fluoro-16alpha-methyl-Prednisolone; AC-11056; HY-14648; NCI60_003067; SMR001227192; Fluoro-9alpha Methyl-16alpha Prednisolone; 16alpha -Methyl-9alpha -fluoroprednisolone; 9alpha -Fluoro-16alpha -methylprednisolone; Dexamethasone, tested according to Ph.Eur.; CS-0626118; EN300-52607; D00292; Dexamethasone, meets USP testing specifications; Prednisolone, 9alpha -fluoro-16alpha -methyl-; 9.alpha.-Fluoro-16.alpha.-methyl-1,20-dione; AB00918428-05; AB00918428-08; AB00918428-09; AB00918428_10; 16alpha -Methyl-9alpha -fluoro-1-dehydrocortisol; 16Alpha-methyl-9alpha-fluoro-delta1-hydrocortisone; Dexamethasone, VETRANAL(TM), analytical standard; Q422252; 1-Dehydro-16alpha-methyl-0alpha-fluorohydrocortisone; delta(Sup1)-9-alpha-fluoro-16-alpha-methylcortisol; Q-200939; 16-alpha-methyl-9-alpha-fluoro-delta-1-hydrocortisone; BRD-K38775274-001-02-3; BRD-K38775274-001-06-4; DEXAMETHASONE ACETATE IMPURITY A [EP IMPURITY]; 1-Dehydro-16alpha -methyl-9alpha -fluorohydrocortisone; 9-Fluoro-11alpha -methylpregna-1,4-diene-3,20-dione; Dexamethasone, British Pharmacopoeia (BP) Assay Standard; Z756391748; Pregna-1,4-diene-3,20-dione, 9-fluoro-11alpha -methyl-; Dexamethasone, European Pharmacopoeia (EP) Reference Standard; WLN: L E5 B666 OV KU MUTJ A1 BF CQ E1 FV1Q FQ G1; 16-ALPHA-METHYL-9-ALPHA-FLUORO-DELTA(SUP 1)HYDROCORTISONE; Dexamethasone, powder, BioReagent, suitable for cell culture, >=97%; Dexamethasone, United States Pharmacopeia (USP) Reference Standard; 16-.alpha.-Methyl-9-.alpha.-fluoro-1,17-.alpha.,21-triol-3,20-dione; 4.alpha.-Fluoro-16.alpha.-methyl-11.beta.-17,4-diene-3,20-dione; Pregna-1,20-dione, 9-fluoro-11.beta.,17,21-trihydroxy-16.alpha.-methyl-; 16.alpha.-Methyl-9.alpha.-fluoro-11.beta.-17.alpha.-21-trihydroxypregna-1,20-dione; 9-Fluoro-11-beta,17,21-trihydroxy-16-alpha-methylpregna-1,4-diene-3,20-dione; 9-Fluoro-11.beta.,21-trihydroxy-16.alpha.-methylpregna-1,4-diene-3,20-dione; 9-fluoro-16alpha-methyl-11beta,17,21-trihydroxypregna-1,4-diene-3,20-dione; 9.alpha.-Fluoro-11.beta.-17.alpha.- 21-trihydroxy-16.alpha.-methylpregna-1,20-dione; Dexamethasone for peak identification, European Pharmacopoeia (EP) Reference Standard; Dexamethasone for system suitability, European Pharmacopoeia (EP) Reference Standard; Dexamethasone, Pharmaceutical Secondary Standard; Certified Reference Material; Dexamethasone, powder, gamma-irradiated, BioXtra, suita	0			https://adcdb.idrblab.net/data/payload/details/PAY0KYMRL
PAY0RXKZJ	Diazeniumdiolate	ADC_PAYLOAD		Diazeniumdiolate; Dea/no; M3QG4JA6WU; DEA/NO [MI]; Diethylamine nitric oxide free acid; UNII-M3QG4JA6WU; 1-Triazene, 3,3-diethyl-1-hydroxy-, 2-oxide; CHEBI:77714; 1,1-diethyl-2-hydroxy-3-oxotriazane; 1-Triazene, 3,3-diethyl-1-hydroxy-, 2-oxide, ION(1-), (1Z)-; 1223160-21-1; CHEMBL1160600; CHEMBL1620720; DTXSID50861542; N,N-Diethyl-N-hydroxynitrous hydrazide; LS-194425	1	HN-01		https://adcdb.idrblab.net/data/payload/details/PAY0RXKZJ
PAY0EXXSU	Differentiated TLR-9 agonist (T-CpG)	ADC_PAYLOAD	Toll-like receptor 9 (TLR9)	Differentiated TLR-9 agonist (T-CpG)	2		DRG0PASNX; DRG0USILO	https://adcdb.idrblab.net/data/payload/details/PAY0EXXSU
PAY0JOHRS	Diphtheria toxin containing streptococcal protein G (DT3C)	ADC_PAYLOAD	Eukaryotic elongation factor 2 (EEF2) The activity data of This Payload Standard Type Value Units Cell line Disease Model Cell line ID Reference Survival Rate ≈96.3 % PC-9 cells Lung adenocarcinoma CVCL_B260 [ 1 ]	Diphtheria toxin containing streptococcal protein G (DT3C)	2	H8R23-DT3C; HSL156 mAb-DT3C conjugate		https://adcdb.idrblab.net/data/payload/details/PAY0JOHRS
PAY0IGVCI	Diphtheria toxin	ADC_PAYLOAD	Eukaryotic elongation factor 2 (EEF2)	Diphtheria toxin	0			https://adcdb.idrblab.net/data/payload/details/PAY0IGVCI
PAY0HAXGX	Docetaxel	ADC_PAYLOAD	Microtubule (MT)	Docetaxel; 114977-28-5; Taxotere; Docetaxel anhydrous; Docetaxol; Docetaxel Winthrop; EmDOC; RP-56976; Docetaxolum; Docefrez; Taxoel; Docetaxel Kabi; Docetaxel [INN]; NSC 628503; Docetaxel, Trihydrate; N-debenzoyl-N-tert-butoxycarbonyl-10-deacetyltaxol; RP 56976; taxotel; Docecad; DTXSID0040464; Docetaxel Teva; Docetaxel Accord; Taxotere(R); TXL; Taxotere (TN); Docetaxel, anhydrous; NSC-628503; UNII-699121PHCA; CHEBI:4672; DOCETAXEL MYLAN; Docetaxel hydrate; HSDB 6965; N-debenzoyl-N-(tert-butoxycarbonyl)-10-deacetyltaxol; 699121PHCA; Docetaxolum [INN-Latin]; DOCETAXEL TEVA PHARMA; docetere; N-debenzoyl-N-(tert-butoxycarbonyl)-10-deacetylpaclitaxel; docetaxel 114977-28-5; DTXCID8020464; XRP-6976L; ANX-514; SDP-014; SID 530; Docetaxel (INN); NSC628503; N-debenzoyl-N-Boc-10-deacetyl taxol; CABAZITAXEL METABOLITE (RP56976); [(1S,2S,3R,4S,7R,9S,10S,12R,15S)-4-acetyloxy-1,9,12-trihydroxy-15-[(2R,3S)-2-hydroxy-3-[(2-methylpropan-2-yl)oxycarbonylamino]-3-phenylpropanoyl]oxy-10,14,17,17-tetramethyl-11-oxo-6-oxatetracyclo[11.3.1.03,10.04,7]heptadec-13-en-2-yl] benzoate; Benzenepropanoic acid, beta-(((1,1-dimethylethoxy)carbonyl)amino)-alpha-hydroxy-, 12b-(acetyloxy)-12-(benzoyloxy)-2a,3,4,4a,5,6,9,10,11,12,12a,12b-dodecahydro-4,6,11-trihydroxy-4a,8,13,13-tetramethyl-5-oxo-7,11-methano-1H-cyclodeca(3,4)benz(1,2-b)oxet-9-yl ester; DOCETAXEL (USP-RS); UNII-15H5577CQD; Docetaxel intermediate; BIND 014; DOCETAXEL (EP MONOGRAPH); DOCETAXEL (USP IMPURITY); CKD-810; DOCETAXEL (USP MONOGRAPH); (1S,2S,3R,4S,7R,9S,10S,12R,15S)-4-(acetyloxy)-15-{[(2R,3S)-3-{[(tert-butoxy)carbonyl]amino}-2-hydroxy-3-phenylpropanoyl]oxy}-1,9,12-trihydroxy-10,14,17,17-tetramethyl-11-oxo-6-oxatetracyclo[11.3.1.0^{3,10}.0^{4,7}]heptadec-13-en-2-yl benzoate; (2alpha,5beta,7beta,10beta,13alpha)-4-(acetyloxy)-13-({(2R,3S)-3-[(tert-butoxycarbonyl)amino]-2-hydroxy-3-phenylpropanoyl}oxy)-1,7,10-trihydroxy-9-oxo-5,20-epoxytax-11-en-2-yl benzoate; (2aR,4S,4aS,6R,9S,11S,12S,12aR,12bS)-12b-acetoxy-9-(((2R,3S)-3-((tert-butoxycarbonyl)amino)-2-hydroxy-3-phenylpropanoyl)oxy)-4,6,11-trihydroxy-4a,8,13,13-tetramethyl-5-oxo-2a,3,4,4a,5,6,9,10,11,12,12a,12b-dodecahydro-1H-7,11-methanocyclodeca[3,4]benzo[1,2-b]oxet-12-yl benzoate; 4-(acetyloxy)-13alpha-({(2R,3S)-3-[(tert-butoxycarbonyl)amino]-2-hydroxy-3-phenylpropanoyl}oxy)-1,7beta,10beta-trihydroxy-9-oxo-5beta,20-epoxytax-11-en-2alpha-yl benzoate; Benzenepropanoic acid, beta-(((1,1-dimethylethoxy)carbonyl)amino)-alpha-hydroxy-, (2aR,4S,4aS,6R,9S,11S,12S,12aR,12bS)-12b-(acetyloxy)-12-(benzoyloxy)-2a,3,4,4a,5,6,9,10,11,12,12a,12b-dodecahydro-4,6,11-trihydroxy-4a,8,13,13-tetramethyl-5-oxo-7,11-methano-1H-cyclodeca(3,4)benz(1,2-b)oxet-9-yl ester, (alphaR,betaS)-; CAS-114977-28-5; NSC 759850; DOCETAXEL TRIHYDRATE (EP MONOGRAPH); docetaxelum; C43H53NO14; MFCD00871399; Docetaxel (TN); Docetaxel- Bio-X; NCGC00181306-01; NCGC00181306-02; 4-(acetyloxy)-13alpha-(((2R,3S)-3-((tert-butoxycarbonyl)amino)-2-hydroxy-3-phenylpropanoyl)oxy)-1,7beta,10beta-trihydroxy-9-oxo-5beta,20-epoxytax-11-en-2alpha-yl benzoate; Taxotere (Aventis); CID148124; Docetaxolum (Latin); Docetaxel - Taxotere; RP56976; bind-014; Docetaxel (JAN/INN); DOCETAXEL [JAN]; DOCETAXEL [MI]; CHEMBL92; DOCETAXEL [HSDB]; Benzenepropanoic acid, beta-(((1,1-dimethylethoxy)carbonyl)amino)-alpha-hydroxy-, (2aR,4S,4aS,6R,9S,11S,12S,12aR,12bS)-12b-(acetyloxy)-12-(benzoyloxy)-2a,3,4,4a,5,6,9,10,11,12,12a,12b-dodecahydro-4,6,11-trihydroxy-4a,8,1313-tetramethyl-5-oxo-7,11-methano-1H-cyclodeca(3,4)benz(1,2-b)oxet-9-yl ester, trihydrate, (alphaR,betaS)-; D0O5WP; Taxotere/Docetaxel Winthrop; SCHEMBL4419; N Debenzoyl N tert butoxycarbonyl 10 deacetyltaxol; GTPL6809; BIND 014 [WHO-DD]; BDBM36351; SYP-0704A; ZDZOTLJHXYCWBA-VCVYQWHSSA-; AMY4356; L01CD02; ZDZOTLJHXYCWBA-VCVYQWHSSA-N; 114977-28-5, Docetaxel; HMS2089K08; EX-A1206; HY-B0011; Tox21_112781; Tox21_113088; AC-383; DOCETAXEL ANHYDROUS [WHO-DD]; AKOS015960718; AKOS024457953; C43-H53-N-O14; Tox21_112781_1; CS-1144; CS-O-11300; DB01248; KS-1452; Docetaxel, purum, >=97.0% (HPLC); NCGC00181306-04; NCGC00242509-01; BD164373; D4102; D07866; EN300-123047; AB01273941-01; AB01273941-02; Q420436; SR-01000003023; W-60384; Q-100074; SR-01000003023-5; BRD-K30577245-001-04-3; BRD-K30577245-341-01-9; Z1546621742; Anhydrous Docetaxel, European Pharmacopoeia (EP) Reference Standard; (1S,2S,3R,4S,5R,7S,8S,10R,13S)-4-Acetoxy-2-benzoyloxy-5,20-epoxy-1,7,10-trihydroxy-9-oxotax-11-en-13-yl (2R,3S)-3-(1,1-dimethylethyl)oxycarbonylamino-2-hydroxy-3-phenylpropanoate; (2aR,4S,4aS,6R,9S,11S,12S,12aR,12bS)-12b-(acetyloxy)-12-(benzoyloxy)-2a,3,4,4a,5,6,9,10,11,12,12a,12b-dodecahydro-4,6,11-trihydroxy-4a,8,13,13-tetramethyl-5-oxo-7,11-methano-1H-cyclodeca[3,4]benz[1,2-b]oxet-9-yl (aR,bS)-b-[[(1,1-dimethylethoxy)carbonyl]amino]-a-hydroxybenzenepropanoate; (2R,3S)-N-CARBOXY-3-PHENYLISOSERINE, N-TERT-BUTYL ESTER, 13-ESTER WITH 5.BETA.,20-EPOXY-1,2.ALPHA.,4,7.BETA.,10.BETA.,13.ALPHA.-HEXAHYDROXYTAX-11-EN-9-ONE 4-ACETATE 2-BENZOATE; (2R,3S)-N-CARBOXY-3-PHENYLISOSERINE, N-TERT-BUTYL ESTER, 13-ESTER WITH 5beta,20-EPOXY-1,2alpha,4,7beta,10beta,13alpha-HEXAHYDROXYTAX-11-EN-9-ONE 4-ACETATE 2-BENZOATE; [2aR-[2a?,4?,4a?,6?,9?(?R*,?S*),11?,12?,12a?,12b?]]-?-[[(1,1-Dimethylethoxy)carbonyl]amino]-?-hydroxy-12b-(acetyloxy)-12-(benzoyloxy)-2a,3,4,4a,5,6,9,10,11,12,12a,12b-dodecahydro-4,6,11-trihydroxy-4a,8,13,13-tetramethyl-5-oxo-7,11-methano-1H-cyclodeca[3,4]benz[1,2-b]oxet-9-yl ester benzenepropanoic acid; [acetoxy-[(2R,3S)-3-(tert-butoxycarbonylamino)-2-hydroxy-3-phenyl-propanoyl]oxy-trihydroxy-tetramethyl-oxo-[?]yl] benzoate; 114915-20-7; Benzenepropanoic acid, beta-(((1,1-dimethylethoxy)carbonyl)amino)-alpha-hydroxy-, (2aR,4S,4aR,6R,9S,11S,12S,12aS,12bS)-12b-(acetyloxy)-12-(benzoyloxy)-2a,3,4,4a,5,6,9,10,11,12,12a,12b-dodecahydro-4,4a,6,11-tetrahydroxy-8,12a,13,13-tetramethyl-5-oxo-7,11-methano-1H-cyclodeca(3,4)benz(1,2-b)oxet-9-yl ester, (alphaR)-, hydrate (1:3); Benzenepropanoic acid,1-dimethylethoxy)carbonyl]amino]-.alpha.-hydroxy-, (2aR,4S,4aS,6R,9S,11S,12S,12aR,12bS)-12b-(acetyloxy)-12-(benzyloxy)-2a,3,4,4a,5,6,9,10,11,12,12a,12b-dodecahydro-4,6,11-trihydroxy-4a,8,13,13-tetramethyl-5-oxo-7,11-methano-1H-cyclodeca[3,4]benz[1,2-b]oxet-9-yl ester, (.alpha.R,.beta.S)	2		DRG0CCQWD; DRG0FLHSO	https://adcdb.idrblab.net/data/payload/details/PAY0HAXGX
PAY0BGBQM	Dolasynthen	ADC_PAYLOAD	Microtubule (MT)	Dolasynthen	0			https://adcdb.idrblab.net/data/payload/details/PAY0BGBQM
PAY0DYTCC	Doxorubicin	ADC_PAYLOAD	DNA topoisomerase 2-alpha (TOP2A)	Doxorubicin; Adriamycin; 23214-92-8; Adriablastin; Doxil; Doxorubicine; Adriblastina; Doxorubicinum; 14-Hydroxydaunomycin; Hydroxydaunorubicin; Doxorubicina; 14-Hydroxydaunorubicine; Adriamycin semiquinone; Doxorubicine [INN-French]; Doxorubicinum [INN-Latin]; Doxorubicina [INN-Spanish]; Doxorubicin Hydrochloride; Adriblastin; Doxorubicin HCl; CCRIS 739; FI 106; Doxorubicin [USAN:INN:BAN]; ThermoDox; Adriblas tina; hydroxydaunomycin; HSDB 3070; NCI-C01514; NDC 38242-874; Doxorubicin-hLL1; EINECS 245-495-6; Adriblastina (TN); Resmycin; Caelyx; NSC 123127; CHEBI:28748; Aerosolized Doxorubicin; Doxorubicin-P4/D10; C27H29NO11; DOX-SL; UNII-80168379AG; Doxorubicin (USAN/INN); ADM; Doxorubicin-hLL1 conjugate; Rubex (hydrochloride salt); NSC-759155; rubidox; Adriacin (hydrochloride salt); CHEMBL53463; Caelyx (liposomal doxorubicin); Doxorubicin-P4/D10 conjugate; TLC D-99; (7S,9S)-7-[(2R,4S,5S,6S)-4-amino-5-hydroxy-6-methyloxan-2-yl]oxy-6,9,11-trihydroxy-9-(2-hydroxyacetyl)-4-methoxy-8,10-dihydro-7H-tetracene-5,12-dione; 5,12-Naphthacenedione, 10-((3-amino-2,3,6-trideoxy-alpha-L-lyxo-hexopyranosyl)oxy)-7,8,9,10-tetrahydro-6,8,11-trihydroxy-8-(hydroxyacetyl)-1-methoxy-, (8S-cis)-; 80168379AG; adiblastine (hydrochloride salt); adriblatina (hydrochloride salt); DTXSID8021480; adriablatina (hydrochloride salt); Adriblastina (hydrochloride salt); adriablastine (hydrochloride salt); Farmablastina (hydrochloride salt); adr iablatina (hydrochloride salt); Adriamycin PFS (hydrochloride salt); Adriamycin RDF (hydrochloride salt); Liposomal Doxorubicin; (1S,3S)-3-Glycoloyl-1,2,3,4,6,11-hexahydro-3,5,12-trihydroxy-10-methoxy-6,11-dioxo-1-naphthacenyl-(3-amino-2,3,6-tridesoxy-alpha-L-lyxo-hexopyranosid); (1S,3S)-3-glycoloyl-3,5,12-trihydroxy-10-methoxy-6,11-dioxo-1,2,3,4,6,11-hexahydrotetracen-1-yl 3-amino-2,3,6-trideoxy-alpha-L-lyxo-hexopyranoside; (8S,10S)-10-((3-Amino-2,3,6-trideoxy-alpha-L-lyxo-hexopyranosyl)oxy)-8-glycoloyl-7,8,9,10-tetrahydro-6,8,11-trihydroxy-1-methoxy-5,12-naphthacenedione; 1,2,3,4,6,11-Hexahydro-4beta,5,12-trihydroxy-4-(hydroxyacetyl)-10-methoxy-6,11-dioxonaphthacen-1beta-yl-3-amino-2,3,6-trideoxy-alpha-L-lyxohexopyranoside; DM2; hydroxydaunorubicin HCl; Doxorubicin hydrochloride (hydrochloride salt); Rubex (TN); Triferric doxorubicin; NSC-123127; DOXORUBICIN (MART.); DOXORUBICIN [MART.]; (8S,10S)-10-{[(2R,4S,5S,6S)-4-amino-5-hydroxy-6-methyloxan-2-yl]oxy}-6,8,11-trihydroxy-8-(2-hydroxyacetyl)-1-methoxy-5,7,8,9,10,12-hexahydrotetracene-5,12-dione; (8S-cis)-10-((3-amino-2,3,6-trideoxy-alpha-L-lyxo-hexopyranosyl)oxy)-7,8,9,10-tetrahydro-6,8,11-trihydroxy-8-(hydroxyacetyl)-1-methoxy-5,12-naphthacenedione; 10-((3-Amino-2,3,6-trideoxy-D-lyxohexopyranosyl)oxy)-8-glycolcyl-7,8,9,10-tetrahydro-6,8,11-trihydroxy-1-methoxy-5,12-naphthacenedione; ADR; Hydroxydaunomycin hydrochloride (hydrochloride salt); Hydroxydaunomycin hydrochlor ide (hydrochloride salt); Hydroxydaunorubicin hydrochloride (hydrochloride salt); MLS000028393; Conjugate of doxorubicin with humanized monoclonal antibody LL1 against CD74; Conjugate of doxorubicin with monoclonal antibody P4/D10 against GP120; RDF Rubex; (1S,3S)-3,5,12-trihydroxy-3-(hydroxyacetyl)-10-(methyloxy)-6,11-dioxo-1,2,3,4,6,11-hexahydrotetracen-1-yl 3-amino-2,3,6-trideoxy-alpha-L-lyxo-hexopyranoside; (1S,3S)-3,5,12-trihydroxy-3-(hydroxyacetyl)-10-methoxy-6,11-dioxo-1,2,3,4,6,11-hexahydrotetracen-1-yl 3-amino-2,3,6-trideoxy-alpha-L-lyxo-hexopyranoside; (7S,9S)-7-[(2R,4S,5S,6S)-4-amino-5-hydroxy-6-methyl-tetrahydropyran-2-yl]oxy-6,9,11-trihydroxy-9-(2-hydroxyacetyl)-4-methoxy-8,10-dihydro-7H-tetracene-5,12-dione; (8S,10S)-10-(((2R,4S,5S,6S)-4-amino-5-hydroxy-6-methyltetrahydro-2H-pyran-2-yl)oxy)-6,8,11-trihydroxy-8-(2-hydroxyacetyl)-1-methoxy-7,8,9,10-tetrahydrotetracene-5,12-dione; 5,12-Naphthacenedione, 10-((3-amino-2,3,6-trideoxy-alpha-L-lyxo-hexopyranosyl)oxy)-7,8,9,10-tetrahydro-6,8,11-trihydroxy-8-(hydroxyacetyl)-1-methoxy-, (8S,10S)-; VALRUBICIN IMPURITY, DOXORUBICIN (USP IMPURITY); VALRUBICIN IMPURITY, DOXORUBICIN [USP IMPURITY]; doxorrubicina; Hydroxyldaunorubicin; 5,12-NAPHTHACENEDIONE, 10-((3-AMINO-2,3,6-TRIDEOXY-.ALPHA.-L-LYXO-HEXOPYRANOSYL)OXY)-7,8,9,10-TETRAHYDRO-6,8,11-TRIHYDROXY-8-(HYDROXYACETYL)-1-METHOXY-, (8S-CIS)-; 5,12-Naphthacenedione, 10-[(3-amino-2,3,6-trideoxy-.alpha.-L-lyxo-hexopyranosyl)oxy]-7,8,9,10-tetrahydro-6,8,11-trihydroxy-8-(hydroxyacetyl)-1-methoxy-, (8S-cis)-; Caelyx (TN); Hydroxyl Daunorubicin; Myocet (TN); Cantide + adriamycin; Adriamycin PFS (TN); Adriamycin RDF (TN); NSC123127; DOXORUBICIN [MI]; (7S,9S)-7-[(2R,4S,5S,6S)-4-amino-5-hydroxy-6-methyloxan-2-yl]oxy-6,9,11-trihydroxy-9-(2-hydroxyacetyl)-4-methoxy-8,10-dihydro-7H-tetracene-5,12-dione;hydrochloride; Prestwick0_000438; Prestwick1_000438; Prestwick2_000438; Prestwick3_000438; DOXORUBICIN [INN]; DOXORUBICIN [HSDB]; DOXORUBICIN [USAN]; D07VLY; D0VW5S; Probes1_000151; Probes2_000129; DOXORUBICIN [VANDF]; SCHEMBL3243; BSPBio_000456; BSPBio_001031; DOXORUBICIN [WHO-DD]; SPBio_002395; Doxorubicin [USAN:BAN:INN]; (8S-cis)-10-; BPBio1_000502; cid_443939; DTXCID301480; GTPL7069; Valrubicin impurity, doxorubicin; BDBM22984; BDBM32022; L01DB01; AOJJSUZBOXZQNB-TZSSRYMLSA-N; HMS2089H06; (8S,10S)-10-((3-AMINO-2,3,6-TRIDEOXY-.ALPHA.-L-LYXO-HEXOPYRANOSYL)OXY)-8-GLYCOLOYL-7,8,9,10-TETRAHYDRO-6,8,11-TRIHYDROXY-1-METHOXY-5,12-NAPHTHACENEDIONE; 5,12-Naphthacenedione, 10-[(3-amino-2,3,6-trideoxy-.alpha.-L-lyxo-hexopyranosyl)oxy]-7,8,9,10-tetrahydro-6,8,11-trihydroxy-8-(hydroxyacetyl)-1-methoxy-, (8S,10S)-; GR-319; HY-15142A; LMPK13050001; Adriamycin (Doxorubicin hydrochloride); AKOS015951330; Doxorubicin hydrochloride (Adriamycin); CS-O-01338; DB00997; SMP1_000106; NCGC00024415-35; NCGC00024415-37; NCGC00024415-38; NCGC00024415-40; NCGC00024415-41; NCGC00024415-42; NCGC00024415-61; 5,12-Naphthacenedione, 10-[(3-amino-2,3,6-trideoxy- ?-L-lyxo-hexopyranosyl)oxy]-7,8,9,10-tetrahydro -6,8,11-trihydroxy-8-(hydroxyacetyl)-1-methox y-, (8S-cis)-; BP-23114; JT9100000; LS-165655; (8S,10S)-10; (8S,10S)-10-; A14403; C01661; D03899; EN300-120698; Epirubicin hydrochloride impurity, doxorubicin-; H11954; Q18936; A816625; BRD-K92093830-003-04-3; BRD-K92093830-003-25-8; EPIRUBICIN HYDROCHLORIDE IMPURITY C [EP IMPURITY]; DAUNORUBICIN HYDROCHLORIDE IMPURITY D [EP IMPURITY]; EPIRUBICIN HYDROCHLORIDE IMPURITY, DOXORUBICIN- [USP IMPURITY]; (7S,9R)-7-[(2S,4S,5S,6S)-4-Amino-5-hydroxy-6-methyl-oxan-2-yl]oxy-6,9,11-trihydroxy-9-(2-hydroxyacetyl)-4-methoxy-8,10-dihydro-7H-tetracene-5,12-dione; (7S,9S)-7-[(2R,4S,5S,6S)-4-amino-5-hydroxy-6-methyl-tetrahydropyran-2-yl]oxy-9-glycoloyl-6,9,11-trihydroxy-4-methoxy-8,10-dihydro-7H-tetracene-5,12-quinone;hydrochloride; (7S,9S)-7-[(2R,4S,5S,6S)-4-azanyl-6-methyl-5-oxidanyl-oxan-2-yl]oxy-4-methoxy-6,9,11-tris(oxidanyl)-9-(2-oxidanylethanoyl)-8,10-dihydro-7H-tetracene-5,12-dione;hydrochloride; (7S,9S)-7-[(4S,5S,6S)-4-amino-5-hydroxy-6-methyloxan-2-yl]oxy-6,9,11-trihydroxy-9-(2-hydroxyacetyl)-4-methoxy-8,10-dihydro-7H-tetracene-5,12-dione; (7S,9S)-7-[[(2R,4S,5S,6S)-4-amino-5-hydroxy-6-methyl-2-oxanyl]oxy]-6,9,11-trihydroxy-9-(2-hydroxy-1-oxoethyl)-4-methoxy-8,10-dihydro-7H-tetracene-5,12-dione;hydrochloride; (8S,10S)-10-(((2R,4S,5S,6S)-4-amino-5-hydroxy-6-methyltetrahydro-2H-pyran-2-yl)oxy)-6,8,11-trihydroxy-8-(2-hydroxyacetyl)-1-methoxy-7,8,9,10-tetrahydrotetracene-5,12-dione;(7S,9S)-7-[(4S,5S,6S)-4-amino-5-hydroxy-6-methyl-tetrahydropyran-2-yl]oxy-6,9,11-trihydroxy-9-(2-hydroxyacetyl)-4-methoxy-8,10-dihydro-7H-tetracene-5,12-dione; (8S,10S)-10-((2R,4S,5S,6S)-4-amino-5-hydroxy-6-methyltetrahydro-2H-pyran-2-yloxy)-6,8,11-trihydroxy-8-(2-hydroxyacetyl)-1-methoxy-7,8,9,10-tetrahydrotetracene-5,12-dione; (8S-cis)-10-((3-Amino-2,3,6-trideoxy-alpha-L-lyxo-hexopyranosyl)oxy)-7,8,9,10-tetrahydro-6,8,11-trihydroxy-8-(hydroacetyl)-1-methoxy-5,12-naphthacenedione; (8S-cis)-10-(3-Amino-2,3,6-Tr ideoxy-alpha-L-Lyxo-Hexopyranosyl)Oxy-7,8,9,10-Tetrahydro-6,8,11-Trihydroxy-8-(Hydroxyacetyl)-1-Methoxy-5,12-Naphthacenedione; (8S-cis)-10-(3-Amino-2,3,6-Trideoxy-alpha-L-Lyxo-Hexopyranosyl)Oxy-7,8,9,10-Tetrahydro-6,8,11-Trihydroxy-8-(Hydroxyacetyl)-1-Methoxy-5,12-Naphthacenedione; (8S-cis)-10-[(3-Amino-2,3,6-trideoxy-.alpha.-L-lyxo-hexopyranosyl]-7,8,9,10-tetrahydro-6,8,11-trihydroxy-8-(hydroxyacetyl)-1-methoxy-5,12-naphthacenedione; 1,2,3,4,6,11-hexahydro-4beta,5,12-trihydroxy-4-(hydroxyacetyl)-10-methoxy-6, 11-Dioxonaphthacen-1beta-yl-3-amino-2,3,6-trideoxy-alpha-l-lyxohexopyranoside; 10-((3-Amino-2,3,6-trideoxy-alpha-L-lyso-hexopyranosyl)oxy)-7,8,9,10-tetrahydro-6,8,11-trihydroxy-8-(hydroxyacetyl)-1-methoxy-5,12-naphthacenedione; 1392315-46-6; 5,12-naphthacenedione, 10-((3-Amino-2,3,6-trideoxy-alpha-l-lyxo-hexopyranosyl)oxy)-7,8,9,10-tetrahydro-6,8,11-trihydroxy-1-methoxy-5,12-naphthacenedione; 5,12-NAPHTHACENEDIONE, 10-[(3-AMINO-2,3,6-TRIDEOXY-.ALPHA.-L-LYXO-HEXOPYRANOSYL)OXY]-7,8,9,10-TETRAHYDRO-6,8,11-TRIHYDROXY-8-(HYDROXYACETYL)-1-METOXY-, (8S-CIS)-; 5,12-Naphthacenedione, 10-[(3-amino-2,3,6-trideoxy-alpha-L-lyxo-hexopyranosyl)oxy]-7,8,9,10-tetrahydro-6,8,11-trihydroxy-8-(2-hydroxyacetyl)-1-methoxy-, (8S,10S)-	7		DRG0IJDNB; DRG0IQGNU; DRG0PRBOY; DRG0QJKGD; DRG0VKZQT; DRG0YFUMC; DRG0ZIJNR	https://adcdb.idrblab.net/data/payload/details/PAY0DYTCC
PAY0NOVWI	Dual-warhead	ADC_PAYLOAD		Dual-warhead	0			https://adcdb.idrblab.net/data/payload/details/PAY0NOVWI
PAY0BKRAB	Dumycin-7	ADC_PAYLOAD	Human Deoxyribonucleic acid (hDNA)	Dumycin-7	0			https://adcdb.idrblab.net/data/payload/details/PAY0BKRAB
PAY0UFRFU	Duocarmycin 405	ADC_PAYLOAD	Human Deoxyribonucleic acid (hDNA)	Duocarmycin 405	1	Alpha-HER2-Duo 405		https://adcdb.idrblab.net/data/payload/details/PAY0UFRFU
PAY0HMZGF	Duocarmycin A	ADC_PAYLOAD	Human Deoxyribonucleic acid (hDNA)	Duocarmycin a; 118292-34-5; Deuocarmycin A; DC88-A; UNII-PJV9990868; PJV9990868; methyl (1R,4R,12S)-4-methyl-3,7-dioxo-10-(5,6,7-trimethoxy-1H-indole-2-carbonyl)-5,10-diazatetracyclo[7.4.0.01,12.02,6]trideca-2(6),8-diene-4-carboxylate; CYCLOPROPA(C)PYRROLO(3,2-E)INDOLE-6-CARBOXYLIC ACID, 1,2,4,5,6,7,8,8A-OCTAHYDRO-6-METHYL-4,7-DIOXO-2-((5,6,7-TRIMETHOXY-1H-INDOL-2-YL)CARBONYL)-, METHYL ESTER, (6R,7BR,8AS)-; Cyclopropa[c]pyrrolo[3,2-e]indole-6-carboxylic acid, 1,2,4,5,6,7,8,8a-octahydro-6-methyl-4,7-dioxo-2-[(5,6,7-trimethoxy-1H-indol-2-yl)carbonyl]-, methyl ester, (6R,7bR,8aS)-; DUMA; (+)-DUOCARMYCIN A; CHEMBL161989; DC-88A; SCHEMBL19493154; DTXSID40922656; C26H25N3O8; Cyclopropa(c)pyrrolo(3,2-e)indole-6-carboxylic acid, 1,2,3,5,6,7,8,8a-octahydro-6-methyl-4,7-dioxo-2-((5,6,7-trimethoxy-1H-indol-2-yl)carbonyl)-, methyl ester, (6R,7bR,8aS)-; Cyclopropa(c)pyrrolo(3,2-e)indole-6-carboxylic acid, 1,2,4,5,6,7,8,8a-octahydro-6-methyl-4,7-dioxo-2-((5,6,7-trimethoxy-1H-indol-2-yl)carbonyl)-, methyl ester, (6R-(6alpha,7bR*,8aalpha))-; AKOS027256705; C26-H25-N3-O8; HY-12455; CS-0011399; Q27286591; CYCLOPROPA(C)PYRROLO(3,2-E)INDOLE-6-CARBOXYLIC ACID, 1,2,4,5,6,7,8,8A-OCTAHYDRO-6-METHYL-4,7-DIOXO-2-((5,6,7-TRIMETHOXY-1H-INDOL-2-YL)CARBONYL)-, METHYL ESTER, (6R-(6.ALPHA.,7BR*,8A.ALPHA.))-	0			https://adcdb.idrblab.net/data/payload/details/PAY0HMZGF
PAY0YEFWC	Duocarmycin Sa	ADC_PAYLOAD	Human Deoxyribonucleic acid (hDNA)	Duocarmycin sa; 130288-24-3; (+)-duocarmycin SA; Antibiotic DC113; methyl (1R,12S)-7-oxo-10-(5,6,7-trimethoxy-1H-indole-2-carbonyl)-5,10-diazatetracyclo[7.4.0.01,12.02,6]trideca-2(6),3,8-triene-4-carboxylate; C25H23N3O7; Cyclopropa(c)pyrrolo(3,2-e)indole-6-carboxylic acid, 1,2,4,5,8,8a-hexahydro-4-oxo-2-((5,6,7-trimethoxy-1H-indol-2-yl)carbonyl)-, methyl ester, (7bR)-; duocarmycinsa; Cyclopropa[c]pyrrolo[3,2-e]indole-6-carboxylic acid, 1,2,4,5,8,8a-hexahydro-4-oxo-2-[(5,6,7-trimethoxy-1H-indol-2-yl)carbonyl]-, methyl ester, (7bR)-; SCHEMBL61916; CHEMBL308086; DTXSID30926663; C25-H23-N3-O7; HY-12456; LS-63651; CS-0011400	0			https://adcdb.idrblab.net/data/payload/details/PAY0YEFWC
PAY0CUBTA	Duocarmycin derivative	ADC_PAYLOAD	Human Deoxyribonucleic acid (hDNA)	Duocarmycin derivative	0			https://adcdb.idrblab.net/data/payload/details/PAY0CUBTA
PAY0VZMQG	Duostain 3	ADC_PAYLOAD		Duostain 3	0			https://adcdb.idrblab.net/data/payload/details/PAY0VZMQG
PAY0USVCB	Duostatin 5.2	ADC_PAYLOAD	Microtubule (MT)	Duostatin 5.2	1		DRG0GDLEY	https://adcdb.idrblab.net/data/payload/details/PAY0USVCB
PAY0EQOWS	Duostatin 5	ADC_PAYLOAD	Microtubule (MT) Microtubule (MT)	Duostatin 5; CE421MMY47; 2124210-34-8; UNII-CE421MMY47; DUO-5; SCHEMBL20846018; EX-A5872; HY-145149; CS-0356744	2		DRG0TGZKY; DRG0TIZXC	https://adcdb.idrblab.net/data/payload/details/PAY0EQOWS
PAY0RZEQK	E7974	ADC_PAYLOAD	Microtubule (MT)	E7974; 610787-07-0; 1BO0C11BSH; UNII-1BO0C11BSH; ER-807974; E 7974; E-7974; (E,4S)-4-(((2S)-2-(((2R)-1-Isopropylpiperidine-2-carbonyl)amino)-3,3-dimethyl-butanoyl)-methyl-amino)-2,5-dimethyl-hex-2-enoic acid; 2-Hexenoic acid, 4-(((2S)-3,3-dimethyl-2-((((2R)-1-(1-methylethyl)-2-piperidinyl)carbonyl)amino)-1-oxobutyl)methylamino)-2,5-dimethyl-, (2E,4S)-; (S,E)-4-((S)-2-((R)-1-isopropylpiperidine-2-carboxamido)-N,3,3-trimethylbutanamido)-2,5-dimethylhex-2-enoic acid.; SCHEMBL58338; SCHEMBL1901975; DTXSID101026331; (E,4S)-4-[[(2S)-3,3-dimethyl-2-[[(2R)-1-propan-2-ylpiperidine-2-carbonyl]amino]butanoyl]-methylamino]-2,5-dimethylhex-2-enoic acid	0			https://adcdb.idrblab.net/data/payload/details/PAY0RZEQK
PAY0SNEGL	ER300	ADC_PAYLOAD			1	SHR-4602		https://adcdb.idrblab.net/data/payload/details/PAY0SNEGL
PAY0MLHTC	Ed-04	ADC_PAYLOAD			6	BL-M02D1; BL-M05D1; BL-M07D1; BL-M08D1; BL-M11D1; DRG0IFWXM		https://adcdb.idrblab.net/data/payload/details/PAY0MLHTC
PAY0MEHYK	Engineered toxin body	ADC_PAYLOAD		Engineered toxin body	0			https://adcdb.idrblab.net/data/payload/details/PAY0MEHYK
PAY0NCNAL	Eribulin derivatives ER300	ADC_PAYLOAD	Microtubule (MT)		0			https://adcdb.idrblab.net/data/payload/details/PAY0NCNAL
PAY0JAEKD	Eribulin	ADC_PAYLOAD	Microtubule (MT)	Eribulin; 253128-41-5; Eribulin [INN]; Halaven; UNII-LR24G6354G; ER 086526; CHEBI:63587; LR24G6354G; 2-(3-Amino-2-hydroxypropyl)hexacosahydro-3-methoxy-26-methyl-20,27-bis(methylene)11,15-18,21-24,28-triepoxy-7,9-ethano-12,15-methano-9H,15H-furo(3,2-i)furo(2',3'-5,6)pyrano(4,3-b)(1,4)dioxacyclopentacosin-5-(4H)-one; B 1939; (1S,3S,6S,9S,12S,14R,16R,18S,20R,21R,22S,26R,29S,31R,32S,33R,35R,36S)-20-[(2S)-3-amino-2-hydroxypropyl]-21-methoxy-14-methyl-8,15-dimethylidene-2,19,30,34,37,39,40,41-octaoxanonacyclo[24.9.2.13,32.13,33.16,9.112,16.018,22.029,36.031,35]hentetracontan-24-one; ER-086526; (1S,3S,6S,9S,12S,14R,16R,18S,20R,21R,22S,26R,29S,31R,32S,35R,36S)-20-[(2S)-3-amino-2-hydroxypropyl]-21-methoxy-14-methyl-8,15-bis(methylene)-2,19,30,34,37,39,40,41-octaoxanonacyclo[24.9.2.1(3,32).1(3,33).1(6,9).1(12,16).0(18,22).0(29,36).0(31,35)]hentetracontan-24-one; NSC-707389; ERIBULIN [MI]; ERIBULIN [VANDF]; ERIBULIN [MART.]; ERIBULIN [WHO-DD]; e7389-lf; GTPL6813; CHEMBL1683590; SCHEMBL15783821; EX-A4873D; UFNVPOGXISZXJD-JBQZKEIOSA-N; DTXSID101009321; AKOS040740784; AT36513; DB08871; NCGC00510497-02; BP-29357; HY-13442; MS-31267; Q408717; (1S,3S,6S,9S,12S,14R,16R,18S,20R,21R,22S,26R,29S,31R,32S,33R,35R,36S)-20-[(2S)-3-amino-2-hydroxypropyl]-21-methoxy-14-methyl-8,15-dimethylidene-2,19,30,34,37,39,40,41-octaoxanonacyclo[24.9.2.13,32.13,33.16,9.112,16.018,22.029,36.031,35]hentetracontan-24-o; ;(1S,3S,6S,9S,12S,14R,16R,18S,20R,21R,22S,26R,29S,31R,32S,33R,35R,36S)-20-[(2S)-3-amino-2-hydroxypropyl]-21-methoxy-14-methyl-8,15-dimethylidene-2,19,30,34,37,39,40,41-octaoxanonacyclo[24.9.2.1~3,32~.1~3,33~.1~6,9~.1~12,16~.0~18,22~.0~29,36~.0~31,35~]hentetracontan-24-one (non-preferred name)	29		DRG0AFIVC; DRG0BAZKZ; DRG0BUEUE; DRG0CTQUP; DRG0EJGRP; DRG0EOOVT; DRG0EZKVN; DRG0FFJIH; DRG0GHBAA; DRG0HPUIL; DRG0IEEQN; DRG0IJMYA; DRG0IVISD; DRG0KEOHY; DRG0KONEC; DRG0LMBFT; DRG0LREMS; DRG0NPMKM; DRG0PBBKC; DRG0RENET; DRG0RZHYI; DRG0SACUI; DRG0TCIKL; DRG0TIDUJ; DRG0UWMOU; DRG0VVDQE; DRG0WOJVL; DRG0XBKRL; DRG0ZTFWS	https://adcdb.idrblab.net/data/payload/details/PAY0JAEKD
PAY0BCRHS	Exatecan; Triptolide	ADC_PAYLOAD			0			https://adcdb.idrblab.net/data/payload/details/PAY0BCRHS
PAY0RUSHL	Exatecan derivative (HS-9265)	ADC_PAYLOAD	DNA topoisomerase 1 (TOP1)		1		DRG0TBCEQ	https://adcdb.idrblab.net/data/payload/details/PAY0RUSHL
PAY0YORLJ	Exatecan+Triptolide	ADC_PAYLOAD	DNA topoisomerase 1 (TOP1); DNA-directed RNA polymerase II subunit RPB2 (POLR2B)		0			https://adcdb.idrblab.net/data/payload/details/PAY0YORLJ
PAY0LEIGJ	Exatecan	ADC_PAYLOAD	DNA topoisomerase 1 (TOP1)	Exatecan; 171335-80-1; Exatecan [INN]; Exatecan mesylate; DX-8951; DX-8951f; OC71PP0F89; (1S,9S)-1-Amino-9-ethyl-5-fluoro-1,2,3,9,12,15-hexahydro-9-hydroxy-4-methyl-10H,13H-benzo(de)pyrano(3',4':6,7)indolizino(1,2-b)quinoline-10,13-dione; Dx 8951; UNII-OC71PP0F89; exatecan-mesylate; (1s,9s)-1-amino-9-ethyl-5-fluoro-1,2,3,9,12,15-hexahydro-9-hydroxy-4-methyl-10h,13h-benzo[de]pyrano[3',4':6,7]indolizino[1,2-b]quinoline-10,13-dione; EXATECAN [MI]; EXATECAN [WHO-DD]; SCHEMBL2512959; CHEMBL1614650; DTXSID60169061; CHEBI:135709; EX-A2683; NSC829066; AKOS005146469; AT33978; BCP9000674; DB12185; NSC-829066; 10H,13H-Benzo(de)pyrano(3',4':6,7)indolizino(1,2-b)quinoline-10,13-dione, 1-amino-9-ethyl-5-fluoro-1,2,3,9,12,15-hexahydro-9-hydroxy-4-methyl-, (1S,9S)-; 10H,13H-Benzo(de)pyrano(3',4':6,7)indolizino(1,2-b)quinoline-10,13-dione, 1-amino-9-ethyl-5-fluoro-1,2,3,9,12,15-hexahydro-9-hydroxy-4-methyl-, (1S-trans)-; AC-32495; BP-27995; BP-27996; HY-13631; DB-064817; DX8951;DX 8951;DX-8951; J-521361; Q5419343; (10S,23S)-23-amino-10-ethyl-18-fluoro-10-hydroxy-19-methyl-8-oxa-4,15-diazahexacyclo[14.7.1.02,14.04,13.06,11.020,24]tetracosa-1,6(11),12,14,16,18,20(24)-heptaene-5,9-dione; (1S,9S)-1-amino-9-ethyl-5-fluoro-9-hydroxy-4-methyl-2,3,12,15-tetrahydrobenzo[de]pyrano[3',4':6,7]indolizino[1,2-b]quinoline-10,13(1H,9H)-dione	6		DRG0EGQMP; DRG0NANHM; DRG0QDCHN; DRG0TUKTY; DRG0WFJHW; DRG0YDZSG	https://adcdb.idrblab.net/data/payload/details/PAY0LEIGJ
PAY0HXYLH	F554443	ADC_PAYLOAD	Microtubule (MT)	F554443	1		DRG0SZERO	https://adcdb.idrblab.net/data/payload/details/PAY0HXYLH
PAY0NVNJV	FGX2-62	ADC_PAYLOAD	Human Deoxyribonucleic acid (hDNA)	FGX2-62	0			https://adcdb.idrblab.net/data/payload/details/PAY0NVNJV
PAY0LUOFI	FGX8-46	ADC_PAYLOAD	Human Deoxyribonucleic acid (hDNA)	FGX8-46	1	Cetuximab- (FGX16-11)		https://adcdb.idrblab.net/data/payload/details/PAY0LUOFI
PAY0EEKSD	Fluorescein derivative	ADC_PAYLOAD		Fluorescein derivative	0			https://adcdb.idrblab.net/data/payload/details/PAY0EEKSD
PAY0YXMEM	Fluticasone propionate	ADC_PAYLOAD	Glucocorticoid receptor (NR3C1)	FLUTICASONE PROPIONATE; Flovent; 80474-14-2; Cutivate; Flixotide; Flonase; Flixonase; Flovent HFA; Flusonal; Fluspiral; Flunase; Flutide; atemur; Asmatil; Axotide; Brethal; Fluinol; Flutivate; Flixotide Disk; Flixotide Disks; Flovent Diskus; Flovent Diskus 50; Flixotide Inhaler; Flovent Diskus 100; Flovent Diskus 250; Cultivate; Inalacor; Rinosone; Trialona; Ubizol; Zoflut; Flixonase Nasal Spray; Flonase Aq; Fluticasonpropionat Allen; Xhance; Flovent-hfa; CCI-18781; ArmonAir RespiClick; CCI 18781; Fluticasone (propionate); C25H31F3O5S; UNII-O2GMZ0LF5W; Fluticasone-17-propionate; O2GMZ0LF5W; cci18781; Fluticasone propionate [USAN]; ArmonAir RespiClickTM; DTXSID8045511; CHEBI:31441; Flonase Allergy Relief; NSC-759889; Fluticasone propionate (Flonase, Veramyst); PF-00241939; DTXCID801476602; Fluticasone propionate [USAN:USP]; NSC 759889; fluticasone proprionate; fluticasone 17-propionate; MFCD00866007; ADVAIR COMPONENT FLUTICASONE PROPIONATE; DYMISTA COMPONENT FLUTICASONE PROPIONATE; ADVAIR HFA COMPONENT FLUTICASONE PROPIONATE; FLUTICASONE PROPIONATE COMPONENT OF ADVAIR; FLUTICASONE PROPIONATE COMPONENT OF DYMISTA; LIPO-102 COMPONENT FLUTICASONE PROPIONATE; Androsta-1,4-diene-17-carbothioic acid, 6,9-difluoro-11-hydroxy-16-methyl-3-oxo-17-(1-oxopropoxy)-, (6alpha,11beta,16alpha,17alpha)-S-(fluoromethyl) ester; S-(Fluoromethyl) 6alpha,9-difluoro-11beta,17-dihydroxy-16alpha-methyl-3-oxoandrosta-1,4-diene-17beta-carbothioate, 17-propionate; FLUTICASONE PROPIONATE COMPONENT OF ADVAIR HFA; AIRDUO RESPICLICK COMPONENT FLUTICASONE PROPIONATE; FLUTICASONE PROPIONATE COMPONENT OF AIRDUO RESPICLICK; FLUTICASONE PROPIONATE (MART.); FLUTICASONE PROPIONATE [MART.]; FLUTICASONE PROPIONATE (USP-RS); FLUTICASONE PROPIONATE [USP-RS]; [(6S,8S,9R,10S,11S,13S,14S,16R,17R)-6,9-difluoro-17-(fluoromethylsulfanylcarbonyl)-11-hydroxy-10,13,16-trimethyl-3-oxo-6,7,8,11,12,14,15,16-octahydrocyclopenta[a]phenanthren-17-yl] propanoate; FLUTICASONE PROPIONATE (EP MONOGRAPH); FLUTICASONE PROPIONATE [EP MONOGRAPH]; FLUTICASONE PROPIONATE (USP MONOGRAPH); FLUTICASONE PROPIONATE [USP MONOGRAPH]; Propionate, Fluticasone; Fluxonal; Skyron; C25-H31-F3-O5-S; Flovent Rotadisk; CCI-187881; NCGC00016943-01; Cutivate (TN); 6alpha,9-difluoro-17beta-(((fluoromethyl)sulfanyl)carbonyl)-11beta-hydroxy-16-methyl-3-oxoandrosta-1,4-dien-17alpha-yl propanoate; 6alpha,9-difluoro-17beta-{[(fluoromethyl)sulfanyl]carbonyl}-11beta-hydroxy-16-methyl-3-oxoandrosta-1,4-dien-17alpha-yl propanoate; Flonase (TN); Flovent (TN); CAS-80474-14-2; fluticasone-propionate; ARMONAIR DIGIHALER; Prestwick0_000997; Prestwick1_000997; Prestwick2_000997; Prestwick3_000997; SCHEMBL4068; CHEMBL1473; BSPBio_001093; MLS001424085; Fluticasone propionate- Bio-X; SPBio_002984; BPBio1_001203; GTPL7080; WMWTYOKRWGGJOA-CENSZEJFSA-N; Fluticasone propionate (JAN/USP); FN-25; HMS1571G15; HMS2051N19; HMS2098G15; HMS3413A19; HMS3677A19; HMS3715G15; FLUTICASONE PROPIONATE [MI]; AMY38235; HY-B0154; YMB56612; FLUTICASONE PROPIONATE [JAN]; Tox21_110698; AC-457; BDBM50354849; HB1091; s1992; FLUTICASONE PROPIONATE [VANDF]; AKOS015895220; Tox21_110698_1; CCG-100981; CS-1986; DB00588; FLUTICASONE PROPIONATE [WHO-DD]; KS-1173; NC00231; NCGC00179308-01; NCGC00179308-04; NCGC00179308-05; BF160362; BF161262; LS-19323; SMR000469159; FLUTICASONE PROPIONATE [ORANGE BOOK]; AB00513992; A51110; D01708; AB00513992-06; AB00513992_08; EN300-7480904; Fluticasone propionate - micronised pharma grade; Fluticasone propionate, >=98% (HPLC), powder; AN-584/43505443; SR-01000763355; Q-101393; Q8564098; SR-01000763355-3; BRD-K62310379-001-03-0; Fluticasone propionate 100 microg/mL in Acetonitrile; Fluticasone 17(2)-Carbonylsulfenic Acid 17-Propionate; Fluticasone propionate, European Pharmacopoeia (EP) Reference Standard; Fluticasone propionate, United States Pharmacopeia (USP) Reference Standard; Fluticasone Propionate, Pharmaceutical Secondary Standard; Certified Reference Material; (1R,2R,3aS,3bS,5S,9aS,9bR,10S,11aS)-5,9b-difluoro-1-{[(fluoromethyl)sulfanyl]carbonyl}-10-hydroxy-2,9a,11a-trimethyl-7-oxo-1H,2H,3H,3aH,3bH,4H,5H,7H,9aH,9bH,10H,11H,11aH-cyclopenta[a]phenanthren-1-yl propanoate; (1R,2S,8S,10S,11S,13R,14R,15S,17S)-1,8-difluoro-14-{[(fluoromethyl)sulfanyl]carbonyl}-17-hydroxy-2,13,15-trimethyl-5-oxotetracyclo[8.7.0.0^{2,7}.0^{11,15}]heptadeca-3,6-dien-14-yl propanoate; (6?,11?,16?,17?)-6,9-Difluoro-11-hydroxy-16-methyl-3-oxo-17-(1-oxopropoxy)androsta-1,4-diene-17-carbothioic acid fluoromethyl ester; (6alpha,11beta,16alpha,17alpha)-6,9-Difluoro-11-hydroxy-16-methyl-3-oxo-17-(1-oxopropoxy)androsta-1,4-diene-17-carbothioic acid fluoromethyl ester; (6alpha,11beta,16alpha,17alpha)-6,9-Difluoro-11-hydroxy-16-methyl-3-oxo-17-(1-oxopropoxy)androsta-1,4-diene-17-carbothioic Acid, S-(Fluoromethyl) Ester; ANDROSTA-1,4-DIENE-17-CARBOTHIOIC ACID, 6,9-DIFLUORO-11-HYDROXY-16-METHYL-3-OXO-17-(1-OXOPROPOXY)-, (6.ALPHA.,11.BETA.,16.ALPHA.,17.ALPHA.)-S-(FLUOROMETHYL) ESTER; Androsta-1,4-diene-17-carbothioic acid, 6,9-difluoro-11-hydroxy-16-methyl-3-oxo-17-(1-oxopropoxy)-, S-(fluoromethyl) ester, (6-alpha,11-beta,16-alpha,17-alpha)-; Androsta-1,4-diene-17-carbothioic acid, 6,9-difluoro-11-hydroxy-16-methyl-3-oxo-17-(1-oxopropoxy)-,S-(fluoromethyl) ester, (6.alpha.,11.beta.,16.alpha.,17.alpha.)-; Fluticasone propionate for impurity C identification, EuropePharmacopoeia (EP) Reference Standard; Fluticasone propionate for impurity G identification, EuropePharmacopoeia (EP) Reference Standard; S-FLUOROMETHYL 6.ALPHA., 9.ALPHA.-DIFLUORO-11.BETA.-HYDROXY-16.ALPHA.-METHYL-3-OXO-17.ALPHA.-PROPIONYLOXYANDROSTA-1,4-DIENE-17.BETA-. CARBOTHIOATE; S-FLUOROMETHYL 6alpha, 9alpha-DIFLUORO-11beta-HYDROXY-16alpha-METHYL-3-OXO-17alpha-PROPIONYLOXYANDROSTA-1,4-DIENE-17.BETA-. CARBOTHIOATE; S-Fluoromethyl 6alpha,9alpha-difluoro-11beta-hydroxy-16alpha-methyl-3-oxo-17alpha-propionyloxyandrost-1,4-diene-17beta-carbothioate	0			https://adcdb.idrblab.net/data/payload/details/PAY0YXMEM
PAY0NJQSP	GNE-987 (R)	ADC_PAYLOAD	Bromodomain-containing protein 4 (BRD4)	GNE-987; 2417371-71-0; N-[11-({7-(3,5-difluoropyridin-2-yl)-2-methyl-10-[(methylsulfonyl)methyl]-3-oxo-3,4,6,7-tetrahydro-2H-2,4,7-triazadibenzo[cd,f]azulene-9-carbonyl}amino)undecanoyl]-3-methyl-L-valyl-(4R)-4-hydroxy-N-{[4-(4-methyl-1,3-thiazol-5-yl)phenyl]methyl}-L-prolinamide; 8-(3,5-difluoropyridin-2-yl)-N-[11-[[(2S)-1-[(2S,4R)-4-hydroxy-2-[[4-(4-methyl-1,3-thiazol-5-yl)phenyl]methylcarbamoyl]pyrrolidin-1-yl]-3,3-dimethyl-1-oxobutan-2-yl]amino]-11-oxoundecyl]-15-methyl-4-(methylsulfonylmethyl)-14-oxo-8,12,15-triazatetracyclo[8.6.1.02,7.013,17]heptadeca-1(16),2(7),3,5,10,13(17)-hexaene-5-carboxamide; AKOS040733289; AT38265; HY-129937A; MS-31956; CS-0109237; EN300-33238021; (2S,4R)-1-[(2S)-2-(11-{[8-(3,5-difluoropyridin-2-yl)-4-(methanesulfonylmethyl)-15-methyl-14-oxo-8,12,15-triazatetracyclo[8.6.1.0^{2,7}.0^{13,17}]heptadeca-1(16),2,4,6,10,13(17)-hexaen-5-yl]formamido}undecanamido)-3,3-dimethylbutanoyl]-4-hydroxy-N-{[4-(4-methyl-1,3-thiazol-5-yl)phenyl]methyl}pyrrolidine-2-carboxamide; ;N-[11-({7-(3,5-difluoropyridin-2-yl)-2-methyl-10-[(methylsulfonyl)methyl]-3-oxo-3,4,6,7-tetrahydro-2H-2,4,7-triazadibenzo[cd,f]azulene-9-carbonyl}amino)undecanoyl]-3-methyl-L-valyl-(4R)-4-hydroxy-N-{[4-(4-methyl-1,3-thiazol-5-yl)phenyl]methyl}-L-prolinamide; WEP	1	CLL1-5 ADC		https://adcdb.idrblab.net/data/payload/details/PAY0NJQSP
PAY0RQOPT	GNE-987 (S)	ADC_PAYLOAD	Bromodomain-containing protein 4 (BRD4)	(S)-GNE-987; AKOS040737093; HY-129937; CS-0108547	1	CLL1-6 ADC		https://adcdb.idrblab.net/data/payload/details/PAY0RQOPT
PAY0NBSXR	GRM cpd 16	ADC_PAYLOAD	Glucocorticoid receptor (NR3C1)	GRM cpd 16	1	Anti-TNF ADC 105		https://adcdb.idrblab.net/data/payload/details/PAY0NBSXR
PAY0ELHVP	GRM cpd 17	ADC_PAYLOAD	Glucocorticoid receptor (NR3C1)	GRM cpd 17	3		DRG0FBKIO; DRG0GFDUW; DRG0HRDSA	https://adcdb.idrblab.net/data/payload/details/PAY0ELHVP
PAY0BCUKO	GRM cpd 18	ADC_PAYLOAD	Glucocorticoid receptor (NR3C1)	GRM cpd 18	1	Anti-TNF ADC 107		https://adcdb.idrblab.net/data/payload/details/PAY0BCUKO
PAY0XXLHN	GRM cpd 19	ADC_PAYLOAD	Glucocorticoid receptor (NR3C1)	GRM cpd 19	3	Anti-TNF ADC 108; Anti-TNF ADC 123; Anti-TNF ADC 124		https://adcdb.idrblab.net/data/payload/details/PAY0XXLHN
PAY0OQPXP	GRM cpd 20	ADC_PAYLOAD	Glucocorticoid receptor (NR3C1)	GRM cpd 20	3	Anti-TNF ADC 109; Anti-TNF ADC 125; Anti-TNF ADC 126		https://adcdb.idrblab.net/data/payload/details/PAY0OQPXP
PAY0JBVNE	GRM cpd 22	ADC_PAYLOAD	Glucocorticoid receptor (NR3C1)	GRM cpd 22	1	Anti-TNF ADC 110		https://adcdb.idrblab.net/data/payload/details/PAY0JBVNE
PAY0HEIKB	GRM cpd 23	ADC_PAYLOAD	Glucocorticoid receptor (NR3C1)	GRM cpd 23	1	Anti-TNF ADC 111		https://adcdb.idrblab.net/data/payload/details/PAY0HEIKB
PAY0OCUAW	GRM cpd 24	ADC_PAYLOAD	Glucocorticoid receptor (NR3C1)	GRM cpd 24	1	Anti-TNF ADC 112		https://adcdb.idrblab.net/data/payload/details/PAY0OCUAW
PAY0ECADG	GRM cpd 25	ADC_PAYLOAD	Glucocorticoid receptor (NR3C1)	GRM cpd 25	2	Anti-TNF ADC 113; Anti-TNF ADC 127		https://adcdb.idrblab.net/data/payload/details/PAY0ECADG
PAY0QBKLZ	GRM cpd 26	ADC_PAYLOAD	Glucocorticoid receptor (NR3C1)	GRM cpd 26	2	Anti-TNF ADC 114; Anti-TNF ADC 128		https://adcdb.idrblab.net/data/payload/details/PAY0QBKLZ
PAY0VXOJX	GRM cpd 30	ADC_PAYLOAD	Glucocorticoid receptor (NR3C1)	GRM cpd 30	2	Anti-TNF ADC 115; Anti-TNF ADC 129		https://adcdb.idrblab.net/data/payload/details/PAY0VXOJX
PAY0KYMOZ	GRM cpd 31	ADC_PAYLOAD	Glucocorticoid receptor (NR3C1)	GRM cpd 31	3	Anti-TNF ADC 116; Anti-TNF ADC 130; Anti-TNF ADC 131		https://adcdb.idrblab.net/data/payload/details/PAY0KYMOZ
PAY0ZHBNS	GRM cpd 32	ADC_PAYLOAD	Glucocorticoid receptor (NR3C1)	GRM cpd 32	2	Anti-TNF ADC 132; Anti-TNF ADC 133		https://adcdb.idrblab.net/data/payload/details/PAY0ZHBNS
PAY0TXXGU	GRM cpd 33	ADC_PAYLOAD	Glucocorticoid receptor (NR3C1)	GRM cpd 33	1	Anti-TNF ADC 117		https://adcdb.idrblab.net/data/payload/details/PAY0TXXGU
PAY0XMOKS	GRM cpd 5	ADC_PAYLOAD	Glucocorticoid receptor (NR3C1)	GRM cpd 5	3	Anti-TNF ADC 104; Anti-TNF ADC 119; Anti-TNF ADC 120		https://adcdb.idrblab.net/data/payload/details/PAY0XMOKS
PAY0CPPQX	GRM cpd 61	ADC_PAYLOAD	Glucocorticoid receptor (NR3C1)	GRM cpd 61	1	Anti-TNF ADC 118		https://adcdb.idrblab.net/data/payload/details/PAY0CPPQX
PAY0EDJXK	GRM cpd 63	ADC_PAYLOAD	Glucocorticoid receptor (NR3C1)	GRM cpd 63	1	Anti-TNF ADC 135		https://adcdb.idrblab.net/data/payload/details/PAY0EDJXK
PAY0WXPEV	GRM cpd 64	ADC_PAYLOAD	Glucocorticoid receptor (NR3C1)	GRM cpd 64	1	Anti-TNF ADC 134		https://adcdb.idrblab.net/data/payload/details/PAY0WXPEV
PAY0PFRFC	GSC5181	ADC_PAYLOAD			0			https://adcdb.idrblab.net/data/payload/details/PAY0PFRFC
PAY0BOFCF	Gelonin	ADC_PAYLOAD	Ribosome (RB) The activity data of This Payload Standard Type Value Units Cell line Disease Model Cell line ID Reference Half Maximal Inhibitory Concentration (IC50) 1630±510 nM CT26 cells Colon carcinoma CVCL_7254 [ 1 ] Half Maximal Inhibitory Concentration (IC50) 3100±420 nM 9L cells Rat malignant glioma CVCL_1928 [ 1 ] Half Maximal Inhibitory Concentration (IC50) 3430±1140 nM PC-3 cells Prostate carcinoma CVCL_0035 [ 1 ] Half Maximal Inhibitory Concentration (IC50) 5870±1030 nM LS174T cells Colon adenocarcinoma CVCL_1384 [ 1 ]	Gelonin (Type I ribosome inactivating protein)	1		DRG0QVUMQ	https://adcdb.idrblab.net/data/payload/details/PAY0BOFCF
PAY0JKSOV	Gemcitabine and paclitaxel loaded liposome	ADC_PAYLOAD	Human Deoxyribonucleic acid (hDNA)	Gemcitabine (GEM) and paclitaxel (PTX)-loaded liposome	1	AF-GPL		https://adcdb.idrblab.net/data/payload/details/PAY0JKSOV
PAY0KPOZO	Genistein	ADC_PAYLOAD	Pro-epidermal growth factor (EGF)	Genistein; 446-72-0; Prunetol; 4',5,7-Trihydroxyisoflavone; Genisterin; Genisteol; Sophoricol; 5,7-dihydroxy-3-(4-hydroxyphenyl)-4H-chromen-4-one; 5,7,4'-Trihydroxyisoflavone; Bonistein; Genestein; Differenol A; NPI 031L; 5,7-dihydroxy-3-(4-hydroxyphenyl)chromen-4-one; 5,7-Dihydroxy-3-(4-hydroxyphenyl)-4H-1-benzopyran-4-one; 4H-1-Benzopyran-4-one, 5,7-dihydroxy-3-(4-hydroxyphenyl)-; C.I. 75610; SIPI 807-1; MFCD00016952; NSC 36586; CCRIS 7675; 4',5, 7-Trihydroxyisoflavone; 5,7-Dihydroxy-3-(4-hydroxyphenyl)-4-benzopyrone; NSC36586; EINECS 207-174-9; UNII-DH2M523P0H; NSC-36586; Genistein [USAN]; Lactoferrin-genistein; BRN 0263823; DH2M523P0H; NPI-031L; DTXSID5022308; ISOFLAVONE, 4',5,7-TRIHYDROXY-; CHEBI:28088; HSDB 7475; BIO-300; SIPI-807-1; CHEMBL44; FW-635I-2; Bio 300; PTI G4660 (Genistein); MLS000738127; DTXCID002308; STO514; PTI G4660; PTI-G4660; SIPI-9764-I; PTI-G 4660; 5-18-04-00594 (Beilstein Handbook Reference); TNP00151; Genistein (USAN); GENISTEIN (ENDOCRINE DISRUPTER); GEN; NCGC00015479-09; GENISTEIN (MART.); GENISTEIN [MART.]; G 6649; GENISTEIN (USP-RS); GENISTEIN [USP-RS]; 5,7-dihydroxy-3-(4-hydroxyphenyl)-chromen-4-one; ENDOCRINE DISRUPTOR (GENISTEIN) (SEE ALSO GENISTEIN (446-72-0)); 690224-00-1; CAS-446-72-0; 4,5,7-Trihydroxyiso-flavone; SR-01000075498; 3kgt; 3kgu; 4′ Genistein, 8; Genistein,(S); Genistein (GEN); IN1327; Genistein (flavonoid); Spectrum_000320; Tocris-1110; 1x7r; 2qa8; Genistein 85% HPLC; GENISTEIN [INN]; SpecPlus_000305; GENISTEIN [MI]; GENISTEIN [HSDB]; GENISTEIN [INCI]; Spectrum2_000638; Spectrum3_000678; Spectrum4_001543; Spectrum5_000106; Lopac-G-6649; ,5,7-Trihydroxyisoflavone; 4',7-Trihydroxyisoflavone; D0L4FS; MolMap_000022; UPCMLD-DP096; G10000; GENISTEIN [WHO-DD]; 4,5,7-Trihydroxyisoflavone; Isoflavone,5,7-trihydroxy-; Lopac0_000520; Oprea1_224620; Oprea1_437815; SCHEMBL19166; BSPBio_002375; KBioGR_002006; KBioGR_002564; KBioSS_000800; KBioSS_002573; NPI031L; SPECTRUM210296; BIDD:ER0113; DivK1c_006401; Genistein, analytical standard; SPBio_000636; 4',5,7-Trihydroxy isoflavone; 4',5,7-trihydroxy-Isoflavone; GTPL2826; MEGxp0_000568; 4,5,7-Trihydroxy Iso-Flavone; UPCMLD-DP096:001; ACon1_001065; BDBM19459; C.I. 75610(ChemID); cid_5280961; KBio1_001345; KBio2_000800; KBio2_002564; KBio2_003368; KBio2_005132; KBio2_005936; KBio2_007700; KBio3_001595; KBio3_003042; CHEBI: 28088; cMAP_000086; Bio1_000445; Bio1_000934; Bio1_001423; HMS2271K09; HMS3261H21; HMS3267K14; HMS3412I13; HMS3428M01; HMS3649B22; HMS3654D17; HMS3676I13; HMS3742I07; AMY25676; BCP07581; Tox21_110161; Tox21_201428; Tox21_300585; Tox21_500520; AC-472; BBL010484; CCG-38551; HB2775; LMPK12050218; s1342; STK801619; WHO 11073; AKOS001590147; Tox21_110161_1; CS-1534; CS-O-01020; DB01645; KS-5128; LP00520; LS-1266; SB17235; SDCCGSBI-0050503.P003; SMP1_000133; Genistein; 4',5,7-Trihydroxyisoflavone; NCGC00015479-01; NCGC00015479-02; NCGC00015479-04; NCGC00015479-05; NCGC00015479-06; NCGC00015479-07; NCGC00015479-08; NCGC00015479-10; NCGC00015479-11; NCGC00015479-12; NCGC00015479-13; NCGC00015479-14; NCGC00015479-15; NCGC00015479-16; NCGC00015479-17; NCGC00015479-18; NCGC00015479-19; NCGC00015479-20; NCGC00015479-38; NCGC00025005-01; NCGC00025005-02; NCGC00025005-03; NCGC00025005-04; NCGC00025005-05; NCGC00025005-06; NCGC00025005-07; NCGC00169711-01; NCGC00169711-02; NCGC00254275-01; NCGC00258979-01; NCGC00261205-01; HY-14596; NCI60_003369; SMR000112580; SY050124; EU-0100520; FT-0603395; FT-0668961; FT-0668962; G0272; GENISTEIN (CONSTITUENT OF RED CLOVER); SW203763-2; C06563; D11680; EN300-210743; G-2535; Genistein, synthetic, >=98% (HPLC), powder; K00046; US8552057, 2; AB00052696_09; AB00052696_12; A826657; GENISTEIN (CONSTITUENT OF SOY ISOFLAVONES); Q415957; GENISTEIN (CONSTITUENT OF RED CLOVER) [DSC]; Genistein, primary pharmaceutical reference standard; Q-100484; SR-01000075498-1; SR-01000075498-3; SR-01000075498-6; 3-(4-hydroxyphenyl)-5,7-bis(oxidanyl)chromen-4-one; 4 inverted exclamation marka,5,7-Trihydroxyisoflavone; BRD-K43797669-001-02-3; BRD-K43797669-001-03-1; BRD-K43797669-001-10-6; Genistein, from Glycine max (soybean), ~98% (HPLC); SR-01000075498-10; 5,7-dihydroxy-3-(4-hydroxyphenyl)-1-benzopyran-4-one; F0001-2388; GENISTEIN (CONSTITUENT OF SOY ISOFLAVONES) [DSC]; 4H-1-Benzopyran-4-one,7-dihydroxy-3-(4-hydroxyphenyl)-; 4h-1-benzopiran-4-ona, 5,7-dihidroxi-3-(4-hidroxifenil)-; 5,7-Dihydroxy-3-(4-hydroxyphenyl)-4 H-1-benzopyran-4-one; Genistein, United States Pharmacopeia (USP) Reference Standard; 4H-1-Benzopyran-4-one, 5,7-dihydroxy-3-(4-hydroxyphenyl)-(ChemID); Genistein, Pharmaceutical Secondary Standard; Certified Reference Material	0			https://adcdb.idrblab.net/data/payload/details/PAY0KPOZO
PAY0DWLYN	Glucocorticoid receptor modulator	ADC_PAYLOAD	Glucocorticoid receptor (NR3C1)	Glucocorticoid receptor modulator	1		DRG0MPDIB	https://adcdb.idrblab.net/data/payload/details/PAY0DWLYN
PAY0FAGJB	Glucuronide-dPBD	ADC_PAYLOAD	Human Deoxyribonucleic acid (hDNA)	Glucuronide-dPBD	0			https://adcdb.idrblab.net/data/payload/details/PAY0FAGJB
PAY0ZJMHY	Glucuronyl-monomethyl-auristatin E (MMAU)	ADC_PAYLOAD	Microtubule (MT)	Glucuronyl-monomethyl-auristatin E (MMAU)	1	EGFR-MMAU ADC		https://adcdb.idrblab.net/data/payload/details/PAY0ZJMHY
PAY0CKOHR	Gly-calicheamicin	ADC_PAYLOAD	Human Deoxyribonucleic acid (hDNA)	Gly-calicheamicin	0			https://adcdb.idrblab.net/data/payload/details/PAY0CKOHR
PAY0HSXUU	Glycosylation scillarenin	ADC_PAYLOAD		Glycosylation scillarenin	0			https://adcdb.idrblab.net/data/payload/details/PAY0HSXUU
PAY0EFYMF	HC74	ADC_PAYLOAD			0			https://adcdb.idrblab.net/data/payload/details/PAY0EFYMF
PAY0CEJRH	HDP 30.0643	ADC_PAYLOAD	DNA-directed RNA polymerase II subunit RPB2 (POLR2B); DNA-directed RNA polymerase III subunit RPC7 (POLR3G)	HDP 30.0643; HY-P2235; CS-0114422	1	Her-30.0643		https://adcdb.idrblab.net/data/payload/details/PAY0CEJRH
PAY0VZNCV	HDP 30.2115	ADC_PAYLOAD	DNA-directed RNA polymerase II subunit RPB2 (POLR2B); DNA-directed RNA polymerase III subunit RPC7 (POLR3G)	HDP 30.2115	1		DRG0WIBDT	https://adcdb.idrblab.net/data/payload/details/PAY0VZNCV
PAY0MQMQP	IMSA172	ADC_PAYLOAD	Stimulator of interferon genes protein (STING1)	IMSA172	3	Hu-Alpha-EGFR (ACVC)-172; Hu-Alpha-EGFR-172; Mu-Alpha-EGFR-172		https://adcdb.idrblab.net/data/payload/details/PAY0MQMQP
PAY0EJBOG	IRDye 700DX	ADC_PAYLOAD		Irdye 700DX; Irdye 700dx NHS ester; C51A2YUX4N; UNII-C51A2YUX4N; 916821-46-0; Silicate(4-), (2,5-dioxo-1-pyrrolidinyl 6-(((3-((29H,31H-phthalocyanin-1-yl-kappaN29,kappaN30,kappaN31,kappaN32)oxy)propoxy)carbonyl)amino)hexanoato(2-))bis(N-(3-((hydroxy-kappaO)dimethylsilyl)propyl)-3-sulfo-N,N-bis(3-sulfopropyl)-1-propanamin; SILICATE(4-), (2,5-DIOXO-1-PYRROLIDINYL 6-(((3-((29H,31H-PHTHALOCYANIN-1-YL-.KAPPA.N29,.KAPPA.N30,.KAPPA.N31,.KAPPA.N32)OXY)PROPOXY)CARBONYL)AMINO)HEXANOATO(2-))BIS(N-(3-((HYDROXY-.KAPPA.O)DIMETHYLSILYL)PROPYL)-3-SULFO-N,N-BIS(3-SULFOPROPYL)-1-PROPANAMINIUMATO(4-))-, SODIUM (1:4), (OC-6-13)-	7		DRG0KAFYS; DRG0KGPEA; DRG0NLEYN; DRG0NRRBO; DRG0PCAMO; DRG0SKSQA; DRG0YAZBQ	https://adcdb.idrblab.net/data/payload/details/PAY0EJBOG
PAY0HZXQT	Idarubicin	ADC_PAYLOAD	DNA topoisomerase 2-alpha (TOP2A)	IDARUBICIN; 58957-92-9; 4-Demethoxydaunorubicin; 4-Demethoxydaunomycin; Idarubicin Hcl; Idarubicina; Idarubicine; Idamycin; Idarubicine [INN-French]; Idarubicinum [INN-Latin]; Idarubicina [INN-Spanish]; Idarubicinum; Idarubicin [INN:BAN]; IMI-30; 4-Desmethoxydaunorubicin; Daunomycin, 4-demethoxy-; Idarubicin (INN); Zavedos (TN); CCRIS 5083; NSC 256439; UNII-ZRP63D75JW; 4-DMD; ZRP63D75JW; (7S,9S)-9-acetyl-7-[(2R,4S,5S,6S)-4-amino-5-hydroxy-6-methyloxan-2-yl]oxy-6,9,11-trihydroxy-8,10-dihydro-7H-tetracene-5,12-dione; CHEBI:42068; NSC-256439; demethoxydaunorubicin; 5,12-Naphthacenedione, 9-acetyl-7-((3-amino-2,3,6-trideoxy-alpha-L-lyxo-hexopyranosyl)oxy)-7,8,9,10-tetrahydro-6,9,11-trihydroxy-, (7S-cis)-; Idamycin (TN); IDARUBICIN [INN]; Idarubicin Hcl Pfs; I 1656; Idarubicinhydrochloride; (1S,3S)-3-acetyl-3,5,12-trihydroxy-6,11-dioxo-1,2,3,4,6,11-hexahydrotetracen-1-yl 3-amino-2,3,6-trideoxy-alpha-L-lyxo-hexopyranoside; (7S,9S)-9-acetyl-7-{[(2R,4S,5S,6S)-4-amino-5-hydroxy-6-methyloxan-2-yl]oxy}-6,9,11-trihydroxy-5,7,8,9,10,12-hexahydrotetracene-5,12-dione; DM5; MLS001401448; NSC256439; (1S,3S)-3-acetyl-3,5,12-trihydroxy-6,11-dioxo-1,2,3,4,6,11-hexahydronaphthacen-1-yl 3-amino-2,3,6-trideoxy-alpha-L-lyxo-hexopyranoside; 5,12-Naphthacenedione, 7,8,9,10-tetrahydro-9-acetyl-7-((3-amino-2,3,6-trideoxy-alpha-L-lyxo-hexopyranosyl)oxy)-6,9,11-trihydroxy-, (7S-cis)-; NCGC00093976-03; SMR000466355; SR-01000075934; C26-H27-N-O9; DMDR; IDARUBICIN [MI]; IDARUBICIN [VANDF]; D01XDL; SCHEMBL3750; CHEMBL1117; IDARUBICIN [WHO-DD]; Lopac0_000600; KBioSS_002388; Idarubicin hydrochloride, solid; cid_636362; GTPL7083; 4-DEMETHOXY-DAUNORUBICIN; DTXSID7023142; BDBM58490; XDXDZDZNSLXDNA-TZNDIEGXSA-N; BCPP000207; HMS2089D05; HMS3261H22; Tox21_500600; HY-17381A; AKOS015895563; AC-9384; BCP9000773; CCG-204689; DB01177; LP00600; SDCCGSBI-0050582.P002; NCGC00093976-01; NCGC00093976-02; NCGC00093976-04; NCGC00093976-05; NCGC00093976-18; NCGC00261285-01; (7S,9S)-9-acetyl-7-[(2R,4S,5S,6S)-4-amino-5-hydroxy-6-methyl-tetrahydropyran-2-yl]oxy-6,9,11-trihydroxy-8,10-dihydro-7H-tetracene-5,12-dione; LS-94015; CS-0007534; EU-0100600; D08062; AB00698511-06; AB00698511-08; AB00698511-09; AB00698511-10; AB00698511_11; EN300-7479233; A832088; A935911; Q1063862; SR-01000075934-1; BRD-K69650333-001-01-1; BRD-K69650333-001-02-9; BRD-K69650333-003-14-0; Idarubicin, United States Pharmacopeia (USP) Reference Standard; (1S,3S)-3-ACETYL-1,2,3,4,6,11-HEXAHYDRO-3,5,12-TRIHYDROXY-6,11-DIOXO-1-NAPHTHACENYL 3-AMINO-2,3,6-TRIDEOXY-.ALPHA.-L-LYXO-HEXOPYRANOSIDE; (1s,3s)-3-acetyl-3,5,12-trihydroxy-6,11-dioxo-1,2,3,4,6,11-hexahydrotetracen-1-yl 3-amino-2,3,6-trideoxy-A-l-lyxo-hexopyranoside; (7S,9S)-7-[(2R,4S,5S,6S)-4-azanyl-6-methyl-5-oxidanyl-oxan-2-yl]oxy-9-ethanoyl-6,9,11-tris(oxidanyl)-8,10-dihydro-7H-tetracene-5,12-dione; (7S,9S)-7-[(2R,4S,5S,6S)-4-azanyl-6-methyl-5-oxidanyl-oxan-2-yl]oxy-9-ethanoyl-6,9,11-tris(oxidanyl)-8,10-dihydro-7H-tetracene-5,12-dione;hydrochloride; (7S,9S)-9-Acetyl-7-(((2R,4S,5S,6S)-4-amino-5-hydroxy-6-methyltetrahydro-2H-pyran-2-yl)oxy)-6,9,11-trihydroxy-7,8,9,10-tetrahydrotetracene-5,12-dione; (7S,9S)-9-acetyl-7-((2R,4S,5S,6S)-4-amino-5-hydroxy-6-methyltetrahydro-2H-pyran-2-yloxy)-6,9,11-trihydroxy-7,8,9,10-tetrahydrotetracene-5,12-dione; (7S,9S)-9-acetyl-7-[(2R,4S,5S,6S)-4-amino-5-hydroxy-6-methyl-tetrahydropyran-2-yl]oxy-6,9,11-trihydroxy-8,10-dihydro-7H-tetracene-5,12-quinone;hydrochloride; (7S,9S)-9-acetyl-7-[[(2R,4S,5S,6S)-4-amino-5-hydroxy-6-methyl-2-oxanyl]oxy]-6,9,11-trihydroxy-8,10-dihydro-7H-tetracene-5,12-dione; (7S,9S)-9-acetyl-7-[[(2R,4S,5S,6S)-4-amino-5-hydroxy-6-methyl-2-oxanyl]oxy]-6,9,11-trihydroxy-8,10-dihydro-7H-tetracene-5,12-dione;hydrochloride; (7S-cis)-9-Acetyl-7-[(3-amino-2,3,6-trideoxy-alpha-L-lyxo-hexopyranosyl)oxy]-7,8,9,10-tetrahydro-6,9,11-trihydroxy-5,12-naphthacenedione; 5,12-Naphthacenedione, 7,8,9,10-tetrahydro-9-acetyl-7-((3-amino-2,3,6-trideoxy-.alpha.-L-lyxo-hexopyranosyl)oxy)-6,9,11-trihydroxy-, (7S-cis)-; 5,12-NAPHTHACENEDIONE, 9-ACETYL-7-((3-AMINO-2,3,6-TRIDEOXY-.ALPHA.-L-LYXO-HEXOPYRANOSYL)OXY)-7,8,9,10-TETRAHYDRO-6,9,11-TRIHYDROXY-, (7S,9S)-; 5,12-Naphthacenedione, 9-acetyl-7-[(3-amino-2,3,6-trideoxy-.alpha.-L-lyxo-hexopyranosyl)oxy]-7,8,9,10-tetrahydro-6,9,11-trihydroxy-, (7S-cis)-	0			https://adcdb.idrblab.net/data/payload/details/PAY0HZXQT
PAY0PYIJU	Imidazoquinoline-based TLR7 agonist	ADC_PAYLOAD			0			https://adcdb.idrblab.net/data/payload/details/PAY0PYIJU
PAY0HGQLH	Indium-111	ADC_PAYLOAD	Human Deoxyribonucleic acid (hDNA)	Indium-111; Indium In-111; 111In; Indium, isotope of mass 111; Indium (111 In); 15750-15-9; UNII-E9NGC49E0T; E9NGC49E0T; 111In radioisotope; In-111 radioisotope; D0F3KC; INDIUM IN 111; INDIUM (111IN); INDIUM, IN-111; ISOTOPE OF MASS 111; ABT-806; INDIUM IN 111 [VANDF]; DTXSID001019286; DB11916; INDIUM (111 IN) [WHO-DD]; Q6025171; 454695-43-3	0			https://adcdb.idrblab.net/data/payload/details/PAY0HGQLH
PAY0UTUCS	Indolinobenzodiazepine dimer	ADC_PAYLOAD	Human Deoxyribonucleic acid (hDNA)	Indolinobenzodiazepine dimer (IGN)	4	Anti-EGFR-Ala-Ala-IGN; Anti-EGFR-Val-Gln-IGN; Anti-FOLR1-Ala-Ala-IGN; Anti-FOLR1-Val-Gln-IGN		https://adcdb.idrblab.net/data/payload/details/PAY0UTUCS
PAY0ZJWZQ	Iodine I-124	ADC_PAYLOAD		Iodine I-124; Iodine-124; 14158-30-6; UNII-LH8L0PQC3P; (~124~I)Hydrogen iodide; Iodine, isotope of mass 124; DTXSID50931133; Iodine, isotope of mass 124, at.; 124I; Q27282984	0			https://adcdb.idrblab.net/data/payload/details/PAY0ZJWZQ
PAY0QAMZK	Irinotecan	ADC_PAYLOAD	DNA topoisomerase 1 (TOP1)	Irinotecan; 97682-44-5; (+)-Irinotecan; Camptosar; Irinotecanum; Biotecan; Irinotecanum [INN-Latin]; Irinotecan lactone; Campto; Irinophore C; Irinotecan mylan; Irinotecan [INN:BAN]; CPT-11; Irinotecan Free base; (S)-4,11-diethyl-4-hydroxy-3,14-dioxo-3,4,12,14-tetrahydro-1H-pyrano[3',4':6,7]indolizino[1,2-b]quinolin-9-yl [1,4'-bipiperidine]-1'-carboxylate; Biotecan (TN); Irinotecan (INN); HSDB 7607; CHEMBL481; NSC-728073; CHEBI:80630; irinotecan liposome; C33H38N4O6; 97682-44-5 (Free base); (4S)-4,11-DIETHYL-4-HYDROXY-3,14-DIOXO-3,4,12,14-TETRAHYDRO-1H-PYRANO[3',4':6,7]INDOLIZINO[1,2-B]QUINOLIN-9-YL 1,4'-BIPIPERIDINE-1'-CARBOXYLATE; UNII-7673326042; Camptosar (TN); IRINOTECAN [INN]; Campto (TN); irinotecan liposome injection; 1,4'-Bipiperidine-1'-carboxylic acid (S)-4,11-diethyl-3,4,12,14- tetrahydro-4-hydroxy-3,14-dioxo-1H-pyrano[3',4':6,7]indolizino[1,2-b]quinolin-9-yl ester; CPT-11 hydrochloride;Camptothecin 11 hydrochloride; IRINOTECAN, CPT-11; (1,4'-Bipiperidine)-1'-carboxylic acid, 4,11-diethyl-3,4,12-14-tetrahydro-4-hydroxy-3,14-dioxo-1H-pyrano(3',4':6,7)indolizino(1,2-b)quinolin-9-yl ester, (S)-; (4S)-4,11-Diethyl-4-hydroxy-3,14-dioxo-4,12-dihydro-1H-pyrano[3,4-f]quinolino[2,3-a]indolizin-9-yl 4-piperidylpiperidinecarboxylate; MFCD00866307; 1,4'-bipiperidine-1'-carboxylic acid (s)-4,11-diethyl-3,4,12,14- tetrahydro-4-hydroxy-3,14-dioxo-1h-pyrano(3',4':6,7)indolizino(1,2-b)quinolin-9-yl ester; IRINOTECAN [MI]; IRINOTECAN [HSDB]; IRINOTECAN [VANDF]; D07HOB; SCHEMBL4034; IRINOTECAN [WHO-DD]; IRINOTECAN; CPT-11; BSPBio_002346; Irinotecan (TOPO1 inhibitor); GTPL6823; DTXSID1041051; AMY4227; 1u65; UWKQSNNFCGGAFS-XIFFEERXSA-N; BCP02860; BDBM50128267; NSC728073; s1198; AKOS015894969; AB07527; AC-7469; BCP9000793; CS-1138; CS-O-01663; DB00762; NSC 728073; Camptosar, Campto, CPT-11, Irinotecan; NCGC00178697-02; NCGC00178697-05; AS-14323; HY-16562; LS-44589; NCI60_005051; D08086; EN300-708800; AB00698464-07; AB00698464-09; AB00698464-10; AB00698464-11; AB00698464_12; AB00698464_13; AB00698464_14; A845740; Q412197; BRD-K08547377-003-02-4; (diethyl-hydroxy-dioxo-[?]yl) 4-(1-piperidyl)piperidine-1-carboxylate; 3-tert-Butoxycarbonylamino-5-(4-fluorophenyl)thiophene-2-carboxylicacid; 2-methoxy-5-[2-(3-sulfophenyl)-5-(4-sulfophenyl)pyrylium-4-yl]benzenesulfonic acid; (19S)-10,19-diethyl-19-hydroxy-14,18-dioxo-17-oxa-3,13-diazapentacyclo[11.8.0.0^{2,11}.0^{4,9}.0^{15,20}]henicosa-1(21),2(11),3,5,7,9,15(20)-heptaen-7-yl [1,4'-bipiperidine]-1'-carboxylate; (19S)-10,19-diethyl-19-hydroxy-14,18-dioxo-17-oxa-3,13-diazapentacyclo[11.8.0.0^{2,11}.0^{4,9}.0^{15,20}]henicosa-1(21),2(11),3,5,7,9,15(20)-heptaen-7-yl 4-(piperidin-1-yl)piperidine-1-carboxylate; (4S)-4,11-DIETHYL-4-HYDROXY-3,14-DIOXO-3,4,12,14-TETRAHYDRO-1H-PYRANO[3'',4'':6,7]INDOLIZINO[1,2-B]QUINOLIN-9-YL 1,4''-BIPIPERIDINE-1''-CARBOXYLATE; (4S)-4,11-diethyl-4-hydroxy-3,14-dioxo-3,4,12,14-tetrahydro-1H-pyrano[3',4':6,7]indolizino[1,2-b]quinolin-9-yl [1,4'-bipiperidine]-1'-carboxylate; (S)-4,11-diethyl-4-hydroxy-3,14-dioxo-3,4,12,14-tetrahydro-1H-pyrano[3',4':6,7]indolizino[1,2-b]quinolin-9-yl[1,4'-bipiperidine]-1'-carboxylate; [(19S)-10,19-diethyl-19-hydroxy-14,18-dioxo-17-oxa-3,13-diazapentacyclo[11.8.0.02,11.04,9.015,20]henicosa-1(21),2,4(9),5,7,10,15(20)-heptaen-7-yl] 4-piperidin-1-ylpiperidine-1-carboxylate; [1,4'']bipiperidinyl-1''-carboxylic acid (S)-4,11-diethyl-4-hydroxy-3,13-dioxo-3,4,12,13-tetrahydro-1H-2-oxa-6,12a-diaza-dibenzo[b,h]fluoren-9-yl ester; [1,4'']Bipiperidinyl-1''-carboxylic acid 4,11-diethyl-4-hydroxy-3,13-dioxo-3,4,12,13-tetrahydro-1H-2-oxa-6,12a-diaza-dibenzo[b,h]fluoren-9-yl ester	0			https://adcdb.idrblab.net/data/payload/details/PAY0QAMZK
PAY0XHKFW	JS-1	ADC_PAYLOAD			1	SYS6010		https://adcdb.idrblab.net/data/payload/details/PAY0XHKFW
PAY0CQJDX	JS-1	ADC_PAYLOAD	DNA topoisomerase 1 (TOP1)		0			https://adcdb.idrblab.net/data/payload/details/PAY0CQJDX
PAY0BBRSF	KL610023	ADC_PAYLOAD	DNA topoisomerase 1 (TOP1)	KL610023	1		DRG0BSQPI	https://adcdb.idrblab.net/data/payload/details/PAY0BBRSF
PAY0IDJRT	KL610348	ADC_PAYLOAD			0			https://adcdb.idrblab.net/data/payload/details/PAY0IDJRT
PAY0XFQLM	KSP inhibitor	ADC_PAYLOAD	Kinesin-like protein KIF11 (KIF11)	KSP inhibitor	1		DRG0WZSSJ	https://adcdb.idrblab.net/data/payload/details/PAY0XFQLM
PAY0LJSJI	Kinesin spindle protein (KSP) inhibitor 3a	ADC_PAYLOAD	Kinesin-like protein KIF11 (KIF11)	KSP inhibitor 3a	1	TWEAKR ADC 3a		https://adcdb.idrblab.net/data/payload/details/PAY0LJSJI
PAY0UZIYQ	Kinesin spindle protein (KSP) inhibitor 3b	ADC_PAYLOAD	Kinesin-like protein KIF11 (KIF11)	KSP inhibitor 3b	1	TWEAKR ADC 3b		https://adcdb.idrblab.net/data/payload/details/PAY0UZIYQ
PAY0VDTJX	Kinesin spindle protein (KSP) inhibitor 3c	ADC_PAYLOAD	Kinesin-like protein KIF11 (KIF11)	KSP inhibitor 3c	1	TWEAKR ADC 3c		https://adcdb.idrblab.net/data/payload/details/PAY0VDTJX
PAY0FHGNI	Kinesin spindle protein (KSP) inhibitor 3d	ADC_PAYLOAD	Kinesin-like protein KIF11 (KIF11)	KSP inhibitor 3d	1	TWEAKR ADC 3d		https://adcdb.idrblab.net/data/payload/details/PAY0FHGNI
PAY0YDVEA	Kinesin spindle protein (KSP) inhibitor 3e	ADC_PAYLOAD	Kinesin-like protein KIF11 (KIF11)	KSP inhibitor 3e	1	TWEAKR ADC 3e		https://adcdb.idrblab.net/data/payload/details/PAY0YDVEA
PAY0ENCSA	Kinesin spindle protein (KSP) inhibitor 3f	ADC_PAYLOAD	Kinesin-like protein KIF11 (KIF11)	KSP inhibitor 3f	2	Anti-B7H3 APDC 3f; TWEAKR ADC 3f		https://adcdb.idrblab.net/data/payload/details/PAY0ENCSA
PAY0PJTCU	Kinesin spindle protein (KSP) inhibitor 3g	ADC_PAYLOAD	Kinesin-like protein KIF11 (KIF11)	KSP inhibitor 3g	2	Anti-B7H3 APDC 3g; TWEAKR ADC 3g		https://adcdb.idrblab.net/data/payload/details/PAY0PJTCU
PAY0KZOEY	L-Alanyl-L-tryptophan	ADC_PAYLOAD	Microtubule (MT)	L-Alanyl-L-tryptophan; 16305-75-2; Ala-Trp; L-Tryptophan, L-alanyl-; L-Alanyltryptophan; (S)-2-((S)-2-Aminopropanamido)-3-(1H-indol-3-yl)propanoic acid; alanyltryptophan; CHEMBL91792; N-L-Alanyl-L-tryptophan; CHEBI:73808; Alanyl tryptophan; Alanyl-Tryptophan; L-Ala-L-Trp; L-Ala-L-Trp-OH; L-Tryptophan, N-L-alanyl-; SCHEMBL2488765; DTXSID901314661; N-(2-Aminopropanoyl)tryptophan #; AW; Ala-Trp, >=99.0% (TLC); BDBM50188485; MFCD00037948; (2S)-2-[[(2S)-2-aminopropanoyl]amino]-3-(1H-indol-3-yl)propanoic acid; AKOS010367580; AKOS015853838; L-Alanyl-L-tryptophan (H-Ala-Trp-OH); AS-76405; A1262; T70375; A810437; J-009993; Q27144124; (S)-2-((S)-2-Aminopropanamido)-3-(1H-indol-3-yl)propanoicacid; (S)-2-((S)-2-Amino-propionylamino)-3-(1H-indol-3-yl)-propionic acid	2	1F6-Asn- (D)Lys-AW; 1F6-Met- (D)Lys-AW		https://adcdb.idrblab.net/data/payload/details/PAY0KZOEY
PAY0DGYVK	LI-COR IR800DyeCW	ADC_PAYLOAD		LI-COR IR800DyeCW	0			https://adcdb.idrblab.net/data/payload/details/PAY0DGYVK
PAY0IDMOH	LSN3889710	ADC_PAYLOAD			1	LY4052031		https://adcdb.idrblab.net/data/payload/details/PAY0IDMOH
PAY0QTYRL	LSN3889710	ADC_PAYLOAD	DNA topoisomerase 1 (TOP1)		0			https://adcdb.idrblab.net/data/payload/details/PAY0QTYRL
PAY0UXSPW	Lidamycin	ADC_PAYLOAD	Human Deoxyribonucleic acid (hDNA)	C-1027; CHEBI:68320; lidamycin; CHEMBL506048; Q27136818; [(1R,7S,12R,13E,20R)-7-Amino-4-chloro-20-[(2S,3R,4R,5S)-5-(dimethylamino)-3,4-dihydroxy-6,6-dimethyloxan-2-yl]oxy-25-hydroxy-9-oxo-2,10-dioxatetracyclo[11.7.3.23,6.016,20]pentacosa-3(25),4,6(24),13(23),16,18-hexaen-14,21-diyn-12-yl] 7-methoxy-2-methylidene-3-oxo-4H-1,4-benzoxazine-5-carboxylate; 149438-20-0	2	Dualtargeting lidamycin ADC; Fv-LDP-D3-AE		https://adcdb.idrblab.net/data/payload/details/PAY0UXSPW
PAY0DGOAU	Ln-D1	ADC_PAYLOAD	DNA topoisomerase 1 (TOP1)	Ln-D1	1	WO2022078260A1 ADC-2		https://adcdb.idrblab.net/data/payload/details/PAY0DGOAU
PAY0DKAJH	Ln-D2	ADC_PAYLOAD	DNA topoisomerase 1 (TOP1)	Ln-D2	2	WO2022078260A1 ADC-3; WO2022078260A1 ADC-9		https://adcdb.idrblab.net/data/payload/details/PAY0DKAJH
PAY0DLXHA	Ln-D4	ADC_PAYLOAD	DNA topoisomerase 1 (TOP1)	Ln-D4	0			https://adcdb.idrblab.net/data/payload/details/PAY0DLXHA
PAY0CZFJW	Ln-D5	ADC_PAYLOAD	DNA topoisomerase 1 (TOP1)	Ln-D5	1	WO2022078260A1 ADC-5		https://adcdb.idrblab.net/data/payload/details/PAY0CZFJW
PAY0TBBAN	Ln-D6	ADC_PAYLOAD	DNA topoisomerase 1 (TOP1)	Ln-D6	1	WO2022078260A1 ADC-6		https://adcdb.idrblab.net/data/payload/details/PAY0TBBAN
PAY0YYICA	Ln-D7	ADC_PAYLOAD	DNA topoisomerase 1 (TOP1)	Ln-D7	2	WO2022078260A1 ADC-10; WO2022078260A1 ADC-7		https://adcdb.idrblab.net/data/payload/details/PAY0YYICA
PAY0ZFZIN	Ln-D8	ADC_PAYLOAD	DNA topoisomerase 1 (TOP1)	Ln-D8	1	WO2022078260A1 ADC-8		https://adcdb.idrblab.net/data/payload/details/PAY0ZFZIN
PAY0AFKJN	Ln-D9	ADC_PAYLOAD	DNA topoisomerase 1 (TOP1)	Ln-D9	1	WO2022078260A1 ADC-1		https://adcdb.idrblab.net/data/payload/details/PAY0AFKJN
PAY0RJLDA	Lutetium-177	ADC_PAYLOAD		Lutetium-177; Lutetium Lu-177; 14265-75-9; 177Lu; Lu 177; Lu-177; Lutetium Lu 177; Lutetium (Lu 177); UNII-BRH40Y9V1Q; BRH40Y9V1Q; DTXSID30931570; Lutetium (Lu 177) [WHO-DD]; DB13982; Q18882670	0			https://adcdb.idrblab.net/data/payload/details/PAY0RJLDA
PAY0ILGOJ	LysPE40	ADC_PAYLOAD	Eukaryotic elongation factor 2 (EEF2)	LysPE40	0			https://adcdb.idrblab.net/data/payload/details/PAY0ILGOJ
PAY0GSENK	MF-6	ADC_PAYLOAD	DNA topoisomerase 1 (TOP1)	MF-6	1	Trastuzumab-L6		https://adcdb.idrblab.net/data/payload/details/PAY0GSENK
PAY0CUVEM	MH30010008	ADC_PAYLOAD			2	MHB036C; MHB088C		https://adcdb.idrblab.net/data/payload/details/PAY0CUVEM
PAY0XZAUT	MH30010008	ADC_PAYLOAD	DNA topoisomerase 1 (TOP1)		1		DRG0JUOJJ	https://adcdb.idrblab.net/data/payload/details/PAY0XZAUT
PAY0YSAZV	MIK665	ADC_PAYLOAD	Induced myeloid leukemia cell differentiation protein (MCL1)	MIK665	0			https://adcdb.idrblab.net/data/payload/details/PAY0YSAZV
PAY0VELKR	MMAE; Alphatecan	ADC_PAYLOAD			0			https://adcdb.idrblab.net/data/payload/details/PAY0VELKR
PAY0UWNLZ	MMAE; TOP1 inhibitor	ADC_PAYLOAD			0			https://adcdb.idrblab.net/data/payload/details/PAY0UWNLZ
PAY0NLPCS	MMAE	ADC_PAYLOAD			76	9MW-2821; AGS-67E; ASG-5ME; ATG-022; Azintuxizumab vedotin; BA-1302; BAY79-4620; BB-1709; BC3195; Becotatug vedotin; Brentuximab vedotin; CDX-011; CDX-014; CMG-901; CRB-701; CX-2029; DEDN-6526A; DFRF-4539A; DLYE5953A; DMOT4039A; DMUC-4064A; DP-303c; DRG0PESEJ; Disitamab vedotin; EBC-129; Elatatug vedotin; Enapotamab vedotin; Enfortumab vedotin; FOR-46; HM2- MMAE		https://adcdb.idrblab.net/data/payload/details/PAY0NLPCS
PAY0WQTSF	MMAF	ADC_PAYLOAD			8	AGS-16C3F; Belantamab mafodotin; DRG0JFGYQ; Depatuxizumab mafodotin; MEDI-547; PF-06263507; SGN-CD19A; Vorsetuzumab mafodotin		https://adcdb.idrblab.net/data/payload/details/PAY0WQTSF
PAY0HDMTI	Macrocyclic antimicrobial peptide 1C (AMP-1C)	ADC_PAYLOAD		Macrocyclic antimicrobial peptide 1C (AMP-1C)	1	ABC-1C		https://adcdb.idrblab.net/data/payload/details/PAY0HDMTI
PAY0UJRXN	Macrocyclic antimicrobial peptide 2A (AMP-2A)	ADC_PAYLOAD		Macrocyclic antimicrobial peptide 2A (AMP-2A)	1	ABC-2A		https://adcdb.idrblab.net/data/payload/details/PAY0UJRXN
PAY0STTRW	Macrocyclic antimicrobial peptide 3C (AMP-3C)	ADC_PAYLOAD		Macrocyclic antimicrobial peptide 3C (AMP-3C)	1	ABC-3C		https://adcdb.idrblab.net/data/payload/details/PAY0STTRW
PAY0SKLCH	Macrocyclic antimicrobial peptide 3E (AMP-3E)	ADC_PAYLOAD		Macrocyclic antimicrobial peptide 3E (AMP-3E)	1	ABC-3E		https://adcdb.idrblab.net/data/payload/details/PAY0SKLCH
PAY0BOPTM	Maytansine derivative 55	ADC_PAYLOAD	Microtubule (MT)	Maytansine derivative 55	2	3A5-55 ADC; MUC16-55 ADC		https://adcdb.idrblab.net/data/payload/details/PAY0BOPTM
PAY0POYOB	Maytansine derivative 56	ADC_PAYLOAD	Microtubule (MT)	Maytansine derivative 56	2	3A5-56 ADC; MUC16-56 ADC		https://adcdb.idrblab.net/data/payload/details/PAY0POYOB
PAY0AZMDT	Maytansine derivative 57	ADC_PAYLOAD	Microtubule (MT)	Maytansine derivative 57	1	3A5-57 ADC		https://adcdb.idrblab.net/data/payload/details/PAY0AZMDT
PAY0SBXIV	Maytansine derivative M24	ADC_PAYLOAD	Microtubule (MT)	M24; HY-115928; CS-0433790	0			https://adcdb.idrblab.net/data/payload/details/PAY0SBXIV
PAY0DCVCU	Maytansine derivative	ADC_PAYLOAD			1	AGX101		https://adcdb.idrblab.net/data/payload/details/PAY0DCVCU
PAY0KHZRQ	Maytansine	ADC_PAYLOAD	Microtubule (MT)		1		DRG0JQHJW	https://adcdb.idrblab.net/data/payload/details/PAY0KHZRQ
PAY0KJLPP	Maytansinoid DM1	ADC_PAYLOAD	Microtubule (MT) The activity data of This Payload Standard Type Value Units Cell line Disease Model Cell line ID Reference Half Maximal Inhibitory Concentration (IC50) 0.43 nmol/L BT-474 cells Invasive breast carcinoma CVCL_0179 [ 1 ] Half Maximal Inhibitory Concentration (IC50) 9.1 nmol/L SK-BR-3 cells Breast adenocarcinoma CVCL_0033 [ 1 ] Half Maximal Inhibitory Concentration (IC50) 230.4 nM BT-474 cells Invasive breast carcinoma CVCL_0179 [ 2 ]	Maytansinoid DM1	3		DRG0INLOK; DRG0JWNZZ; DRG0KWVUB	https://adcdb.idrblab.net/data/payload/details/PAY0KJLPP
PAY0LZMST	Maytansinoid DM3	ADC_PAYLOAD	Microtubule (MT)	Maytansinoid DM3; Maytansinoid DM 3; XNG6QZ89ZB; 796073-54-6; DM3; Maytansine, N2'-deacetyl-N2'-(4-mercapto-1-oxopentyl)-; N(2')-Deacetyl-N2-(4-mercapto-4-methyl-1-oxopentyl)-maytansine; UNII-XNG6QZ89ZB; SCHEMBL18757725; HY-130080; CS-0104939	1	Tmab-SSNPP-DM3		https://adcdb.idrblab.net/data/payload/details/PAY0LZMST
PAY0CHGPD	Maytansinoid derivative of TRPH-222	ADC_PAYLOAD	Microtubule (MT)	Maytansinoid derivative of TRPH-222	1		DRG0JCWGF	https://adcdb.idrblab.net/data/payload/details/PAY0CHGPD
PAY0BEHHA	Maytansinoid derivative of batansine	ADC_PAYLOAD	Microtubule (MT)	Maytansinoid derivative of batansine	2		DRG0AVQWJ; DRG0ZUQNL	https://adcdb.idrblab.net/data/payload/details/PAY0BEHHA
PAY0ATCSD	Maytansinoid derivative	ADC_PAYLOAD	Microtubule (MT)	Maytansinoid derivative	0			https://adcdb.idrblab.net/data/payload/details/PAY0ATCSD
PAY0QNUSP	Maytansinoid	ADC_PAYLOAD	Microtubule (MT)	Maytansinoid; BP-23647	0			https://adcdb.idrblab.net/data/payload/details/PAY0QNUSP
PAY0RVEDP	Melatonin	ADC_PAYLOAD	Mineralocorticoid receptor (NR3C2)	Melatonin; 73-31-4; Melatonine; N-Acetyl-5-methoxytryptamine; Circadin; N-[2-(5-Methoxy-1H-indol-3-yl)ethyl]acetamide; 5-Methoxy-N-acetyltryptamine; Melatol; N-(2-(5-Methoxy-1H-indol-3-yl)ethyl)acetamide; Melovine; Melatonex; Acetamide, N-[2-(5-methoxy-1H-indol-3-yl)ethyl]-; N-[2-(5-methoxyindol-3-yl)ethyl]acetamide; 8041-44-9; N-acetyl-5-methoxy-tryptamine; N-(2-(5-Methoxyindol-3-yl)ethyl)acetamide; Melatonina; CCRIS 3472; Melapure; Posidorm; Primex; NSC 113928; Acetamide, N-(2-(5-methoxyindol-3-yl)ethyl)-; UNII-JL5DK93RCL; JL5DK93RCL; [3H]melatonin; Acetamide, N-(2-(5-methoxy-1H-indol-3-yl)ethyl)-; Melatonina (TN); EINECS 200-797-7; [3H]-melatonin; NSC-56423; 5-methoxy n-acetyl-tryptamine; NSC-113928; BRN 0205542; DTXSID1022421; CHEBI:16796; HSDB 7509; BCI-049; CHEMBL45; MFCD00005655; NSC113928; J5.258B; [3H]MLT; 3-(n-acetyl-2-aminoethyl)-5-methoxyindole; DTXCID002421; PREVENTION 2 (MELATONIN); PREVENTION 3 (MELATONIN); PREVENTION 4 (MELATONIN); PREVENTION 5 (MELATONIN); Acetamide, N-[2-(5-methoxyindol-3-yl)ethyl]-; Melatonin (JAN); 5-22-12-00042 (Beilstein Handbook Reference); NSC56423; TNP00300; N-[2-(5-Methoxy-1H-indol-3-yl)-ethyl]-acetamide; MT6; CAS-73-31-4; NCGC00015680-11; MELATONIN [JAN]; M1105; MELATONIN (MART.); MELATONIN [MART.]; M 5250; M-1200; M-1250; MELATONIN (USP-RS); MELATONIN [USP-RS]; PREVENTION 1 (MELATONIN) (PREVENTION 1); Acetamide, {N-[2-(5-methoxyindol-3-yl)ethyl]-}; Acetamide, {N-[2-(5-methoxy-1H-indol-3-yl)ethyl]-}; Vivitas; Sleep Right; WLN: T56 BMJ D2MV1 GO1; Night Rest; Rx Balance; Revital Melatonin; Nature'S Harmony; Mela-T; ML1; SMR000326666; N-(2-(5-methoxyindol-3-yl)ethyl)-Acetamide; N-[2-(5-methoxyindol-3-yl)ethyl]-Acetamide; N-[2-(5-Methoxy-1H-indol-3-yl)ethyl)acetamide; SR-01000075559; Acetamide, N-(2-(5-methoxy-1H-indol-3-yl)ethyl)-(9CI); Acetamide, N-[2-(5-methoxy-1H-indol-3-yl)ethyl]-(9CI); Melatobel; Melaxen; Melatonine;; Guna-dermo; Melatobel (TN); Prestwick_312; IN1244; Melatonex, Melatonin; Therapeutic Melatonin; Spectrum_000185; NMR/14327425; MELATONIN [DSC]; Guna-dermo (Salt/Mix); MELATONIN [MI]; Primex (8CI,9CI); MELATONIN [HSDB]; MELATONIN [INCI]; Prestwick0_000458; Prestwick1_000458; Prestwick2_000458; Prestwick3_000458; Spectrum2_001344; Spectrum3_001393; Spectrum4_000066; Spectrum5_001745; Lopac-M-5250; MELATONIN [VANDF]; ChemDiv2_003916; D0AN7B; D0B5CB; D0M9SI; Melatonin, >=99.5%; MELATONIN [WHO-DD]; Lopac0_000787; Oprea1_104553; Oprea1_814234; SCHEMBL19018; BSPBio_000536; BSPBio_003006; GTPL224; KBioGR_000591; KBioSS_000665; MELATONIN [EMA EPAR]; MLS000859594; MLS001055382; MLS001240204; BIDD:ER0618; DivK1c_000353; SPECTRUM1500690; SPBio_001527; SPBio_002475; Melatonin (synth.) ultra-pure; MELATONIN [GREEN BOOK]; BDBM9019; BPBio1_000590; GTPL1357; HMS501B15; KBio1_000353; KBio2_000665; KBio2_003233; KBio2_005801; KBio3_002226; Melatonin 1.0 mg/ml in Methanol; NINDS_000353; 3-N-Acetyl-5-methoxyl tryptamine; GLXC-25215; HMS1380B22; HMS1569K18; HMS1921E04; HMS2089F09; HMS2096K18; HMS2233D23; HMS3262M16; HMS3370J20; HMS3413P14; HMS3654A22; HMS3677P14; HMS3713K18; HMS3884M05; Melatonin (synth.) standard-grade; AMY33320; BCP28154; HY-B0075; Tox21_110195; Tox21_201527; Tox21_302926; Tox21_500787; 4-ACETAMIDO-4'-ISOTHIO-CYANATOSTILBENE-2,2'-DISULFONIC ACID; CCG-38837; HSCI1_000400; Melatonin, powder, >=98% (TLC); STK386880; AKOS000276269; Tox21_110195_1; CS-1769; DB01065; KS-1454; LP00787; LS-1623; SDCCGMLS-0065812.P001; SDCCGMLS-0065812.P002; SDCCGSBI-0050765.P003; IDI1_000353; IDI1_002631; SMP2_000309; N-acetyl-5-methoxy-tryptamine Melatonine; NCGC00015680-01; NCGC00015680-02; NCGC00015680-03; NCGC00015680-04; NCGC00015680-05; NCGC00015680-06; NCGC00015680-07; NCGC00015680-08; NCGC00015680-09; NCGC00015680-10; NCGC00015680-12; NCGC00015680-13; NCGC00015680-14; NCGC00015680-15; NCGC00015680-16; NCGC00015680-18; NCGC00015680-35; NCGC00090727-01; NCGC00090727-02; NCGC00090727-03; NCGC00090727-04; NCGC00090727-05; NCGC00090727-06; NCGC00090727-07; NCGC00090727-08; NCGC00090727-09; NCGC00256404-01; NCGC00259077-01; NCGC00261472-01; AC-10019; BA164660; NCI60_004378; SY051401; N-(2-(5-methoxyindol-3-yl)ethyl)acetamid; AB00053279; EU-0100787; FT-0628191; FT-0658928; FT-0670984; S1204; SW196607-4; C01598; D08170; M02088; AB00053279-10; AB00053279_12; EN300-6486827; {N-[2-(5-methoxyindol-3-yl)ethyl]-} Acetamide; A929721; L001261; N-[2-(5-methoxy-1H-indol-3-yl)ethyl]-Acetamide; Q180912; Acetamida, n-[2-(5-metoxi-1h-indol-3-il) etil]-; SR-01000075559-1; SR-01000075559-6; SR-01000075559-7; SR-01000075559-8; {N-[2-(5-methoxy-1H-indol-3-yl)ethyl]-} Acetamide; BRD-K97530723-001-07-6; BRD-K97530723-001-11-8; F1929-1777; Melatonin, British Pharmacopoeia (BP) Reference Standard; Z1191880499; 0E2B08C1-B325-45B1-8939-6F9081EFDFA4; Acetamide, N-[2-(5-methoxyindol-3-yl)ethyl]- (6CI,8CI); Acetamide, N-[2-(5-methoxyindol-3-yl)ethyl]-(6CI,8CI); Acetamide, N-[2-(5-methoxy-1H-indol-3-yl)ethyl]- (9CI); Melatonin, United States Pharmacopeia (USP) Reference Standard; Melatonin, Pharmaceutical Secondary Standard; Certified Reference Material	0			https://adcdb.idrblab.net/data/payload/details/PAY0RVEDP
PAY0HFJPO	Membrane-impermable colchinolmethyl ether (iCME) cytotoxin	ADC_PAYLOAD	Microtubule (MT)	Membrane-impermable colchinolmethyl ether (iCME) cytotoxin	1	Trastuzumab-iCME		https://adcdb.idrblab.net/data/payload/details/PAY0HFJPO
PAY0XPJRQ	Mertansine DM1 plus IRDye700DX	ADC_PAYLOAD	Microtubule (MT)	Mertansine DM1 plus IRDye700DX	1	T-DM1-IR700		https://adcdb.idrblab.net/data/payload/details/PAY0XPJRQ
PAY0JCIBW	Mertansine DM1	ADC_PAYLOAD	Microtubule (MT)	Mertansine; Maytansinoid DM 1; 139504-50-0; maytansinoid DM1; Mertansine (DM1); N2'-deacetyl-N2'-(3-mercapto-1-oxopropyl)-maytansine; DDZ29HGH0E; DM 1; [(1S,2R,3S,5S,6S,16E,18E,20R,21S)-11-chloro-21-hydroxy-12,20-dimethoxy-2,5,9,16-tetramethyl-8,23-dioxo-4,24-dioxa-9,22-diazatetracyclo[19.3.1.110,14.03,5]hexacosa-10,12,14(26),16,18-pentaen-6-yl] (2S)-2-[methyl(3-sulfanylpropanoyl)amino]propanoate; DM1; Maytansine, N2'-deacetyl-N2'-(3-mercapto-1-oxopropyl)-; N2'-Deacetyl-N2'-(3-mercapto-1-oxopropyl)-maytansine, L-; DM1 [Maytansinoid]; DM 1 [Maytansinoid]; UNII-DDZ29HGH0E; Mertasine; DM1;Maytansinoid; Maytansinoid DM1; MAYTANSINOID DM1 [MI]; CHEMBL4802230; SCHEMBL13558634; CHEBI:82755; MFCD28398157; s6773; CS-5804; DA-48536; HY-19792; J3.653.420F; Q4515649; (1S,2R,3S,5S,6S,16E,18E,20R,21S)-11-chloro-21-hydroxy-12,20-dimethoxy-2,5,9,16-tetramethyl-8,23-dioxo-4,24-dioxa-9,22-diazatetracyclo[19.3.1.1(10,14).0(3,5)]hexacosa-10(26),11,13,16,18-pentaen-6-yl (2S)-2-[methyl(3-sulfanylpropanoyl)amino]propanoate; (3S)-3-O-De[2-(acetylmethylamino)-1-oxopropyl]-3-O-[(2S)-2-(methyl 3-mercaptopropanoylamino)propanoyl]maytansine	100		DRG0ATULB; DRG0BBYHA; DRG0BFNMH; DRG0BIVOI; DRG0BVXGD; DRG0BWRVY; DRG0CBQHP; DRG0CDCKY; DRG0CETOD; DRG0CYMEB; DRG0DGZOG; DRG0DHIJR; DRG0DIWSF; DRG0DKWHC; DRG0DLGFI; DRG0DPCBX; DRG0EEWQO; DRG0EGSTI; DRG0ELTEM; DRG0EPORB; DRG0ESBWC; DRG0ESHDB; DRG0EUGGJ; DRG0EVIRB; DRG0EXOII; DRG0FGJBT; DRG0FGXER; DRG0FJFAH; DRG0FKKZP; DRG0FNCKV	https://adcdb.idrblab.net/data/payload/details/PAY0JCIBW
PAY0GTSVM	Mertansine DM4	ADC_PAYLOAD	Microtubule (MT)	DM4; 796073-69-3; WOB38VS2NI; UNII-WOB38VS2NI; Ravtansine; DM 4; DM-4; (14S,16S,32S,33S,2R,4S,10E,12E,14R)-86-chloro-14-hydroxy-85,14-dimethoxy-33,2,7,10-tetramethyl-12,6-dioxo-7-aza-1(6,4)-oxazinana-3(2,3)-oxirana-8(1,3)-benzenacyclotetradecaphane-10,12-dien-4-yl N-(4-mercapto-4-methylpentanoyl)-N-methyl-L-alaninate; N2'-Deacetyl-N2'-(4-mercapto-4-methyl-1-oxopentyl)-maytansine; Maytansinoid DM 4; SCHEMBL12719514; EX-A3441; CS-6866; AC-36376; HY-12454; D94659; Q27292749; MAYTANSINE, N2'-DEACETYL-N2'-(4-MERCAPTO-4-METHYL-1-OXOPENTYL); [(1S,2R,3S,5S,6S,16E,18E,20R,21S)-11-Chloro-21-hydroxy-12,20-dimethoxy-2,5,9,16-tetramethyl-8,23-dioxo-4,24-dioxa-9,22-diazatetracyclo[19.3.1.110,14.03,5]hexacosa-10,12,14(26),16,18-pentaen-6-yl] (2S)-2-[methyl-(4-methyl-4-sulfanylpentanoyl)amino]propanoate	52		DRG0ARHOG; DRG0AWUIJ; DRG0BBHGW; DRG0BBRJG; DRG0CETGS; DRG0CRDKL; DRG0CVRIW; DRG0CZARU; DRG0DCQUW; DRG0DJNVI; DRG0EBYCR; DRG0EKTWF; DRG0ELNEW; DRG0ELYWP; DRG0EPHMC; DRG0EPYFC; DRG0EWRAI; DRG0FFTLK; DRG0GKOZH; DRG0GZGHN; DRG0HLKPK; DRG0HWDCC; DRG0IQHKX; DRG0ISCJF; DRG0IXCWM; DRG0KKMLW; DRG0KTFHQ; DRG0MBYJG; DRG0MOENC; DRG0MUBIP	https://adcdb.idrblab.net/data/payload/details/PAY0GTSVM
PAY0ALSVY	Methylated-beta-Cyclodextrin/Pluronic P103-based polyrotaxane (Me-PRX)	ADC_PAYLOAD		Methylated-beta-Cyclodextrin/Pluronic P103-based polyrotaxane (Me-PRX)	1	Trastuzumab-Me-PRX conjugate		https://adcdb.idrblab.net/data/payload/details/PAY0ALSVY
PAY0RPNAQ	Methylenedioxy CPT1 (CPT1)	ADC_PAYLOAD	DNA topoisomerase 1 (TOP1)	Methylenedioxy CPT1 (CPT1)	2	CAC10-CPT-LA; H00-CPT-LA		https://adcdb.idrblab.net/data/payload/details/PAY0RPNAQ
PAY0JHEMC	Methylenedioxy CPT2 (CPT2)	ADC_PAYLOAD	DNA topoisomerase 1 (TOP1)	Methylenedioxy CPT2 (CPT2)	4	CAC10-CPT-LB; CAC10-CPT-LC; H00-CPT-LB; H00-CPT-LC		https://adcdb.idrblab.net/data/payload/details/PAY0JHEMC
PAY0FNGSJ	Mitomycin C	ADC_PAYLOAD	Human Deoxyribonucleic acid (hDNA)	Mitomycin C; Mitomycin; 50-07-7; Ametycine; Mutamycin; Mitomycin-C; Mitocin-C; Mytozytrex; Ametycin; Mitomycinum; Mytomycin; Mitozytrex; Mitomycinum C; Mitocin C; Mitamycin; Mitosol; MMC; NSC-26980; Muamycin; 7-Amino-9alpha-methoxymitosane; Mitomycyna C; Mitomycyna C [Polish]; Mito-C; Mit-C; Mitomycins; Mitomycin (TN); C15H18N4O5; NSC 26980; Mitomicina; Mitomycine; Mitomycine [INN-French]; Mitomycinum [INN-Latin]; NCI-C04706; Mitomicina [INN-Spanish]; RCRA waste number U010; NSC26980; Muamycin (TN); CCRIS 414; Mitomycin [USAN:INN:BAN]; HSDB 3239; Mitomycin (USP/INN); EINECS 200-008-6; Mitomycin C, Streptomyces caespitosus; RCRA waste no. U010; UNII-50SG953SK6; AI3-26199; DTXSID2020898; CHEBI:27504; UGN-101; UGN-102; Mitomycin [USAN:USP:INN:BAN]; 50SG953SK6; Mitomycin C, Streptomyces caespitosus, Carrier-Free; [(4S,6S,7R,8S)-11-amino-7-methoxy-12-methyl-10,13-dioxo-2,5-diazatetracyclo[7.4.0.0^{2,7}.0^{4,6}]trideca-1(9),11-dien-8-yl]methyl carbamate; 6-Amino-1,1a,2,8,8a,8b-hexahydro-8-(hydroxymethyl)-8a-methoxy-5-methylazirino(2',3':3,4)pyrrolo(1,2-a)indole-4,7-dione carbamate (ester); Azirino(2',3':3,4)pyrrolo(1,2-a)indole-4,7-dione, 6-amino-8-(((aminocarbonyl)oxy)methyl)-1,1a,2,8,8a,8b-hexahydro-8a-methoxy-5-methyl-, (1aS-(1aalpha,8beta,8aalpha,8balpha))-; Mitomycin C from Streptomyces caespitosus; Mitomycin C (JP15); Azirino[2',3':3,4]pyrrolo[1,2-a]indole-4,7-dione, 6-amino-8-[[(aminocarbonyl)oxy]methyl]-1,1a,2,8,8a,8b-hexahydro-8a-methoxy-5-methyl-, (1aS,8S,8aR,8bS)-; DTXCID00898; CAS-50-07-7; ((1aS,8S,8aR,8bS)-6-amino-8a-methoxy-5-methyl-4,7-dioxo-1,1a,2,4,7,8,8a,8b-octahydroazirino[2',3':3,4]pyrrolo[1,2-a]indol-8-yl)methyl carbamate; [(1aS,8S,8aR,8bS)-6-amino-8a-methoxy-5-methyl-4,7-dioxo-1,1a,2,4,7,8,8a,8b-octahydroazireno[2',3':3,4]pyrrolo[1,2-a]indol-8-yl]methyl carbamate; 1404-00-8; Azirino(2',3':3,4)pyrrolo(1,2-a)indole-4,7-dione, 6-amino-1,1a,2,8,8a,8b-hexahydro-8-(hydroxymethyl)-8a-methoxy-5-methyl-, carbamate (ester); Azirino(2',3':3,4)pyrrolo(1,2-a)indole-4,7-dione, 6-amino-8-(((aminocarbonyl)oxy)methyl)-1,1a,2,8,8a,8b-hexahydro-8a-methoxy-5-methyl-, (1aS,8S,8aR,8bS)-; Azirino[2',3':3,4]pyrrolo[1,2-a]indole-4,7-dione, 6-amino-8-[[(aminocarbonyl)oxy]methyl]-1,1a,2,8,8a,8b-hexahydro-8a-methoxy-5-methyl-, [1aS-(1aalpha,8beta,8aalpha,8balpha)]-; MLS002702984; (amino-methoxy-methyl-dioxo-[?]yl)methyl carbamate; 7-Amino-9.alpha.-methoxymitosane; Mitonco; Mitoplus; MitoExtra; mitomycin-; NCGC00095258-01; [(1aS,8S,8aR,8bS)-6-amino-8a-methoxy-5-methyl-4,7-dioxo-1,1a,2,4,7,8,8a,8b-octahydroazirino[2',3':3,4]pyrrolo[1,2-a]indol-8-yl]methyl carbamate; AZIRINO(2',3':3,4)PYRROLO(1,2-A)INDOLE-4,7-DIONE, 6-AMINO-8-(((AMINOCARBONYL)OXY)METHYL)-1,1A,2,8,8A,8B-HEXAHYDRO-8A-METHOXY-5-METHYL-, (1AS-(1A.ALPHA.,8.BETA.,8A.ALPHA.,8B.ALPHA.))-; Azirino[2',3':3,4]pyrrolo[1,2-a]indole-4,7-dione, 6-amino-8-[[(aminocarbonyl)oxy]methyl]-1,1a,2,8,8a,8b-hexahydro-8a-methoxy-5-methyl-, [1aS-(1a.alpha.,8.beta.,8a.alpha.,8b.alpha.)]-; Jelmyto (TN); MFCD00078109; JELMYTO; Mitomycin C- Bio-X; MITOMYCIN [INN]; Mitomycin C (JP17); MITOMYCIN [HSDB]; MITOMYCIN [USAN]; MITOMYCIN [VANDF]; MITOMYCIN C [MI]; CHEMBL105; D0NZ1U; D0Y0GH; MITOMYCIN [MART.]; MITOMYCIN C [JAN]; MITOMYCIN [USP-RS]; MITOMYCIN [WHO-DD]; MITOMYCIN C [IARC]; SCHEMBL3760; CBiol_001927; BSPBio_001267; KBioGR_000607; KBioSS_000607; Mitomycin [USAN:BAN:INN]; Mitomycin C (4% in NaCl); MLS001332654; Mitozytrex (TN) (Supergene); 50-07-7 (non-salt); AMETYCIN pound notmitomycin C; GTPL7089; MITOMYCIN [ORANGE BOOK]; MITOMYCIN [EP MONOGRAPH]; UNII-V03E10691T; KBio2_000607; KBio2_003175; KBio2_005743; KBio3_001073; KBio3_001074; EX-A501; MITOMYCIN [USP MONOGRAPH]; NWIBSHFKIJFRCO-WUDYKRTCSA-N; BCPP000410; Bio1_000213; Bio1_000702; Bio1_001191; Bio2_000464; Bio2_000944; HMS1362O09; HMS1792O09; HMS1990O09; HMS2089F16; HMS3403O09; AMY10316; Tox21_111493; AC-918; BDBM50428658; GR-311; HB4458; LS-136; s8146; AKOS015895703; Tox21_111493_1; BCP9000285; CCG-208564; CS-0564; DB00305; KS-5148; IDI1_002219; SMP1_000307; Mitomycin 100 microg/mL in Acetonitrile; NCGC00163468-02; NCGC00163468-03; NCGC00163468-05; NCGC00163468-06; [1aS-(1aalpha,8beta,8aalpha,8balpha)]-6-Amino-8-[[(aminocarbonyl)oxy]methyl]-1,1a,2,8,8a,8b-hexahydro-8a-methoxy-5-methylazirino[2',3':3,4]pyrrolo[1,2-a]indole-4,7-dione; BM164668; HY-13316; SMR000058401; BCP0726000181; LS-173087; M2320; C06681; D00208; D91590; AB00918689-03; AB00918689-04; EN300-7405455; Mitomycin C, Antibiotic for Culture Media Use Only; Q-201410; BRD-K59670716-001-02-6; BRD-K59670716-001-06-7; Q19856779; WLN: T D3 B556 BN EM JV MVTTT&J GO1 H1OVZ KZ L1; Mitomycin C from Streptomyces caespitosus, >=970 mug/mg (USP XXIV); Mitomycin C from Streptomyces caespitosus, powder, BioReagent, suitable for cell culture; Mitomycin C from Streptomyces caespitosus, powder, contains NaCl as solubilizer; (1ar)-6-amino-8-(((aminoc arbonyl)oxy)methyl)-1,1a,2,8,8a,8b-hexahydro-8a-methoxy-5-methylazirino[2',3':3,4]pyrrolo[1,2-a]indole-4,7-dione; (1ar)-6-amino-8-(((aminocarbonyl)oxy)methyl)-1,1a,2,8,8a,8b-hexahydro-8a-methoxy-5-methylazirino[2',3':3,4]pyrrolo[1,2-a]indole-4,7-dione; [1aR-(1aalpha,8beta,8aalpha,8balpha)]-6-amino-8-[[(aminocarbonyl)oxy]methyl]-1,1a,2,8,8a,8b-hexahydro-8a-methoxy-5-methylazirino[2',3':3,4]pyrrolo[1,2-alpha]indole-4,7-dione; [1aS-(1a?,8?,8a?,8b?)]-6-Amino-8-[[(aminocarbonyl)oxy]methyl]-1,1a,2,8,8a,8b-hexahydro-8a-methoxy-5-methylazirino[2',3':3,4]pyrrolo[1,2-a]indole-4,7-dione; 6-amino-1,1a,2,8,8a,8b-hexahydro-8-(hydroxymethyl)-8a-methoxy-5-methylazirino[2',3':3, 4]pyrrolo[1,2-a]indole-4,7-dione, carbamate (ester); 6-amino-1,1a,2,8,8a,8b-hexahydro-8-(hydroxymethyl)-8a-methoxy-5-methylazirino[2',3':3,4]pyrrolo[1,2-a]indole-4,7-dione, carbamate (ester); 6-amino-8-[[(aminocarbonyl)oxy]methyl]-1,1a,2,8,8a,8b-hexahydro-8a-methoxy-5-methyl, [1aS-(1aalpha,8beta,8aalpha,8balpha)]-azirino[2',3':3,4]pyrrol o[1,2a]indole-4,7-dione; 6-amino-8-[[(aminocarbonyl)oxy]methyl]-1,1a,2,8,8a,8b-hexahydro-8a-methoxy-5-methyl, [1aS-(1aalpha,8beta,8aalpha,8balpha)]-azirino[2',3':3,4]pyrrolo[1,2a]indole-4,7-dione; Azirino [2', 3': 3,4] pirrolo [1,2-a] indol-4,7-diona, 6-amino-8-[[(aminocarbonil) oxi] metil]-1,1 a, 2, 8,8 a, 8b-hexahidro-8a-metoxi-5-metil-, (1as, 8S, 8aR, 8BS)-; Azirino(2',3':3,4)pyrrolo(1,2-a)indole-4,7-dione, 6-amino-8-(((aminocarbonyl)oxy)methyl)-1,1a,2,8,8a,8b-hexahydro-8a-methoxy-5-methyl-, (1aS-(1aalpha,8beta,8aalpha,8balpha))- (9CI); Azirino[2',3':3,4]pyrrolo[1,2-a]indole-4,7-dione, 6-amino-8-[[(aminocarbonyl)oxy]methyl]-1,1a, 2,8,8a,8b-hexahydro-8a-methoxy-5-methyl-, [1aS-(1a.alpha.,8.beta.,8a.alpha.,8b.alpha.)]-; Azirino[2',3':3,4]pyrrolo[1,2-a]indole-4,7-dione, 6-amino-8-[[(aminocarbonyl)oxy]methyl]-1,1a,2,8,8a,8b-hexahydro-8a-methoxy-5-methyl -, [1aS-(1aalpha,8beta,8aalpha,8balpha)]-; AZIRINO[2',3':3,4]PYRROLO[1,2-A]INDOLE-4,7-DIONE, 6-AMINO-8-[[(AMINOCARBONYL)OXY]METHYL]-1,1A,2,8,8A,8B-HEXAHYDRO-8A-METHOXY-5-METHYL-, [1AS-(1A.APHA.,8.BETA.,8A.ALPHA.,8B.ALPHA.)]-; Azirino[2',4]pyrrolo[1,2-a]indole-4,7-dione, 6-amino-1,1a,2,8,8a,8b-hexahydro-8-(hydroxymethyl)-8a- methoxy-5-methyl-, carbamate (ester); Azirino[2',4]pyrrolo[1,2-a]indole-4,7-dione, 6-amino-8-[[(aminocarbonyl)oxy]methyl]-1,1a,2,8,8a,8b- hexahydro-8a-methoxy-5-methyl-, [1aR-(1a.alpha.,8.beta.,8a.alpha.,8b.alpha.)]-; Azirino[2,3:3,4]pyrrolo[1,2-a]indole-4,7-dione, 6-amino-8-[[(aminocarbonyl)oxy]methyl]-1,1a,2,8,8a,8b-hexahydro-8a-methoxy-5-methyl-, [1aS-(1a.alpha.,8.beta.,8a.alpha.,8b.alpha.)]-; Mitomycin C from Streptomyces caespitosus, >=98% (HPLC), potency: >=970 mug per mg (USP XXIV), gamma-irradiated, suitable for cell culture	0			https://adcdb.idrblab.net/data/payload/details/PAY0FNGSJ
PAY0UIZBY	Monomethyl auristatin D	ADC_PAYLOAD	Microtubule (MT)	MMAD; 203849-91-6; Monomethylauristatin D; Monomethyl Dolastatin 10; Demethyldolastatin 10; (S)-N-((3R,4S,5S)-3-methoxy-1-((S)-2-((1R,2R)-1-methoxy-2-methyl-3-oxo-3-(((S)-2-phenyl-1-(thiazol-2-yl)ethyl)amino)propyl)pyrrolidin-1-yl)-5-methyl-1-oxoheptan-4-yl)-N,3-dimethyl-2-((S)-3-methyl-2-(methylamino)butanamido)butanamide; (2S)-N-[(2S)-1-[[(3R,4S,5S)-3-methoxy-1-[(2S)-2-[(1R,2R)-1-methoxy-2-methyl-3-oxo-3-[[(1S)-2-phenyl-1-(1,3-thiazol-2-yl)ethyl]amino]propyl]pyrrolidin-1-yl]-5-methyl-1-oxoheptan-4-yl]-methylamino]-3-methyl-1-oxobutan-2-yl]-3-methyl-2-(methylamino)butanamide; L-Valinamide, N-methyl-L-valyl-N-[(1S,2R)-2-methoxy-4-[(2S)-2-[(1R,2R)-1-methoxy-2-methyl-3-oxo-3-[[(1S)-2-phenyl-1-(2-thiazolyl)ethyl]amino]propyl]-1-pyrrolidinyl]-1-[(1S)-1-methylpropyl]-4-oxobutyl]-N-methyl-; L-VALINAMIDE, N-METHYL-L-VALYL-N-((1S,2R)-2-METHOXY-4-((2S)-2-((1R,2R)-1-METHOXY-2-METHYL-3-OXO-3-(((1S)-2-PHENYL-1-(2-THIAZOLYL)ETHYL)AMINO)PROPYL)-1-PYRROLIDINYL)-1-((1S)-1-METHYLPROPYL)-4-OXOBUTYL)-N-METHYL-; W4ZIA40FZ9; MONOMETHYLDOLASTATIN 10; SCHEMBL1687441; CHEMBL3359823; DTXSID101010182; AMY30772; EX-A2650; AKOS032960443; CS-1613; BS-15896; HY-15581; S6765; D83666; A926322; N-METHYL-L-VALYL-N-((1S,2R)-2-METHOXY-4-((2S)-2-((1R,2R)-1-METHOXY-2-METHYL-3-OXO-3-(((1S)-2-PHENYL-1-(2-THIAZOLYL)ETHYL)AMINO)PROPYL)-1-PYRROLIDINYL)-1-((1S)-1-METHYLPROPYL)-4-OXOBUTYL)-N-METHYL-L-VALINAMIDE	6		DRG0AGONA; DRG0HWAWD; DRG0LGLJZ; DRG0RFIRD; DRG0TQMPJ; DRG0XBCZI	https://adcdb.idrblab.net/data/payload/details/PAY0UIZBY
PAY0XXLAE	Monomethyl auristatin E+Monomethyl auristatin F	ADC_PAYLOAD	Microtubule (MT)	Monomethyl auristatin E+Monomethyl auristatin F	3	ADC MMAE/F 2+2; ADC MMAE/F 2+4; ADC MMAE/F 4+2		https://adcdb.idrblab.net/data/payload/details/PAY0XXLAE
PAY0QTGRB	Monomethyl auristatin E+Undisclosed	ADC_PAYLOAD	Microtubule (MT)+.		0			https://adcdb.idrblab.net/data/payload/details/PAY0QTGRB
PAY0FSXOW	Monomethyl auristatin E	ADC_PAYLOAD	Microtubule (MT)	Monomethyl auristatin E; 474645-27-7; MMAE; Monomethylauristatin E; MMAE (Monomethyl auristatin E); V7I58RC5EJ; SGD-1010; (2S)-N-[(2S)-1-[[(3R,4S,5S)-1-[(2S)-2-[(1R,2R)-3-[[(1S,2R)-1-hydroxy-1-phenylpropan-2-yl]amino]-1-methoxy-2-methyl-3-oxopropyl]pyrrolidin-1-yl]-3-methoxy-5-methyl-1-oxoheptan-4-yl]-methylamino]-3-methyl-1-oxobutan-2-yl]-3-methyl-2-(methylamino)butanamide; N-Methyl-L-valyl-N-((1S,2R)-4-((2S)-2-((1R,2R)-3-(((1R,2S)-2-hydroxy-1-methyl-2-phenylethyl)amino)-1-methoxy-2-methyl-3-oxopropyl)pyrrolidin-1-yl)-2-methoxy-1-((1S)-1-methylpropyl)-4-oxobutyl)-N-methyl-L-valinamide; MMAE peptide; N-methyl-L-valyl-N-[(3R,4S,5S)-1-{(2S)-2-[(1R,2R)-3-{[(1S,2R)-1-hydroxy-1-phenylpropan-2-yl]amino}-1-methoxy-2-methyl-3-oxopropyl]pyrrolidin-1-yl}-3-methoxy-5-methyl-1-oxoheptan-4-yl]-N-methyl-L-valinamide; UNII-V7I58RC5EJ; Monomethyl auristatin E (MMAE); MFCD22124498; 4Q5; MMAE, monomethyl auristatin E; SCHEMBL5402144; CHEMBL2103835; AMY9235; DTXSID101028844; MONOMETHYLAURISTATIN E [MI]; (S)-N-((3R,4S,5S)-1-((S)-2-((1R,2R)-3-(((1R,2R)-1-Hydroxy-1-phenylpropan-2-yl)amino)-1-methoxy-2-methyl-3-oxopropyl)pyrrolidin-1-yl)-3-methoxy-5-methyl-1-oxohe; n-methyl-l-valyl-n-[(1s,2r)-4-[(2s)-2-[(1r,2r)-3-[[(1r,2s)-2-hydroxy-1-methyl-2-phenylethyl]amino]-1-methoxy-2-methyl-3-oxopropyl]-1-pyrrolidinyl]-2-methoxy-1-[(1S)-1-methylpropyl]-4-oxobutyl]-n-methyl-l-valinamide; FD9056; NSC791792; NSC832263; s7721; CCG-270400; CS-0837; NSC-791792; NSC-832263; BP-22278; HY-15162; Q6901739; (S)-N-((3R,4S,5S)-1-((S)-2-((1R,2R)-3-(((1S,2R)-1-Hydroxy-1-phenylpropan-2-yl)amino)-1-methoxy-2-methyl-3-oxopropyl)pyrrolidin-1-yl)-3-methoxy-5-methyl-1-oxoheptan-4-yl)-N,3-dimethyl-2-((S)-3-methyl-2-(methylamino)butanamido)butanamide; L-Valinamide, N-methyl-L-valyl-N-((1S,2R)-4-((2S)-2-((1R,2R)-3-(((1R,2S)-2-hydroxy-1- methyl-2-phenylethyl)amino)-1-methoxy-2-methyl-3-oxopropyl)-1-pyrrolidinyl)-2- methoxy-1-((1S)-1-methylpropyl)-4-oxobutyl)-N-methyl-; N(sup 2)-(N-Methyl-L-valyl)-N(sup 1)-((1S,2R)-4-((2S)-2-((1R,2R)-3-(((1R,2S)-2-hydroxy-1-methyl-2- phenylethyl)amino)-1-methoxy-2-methyl-3-oxopropyl)pyrrolidin-1-yl)-2-methoxy-1-((1S)- 1-methylpropyl)-4-oxobutyl)-N(sup 1)-methyl-L-valinamide	430		DRG0ADMHI; DRG0ADSTC; DRG0AEBMA; DRG0AEHKY; DRG0AFEZA; DRG0AHNXQ; DRG0AICUG; DRG0AJRKR; DRG0AOTOJ; DRG0APNBD; DRG0ASXDK; DRG0AUICZ; DRG0AWDSI; DRG0AYMXK; DRG0AZRNL; DRG0BBQSE; DRG0BBTTH; DRG0BIRRQ; DRG0BJRWF; DRG0BLODI; DRG0BQBRZ; DRG0BQBWF; DRG0BQFOR; DRG0BSLSR; DRG0BTRCK; DRG0BXOQG; DRG0BZLMR; DRG0BZNZA; DRG0BZOVW; DRG0CAEXH	https://adcdb.idrblab.net/data/payload/details/PAY0FSXOW
PAY0NJPOR	Monomethyl auristatin F derivative peptide (CN29)	ADC_PAYLOAD	Microtubule (MT)	Monomethyl auristatin F (MMAF) derivative peptide (CN29)	0			https://adcdb.idrblab.net/data/payload/details/PAY0NJPOR
PAY0QLDVX	Monomethyl auristatin F	ADC_PAYLOAD	Microtubule (MT)	MMAF; 745017-94-1; Monomethyl Auristatin F; Monomethylauristatin F; (2S)-2-[[(2R,3R)-3-methoxy-3-[(2S)-1-[(3R,4S,5S)-3-methoxy-5-methyl-4-[methyl-[(2S)-3-methyl-2-[[(2S)-3-methyl-2-(methylamino)butanoyl]amino]butanoyl]amino]heptanoyl]pyrrolidin-2-yl]-2-methylpropanoyl]amino]-3-phenylpropanoic acid; MonomethylauristatinF; SCHEMBL3208014; CHEMBL3359822; MonoMethyl auristatin F (MMAF); MFRNYXJJRJQHNW-DEMKXPNLSA-N; DTXSID601031563; AMY30768; EX-A1046; MFCD25976742; MONOMETHYLAURISTATIN PHENYLALANINE; AC-30596; BP-22316; HY-15579; ((2R,3R)-3-((S)-1-((3R,4S,5S)-4-((S)-N,3-dimethyl-2-((S)-3-methyl-2-(methylamino)butanamido)butanamido)-3-methoxy-5-methylheptanoyl)pyrrolidin-2-yl)-3-methoxy-2-methylpropanoyl)-L-phenylalanine; (2S)-2-[(2R)-2-[(R)-[(2S)-1-[(3R,4S,5S)-4-[(2S)-N,3-dimethyl-2-[(2S)-3-methyl-2-(methylamino)butanamido]butanamido]-3-methoxy-5-methylheptanoyl]pyrrolidin-2-yl](methoxy)methyl]propanamido]-3-phenylpropanoic acid; (S)-2-((2R,3R)-3-((S)-1-((3R,4S,5S)-4-((S)-N,3-Dimethyl-2-((S)-3-methyl-2-(methylamino)butanamido)butanamido)-3-methoxy-5-methylheptanoyl)pyrrolidin-2-yl)-3-methoxy-2-methylpropanamido)-3-phenylpropanoic acid; ;(2~{S})-2-[[(2~{R},3~{R})-3-methoxy-3-[(2~{S})-1-[(3~{R},4~{S},5~{S})-3-methoxy-5-methyl-4-[methyl-[(2~{S})-3-methyl-2-[[(2~{S})-3-methyl-2-(methylamino)butanoyl]amino]butanoyl]amino]heptanoyl]pyrrolidin-2-yl]-2-methyl-propanoyl]amino]-3-phenyl-propanoic acid; L-PHENYLALANINE, N-METHYL-L-VALYL-L-VALYL-(3R,4S,5S)-3-METHOXY-5-METHYL-4-(METHYLAMINO)HEPTANOYL-(.ALPHA.R,.BETA.R,2S)-.BETA.-METHOXY-.ALPHA.-METHYL-2-PYRROLIDINEPROPANOYL-	104		DRG0ACJDV; DRG0AWYBA; DRG0BHGIG; DRG0CFOPR; DRG0CGCDG; DRG0CJAJZ; DRG0CMIAR; DRG0CQVVF; DRG0CVNKC; DRG0DFPAH; DRG0DIGSK; DRG0DXFIE; DRG0EIFPZ; DRG0ENCMJ; DRG0ENXTH; DRG0EQQCH; DRG0ERIFJ; DRG0EROGK; DRG0ETTLE; DRG0EXTWH; DRG0FCMNB; DRG0FHWVI; DRG0FLEUN; DRG0FLPBW; DRG0FLQRW; DRG0FYIFH; DRG0GTDQZ; DRG0GTUOW; DRG0GYPTN; DRG0HLHGE	https://adcdb.idrblab.net/data/payload/details/PAY0QLDVX
PAY0TVOPO	Mtoxin	ADC_PAYLOAD			1	9MW2921		https://adcdb.idrblab.net/data/payload/details/PAY0TVOPO
PAY0EAGKL	N-Myristolytransferase inhibitor (NMTi)	ADC_PAYLOAD	Glycylpeptide N-tetradecanoyltransferase 1 (NMT1)	N-Myristolytransferase inhibitor (NMTi)	0			https://adcdb.idrblab.net/data/payload/details/PAY0EAGKL
PAY0RZSDY	N-acetyl-gamma-calicheamicin	ADC_PAYLOAD	Human Deoxyribonucleic acid (hDNA)	N-acetyl-gamma-calicheamicin	5		DRG0ARIWN; DRG0JOHND; DRG0KYHQN; DRG0SHGPV; DRG0SXFSY	https://adcdb.idrblab.net/data/payload/details/PAY0RZSDY
PAY0MFOVW	N-methyl-uncialamycin	ADC_PAYLOAD	Human Deoxyribonucleic acid (hDNA)	N-methyl-uncialamycin	0			https://adcdb.idrblab.net/data/payload/details/PAY0MFOVW
PAY0DZNQW	N10-beta-glucuronide SG3200	ADC_PAYLOAD	Human Deoxyribonucleic acid (hDNA)	N10-beta-glucuronide SG3200	2	Trastuzumab-C239I-SG3600; Trastuzumab-SG3600 high DAR		https://adcdb.idrblab.net/data/payload/details/PAY0DZNQW
PAY0TVYEO	NAMPT inhibitor 4	ADC_PAYLOAD	Nicotinamide phosphoribosyltransferase (NAMPT)	NAMPT inhibitor 4	7	B7H3-EC1; B7H3-EC3 DAR4.1; B7H3-EC3 DAR7.8; C4.4A-EC1; C4.4A-EC3; HER2-EC1; HER2-EC3		https://adcdb.idrblab.net/data/payload/details/PAY0TVYEO
PAY0FJMEW	NAMPT inhibitor 5	ADC_PAYLOAD	Nicotinamide phosphoribosyltransferase (NAMPT)	NAMPT inhibitor 5	4	B7H3-EC4; C4.4A-EC4; HER2-EC4 DAR2.7; HER2-EC4 DAR7.8		https://adcdb.idrblab.net/data/payload/details/PAY0FJMEW
PAY0VEWVZ	NAMPT inhibitor 6	ADC_PAYLOAD	Nicotinamide phosphoribosyltransferase (NAMPT)	NAMPT inhibitor 6	5	B7H3-EC2; B7H3-EC5; C4.4A-EC2; C4.4A-EC5; HER2-EC5		https://adcdb.idrblab.net/data/payload/details/PAY0VEWVZ
PAY0SDWZX	NAMPT toxophore	ADC_PAYLOAD	Nicotinamide phosphoribosyltransferase (NAMPT)	NAMPT toxophore	0			https://adcdb.idrblab.net/data/payload/details/PAY0SDWZX
PAY0SNRJM	NH2-Pro-dideoxy-alpha-amanitin	ADC_PAYLOAD	DNA-directed RNA polymerase II subunit RPB2 (POLR2B); DNA-directed RNA polymerase III subunit RPC7 (POLR3G)	NH2-Pro-dideoxy-alpha-amanitin	0			https://adcdb.idrblab.net/data/payload/details/PAY0SNRJM
PAY0TGZIS	NMS-P528	ADC_PAYLOAD	Human Deoxyribonucleic acid (hDNA)	NMS-P528	0			https://adcdb.idrblab.net/data/payload/details/PAY0TGZIS
PAY0LWTQQ	NMS-P945	ADC_PAYLOAD	Human Deoxyribonucleic acid (hDNA)	NMS-P945	1	CDX-0125-TEI		https://adcdb.idrblab.net/data/payload/details/PAY0LWTQQ
PAY0IIIEN	NT1	ADC_PAYLOAD			1	IBI-354		https://adcdb.idrblab.net/data/payload/details/PAY0IIIEN
PAY0AMOAM	Nemorubicin	ADC_PAYLOAD	DNA topoisomerase 2-alpha (TOP2A)	Nemorubicin; 108852-90-0; Nemorubicin [INN]; Methoxymorpholino-doxorubicin; Methoxymorpholinyl doxorubicin; FCE-23762; pnu 152243; UNII-7618O47BQM; CHEBI:42053; 7618O47BQM; PNU152243A; PNU-152243; 3'-DESAMINO-3'-(2-METHOXY-4-MORPHOLINYL)-DOXORUBICIN; (1S,3S)-3-Glycoloyl-1,2,3,4,6,11-hexahydro-3,5,12-trihydroxy-10-methoxy-6,11-dioxo-1-naphthacenyl 2,3,6-trideoxy-3-((S)-2-methoxymorpholino)-alpha-L-lyxo-hexopyranoside; 3'-deamino-3'-(2-methoxymorpholin-4-yl)doxorubicin; methoxymorpholinoDX; (1S,3S)-3,5,12-trihydroxy-3-(hydroxyacetyl)-10-methoxy-6,11-dioxo-1,2,3,4,6,11-hexahydrotetracen-1-yl 2,3,6-trideoxy-3-[(2S)-2-methoxymorpholin-4-yl]-alpha-L-lyxo-hexopyranoside; Methoxymorpholinyldoxorubicin; DTXSID6057619; methoxymorpholinyl-doxorubicin; Nemorubicinol; methoxy-morpholinyl-doxorubicin; Fce 23762; D0K2CR; SCHEMBL24646; NEMORUBICIN [WHO-DD]; 3'-deamino-3'-(2(S)-methoxy-4-morpholinyl)doxorubicin; CHEMBL1232279; C32H37NO13; 5,12-Naphthacenedione, 7,8,9,10-tetrahydro-6,8,11-trihydroxy-8-(2-hydroxyacetyl)-1-methoxy-10-[[2,3,6-trideoxy-3-[(2S)-2-methoxy-4-morpholinyl]-a-Llyxo- hexopyranosyl]oxy]-, (8S,10S)-; AMY10326; PNU-152243A; C32-H37-N-O13; CS-2020; PNU-156685; PNU-156686; BP-29358; HY-15794; MS-30933; Methoxymorpholinyl doxorubicin hydrochloride; A14363; F84993; A855698; Q27120450; (1S,3S)-3-GLYCOLOYL-1,2,3,4,6,11-HEXAHYDRO-3,5,12-TRIHYDROXY-10-METHOXY-6,11-DIOXO-1-NAPHTHACENYL 2,3,6-TRIDEOXY-3-((S)-2-METHOXYMORPHOLINO)-.ALPHA.-L-LYXO-HEXOPYRANOSIDE; (8S,10S)-6,8,11-Trihydroxy-10-(((2R,4S,5S,6S)-5-hydroxy-4-((S)-2-methoxymorpholino)-6-methyltetrahydro-2H-pyran-2-yl)oxy)-8-(2-hydroxyacetyl)-1-methoxy-7,8,9,10-tetrahydrotetracene-5,12-dione; 5,12-NAPHTHACENEDIONE, 7,8,9,10-TETRAHYDRO-6,8,11-TRIHYDROXY-8-(2-HYDROXYACETYL)-1-METHOXY-10-((2,3,6-TRIDEOXY-3-((2S)-2-METHOXY-4-MORPHOLINYL)-.ALPHA.-L-LYXO-HEXOPYRANOSYL)OXY)-, (8S,10S)-; 5,12-Naphthacenedione, 7,8,9,10-tetrahydro-6,8,11-trihydroxy-8-(hydroxyacetyl)-1-methoxy-10-((2,3,6-trideoxy-3-(2-methoxy-4-morpholinyl)-alpha-L-lyxo-hexopyranosyl)oxy)-, (8S-cis)-; 5,12-Naphthacenedione, 7,8,9,10-tetrahydro-6,8,11-trihydroxy-8-(hydroxyacetyl)-1-methoxy-10-[[2,3,6-trideoxy-3-[(2S)-2-methoxy-4-morpholinyl]-.alpha.-L-lyxo-hexopyranosyl]oxy]-, (8S,10S)-	1	Tras-Gly5-EDA-Nemo		https://adcdb.idrblab.net/data/payload/details/PAY0AMOAM
PAY0WFMTF	NeoDegrader P1	ADC_PAYLOAD	Protein cereblon (CRBN)	NeoDegrader P1	38	Anti-CD33 AB1 Compound (Ia); Anti-CD33 AB1 Compound (Id); Anti-CD33 AB1 Compound (Ie); Anti-CD33 AB1 Compound (Ii); Anti-CD33 AB1 Compound (Ij); Anti-CD33AB-Compound (Ia); Anti-CD33AB-Compound (Ib); Anti-CD33AB-Compound (Ic); Anti-CD33AB-Compound (Ie); Anti-CD33AB-Compound (Ih); Belantamab-Compound (Ia); Cetuximab-Comound (Ia); DRG0CKSTC; DRG0FIZST; DRG0HDRBW; Daratumumab-Compound (Ia); HuAT12/5-Compound (Ia); Indatuximab-Compound (Ia); Isatuximab-Compound (Ia); Lintuzumab IgG1-Compound (la) DAR 8; Lintuzumab IgG1-Compound (ld) DAR 8; OR000213-Compound (la) DAR 1.2; OR000213-Compound(la) DAR 1.8; OR000213-Compound(la) DAR 2.3; OR000213-Compound(la) DAR 8; Pertuzumab-Compound (la) DAR 8; Pertuzumab-Compound(la); Rituximab-Compound (la) DAR 4; Rituximab-Compound (la) DAR 8; Sacituzumab-Compound (Ia)		https://adcdb.idrblab.net/data/payload/details/PAY0WFMTF
PAY0YTSLK	NeoDegrader P13	ADC_PAYLOAD	Protein cereblon (CRBN)	NeoDegrader P13	0			https://adcdb.idrblab.net/data/payload/details/PAY0YTSLK
PAY0PSYAB	NeoDegrader P14	ADC_PAYLOAD	Protein cereblon (CRBN)	NeoDegrader P14	1	Anti-CD33 AB1 Compound (Ik)		https://adcdb.idrblab.net/data/payload/details/PAY0PSYAB
PAY0MGQCS	NeoDegrader P2	ADC_PAYLOAD	Protein cereblon (CRBN)	NeoDegrader P2	0			https://adcdb.idrblab.net/data/payload/details/PAY0MGQCS
PAY0AUDQR	NeoDegrader P3	ADC_PAYLOAD	Protein cereblon (CRBN)	NeoDegrader P3	1	Trastuzumab-Compound (Ib) DAR1.5		https://adcdb.idrblab.net/data/payload/details/PAY0AUDQR
PAY0QHEZM	NeoDegrader P4	ADC_PAYLOAD	Protein cereblon (CRBN)	NeoDegrader P4	4	Pertuzumab-Compound (lc) DAR 8; Rituximab-Compound (lc); Trastuzumab-Compound (lc); Trastuzumab-Compound (lc) DAR 8		https://adcdb.idrblab.net/data/payload/details/PAY0QHEZM
PAY0WTMZI	NeoDegrader P6	ADC_PAYLOAD	Protein cereblon (CRBN)	NeoDegrader P6	0			https://adcdb.idrblab.net/data/payload/details/PAY0WTMZI
PAY0FNIZI	Neolymphostin A	ADC_PAYLOAD	3-Phosphoinositide-dependent protein kinase 1 (PDPK1)	CHEMBL4293970; neolymphostin A; GTPL10151; BDBM50468033; NSC790970; compound 4 [PMID: 30380865]; NSC-790970	4	Neolymphostin ADC 21; Neolymphostin ADC 22; Neolymphostin ADC 23; Neolymphostin ADC 24		https://adcdb.idrblab.net/data/payload/details/PAY0FNIZI
PAY0UQWKM	Nigrin b	ADC_PAYLOAD	Ribosome (RB)		0			https://adcdb.idrblab.net/data/payload/details/PAY0UQWKM
PAY0FQNFR	OH-Pro-dideoxy-alpha-amanitin	ADC_PAYLOAD	DNA-directed RNA polymerase II subunit RPB2 (POLR2B); DNA-directed RNA polymerase III subunit RPC7 (POLR3G)	OH-Pro-dideoxy-alpha-amanitin	0			https://adcdb.idrblab.net/data/payload/details/PAY0FQNFR
PAY0QWAHL	Oxaliplatin	ADC_PAYLOAD	Human Deoxyribonucleic acid (hDNA)	Oxaliplatin; DTXSID0036760; Oxalato(trans-l-1,2-cyclohexanediamine)platinum(II); cis-oxalato-trans-l-1,2-diaminocyclohexaneplatinum(II); DTXCID8016760; CAS-61825-94-3; NCGC00167798-01; SCHEMBL19511; HMS3269F19; Tox21_112585; Tox21_112629; AKOS005766023; AKOS015855804; CS-0992; BP-25383; HY-17371; [(1S,2S)-2-azanidylcyclohexyl]azanide; oxalate; platinum(4+)	1	Anti-c-Met IgG-OXA		https://adcdb.idrblab.net/data/payload/details/PAY0QWAHL
PAY0XXDJK	P1003	ADC_PAYLOAD	DNA topoisomerase 1 (TOP1)	P1003	2		DRG0DLKUH; DRG0ENYRQ	https://adcdb.idrblab.net/data/payload/details/PAY0XXDJK
PAY0MXZUH	P1021	ADC_PAYLOAD			4	DB-1310; DB-1311; DRG0UBXSP; Sacituzumab drozuntecan		https://adcdb.idrblab.net/data/payload/details/PAY0MXZUH
PAY0EQGHA	P1021	ADC_PAYLOAD	DNA topoisomerase 1 (TOP1)		0			https://adcdb.idrblab.net/data/payload/details/PAY0EQGHA
PAY0UFMOV	P2025 glucocorticoid receptor agonist	ADC_PAYLOAD	Glucocorticoid receptor (NR3C1)		0			https://adcdb.idrblab.net/data/payload/details/PAY0UFMOV
PAY0SIIAW	P2025	ADC_PAYLOAD			1	DB-2304		https://adcdb.idrblab.net/data/payload/details/PAY0SIIAW
PAY0EPKMA	PA-seco-CBI-dimer	ADC_PAYLOAD	Human Deoxyribonucleic acid (hDNA)	PA-seco-CBI-dimer	0			https://adcdb.idrblab.net/data/payload/details/PAY0EPKMA
PAY0ASHXD	PBD dimer 13a	ADC_PAYLOAD	Human Deoxyribonucleic acid (hDNA)	PBD dimer 13a	1	FOLR1-ADC 13a		https://adcdb.idrblab.net/data/payload/details/PAY0ASHXD
PAY0LSBYV	PBD dimer 13b	ADC_PAYLOAD	Human Deoxyribonucleic acid (hDNA)	PBD dimer 13b	1	FOLR1-ADC 13b		https://adcdb.idrblab.net/data/payload/details/PAY0LSBYV
PAY0LNGCJ	PBD dimer 13c	ADC_PAYLOAD	Human Deoxyribonucleic acid (hDNA)	PBD dimer 13c	2	FOLR1-ADC 13c; FOLR1-ADC 15		https://adcdb.idrblab.net/data/payload/details/PAY0LNGCJ
PAY0PYFPP	PBD dimer 14a	ADC_PAYLOAD	Human Deoxyribonucleic acid (hDNA)	PBD dimer 14a	1	EGFR-ADC 13a		https://adcdb.idrblab.net/data/payload/details/PAY0PYFPP
PAY0ZKZMJ	PBD dimer 14b	ADC_PAYLOAD	Human Deoxyribonucleic acid (hDNA)	PBD dimer 14b	1	EGFR-ADC 13b		https://adcdb.idrblab.net/data/payload/details/PAY0ZKZMJ
PAY0BQEVI	PBD dimer 14c	ADC_PAYLOAD	Human Deoxyribonucleic acid (hDNA)	PBD dimer 14c	1	EGFR-ADC 13c		https://adcdb.idrblab.net/data/payload/details/PAY0BQEVI
PAY0DZMXA	PBD dimer 2	ADC_PAYLOAD	Human Deoxyribonucleic acid (hDNA)	PBD dimer-2; CHEMBL17005; SCHEMBL13594893; HY-148424; CS-0626230; 8,8'-(Pentamethylenebisoxy)bis(1,2,3,11abeta-tetrahydro-7-methoxy-5H-pyrrolo[2,1-c][1,4]benzodiazepine-5-one)	0			https://adcdb.idrblab.net/data/payload/details/PAY0DZMXA
PAY0STTIU	PBD dimer 3	ADC_PAYLOAD	Human Deoxyribonucleic acid (hDNA)	PBD dimer 3	2	ADC Trast-11; ADC Trast-14		https://adcdb.idrblab.net/data/payload/details/PAY0STTIU
PAY0ODVBG	PBD dimer SG3227	ADC_PAYLOAD	Human Deoxyribonucleic acid (hDNA)	PBD dimer SG3227	1	HD12-SG3227		https://adcdb.idrblab.net/data/payload/details/PAY0ODVBG
PAY0JFOKO	PBD dimer SG3246	ADC_PAYLOAD	Human Deoxyribonucleic acid (hDNA)	PBD dimer SG3246	1	HD12-SG3246		https://adcdb.idrblab.net/data/payload/details/PAY0JFOKO
PAY0WGMGB	PBD dimer SG3249	ADC_PAYLOAD	Human Deoxyribonucleic acid (hDNA)	Tesirine; 1595275-62-9; 8DVQ435K46; SG3249; UNII-8DVQ435K46; SCHEMBL15666072; SCHEMBL20184620; EX-A6241; PBD-3249; AKOS040743618; SG-3249; MS-32185; HY-128952; CS-0102843	1	HD12-SG3249		https://adcdb.idrblab.net/data/payload/details/PAY0WGMGB
PAY0YGCUS	PBD dimer SG3259	ADC_PAYLOAD	Human Deoxyribonucleic acid (hDNA)	PBD dimer SG3259	1	HD12-SG3259		https://adcdb.idrblab.net/data/payload/details/PAY0YGCUS
PAY0FLWQH	PBD dimer SG3315	ADC_PAYLOAD	Human Deoxyribonucleic acid (hDNA)	PBD dimer SG3315	1	HD12-SG3315		https://adcdb.idrblab.net/data/payload/details/PAY0FLWQH
PAY0RRIJY	PBD dimer SG3552	ADC_PAYLOAD	Human Deoxyribonucleic acid (hDNA)	PBD dimer SG3552	1	Tb085-SG3376		https://adcdb.idrblab.net/data/payload/details/PAY0RRIJY
PAY0IJSCK	PBD dimer	ADC_PAYLOAD	Human Deoxyribonucleic acid (hDNA)	PBD dimer; SGD-1882; 1222490-34-7; IRE1I9FE08; (6aS)-3-[3-[[(6aS)-2-methoxy-8-(4-methoxyphenyl)-11-oxo-6a,7-dihydropyrrolo[2,1-c][1,4]benzodiazepin-3-yl]oxy]propoxy]-8-(4-aminophenyl)-2-methoxy-6a,7-dihydropyrrolo[2,1-c][1,4]benzodiazepin-11-one; J3.194.362K; 5H-Pyrrolo(2,1-C)(1,4)benzodiazepin-5-one, 2-(4-aminophenyl)-8-(3-(((11aS)-5,11a-dihydro-7-methoxy-2-(4-methoxyphenyl)-5-oxo-1H-pyrrolo(2,1-C)(1,4)benzodiazepin-8-yl)oxy)propoxy)-1,11a-dihydro-7-methoxy-, (11aS)-; 5H-Pyrrolo[2,1-c][1,4]benzodiazepin-5-one, 2-(4-aminophenyl)-8-[3-[[(11aS)-5,11a-dihydro-7-methoxy-2-(4-methoxyphenyl)-5-oxo-1H-pyrrolo[2,1-c][1,4]benzodiazepin-8-yl]oxy]propoxy]-1,11a-dihydro-7-methoxy-, (11aS)-; 8-(3-((2-(4-Aminophenyl)-7-methoxy-5-oxo-1,11abeta-dihydro-5H-pyrrolo(2,1-C)(1,4)benzodiazepine-8-yl)oxy)propoxy)-7-methoxy-2-(4-methoxyphenyl)-1,11abeta-dihydro-5H-pyrrolo(2,1-C)(1,4)benzodiazepine-5-one; 8-[3-[[2-(4-Aminophenyl)-7-methoxy-5-oxo-1,11abeta-dihydro-5H-pyrrolo[2,1-c][1,4]benzodiazepine-8-yl]oxy]propoxy]-7-methoxy-2-(4-methoxyphenyl)-1,11abeta-dihydro-5H-pyrrolo[2,1-c][1,4]benzodiazepine-5-one; UNII-IRE1I9FE08; SCHEMBL2291136; OMRPLUKQNWNZAV-CONSDPRKSA-N; EX-A6227; SGD 1882; CS-7766; BP-29355; MS-31248; PD126348; HY-101127; Q27280866; (S)-2-(4-aminophenyl)-7-methoxy-8-(3-((S)-7-methoxy-2-(4-methoxyphenyl)-5-oxo-5,11a-dihydro-1H-pyrrolo[2,1-c][1,4]benzodiazepine-8-yloxy)propoxy)-1H-pyrrolo[2,1-c][1,4]benzodiazepine-5(11aH)-one; 8-(3-((2-(4-AMINOPHENYL)-7-METHOXY-5-OXO-1,11A.BETA.-DIHYDRO-5H-PYRROLO(2,1-C)(1,4)BENZODIAZEPINE-8-YL)OXY)PROPOXY)-7-METHOXY-2-(4-METHOXYPHENYL)-1,11A.BETA.-DIHYDRO-5H-PYRROLO(2,1-C)(1,4)BENZODIAZEPINE-5-ONE	7		DRG0AVUFT; DRG0CRHCH; DRG0DNWSM; DRG0FZMIS; DRG0IJNAM; DRG0QBADZ; DRG0XPNCZ	https://adcdb.idrblab.net/data/payload/details/PAY0IJSCK
PAY0QKJME	PBD-based payload 37b3	ADC_PAYLOAD	Human Deoxyribonucleic acid (hDNA)	Anticancer agent 81; Payload 37b3; Payload-37b3; GLXC-26141; HY-151207; CS-0608498; (S)-2-(2-(4-(5-((2-(4-Aminophenyl)-7-methoxy-5-oxo-5,11a-dihydro-1H-benzo[e]pyrrolo[1,2-a][1,4]diazepin-8-yl)oxy)pentyl)piperazin-1-yl)ethyl)-1H-dibenzo[de,h]isoquinoline-1,3(2H)-dione	1	T-PBA		https://adcdb.idrblab.net/data/payload/details/PAY0QKJME
PAY0TLFEM	PDB	ADC_PAYLOAD	Human Deoxyribonucleic acid (hDNA)		0			https://adcdb.idrblab.net/data/payload/details/PAY0TLFEM
PAY0RYATU	PE15-Stx 2a	ADC_PAYLOAD	Eukaryotic elongation factor 2 (EEF2)	PE15-Stx 2a	1	scFv(Herceptin)-PE-STXA		https://adcdb.idrblab.net/data/payload/details/PAY0RYATU
PAY0OVFAI	PF-06464368	ADC_PAYLOAD			1	PF-06688992		https://adcdb.idrblab.net/data/payload/details/PAY0OVFAI
PAY0GEDDB	PF-06464368	ADC_PAYLOAD	Unclear		1		DRG0VNZZZ	https://adcdb.idrblab.net/data/payload/details/PAY0GEDDB
PAY0TZRTO	PM050489	ADC_PAYLOAD	Microtubule (MT)	PM050489; SCHEMBL12895632; HY-N10558; CS-0611026	0			https://adcdb.idrblab.net/data/payload/details/PAY0TZRTO
PAY0WKBCR	PNU-159682	ADC_PAYLOAD	DNA topoisomerase 2-alpha (TOP2A)	PNU-159682; 202350-68-3; UNII-CQ5A9ZNT7C; CQ5A9ZNT7C; PNU159682; PNU 159682; (8S,10S)-6,8,11-Trihydroxy-8-(2-hydroxyacetyl)-1-methoxy-10-(((1S,3R,4aS,9S,9aR,10aS)-9-methoxy-1-methyloctahydro-1H-pyrano[4',3':4,5]oxazolo[2,3-c][1,4]oxazin-3-yl)oxy)-7,8,9,10-tetrahydrotetracene-5,12-dione; (7S,9S)-6,9,11-Trihydroxy-9-(2-hydroxyacetyl)-4-methoxy-7-[[(2S,4R,6S,7S,9R,10S)-10-methoxy-6-methyl-5,8,11-trioxa-1-azatricyclo[7.4.0.02,7]tridecan-4-yl]oxy]-8,10-dihydro-7H-tetracene-5,12-dione; (8S,10S)-7,8,9,10-Tetrahydro-6,8,11-trihydroxy-8-(2-hydroxyacetyl)-1-methoxy-10-(((1S,3R,4aS,9S,9aR,10aS)-octahydro-9-methoxy-1-methyl-1H-pyrano(4',3':4,5)oxazolo(2,3-C)(1,4)oxazin-3-yl)oxy)-5,12-naphthacenedione; 5,12-Naphthacenedione, 7,8,9,10-tetrahydro-6,8,11-trihydroxy-8-(2-hydroxyacetyl)-1-methoxy-10-(((1S,3R,4aS,9S,9aR,10aS)-octahydro-9-methoxy-1-methyl-1H-pyrano(4',3':4,5)oxazolo(2,3-C)(1,4)oxazin-3-yl)oxy)-, (8S,10S)-; (8S,10S)-7,8,9,10-Tetrahydro-6,8,11-trihydroxy-8-(2-hydroxyacetyl)-1-methoxy-10-[[(1S,3R,4aS,9S,9aR,10aS)-octahydro-9-methoxy-1-methyl-1H-pyrano[4',3':4,5]oxazolo[2,3-c][1,4]oxazin-3-yl]oxy]-5,12-naphthacenedione; SCHEMBL3801318; CHEMBL4777727; SLURUCSFDHKXFR-WWMWMSKMSA-N; EX-A3364; CS-3298; BP-29359; HY-16700; MS-30920; A903771; (8S,10S)-6,8,11-trihydroxy-8-(2-hydroxyacetyl)-1-methoxy-10-{[(2S,4R,6S,7S,9R,10S)-10-methoxy-6-methyl-5,8,11-trioxa-1-azatricyclo[7.4.0.0,tridecan-4-yl]oxy}-5,7,8,9,10,12-hexahydrotetracene-5,12-dione; (8S,10S)-6,8,11-trihydroxy-8-(hydroxyacetyl)-1-methoxy-10-{[(1S,3R,4aS,9S,9aR,10aS)-9-methoxy-1-methyloctahydro-1H-pyrano[4',3':4,5] [1,3] oxazolo[2,3-c][1,4]oxazin-3-yl]oxy}-7,8,9,10-tetrahydrotetracene-5,12-dione; (8S,10S)-6,8,11-trihydroxy-8-(hydroxyacetyl)-1-methoxy-10-{[(1S,3R,4aS,9S,9aR,10aS)-9-methoxy-1-methyloctahydro-1H-pyrano[4',3':4,5][1,3]oxazolo[2,3-c][1,4]oxazin-3-yl]oxy}-7,8,9,10-tetrahydrotetracene-5,12-dione	15		DRG0AOKAZ; DRG0AVDEL; DRG0EJPKN; DRG0HCGBQ; DRG0ISSIL; DRG0JDRZK; DRG0JRXHL; DRG0LUWVA; DRG0OIVTW; DRG0RMWCH; DRG0RWTUE; DRG0TOVGF; DRG0UJXGX; DRG0VIDMZ; DRG0ZRDFG	https://adcdb.idrblab.net/data/payload/details/PAY0WKBCR
PAY0BUBUY	PY-4car2	ADC_PAYLOAD			0			https://adcdb.idrblab.net/data/payload/details/PAY0BUBUY
PAY0VUPQZ	Paclitaxel	ADC_PAYLOAD	Microtubule (MT)	33069-62-4; P88XT4IS4D; Paclitaxel; Taxol; Taxol A; Yewtaxan; Genaxol; Plaxicel; Abraxane; Ebetaxel; Genetaxyl; Capxol; Paxene; Onxol; Cyclopax; Genexol; Intaxel; Mitotax; Pacliex; TaxAlbin; OncoGel; Paxceed; EmPAC; Onxal; Zisu; Taxus stent; Taxus Liberte; ABI-007; Padexol; nab-paclitaxel; EndoTAG 1; LipoPac; Tocosol Paclitaxel; (-)-Paclitaxel; Nanoxel; Paclitaxol; Sindaxel; NSC-125973; Coroflex Please; Cypher select; Taxus Express; LEP-ETU; Genexol-PM; (NAB)-Paclitaxel; MBT 0206; BMS 181339-01; Cynviloq; Infinnium; HSDB 6839; ABI 007; DHP 107; DHP-107; Abraxane I.V. Suspension; BMS-181339-01; UNII-P88XT4IS4D; DRG-0190; Paclitaxel (Taxol); NK 105; Paclitaxel (taxus canadensis); QW 8184; EndoTAG-1; CCRIS 8143; Liposome-entrapped paclitaxel easy-to-use; DTXSID9023413; CHEBI:45863; ABI-007 COMPONENT PACLITAXEL; IG 001; NK-105; NSC125973; 5beta,20-Epoxy-1,2-alpha,4,7beta,10beta,13alpha-hexahydroxytax-11-en-9-one 4,10-diacetate 2-benzoate 13-ester with (2R,3S)-N-benzoyl-3-phenylisoserine; QW-8184; nabpaclitaxel; CHEMBL428647; DTXCID603413; (2aR,4S,4aS,6R,9S,11S,12S,12aR,12bS)-9-(((2R,3S)-3-benzamido-2-hydroxy-3-phenylpropanoyl)oxy)-12-(benzoyloxy)-4,11-dihydroxy-4a,8,13,13-tetramethyl-5-oxo-2a,3,4,4a,5,6,9,10,11,12,12a,12b-dodecahydro-1H-7,11-methanocyclodeca[3,4]benzo[1,2-b]oxete-6,12b-diyl diacetate; ORAXOL COMPONENT PACLITAXEL; Paclitaxel [USAN:USP:INN:BAN]; Abraxane (albumin-bound suspension); ABRAXANE COMPONENT PACLITAXEL; MBT-0206; NSC 125973; ABI 007 COMPONENT PACLITAXEL; (2aR-(2aalpha,4beta,4abeta,6beta,9alpha(alpha R*,betaS*),11alpha,12alpha,12balpha))-beta-(Benzoylamino)-alpha-hydroxybenzenepropanoic acid 6,12b-bis(acetyloxy)-12-(benzoyloxy)-2a,3,4,4a,5,6,9,10,11,12,12a,12b-dodecahydro-4,11-dihydroxy-4a,8,13,13-tetramethyl-5-oxo-7,11-methano-1H-cyclodeca(3,4)benz(1,2-b)oxet-9-yl ester; NCGC00164367-01; NAB-PACLITAXEL COMPONENT PACLITAXEL; MFCD00869953; PACLITAXEL (MART.); PACLITAXEL [MART.]; PACLITAXEL (USP-RS); PACLITAXEL [USP-RS]; (1S,2S,3R,4S,7R,9S,10S,12R,15S)-4,12-bis(acetyloxy)-1,9-dihydroxy-15-{[(2R,3S)-2-hydroxy-3-phenyl-3-(phenylformamido)propanoyl]oxy}-10,14,17,17-tetramethyl-11-oxo-6-oxatetracyclo[11.3.1.0^{3,10}.0^{4,7}]heptadec-13-en-2-yl benzoate; PACLITAXEL (EP MONOGRAPH); PACLITAXEL (USP IMPURITY); PACLITAXEL [EP MONOGRAPH]; PACLITAXEL [USP IMPURITY]; PACLITAXEL (USP MONOGRAPH); PACLITAXEL [USP MONOGRAPH]; Xorane; 7,11-Methano-1H-cyclodeca[3,4]benz[1,2-b]oxete, benzenepropanoic acid deriv.; SMR000857385; SR-01000075350; Paclitaxel [USAN:BAN:INN]; paclitaxelum; Anzatax; Nanotaxel; Paclical; Pacligel; Paxoral; Bris Taxol; C47-H51-N-O14; Taxol, Bris; Paclitaxel,(S); Abraxane (TN); (2alpha,5beta,7beta,10beta,13alpha)-4,10-bis(acetyloxy)-1,7-dihydroxy-13-({(2R,3S)-2-hydroxy-3-phenyl-3-[(phenylcarbonyl)amino]propanoyl}oxy)-9-oxo-5,20-epoxytax-11-en-2-yl benzoate; (2aR,4S,4aS,6R,9S,11S,12S,12aR,12bS)-1,2a,3,4,4a,6,9,10,11,12,12a,12b-Dodecahydro-4,6,9,11,12,12b-hexahydroxy-4a,8,13,13-tetramethyl-7,11-methano-5H-cyclodeca(3,4)benz(1,2-b)oxet-5-one 6,12b-diacetate, 12-benzoate, 9-ester with (2R,3S)-N-benzoyl-3-phenylisoserine; [diacetoxy-[(2R,3S)-3-benzamido-2-hydroxy-3-phenyl-propanoyl]oxy-dihydroxy-tetramethyl-oxo-[?]yl] benzoate; 4alpha,10beta-bis(acetyloxy)-13alpha-((2S,3S)-3-benzamido-2-hydroxy-3-phenylpropanoyloxy)-1,7beta-dihydroxy-9-oxo-5beta,20-epoxytax-11-en-2alpha-yl benzoate; 4alpha,10beta-bis(acetyloxy)-13alpha-[(2S,3S)-3-benzamido-2-hydroxy-3-phenylpropanoyloxy]-1,7beta-dihydroxy-9-oxo-5beta,20-epoxytax-11-en-2alpha-yl benzoate; BENZENEPROPANOIC ACID, .BETA.-(BENZOYLAMINO)-.ALPHA.-HYDROXY-, (2AR,4S,4AS,6R,9S,11S,12S,12AR,12BS)-6,12B-BIS(ACETYLOXY)-12-(BENZOYLOXY)-2A,3,4,4A,5,6,9,10,11,12,12A,12B-DODECAHYDRO-4,11-DIHYDROXY-4A,8,13,13-TETRAMETHYL-5-OXO-7,11-METHANO-1H-CYCLODECA(3,4)BENZ(1,2-B)OXET-9-YL ESTER, (.ALPHA.R,.BETA.S)-; Benzenepropanoic acid, .beta.-(benzoylamino)-.alpha.-hydroxy-, (2aR,4S,4aS,6R,9S,11S,12S,12aR,12bS)-6,12b-bis(acetyloxy)-12-(benzoyloxy)-2a,3,4,4a,5,6,9,10,11,12,12a,12b-dodecahydro-4,11-dihydroxy-4a,8,13,13-tetramethyl-5-oxo-7,11-methano-1H-cyclodeca[3,4]benz[1,2-b]oxet-9-yl ester, (.alpha.R,.beta.S)-; Taxol (Paclitaxel); CAS-33069-62-4; PACITAXEL; BMS-181339; Paclitaxel-SSMM-VIP; P-SSMM-VIP; PACLITAXEL [MI]; PACLITAXEL [INN]; PACLITAXEL [JAN]; Prestwick3_000155; PACLITAXEL [HSDB]; PACLITAXEL [USAN]; TAXOL (TN); PACLITAXEL [VANDF]; SCHEMBL3976; 3PPC5TL76P; Nova-12005; PACLITAXEL [WHO-DD]; Paclitaxel, Taxus brevifolia; BIDD:PXR0046; BSPBio_000290; KBioGR_002509; KBioSS_002517; Paclitaxel (JAN/USP/INN); MLS002154218; MLS002695976; OAS-PAC-100; PACLITAXEL [EMA EPAR]; BPBio1_000320; GTPL2770; MEGxp0_001940; Taxol (TN) (Bristol Meyers); PACLITAXEL [GREEN BOOK]; PACLITAXEL [ORANGE BOOK]; ACon1_002231; KBio2_002509; KBio2_005077; KBio2_007645; KBio3_002987; ANX-513; DHP-208; DTS-301; L01CD01; SDP-013; cMAP_000068; RCINICONZNJXQF-MZXODVADSA-N; HMS2090D07; HMS2095O12; HMS2231A16; HMS3712O12; [(1S,2S,3R,4S,7R,9S,10S,12R,15S)-4,12-diacetyloxy-15-[(2R,3S)-3-benzamido-2-hydroxy-3-phenylpropanoyl]oxy-1,9-dihydroxy-10,14,17,17-tetramethyl-11-oxo-6-oxatetracyclo[11.3.1.03,10.04,7]heptadec-13-en-2-yl] benzoate; Benzenepropanoic acid, beta-(benzoylamino)-alpha-hydroxy-, 6,12b-bis(acetyloxy)-12-(benzoyloxy)-2a,3,4,4a,5,6,9,10,11,12,12a,12b-dodecahydro-4,11-dihydroxy-4a,8,13,13-tetramethyl-5-oxo-7,11-methano-1H-cyclodeca(3,4)benz(1,2-b)oxet-9-yl ester, (2aR-(2a-alpha,4-beta,4a-beta,6-beta,9-alpha(alpha-R*,beta-S*),11-alpha,12-alpha,12a-alpha, 12b-alpha))-; Benzenepropanoic acid, beta-(benzoylamino)-alpha-hydroxy-, 6,12b-bis(acetyloxy)-12-(benzoyloxy)-2a,3,4,4a,5,6,9,10,11,12,12a,12b-dodecahydro-4,11-dihydroxy-4a,8,13,13-tetramethyl-5-oxo-7,11-methano-1H-cyclodeca(3,4)benz(1,2-b)oxet-9-yl ester, (2aR-(2aalpha,4beta,4abeta,6beta,9alpha(alphaR*,betaS*),11alpha,12alpha,12aalpha,12balpha))-; HY-B0015; MPI-5018; Tax-11-en-9-one, 5beta,20-epoxy-1,2alpha,4,7beta,10beta,13alpha- hexahydroxy-, 4,10-diacetate 2-benzoate, 13-ester with (2R,3S)-N-benzoyl-3-phenylisoserine; Tox21_112107; BDBM50001839; NSC745099; AKOS007930675; AKOS015969673; AKOS025312303; CCG-220155; CS-1145; DB01229; GS-6554; NSC-745099; NCGC00164367-02; NCGC00164367-03; NCGC00164367-04; NCGC00164367-05; NCGC00164367-10; Paclitaxel, From Taxus brevifolia, 95%; NCI60_000601; Paclitaxel, from Taxus yannanensis, powder; PACLITAXEL IMPURITY L [EP IMPURITY]; AB00513812; D00491; EN300-117275; M02242; N88686; AB00513812-02; AB00513812-03; Paclitaxel, Antibiotic for Culture Media Use Only; Q423762; 7,4]benz[1,2-b]oxete,benzenepropanoic acid deriv.; Q-201533; SR-01000075350-1; SR-01000075350-3; SR-01000075350-6; SR-01000075350-7; SR-01000075350-9; BRD-K62008436-001-03-1; BRD-K62008436-001-05-6; BRD-K62008436-001-22-1; Paclitaxel, from semisynthetic (from Taxus sp.), >=97%; Paclitaxel, European Pharmacopoeia (EP) Reference Standard; Paclitaxel, from Taxus brevifolia, >=95% (HPLC), powder; Paclitaxel, United States Pharmacopeia (USP) Reference Standard; 12-benzoate, 9-ester with (2R,3S)-N-benzoyl-3-phenylisoserine; Paclitaxel, Pharmaceutical Secondary Standard; Certified Reference Material; Paclitaxel natural for peak identification, European Pharmacopoeia (EP) Reference Standard; (1S,2S,3R,4S,5R,7S,8S,10R,13S)-4,10-Diacetoxy-2-benzoyloxy-5,20-epoxy-1,7-dihydroxy-9-oxotax-11-en-13-yl (2R,3S)-3-benzoylamino-2-hydroxy-3-phenylpropionate; (2aR,4S,4aS,6R,9S,11S,12S,12aR,12bS)-1,2a,3,4,4a,6,9,10,11,12,12a,12b-Dodecahydro 4,6,9,11,12,12b-hexahydroxy-4a,8,13,13-tetramethyl-7,11-methano 5Hcyclodeca(3,4)benz(1,2-b)oxet-5-one 6,12b-diacetate,; (2aR,4S,4aS,6R,9S,11S,12S,12aR,12bS)-4,6,12b-Tris(acetyloxy)-12-(benzoyloxy)-2a,3,4,4a,5,6,9,10,11,12,12a,12b-dodecahydro-11-hydroxy-4a,8,13,13-tetramethyl-5-oxo-7,11-methano-1H-cyclodeca[3,4]benz[1,2-b]oxet-9-yl (alphaR,betaS)-beta-(benzoylamino)-alpha-hydroxybenzenepropanoate; (2aR,4S,4aS,6R,9S,11S,12S,12aR,12bS)-6,12b-bis(acetyloxy)-12-(benzoyloxy)-2a,3,4,4a,5,6,9,10,11,12,12a,12b-dodecahydro-4,11-dihydroxy-4a,8,13,13-tetramethyl-5-oxo-7,11-methano-1H-cyclodeca[3,4]benz[1,2-b]oxet-9-yl (aR,bS)-b-(benzoylamino)-a-hydroxybenzenepropanoate; (2aR,4S,4aS,6R,9S,11S,12S,12aR,12bS)-9-(((2R,3S)-3-benzamido-2-hydroxy-3-phenylpropanoyl)oxy)-12-(benzoyloxy)-4,11-dihydroxy-4a,8,13,13-tetramethyl-5-oxo-3,4,4a,5,6,9,10,11,12,12a-decahydro-1H-7,11-methanocyclodeca[3,4]benzo[1,2-b]oxete-6,12b(2aH)-diyl diacetate; (2aR-(2aalpha,4beta,4abeta,6beta,9alpha(alpha R*,betaS*),11alpha,12alpha,12balpha))-beta-(Benzoylamino)-alpha-hydroxybenzenepropanoic acid 6,12b-bis(acetyloxy)-12-(benzoyloxy)-2a,3,4,4a,5,6,9,10,11,12; ,12a,12b-dodecahydro-4,11-dihydroxy-4a,8,13,13-tetramethyl-5-oxo-7,11-methano-1H-cyclodeca(3,4)benz(1,2-b)oxet-9-yl ester; ,13-tetramethyl-5-oxo-7,11-methano-1H-cyclodeca[3,4]benz[1,2-b]oxet-9-yl ester, (alphaR,betaS)- (9CI); -cyclodeca[3,4]benz[1,2-b]oxet-9-yl ester, [2aR-[2aalpha,4beta,4abeta,6beta,9alpha(aR*,betaS*),11alpha,12alpha,12aalpha,12balpha]]-; [(1S,2S,3R,4S,7R,9S,10S,12R,15S)-4,12-diacetyloxy-15-[(2R,3S)-3-benzamido-2-hydroxy-3-phenylpropanoyl]oxy-1,9-dihydroxy-10,14,17,17-tetramethyl-11-oxo-6-oxatetracyclo[11.3.1.03,10.04,7]heptadec-13-en-2-yl]benzoate; 1203669-79-7; 4,7beta,10beta-tris(acetyloxy)-13alpha-[[(2R,3S)-3-benzamido-2-hydroxy-3-phenylpropanoyl]oxy]-1-hydroxy-9-oxo-5beta,20-epoxytax-11-en-2alpha-yl benzoate; 5-BETA,20-EPOXY-1,2-ALPHA,4,7-BETA,10-BETA,13-ALPHA-HEXAHYDROXY-TAX-11-EN-9-ONE 4,10-DIACETATE 2-BENZOATE 13-ESTER WITH (2R,3S)-N-BENZOYL-3-PHENYL-ISOSERINE; 5beta,20-Epoxy-1,2 alpha, 4,7beta, 10beta, 13alpha-hexahydroxy tax-11-en-9-one 4,10-diacetate 2-benzoate 13-ester with (2R, 3S)-N-benzoyl-3-phenylisoserine; Benzenepropanoic acid, 6,12b-bis(acetyl oxy)-12-(benzoyloxy)- 2a,3,4,4a,5,6,9,10,11,12,12a,12b,- dodecahydro-4,11- dihydroxy-4a,8,13,13-tetramethyl-5-oxo- 7,11-methano- 1H-cyclodeca[3,4]benz[1,2-b]oxet-9-yl ester, [2aR- [2a.alpha.,4.beta.,4a.beta.,6.beta.,9.alpha.(alpha. R*,.beta.S*),11.alpha.,12.alpha.,12a.alpha.,12b.alpha.]]-; Benzenepropanoic acid, b-(benzoylamino)-.alpha.-hydroxy-, (2aR,4S,4aS,6R,9S,11S,12S,12aR,12bS)-6,12b-bis(acetyloxy)-12-(benzoyloxy)-2a,3,4,4a,5,6,9,10,11,12,12a,12b-dodecahydro-4,11-dihydroxy-4a,8,13,13-tetramethyl-5-oxo-7,11-methano-1H-cyclodeca[3,4]benz[1,2-b]oxet-9-yl ester, (aR,bS	1		DRG0TFVPI	https://adcdb.idrblab.net/data/payload/details/PAY0VUPQZ
PAY0ZZCOD	Panobinostat	ADC_PAYLOAD	Histone deacetylase 1 (HDAC1)	Panobinostat; 404950-80-7; LBH589; LBH-589; Farydak; Panobinostat (LBH589); Faridak; LBH 589; (E)-N-Hydroxy-3-(4-(((2-(2-methyl-1H-indol-3-yl)ethyl)amino)methyl)phenyl)acrylamide; NVP-LBH589; NVP-LBH-589; Panobinostat [INN]; LBH-589B; Panobinostat(LBH589); Panobinostat [USAN:INN]; UNII-9647FM7Y3Z; (2E)-N-hydroxy-3-[4-({[2-(2-methyl-1H-indol-3-yl)ethyl]amino}methyl)phenyl]prop-2-enamide; CHEBI:85990; 9647FM7Y3Z; 404950-80-7 (free base); (E)-N-HYDROXY-3-(4-{[2-(2-METHYL-1H-INDOL-3-YL)-ETHYLAMINO]-METHYL}-PHENYL)-ACRYLAMIDE; (E)-N-hydroxy-3-[4-[[2-(2-methyl-1H-indol-3-yl)ethylamino]methyl]phenyl]prop-2-enamide; Farydak (TN); (2E)-N-hydroxy-3-[4-({[2-(2-methyl-1H-indol-3-yl)ethyl]amino}methyl)phenyl]acrylamide; (2E)-N-Hydroxy-3-[4-[[[2-(2-methyl-1H-indol-3-yl)ethyl]amino]methyl]phenyl]-2-propenamide; 2-Propenamide, N-hydroxy-3-(4-(((2-(2-methyl-1H-indol-3-yl)ethyl)amino)methyl)phenyl)-, (2E)-; 2-Propenamide, N-hydroxy-3-[4-[[[2-(2-methyl-1H-indol-3-yl)ethyl]amino]methyl]phenyl]-, (2E)-; PANOBINOSTAT [MI]; LBH589 - Panobinostat; Panobinostat (USAN/INN); D0E3SH; PANOBINOSTAT [USAN]; N-Hydroxy-3-[4-[2-(2-methyl-1H-indol-3-yl)ethylaminomethyl]phenyl]-2(E)-propenamide; PANOBINOSTAT [MART.]; MLS006011216; NVP-LBH 589; PANOBINOSTAT [WHO-DD]; SCHEMBL164801; SCHEMBL183197; CHEMBL483254; GTPL7489; SCHEMBL22773814; BDBM29589; CHEBI:93774; DTXSID40193506; EX-A169; FPOHNWQLNRZRFC-ZHACJKMWSA-N; N-hydroxy-3-[4-[[2-(2-methyl-1H-indol-3-yl)ethylamino]methyl]phenyl]-2-propenamide; BCPP000187; BDBM198124; BCP01816; LBH58,9NVP-LBH589,Panobinostat; (LBH-589); MFCD09833242; NSC761190; s1030; AKOS005146046; BCP9000844; CCG-208762; CS-0267; DB06603; EX-8456; NSC-761190; (E)-3-[4-[[2-(2-methyl-1H-indol-3-yl)ethylamino]methyl]phenyl]prop-2-enehydroxamic acid; (E)-N-hydroxy-3-(4-((2-(2-methyl-1H-indol-3-yl)ethylamino)methyl)phenyl)acrylamide; Panobinostat, NVP-LBH589, LBH589; NCGC00263117-05; NCGC00263117-07; 2-Propenamide, N-hydroxy-3-(4-(((2-(2-methyl-1H-indol-3-yl)ethyl)amino) methyl)phenyl)-, (2E)-; AC-28652; AM808102; AS-17046; HY-10224; SMR004702978; SW219369-1; EC-000.2287; A25218; D10319; EN300-7395075; J-523585; Q7131441; BRD-K02130563-001-07-2; (E)-N-Hydroxy-3-[4-[[[2-(2-methyl-1H-indole-3-yl)ethyl]amino]methyl]phenyl]acrylamide; N-hydroxy-3 -[4-[[[2-(2-methyl-1H-indol-3-yl)ethyl]amino]methyl]phenyl]-2E-2-propenamide; N-hydroxy-3-[4-[[[2-(2-methyl-1H-indol-3-yl)ethyl]amino]methyl]phenyl]-2E-2-propenamide; Panobinostat;(E)-N-hydroxy-3-(4-((2-(2-methyl-1H-indol-3-yl)ethylamino)methyl)phenyl)acrylamide	0			https://adcdb.idrblab.net/data/payload/details/PAY0ZZCOD
PAY0AWJRS	Phosphate prodrugs 40 (DC4)	ADC_PAYLOAD	Human Deoxyribonucleic acid (hDNA)	Phosphate prodrugs 40 (DC4)	2	B4-SMCC-DC4; B4-SPP-DC4		https://adcdb.idrblab.net/data/payload/details/PAY0AWJRS
PAY0VVUQW	Pokeweed antiviral protein (PAP)	ADC_PAYLOAD	Ribosome (RB) The activity data of This Payload Standard Type Value Units Cell line Disease Model Cell line ID Reference Half Maximal Inhibitory Concentration (IC50) 14±2.1 nM Human peripheral blood mononuclear cells(hPBMCs) Normal CVCL_0140 [ 1 ] Half Maximal Inhibitory Concentration (IC50) 2.45 nM KB cells Human papillomavirus-related endocervical adenocarcinoma CVCL_0372 [ 2 ] References Ref 1 Pokeweed antiviral protein isoforms PAP-I, PAP-II, and PAP-III depurinate RNA of human immunodeficiency virus (HIV)-1. Biochem Biophys Res Commun. 1999 Jul 5;260(2):453-8. Ref 2 2-cyanoaminopyrimidines as a class of antitumor agents that promote tubulin polymerization. Bioorg Med Chem Lett. 2007 Jun 1;17(11):3003-5. doi: 10.1016/j.bmcl.2007.03.070. Epub 2007 Mar 25.	Pokeweed antiviral protein (PAP)	0			https://adcdb.idrblab.net/data/payload/details/PAY0VVUQW
PAY0MFZIO	Pokeweed antiviral protein	ADC_PAYLOAD	Ribosome (RB)	Pokeweed antiviral protein PAPS	0			https://adcdb.idrblab.net/data/payload/details/PAY0MFZIO
PAY0SNDHR	Prodrug pyrrolobenzodiazepine dimer	ADC_PAYLOAD	Human Deoxyribonucleic acid (hDNA)		0			https://adcdb.idrblab.net/data/payload/details/PAY0SNDHR
PAY0TFKIJ	Proprietary BAY-943 spindle protein inhibitor	ADC_PAYLOAD			0			https://adcdb.idrblab.net/data/payload/details/PAY0TFKIJ
PAY0HWWCS	Proprietary GRM agonist	ADC_PAYLOAD	Glucocorticoid receptor (NR3C1)	Proprietary GRM agonist	0			https://adcdb.idrblab.net/data/payload/details/PAY0HWWCS
PAY0UCFUY	Pseudomonas exotoxin ETA-252-608	ADC_PAYLOAD	Eukaryotic elongation factor 2 (EEF2)	Pseudomonas exotoxin ETA-252-608	1		DRG0ICRYT	https://adcdb.idrblab.net/data/payload/details/PAY0UCFUY
PAY0EIIJT	Pseudomonas exotoxin LO10R456A	ADC_PAYLOAD	Eukaryotic elongation factor 2 (EEF2)	Pseudomonas exotoxin LO10R456A	1	LMB-100		https://adcdb.idrblab.net/data/payload/details/PAY0EIIJT
PAY0HWSWJ	Pseudomonas exotoxin PE24 mut	ADC_PAYLOAD	Eukaryotic elongation factor 2 (EEF2)	Pseudomonas exotoxin PE24mut	1	hD7-1 (VL-VH)-PE24mut		https://adcdb.idrblab.net/data/payload/details/PAY0HWSWJ
PAY0ZVLSS	Pseudomonas exotoxin PE24	ADC_PAYLOAD	Eukaryotic elongation factor 2 (EEF2) The activity data of This Payload Standard Type Value Units Cell line Disease Model Cell line ID Reference Half-maximal effective concentration (EC50) 944500 nM A431 cells Skin squamous cell carcinoma CVCL_0037 [ 1 ]	Pseudomonas exotoxin PE24	20		DRG0AFQCU; DRG0BJYDH; DRG0BLQZY; DRG0BRADG; DRG0CKMPP; DRG0DEOYK; DRG0EBKVX; DRG0EWEYR; DRG0JGXIK; DRG0KCIZT; DRG0KWRKH; DRG0MVAFJ; DRG0PJKLO; DRG0QEAUM; DRG0QUDXZ; DRG0RVNRW; DRG0UVSKO; DRG0VULET; DRG0XBOZB; DRG0YXQLZ	https://adcdb.idrblab.net/data/payload/details/PAY0ZVLSS
PAY0XCFQG	Pseudomonas exotoxin PE38 with protease-resistant (PE-LR)	ADC_PAYLOAD	Eukaryotic elongation factor 2 (EEF2) The activity data of This Payload Standard Type Value Units Cell line Disease Model Cell line ID Reference Half-maximal effective concentration (EC50) 17.75 ng/mL Jurkat cells T acute lymphoblastic leukemia CVCL_0065 [ 1 ] Half-maximal effective concentration (EC50) 4.969 ng/mL Acute lymphoblastic leukemia cells Acute lymphoblastic leukemia Undisclosed [ 1 ] Half-maximal effective concentration (EC50) 8.374 ng/mL CCRF-CEM cells T acute lymphoblastic leukemia CVCL_0207 [ 1 ] References Ref 1 Humanized CD7 nanobody-based immunotoxins exhibit promising anti-T-cell acute lymphoblastic leukemia potential. Int J Nanomedicine. 2017 Mar 13;12:1969-1983.	Pseudomonas exotoxin PE38 with protease-resistant (PE-LR)	0			https://adcdb.idrblab.net/data/payload/details/PAY0XCFQG
PAY0WCEKW	Pseudomonas exotoxin PE38	ADC_PAYLOAD	Eukaryotic elongation factor 2 (EEF2) The activity data of This Payload Standard Type Value Units Cell line Disease Model Cell line ID Reference Half-maximal effective concentration (EC50) 3.311 ng/mL CCRF-CEM cells T acute lymphoblastic leukemia CVCL_0207 [ 1 ] Half-maximal effective concentration (EC50) 3.479 ng/mL Acute lymphoblastic leukemia cells Acute lymphoblastic leukemia Undisclosed [ 1 ] Half-maximal effective concentration (EC50) 5.998 ng/mL Jurkat cells T acute lymphoblastic leukemia CVCL_0065 [ 1 ]	Pseudomonas exotoxin PE38	8		DRG0GNFMC; DRG0ITGCV; DRG0KLOAQ; DRG0NWMKJ; DRG0SZCMM; DRG0VJOET; DRG0ZFLNY; DRG0ZSWVX	https://adcdb.idrblab.net/data/payload/details/PAY0WCEKW
PAY0YLEVE	Pseudomonas exotoxin PE40	ADC_PAYLOAD	Eukaryotic elongation factor 2 (EEF2) The activity data of This Payload Standard Type Value Units Cell line Disease Model Cell line ID Reference Half Maximal Inhibitory Concentration (IC50) 1400 ng/mL OVCAR-2 cells Ovarian carcinoma CVCL_3941 [ 1 ] Half Maximal Inhibitory Concentration (IC50) 1400 ng/mL HuT 102 cells Mycosis fungoides CVCL_3526 [ 1 ] Half Maximal Inhibitory Concentration (IC50) >2000 ng/mL NIH3T3 cells Normal CVCL_0594 [ 1 ] Half Maximal Inhibitory Concentration (IC50) 610 ng/mL KB cells Human papillomavirus-related endocervical adenocarcinoma CVCL_0372 [ 1 ]	Pseudomonas exotoxin PE40	1	hD7-1 (VL-VH)-PE40		https://adcdb.idrblab.net/data/payload/details/PAY0YLEVE
PAY0OWBST	Puromycin	ADC_PAYLOAD	Ribosome (RB)	Puromycin; 53-79-2; Stylomycin; Puromycine; Puromicina; Puromycinum; P-638; 3123L; Puromycin dihydrochloride; CHEBI:17939; GNF-PF-2016; CL 13,900; Stillomycin; CL 13900; CL-13900; Puromycine [INN-French]; Puromycinum [INN-Latin]; Puromicina [INN-Spanish]; UNII-4A6ZS6Q2CL; 4A6ZS6Q2CL; 3'-(L-alpha-Amino-p-methoxyhydrocinnamamido)-3'-deoxy-N,N-dimethyladenosine; Puromycin [USAN:INN:BAN]; (S)-3'-((2-Amino-3-(4-methoxyphenyl)-1-oxopropyl)amino)-3'-deoxy-N,N-dimethyladenosine; P 638; Puromycin (USAN); PUROMYCIN [USAN]; NSC 3055; 3123-L; 9-{3-deoxy-3-[(O-methyl-L-tyrosyl)amino]-beta-D-xylofuranosyl}-N,N-dimethyl-9H-purin-6-amine; Adenosine, 3'-(((2S)-2-amino-3-(4-methoxyphenyl)-1-oxopropyl)amino)-3'-deoxy-N,N-dimethyl-; (S)-2-amino-N-((2S,3S,4R,5R)-5-(6-(dimethylamino)-9H-purin-9-yl)-4-hydroxy-2-(hydroxymethyl)tetrahydrofuran-3-yl)-3-(4-methoxyphenyl)propanamide; Achromycin (purine derivative); TCMDC-123493; 3'-deoxy-N,N-dimethyl-3'-(O-methyl-L-tyrosinamido)adenosine; C22H29N7O5; 3'-[[(2S)-2-amino-3-(4-methoxyphenyl)-1-oxopropyl]amino]-3'-deoxy-N,N-diemthyladenosine; 6-Dimethylamino-9-(3'-(p-methoxy-L-phenylalanylamino)-beta-D-ribofuranosyl)-purine; CL 16536; NSC3055; NSC-3055; Adenosine, 3'-((2-amino-3-(4-methoxyphenyl)-1-oxopropyl)amino)-3'-deoxy-N,N-dimethyl-, (S)-; 58-58-2; 3'-deoxy-N,N-dimethyl-3'-[(O-methyl-L-tyrosyl)amino]adenosine; (S)-3'-[[2-Amino-3-(4-methoxyphenyl)-1-oxopropyl]amino]-3'-deoxy-N,N-dimethyladenosine; Adenosine, 3'-[[(2S)-2-amino-3-(4-methoxyphenyl)-1-oxopropyl]amino]-3'-deoxy-N,N-dimethyl-; PUY; PUROMYCIN [INN]; PUROMYCIN [MI]; Prestwick3_000480; Epitope ID:140945; PUROMYCIN [WHO-DD]; SCHEMBL4570; BSPBio_000620; Puromycin [USAN:BAN:INN]; BPBio1_000682; CHEMBL469912; DTXSID8036788; 3'-(L-.alpha.-Amino-p-methoxyhydrocinnamamido)-3'-deoxy-N,N-dimethyladenosine; Adenosine, 3'-(alpha-amino-p-methoxyhydrocinnamamido)-3'-deoxy-N,N-dimethyl-, L-; RXWNCPJZOCPEPQ-NVWDDTSBSA-N; HMS2089F18; HY-B1743; CL 16,536 (*Dihydrochloride*); BDBM50277158; MFCD00866328; AKOS030485964; C22-H29-N7-O5; CCG-208505; CS-6500; DB08437; Puromycin, 10 mg/ml in distilled water; NCGC00179500-01; NCGC00179500-07; NCGC00179500-14; (2S)-2-amino-N-[(2S,3S,4R,5R)-5-[6-(dimethylamino)purin-9-yl]-4-hydroxy-2-(hydroxymethyl)oxolan-3-yl]-3-(4-methoxyphenyl)propanamide; AB00514661; C01610; D05653; AB00514661-07; Q424696; BRD-K36007650-001-01-9; BRD-K36007650-300-02-3; Q27167243; L-3'-(alpha-amino-p-methoxyhydrocinnamamido)-3'-deoxy-N,N-dimethyladenosine; (2S)-2-amino-N-[(2S,3S,4R,5R)-5-[6-(dimethylamino)purin-9-yl]-4-hydroxy-2-(hydroxymethyl)tetrahydrofuran-3-yl]-3-(4-methoxyphenyl)propanamide; 2-amino-N-[5-[6-(dimethylamino)-9-purinyl]-4-hydroxy-2-(hydroxymethyl)-3-oxolanyl]-3-(4-methoxyphenyl)propanamide; Adenosine, 3'-(-amino-p-methoxyhydrocinnamamido)-3'-deoxy-N, N-dimethyl-, dihydrochloride, L-	1	Cetuximab-Puromycin		https://adcdb.idrblab.net/data/payload/details/PAY0OWBST
PAY0XFCHM	Pyropheophorbide-a	ADC_PAYLOAD		Pyropheophorbide a; Pyropheophorbide-a; 24533-72-0; Pyropheophorbide alpha; PYROPHEOPHORBIDE; CHEBI:48398; 3-[(21S,22S)-16-ethenyl-11-ethyl-4-hydroxy-12,17,21,26-tetramethyl-7,23,24,25-tetrazahexacyclo[18.2.1.15,8.110,13.115,18.02,6]hexacosa-1,4,6,8(26),9,11,13(25),14,16,18(24),19-undecaen-22-yl]propanoic acid; (3S-trans)-9-ethenyl-14-ethyl-4,8,13,18-tetramethyl-20-oxo-3-phorbinepropanoic acid; 3-[(3S,4S)-14-ethyl-4,8,13,18-tetramethyl-20-oxo-9-vinylphorbin-3-yl]propanoic acid; 3-Phorbinepropanoic acid, 9-ethenyl-14-ethyl-4,8,13,18-tetramethyl-20-oxo-, (3S-trans)-; C33H34N4O3; PpaPpa; pyrophaeophorbide; C33-H34-N4-O3; SCHEMBL378992; CHEMBL520220; CHEMBL1807359; 3-Phorbinepropanoic acid, 9-ethenyl-14-ethyl-4,8,13,18-tetramethyl-20-oxo-, (3S,4S)-; IEGUQQKIFBYXLG-UWJYYQICSA-N; JUDGRMABQJKRPW-UWJYYQICSA-N; DTXSID901315902; BDBM50569289; AKOS040744355; HY-128973; CS-0102957; C18064; F87241; J-015556; 3-(ethyl-tetramethyl-oxo-vinyl-[?]yl)propanoic acid; Q27121183; 7beta-(2-Carboxyethyl)-13-ethenyl-7,8-dihydro-2,8alpha,12,17-tetramethyl-18-ethyl-3,5-(carbonylmethylene)-21H,23H-porphyrin	1	Pyro-Linker-ZHER2		https://adcdb.idrblab.net/data/payload/details/PAY0XFCHM
PAY0WIKAB	Pyrrole based kinesin spindle protein inhibitor	ADC_PAYLOAD	Kinesin-like protein KIF11 (KIF11)	Pyrrole based KSPi	12	HER2 KSP-ADC 1.1; HER2 KSP-ADC 1.2; HER2 KSP-ADC 1.3; HER2 KSP-ADC 1.4; HER2 KSP-ADC 2.1; HER2 KSP-ADC 2.2; TWEAKR-KSP-ADC 1.1; TWEAKR-KSP-ADC 1.2; TWEAKR-KSP-ADC 1.3; TWEAKR-KSP-ADC 1.4; TWEAKR-KSP-ADC 2.1; TWEAKR-KSP-ADC 2.2		https://adcdb.idrblab.net/data/payload/details/PAY0WIKAB
PAY0FNPWW	Pyrrolo[2,1-c][1,4]benzodiazepine monoamide (PBD-MA)	ADC_PAYLOAD	Human Deoxyribonucleic acid (hDNA)	Pyrrolo[2,1-c][1,4]benzodiazepine; SCHEMBL475588; MSNVESLISHTIRS-UHFFFAOYSA-N	0			https://adcdb.idrblab.net/data/payload/details/PAY0FNPWW
PAY0HFXXN	Pyrrolobenzo diazepine prodrug	ADC_PAYLOAD	Human Deoxyribonucleic acid (hDNA)	Pyrrolobenzo diazepine prodrug	0			https://adcdb.idrblab.net/data/payload/details/PAY0HFXXN
PAY0ZUVGY	Q Pho-DNA mimics	ADC_PAYLOAD	Human Deoxyribonucleic acid (hDNA)	Q Pho-DNA mimics	0			https://adcdb.idrblab.net/data/payload/details/PAY0ZUVGY
PAY0GXMDC	QD6/B09-AZ1508	ADC_PAYLOAD	Microtubule (MT)	QD6/B09-AZ1508 payload	1	QD6/B09-AZ1508		https://adcdb.idrblab.net/data/payload/details/PAY0GXMDC
PAY0LJRBT	QLS6916	ADC_PAYLOAD			0			https://adcdb.idrblab.net/data/payload/details/PAY0LJRBT
PAY0KDKZT	Quinoin	ADC_PAYLOAD	Receptor-interacting serine/threonine-protein kinase 1 (RIPK1)	Quinoin	1	Quinoin cetuximab immunoconjugate		https://adcdb.idrblab.net/data/payload/details/PAY0KDKZT
PAY0NVGEJ	RAA22/B09-AZ1508	ADC_PAYLOAD	Microtubule (MT)	RAA22/B09-AZ1508 payload	1	RAA22/B09-AZ1508		https://adcdb.idrblab.net/data/payload/details/PAY0NVGEJ
PAY0NNLXO	RSL3-NH2	ADC_PAYLOAD	Phospholipid hydroperoxide glutathione peroxidase (GPX4)	RSL3-NH2	2	Milatuzumab-RSL3-NH2; Trastuzumab-RSL3-NH2		https://adcdb.idrblab.net/data/payload/details/PAY0NNLXO
PAY0KXHZI	Rachelmycin	ADC_PAYLOAD	Human Deoxyribonucleic acid (hDNA)	Rachelmycin; 69866-21-3; CC-1065; CCRIS 2174; NSC 298223; CC 1065; CHEMBL139109; SCHEMBL9089249; DTXSID40990138; C37H33N7O8; Benzo(1,2-b:4,3-b')dipyrrole-3(2H)-carboxamide, 7-((1,6-dihydro-4-hydroxy-5-methoxy-7-((4,5,8,8a-tetrahydro-7-methyl-4-oxocyclopropa(c)pyrrolo(3,2-e)indol-2(1H)-yl)carbonyl)benzo(1,2-b:4,3-b')dipyrrol-3(2H)-yl)carbonyl)-1,6-dihydro-4-hydroxy-5-methoxy-, (7bR)-; NSC219877; C37-H33-N7-O8; HY-12457; CS-0011401; 5-hydroxy-2-[5-hydroxy-4-methoxy-2-[(1R,12S)-3-methyl-7-oxo-5,10-diazatetracyclo[7.4.0.01,12.02,6]trideca-2(6),3,8-triene-10-carbonyl]-7,8-dihydro-3H-pyrrolo[3,2-e]indole-6-carbonyl]-4-methoxy-7,8-dihydro-3H-pyrrolo[3,2-e]indole-6-carboxamide; Benzo [1,2-b :4,3-b'] dipirrolo-3 (2H)-carboxamida, 7-[[[1,6-dihidro-4-hidroxi-5-metoxi-7-[(7bR, 8sS )-4,5,8,8a-tetrahidro-7-metil-4-oxociclopropa[c] pirrolo [3,2-e] indol-2 (1H)-il] carbonil] benzo [1,2-b: 4,3-b'] dipirrol-3(2H)-il] carbonil]-1,6; Benzo(1,2-b:4,3-b')dipyrrole-3(2H)-carboxamide, 7-((1,6-dihydro-4-hydroxy-5-methoxy-7-((4,5,8,8a-tetrahydro-7-methyl-4-oxocyclopropa(c)pyrrolo(3,2-e)indol-2(1H)-yl)carbonyl)benzo(1,2-b:4,3-b')dipyrrol-3(2H)-yl)carbonyl)-1,6-dihydro-4-hydroxy-5-methox	0			https://adcdb.idrblab.net/data/payload/details/PAY0KXHZI
PAY0ECOZC	Ribosome inactivating SLTA	ADC_PAYLOAD	Ribosome (RB)	Ribosome inactivating SLTA	0			https://adcdb.idrblab.net/data/payload/details/PAY0ECOZC
PAY0GBIIY	Ricin A-chain	ADC_PAYLOAD	Ribosome (RB)	Ricin A-chain	0			https://adcdb.idrblab.net/data/payload/details/PAY0GBIIY
PAY0GFOMK	Rotigotine	ADC_PAYLOAD	D(1A) dopamine receptor (DRD1)	Rotigotine; 99755-59-6; Neupro; Leganto; SPM 962; (S)-6-(propyl(2-(thiophen-2-yl)ethyl)amino)-5,6,7,8-tetrahydronaphthalen-1-ol; Rotigotine CDS Patch; SPM-962; Rotigotine [USAN:INN]; Rotigotine CDS; Rotigotine [INN]; Neupro (TN); (6S)-6-[propyl(2-thiophen-2-ylethyl)amino]-5,6,7,8-tetrahydronaphthalen-1-ol; N 0923; CHEMBL1303; UNII-87T4T8BO2E; (6S)-6-(Propyl(2-(2-thienyl)ethyl)amino)-5,6,7,8-tetrahydro-1-naphthalenol; Rotigotine [USAN:INN:BAN]; 87T4T8BO2E; N 0437, (-)-isomer; DTXSID5046772; SPM-936; SPM-937; 99755-59-6 (free base); N-0437; (-)-(S)-5,6,7,8-Tetrahydro-6-(propyl(2-(2-thienyl)ethyl)amino)-1-naphthol; (6s)-5,6,7,8-tetrahydro-6-[propyl[2-(2-thienyl)ethyl]amino]-1-naphthalenol; NCGC00168748-01; (S)-(-)-Rotigotine; C19H25NOS; (-)-N-0437; DTXCID3026772; (2S)-2-[propyl-[2-(2-thienyl)ethyl]amino]tetralin-5-ol; (S)-5,6,7,8-Tetrahydro-6-(propyl(2-(2-thienyl)ethyl)amino)-1-naphthol; (S)-6-[Propyl-(2-thiophen-2-yl-ethyl)-amino]-5,6,7,8-tetrahydro-naphthalen-1-ol; 1-naphthalenol, 5,6,7,8-tetrahydro-6-(propyl (2-(2-thienyl)ethyl)amino-(6S)-; CAS-99755-59-6; C19-H25-N-O-S; (S)-5,6,7,8-tetrahydro-6-[propyl[2-(2-thienyl)ethyl]amino]-1-naphthol; (6~{S})-6-[propyl(2-thiophen-2-ylethyl)amino]-5,6,7,8-tetrahydronaphthalen-1-ol; (6S)-rotigotine; R5F; N 0924; N-0924; ROTIGOTINE [MI]; ROTIGOTINE [JAN]; Rotigotine (USAN/INN); ROTIGOTINE [USAN]; ROTIGOTINE [VANDF]; D08XAW; D09OQV; rotigotine transdermal patch; ROTIGOTINE [MART.]; ROTIGOTINE [USP-RS]; ROTIGOTINE [WHO-DD]; GTPL941; Rotigotine (JAN/USAN/INN); ROTIGOTINE [EMA EPAR]; SCHEMBL1088585; ROTIGOTINE [ORANGE BOOK]; HSDB 8254; ROTIGOTINE [EP MONOGRAPH]; CHEBI:135351; KFQYTPMOWPVWEJ-INIZCTEOSA-N; HMS3885D17; ROTIGOTINE [USP MONOGRAPH]; EX-A1164; Tox21_112627; BDBM50123626; MFCD00870193; s4274; AKOS016340728; Tox21_112627_1; AC-3547; CCG-267650; CS-0376; DB05271; SS-4572; NCGC00168748-02; HY-75502; LS-178435; R0220; SW220014-1; D05768; F13103; A846076; EN300-26189697; Q411985; J-502471; (-)-2-(N-propyl-N-2-thienylethylamino)-5-hydroxytetralin; (6S)-6-(propyl-(2-thiophen-2-ylethyl)amino)-5,6,7,8-tetrahydronaphthalen-1-ol; (6S)-6-{propyl[2-(thiophen-2-yl)ethyl]amino}-5,6,7,8-tetrahydronaphthalen-1-ol; 1-NAPHTHALENOL, 5,6,7,8-TETRAHYDRO-6-(PROPYL(2-(2-THIENYL)ETHYL)AMINO-(6S)-	0			https://adcdb.idrblab.net/data/payload/details/PAY0GFOMK
PAY0FDGIA	S64315 (MIK665)	ADC_PAYLOAD			1	S227928		https://adcdb.idrblab.net/data/payload/details/PAY0FDGIA
PAY0ZLSTM	SC-DR002	ADC_PAYLOAD	Human Deoxyribonucleic acid (hDNA)	SC DR002; SCDR002	1		DRG0RZJIL	https://adcdb.idrblab.net/data/payload/details/PAY0ZLSTM
PAY0FNZBQ	SC-DR003	ADC_PAYLOAD	Human Deoxyribonucleic acid (hDNA)		1		DRG0XLSWN	https://adcdb.idrblab.net/data/payload/details/PAY0FNZBQ
PAY0PKYCM	SC209	ADC_PAYLOAD	Microtubule (MT)	SC209	1		DRG0RRDEF	https://adcdb.idrblab.net/data/payload/details/PAY0PKYCM
PAY0AYVGE	SC347	ADC_PAYLOAD			2	Bezetabart debotansine; Ispectamab debotansine		https://adcdb.idrblab.net/data/payload/details/PAY0AYVGE
PAY0KPAOZ	SG2000 derivative PBD 1	ADC_PAYLOAD	Microtubule (MT)	SG2000 derivative PBD 1	0			https://adcdb.idrblab.net/data/payload/details/PAY0KPAOZ
PAY0QHWMQ	SG2000 derivative PBD 3	ADC_PAYLOAD	Human Deoxyribonucleic acid (hDNA)	SG2000 derivative PBD 3	0			https://adcdb.idrblab.net/data/payload/details/PAY0QHWMQ
PAY0VDATG	SG2000	ADC_PAYLOAD	Human Deoxyribonucleic acid (hDNA)	SJG-136; 232931-57-6; SJG 136; NSC-694501; SG-2000; BN-2629; UNII-KT0ZQ64X1A; NSC 694501; UP 2001; KT0ZQ64X1A; SJG136; (6aS)-3-[3-[[(6aS)-2-methoxy-8-methylidene-11-oxo-7,9-dihydro-6aH-pyrrolo[2,1-c][1,4]benzodiazepin-3-yl]oxy]propoxy]-2-methoxy-8-methylidene-7,9-dihydro-6aH-pyrrolo[2,1-c][1,4]benzodiazepin-11-one; SP-2001; UP-2001; 5H-Pyrrolo[2,1-c][1,4]benzodiazepin-5-one, 8,8'-[1,3-propanediylbis(oxy)]bis[1,2,3,11a-tetrahydro-7-methoxy-2-methylene-, (11aS,11'aS)-; 5H-PYRROLO(2,1-C)(1,4)BENZODIAZEPIN-5-ONE, 8,8'-(1,3-PROPANEDIYLBIS(OXY))BIS(1,2,3,11A-TETRAHYDRO-7-METHOXY-2-METHYLENE-, (11AS,11'AS)-; NSC694501; CHEMBL16498; SCHEMBL12020905; SJG 136 [WHO-DD]; DTXSID20177864; CS-4593; DB11965; BS-42683; HY-14573; NCI60_033825; C74198; A858346; Q27282424; (11AS,11a'S)-8,8'-(propane-1,3-diylbis(oxy))bis(7-methoxy-2-methylene-1,2,3,11a-tetrahydro-5H-benzo[e]pyrrolo[1,2-a][1,4]diazepin-5-one); (11aS,11a'S)-8,8'-(propane-1,3-diylbis(oxy))bis(7-methoxy-2-methylene-1,2,3,11a-tetrahydro-5H-benzo[e]pyrrolo[1,2-a][1,4]diazepin-5-one);1,1'-(propane-1,3-diylbis(oxy))bis(7-methoxy-2-methylene-1,2,3,11a-tetrahydro-5H-benzo[e]pyrrolo[1,2-a][1,4]diazepine-5,11(10H)-dione); (6AS)-3-(3-(((6AS)-2-METHOXY-8-METHYLENE-11-OXO-7,9-DIHYDRO-6AH-PYRROLO(2,1-C)(1,4)BENZODIAZEPIN-3-YL)OXY)PROPOXY)-2-METHOXY-8-METHYLENE-7,9-DIHYDRO-6AH-PYRROLO(2,1-C)(1,4)BENZODIAZEPIN-11-ONE; 1,1'-((Propane-1,3-diyl)dioxy)bis(7-methoxy-2-methylidene-1,2,3,10,11,11a-hexahydro-5H-pyrrolo(2,1-c)(1,4)benzodiazepin-5,11-dione); 5H-Pyrrolo[2,4]benzodiazepin-5-one, 8,8'-[1,3-propanediylbis(oxy)]bis[1,2,3,11a-tetrahydro- 7-methoxy-2-methylene-, (11aS, 11'aS)-	10	Anti-CLL-1-ds-PBD; HER2-HC-H-SS-PBD; HER2-HC-Me-SS-PBD; HER2-LC-H-SS-PBD; HER2-LC-Me-SS-PBD; OHPAS ADC-2; WO2013055987A1 Tmab-101; WO2013055987A1 Tmab-110; WO2013055987A1 xCD22-103; WO2021044208A1 ADC6		https://adcdb.idrblab.net/data/payload/details/PAY0VDATG
PAY0XUVDV	SG2219	ADC_PAYLOAD	Human Deoxyribonucleic acid (hDNA)	SG2219	2	Engineered HER-SG3227; Trastuzumab-SG3227		https://adcdb.idrblab.net/data/payload/details/PAY0XUVDV
PAY0XBVCC	SG3199 (SC-DR002)	ADC_PAYLOAD			15	ADCT-502; ADCT-602; ADCT-701; ADCT-901; Camidanlumab tesirine; KK2845; Loncastuximab tesirine; MEDI-2228; MEDI-3726; MEDI-7247; Mipasetamab uzoptirine; Rovalpituzumab tesirine; SC-002; TR1801-ADC; Tamrintamab pamozirine		https://adcdb.idrblab.net/data/payload/details/PAY0XBVCC
PAY0LZRXU	SG3199	ADC_PAYLOAD	Human Deoxyribonucleic acid (hDNA)	SG3199; 1595275-71-0; SCHEMBL15686377; EX-A6229; MS-30463; HY-101161; CS-0020928	23		DRG0BIQJZ; DRG0BNEXM; DRG0BRWYZ; DRG0BVKZK; DRG0FUFBP; DRG0IOKOV; DRG0IYBRT; DRG0NTFBR; DRG0OHTUI; DRG0PQJDH; DRG0QUXXT; DRG0SPSCP; DRG0TKVCB; DRG0TZZNJ; DRG0UFDDX; DRG0ULCEQ; DRG0UUEEH; DRG0VBVDR; DRG0VZDWP; DRG0WHXTX; DRG0YSPST; DRG0ZKEKI; DRG0ZQLZD	https://adcdb.idrblab.net/data/payload/details/PAY0LZRXU
PAY0EKUNN	SG3200	ADC_PAYLOAD	Human Deoxyribonucleic acid (hDNA)	SG3200	1	Trastuzumab-C239I-SG3400		https://adcdb.idrblab.net/data/payload/details/PAY0EKUNN
PAY0NQLJJ	SG3312 (SC-DR003)	ADC_PAYLOAD			1	SC-006		https://adcdb.idrblab.net/data/payload/details/PAY0NQLJJ
PAY0SNPXD	SG3312	ADC_PAYLOAD	Human Deoxyribonucleic acid (hDNA)	SG3312	0			https://adcdb.idrblab.net/data/payload/details/PAY0SNPXD
PAY0AKDAM	SGD-1882	ADC_PAYLOAD	Human Deoxyribonucleic acid (hDNA)	SGD-1882	3		DRG0CXFTH; DRG0OUXWT; DRG0WXQJL	https://adcdb.idrblab.net/data/payload/details/PAY0AKDAM
PAY0KLGQS	SHR152852	ADC_PAYLOAD	Microtubule (MT)	SHR152852	1		DRG0OAWRK	https://adcdb.idrblab.net/data/payload/details/PAY0KLGQS
PAY0CJNCU	SHR9265	ADC_PAYLOAD	DNA topoisomerase 1 (TOP1)	SHR9265	4		DRG0CECRA; DRG0TSLDF; DRG0YQAIX; DRG0YXBEH	https://adcdb.idrblab.net/data/payload/details/PAY0CJNCU
PAY0ERORN	SMol006	ADC_PAYLOAD			2	DRG0VJWNS; DRG0YWLIM		https://adcdb.idrblab.net/data/payload/details/PAY0ERORN
PAY0FPQSW	SMol006	ADC_PAYLOAD	Eukaryotic peptide chain release factor GTP-binding subunit ERF3A (GSPT1)		0			https://adcdb.idrblab.net/data/payload/details/PAY0FPQSW
PAY0BKPAH	SN-38	ADC_PAYLOAD			4	ESG401; FDA018; Labetuzumab govitecan; Sacituzumab govitecan		https://adcdb.idrblab.net/data/payload/details/PAY0BKPAH
PAY0XILUM	ST7612AA1	ADC_PAYLOAD	Histone deacetylase 1 (HDAC1)	ST7612AA1; 1428535-92-5; ST-7612AA1; SB17083	0			https://adcdb.idrblab.net/data/payload/details/PAY0XILUM
PAY0OSSQB	STING agonist of TAK500	ADC_PAYLOAD	Stimulator of interferon genes protein (STING1)	STING agonist of TAK500	1		DRG0BGJNX	https://adcdb.idrblab.net/data/payload/details/PAY0OSSQB
PAY0VCXZK	STING agonist of XMT-2056	ADC_PAYLOAD	Stimulator of interferon genes protein (STING1)	STING agonist of XMT-2056	0			https://adcdb.idrblab.net/data/payload/details/PAY0VCXZK
PAY0ONJLH	STING agonist	ADC_PAYLOAD	Stimulator of interferon genes protein (STING1)	STING agonist	0			https://adcdb.idrblab.net/data/payload/details/PAY0ONJLH
PAY0ZYLID	SW-163D	ADC_PAYLOAD	Human Deoxyribonucleic acid (hDNA)	SW-163D; UK 63598; UK 63,598; UK-63598; CHEBI:87399; Q27105119; N,N'-[(1S,1'R,2S,2''S,8'R,11'S,14'R,17'S,21'R,24'S,27'R)-2,2'',3',11',13',16',24',26'-octamethyl-27'-(methylsulfanyl)-2',5',9',12',15',18',22',25'-octaoxo-6',19'-dioxa-28'-thia-3',10',13',16',23',26'-hexaazadispiro[cyclopropane-1,4'-bicyclo[12.12.3]nonacosane-17',1''-cyclopropane]-8',21'-diyl]bis(3-hydroxyquinoline-2-carboxamide)	1		DRG0LSAKO	https://adcdb.idrblab.net/data/payload/details/PAY0ZYLID
PAY0QCAJM	Saporin	ADC_PAYLOAD	Microtubule (MT)	Ber-H2/saporin; D0A9QL	4		DRG0MIBTH; DRG0RITMD; DRG0YOUXZ; DRG0ZMDPX	https://adcdb.idrblab.net/data/payload/details/PAY0QCAJM
PAY0VUCBG	Seco-CBI-dimer 12	ADC_PAYLOAD	Human Deoxyribonucleic acid (hDNA)	Seco-CBI-dimer 12	2	Alpha-CD22-LC-K149C-12; Alpha-gD-LC-K149C-12		https://adcdb.idrblab.net/data/payload/details/PAY0VUCBG
PAY0WENAC	Seco-MED-A	ADC_PAYLOAD	Human Deoxyribonucleic acid (hDNA)	Seco-MED-A	1		DRG0JUOLN	https://adcdb.idrblab.net/data/payload/details/PAY0WENAC
PAY0KIPUQ	Self-developed TOP1 inhibitor	ADC_PAYLOAD			0			https://adcdb.idrblab.net/data/payload/details/PAY0KIPUQ
PAY0EJXWD	Shiga toxin B subunit (StxB)	ADC_PAYLOAD	Ribosome (RB)	Shiga toxin B subuni (StxB)	1		DRG0LNACX	https://adcdb.idrblab.net/data/payload/details/PAY0EJXWD
PAY0ISVPY	Silicon Phthalocyanine	ADC_PAYLOAD		Silicon phthalocyanine; Sipc IV; 135719-28-7; Silicon Phthalocyanine 4; Hosipcosi(CH3)2(CH2)3N(CH3)2; (OC-6-23)-((3-(Dimethylamino)propyl)dimethylsilanolato-O)hydroxy(29H,31H-phthalocyaninato(2-)-N(29),N(30),N(31),N(32))silicon; 3-[dimethyl(oxido)silyl]-N,N-dimethylpropan-1-amine;2,11,20,37,38-pentaza-39,40-diazanidanonacyclo[28.6.1.13,10.112,19.121,28.04,9.013,18.022,27.031,36]tetraconta-1,3,5,7,9,11,13,15,17,19,21(38),22,24,26,28,30(37),31,33,35-nonadecaene;silicon(4+);hydroxide; Silicon, ((3-(dimethylamino)propyl)dimethylsilanolato-kappaO)hydroxy(29H,31H-phthalocyaninato(2-)-kappaN29,kappaN30,kappaN31,kappaN32)-, (OC-6-23)-; Silicon, ((3-(dimethylamino)propyl)dimethylsilanolato-O)hydroxy(29H,31H-phthalocyaninato(2-)-N(29),N(30),N(31),N(32))-, (OC-6-23)-; Cl2SiPc; UNII-VM2R9Z8DTW; Silicon phthalocyanine Pc4; C39H35N9O2Si2; DTXSID00159502; C39-H35-N9-O2-Si2; NSC 676418; LS-186965	1	ZHER2:342-Cupid-His-Ax-SiPc		https://adcdb.idrblab.net/data/payload/details/PAY0ISVPY
PAY0LXBQB	Sodium butyrate	ADC_PAYLOAD	Histone deacetylase 1 (HDAC1)	SODIUM BUTYRATE; 156-54-7; Sodium butanoate; Butyric acid sodium salt; Butanoic acid, sodium salt; Butyric acid, sodium salt; Butyrate sodium; Sodium n-butyrate; sodium;butanoate; Sodium propanecarboxylate; Butanoic acid sodium salt; C4H7NaO2; CCRIS 7068; HSDB 5655; Sodium butyrate (USP); Sodium butyrate [USP]; TPA/BA; Butanoic acid, sodium salt (1:1); EINECS 205-857-6; NSC 174280; UNII-8RAS91C36W; 8RAS91C36W; DTXSID3037672; CHEBI:64103; NSC-174280; Tetradecanoyl phorbol acetate/ sodium butyrate; Butyric Acid, Na; tetradecanoyl phorbol acetate (TPA)/ sodium butyrate (BA); CHEMBL62381; NSC174280; SODIUM BUTYRATE-3,3,4,4,4-D5; NCGC00167555-01; MFCD00002816; sodiumbutyrate; 204244-79-1; Sodium butyrate, 98%; D0I7IB; C4H8O2.Na; SCHEMBL30148; SODIUM BUTYRATE [HSDB]; DTXCID1017672; HY-B0350A; SODIUM BUTYRATE [USP-RS]; SODIUM BUTYRATE [WHO-DD]; MFBOGIVSZKQAPD-UHFFFAOYSA-M; HMS3650B09; BCP31813; Butanoicacidsodiumsalt butyratesodium; Tox21_112550; HB1399; OR8783; s1999; Sodium butyrate, >=98.5% (GC); Sodium butyrate, >=99.0% (GC); AKOS003051490; AKOS015899795; CCG-266046; CS-3924; SODIUM BUTYRATE [USP MONOGRAPH]; AS-13929; CAS-156-54-7; LS-48173; FT-0660356; FT-0694101; D08998; AB01274751-01; Sodium butyrate, Vetec(TM) reagent grade, 99%; A921858; Q305004; Sodium butyrate, certified reference material, TraceCERT(R); Sodium butyrate, United States Pharmacopeia (USP) Reference Standard	0			https://adcdb.idrblab.net/data/payload/details/PAY0LXBQB
PAY0LUPMV	T-651 similar fusion inhibitor	ADC_PAYLOAD	Envelope glycoprotein gp160 (env) The activity data of This Payload Standard Type Value Units Cell line Disease Model Cell line ID Reference Half Maximal Inhibitory Concentration (IC50) 10.0±2.1 ng/mL C597-8-H0 virus Human immunodeficiency virus type 1 Undisclosed [ 1 ] Half Maximal Inhibitory Concentration (IC50) 10.2±2.7 ng/mL 93TH6.9 virus Human immunodeficiency virus type 1 Undisclosed [ 1 ] Half Maximal Inhibitory Concentration (IC50) 10.5±0.8 ng/mL SF162 virus Human immunodeficiency virus type 1 Undisclosed [ 1 ] Half Maximal Inhibitory Concentration (IC50) 3.1±2.2 ng/mL NLBal virus Human immunodeficiency virus type 1 Undisclosed [ 1 ] Half Maximal Inhibitory Concentration (IC50) 42.1±4.5 ng/mL NL4-3 virus Human immunodeficiency virus type 1 Undisclosed [ 1 ] Half Maximal Inhibitory Concentration (IC50) 5.8±1.2 ng/mL JRFL virus Human immunodeficiency virus type 1 Undisclosed [ 1 ] Half Maximal Inhibitory Concentration (IC50) 6.2±0.8 ng/mL CS81-69-E09 virus Human immunodeficiency virus type 1 Undisclosed [ 1 ] Half Maximal Inhibitory Concentration (IC50) 6.3±0.6 ng/mL CS81-4-G0 virus Human immunodeficiency virus type 1 Undisclosed [ 1 ] Half Maximal Inhibitory Concentration (IC50) 7.5±2.5 ng/mL HXB2 virus Human immunodeficiency virus type 1 Undisclosed [ 1 ] References Ref 1 CD4-BFFI: a novel, bifunctional HIV-1 entry inhibitor with high and broad antiviral potency. Antiviral Res. 2009 Sep;83(3):257-66.	T-651 similar fusion inhibitor	0			https://adcdb.idrblab.net/data/payload/details/PAY0LUPMV
PAY0LVQIM	T785	ADC_PAYLOAD			1	Trastuzumab imbotolimod		https://adcdb.idrblab.net/data/payload/details/PAY0LVQIM
PAY0KEIJX	TAM470	ADC_PAYLOAD	Microtubule (MT)	TAM470; SCHEMBL16979627; HY-148128; CS-0612970	1		DRG0HOBUN	https://adcdb.idrblab.net/data/payload/details/PAY0KEIJX
PAY0FGSQY	TAMTM	ADC_PAYLOAD			1	BIO-106		https://adcdb.idrblab.net/data/payload/details/PAY0FGSQY
PAY0NKCWV	TAMTM	ADC_PAYLOAD	Microtubule (MT)		1		DRG0YODKD	https://adcdb.idrblab.net/data/payload/details/PAY0NKCWV
PAY0VGPNK	TCS132 (AxcynDOT)	ADC_PAYLOAD			0			https://adcdb.idrblab.net/data/payload/details/PAY0VGPNK
PAY0OMEED	TGFBR2 antagonist	ADC_PAYLOAD	TGF-beta receptor type-2 (TGFBR2)	TGFBR2 antagonist	0			https://adcdb.idrblab.net/data/payload/details/PAY0OMEED
PAY0PDMRA	TLR7 agonist-1	ADC_PAYLOAD	Toll-like receptor 7 (TLR7)	TLR7 agonist-1	1	Anti-HER2_vc-1		https://adcdb.idrblab.net/data/payload/details/PAY0PDMRA
PAY0JBSYM	TLR7 agonist-2	ADC_PAYLOAD	Toll-like receptor 7 (TLR7)	TLR7 agonist-2	0			https://adcdb.idrblab.net/data/payload/details/PAY0JBSYM
PAY0WNJHK	TLR7 agonist-7	ADC_PAYLOAD	Toll-like receptor 7 (TLR7) The activity data of This Payload Standard Type Value Units Cell line Disease Model Cell line ID Reference Half Maximal Inhibitory Concentration (IC50) >10 ug/mL HEK293 cells Normal CVCL_0045 [ 1 ] References Ref 1 Design and Characterization of Immune-Stimulating Imidazo[4,5-c]quinoline Antibody-Drug Conjugates. Mol Pharm. 2022 Sep 5;19(9):3228-3241.	TLR7 agonist-7	0			https://adcdb.idrblab.net/data/payload/details/PAY0WNJHK
PAY0DBLHH	TLR7 agonist	ADC_PAYLOAD			1	NJH395		https://adcdb.idrblab.net/data/payload/details/PAY0DBLHH
PAY0WYUGU	TLR7/8 agonist	ADC_PAYLOAD	Toll-like receptor 7 (TLR7); Toll-like receptor 8 (TLR8)	TLR7/8 agonist	0			https://adcdb.idrblab.net/data/payload/details/PAY0WYUGU
PAY0PMPIS	TLR8 agonist	ADC_PAYLOAD	Toll-like receptor 8 (TLR8)	TLR8 agonist	0			https://adcdb.idrblab.net/data/payload/details/PAY0PMPIS
PAY0TNTMU	TOP1 inhibitor	ADC_PAYLOAD			5	BG-C9074; HLX-42; JSKN016; PHN-010; SKB-410		https://adcdb.idrblab.net/data/payload/details/PAY0TNTMU
PAY0TXOCZ	TORL7/8 agonist T785	ADC_PAYLOAD	Toll-like receptor 7 (TLR7); Toll-like receptor 8 (TLR8)	TORL7/8 agonist T785	1		DRG0HVSBG	https://adcdb.idrblab.net/data/payload/details/PAY0TXOCZ
PAY0VYKOO	Tacrolimus	ADC_PAYLOAD	Peptidyl-prolyl cis-trans isomerase FKBP1A (FKBP1A)	Tacrolimus; Fujimycin; 104987-11-3; Prograf; Protopic; Tsukubaenolide; Tacrolimus anhydrous; FK506; Advagraf; Modigraf; Anhydrous Tacrolimus; Prograft; Fk-506; Protopy; LCP-Tacro; FK 506; Avagraf; Envarsus; FR-900506; tacrolimus (fk506); Astagraf XL; Envarsus XR; Tacrolimus, anhydrous; Tacrolimus (anhydrous); Graceptor; Hecoria; (-)-FK 506; 8-DEETHYL-8-[BUT-3-ENYL]-ASCOMYCIN; Tacrolimus (INN); Prograf (TN); UNII-Y5L2157C4J; PROGRAPH; TACRO; CCRIS 7124; DTXSID5046354; FR900506; K506; CHEBI:61049; HSDB 8195; FR 900506; Tacrolimus hydrate; Y5L2157C4J; Tacrolimus [USAN:INN]; FK-506 (Tacrolimus); Tacrolimus [USAN]; NSC-758659; L 679934; Tacarolimus; CHEMBL269732; DTXCID3026354; NCGC00163470-03; Protopic (TN); TACROLIMUS [INN]; TACROLIMUS (MART.); TACROLIMUS [MART.]; (3S,4R,5S,8R,9E,12S,14S,15R,16S,18R,19R,26aS)-5,6,8,11,12,13,14,15,16,17,18,19,24,25,26,26a-Hexadecahydro-5,19-dihydroxy-3-[(1E)-2-[(1R,3R,4R)-4-hydroxy-3-methoxycyclohexyl]-1-methylethenyl]-14,16-dimethoxy-4,10,12,18-tetramethyl-8-(2-propen-1-yl)-15,19-epoxy-3H-pyrido[2,1-c][1,4]oxaazacyclotricosine-1,7,20,21(4H,23H)tetrone; L-679934; TACROLIMUS (USP-RS); FK5; CHEBI:61057; C44H69NO12.H2O; TACROLIMUS (USP MONOGRAPH); 8-DEETHYL-8-(BUT-3-ENYL)-ASCOMYCIN; NSC 758659; SR-05000001879; TACROLIMUS MONOHYDRATE (EP MONOGRAPH); tacrolimusum; Talymus; TacroBell; MFCD00869853; NSC717865; Advagraf (TN); Tacrolimus (Prograf); ENVARSUS-XR; TACROLIMUS [MI]; D06OMK; SCHEMBL3088; TACROLIMUS [WHO-DD]; BSPBio_001279; CHEMBL66247; Tacrolimus [USAN:BAN:INN]; GTPL6784; CHEBI:93221; HMS503O21; D11AH01; L04AD02; QJJXYPPXXYFBGM-LFZNUXCKSA-N; HMS1792O21; HMS1990O21; HMS2093M19; HMS3403O21; Pharmakon1600-01503968; 15,19-Epoxy-3H-pyrido(2,1-c)(1,4)oxaazacyclotricosine-1,7,20,21(4H,23H)-tetrone, 5,6,8,11,12,13,14,15,16,17,18,19,24,25,26,26a-hexadecahydro-5,19-dihydroxy-3-(2-(4-hydroxy-3-methoxycyclohexyl)-14,16-dimethoxy-4,10,12,18-tetramethyl-8-(2-propenyl)-, (3S-(3R*(E(1S*,3S*,4S*)),4S*,5R*,8S*,9E,12R*,14R*,15S*,16R*,18S*,19S*,26aR*))-; EX-A1677; Tox21_112056; BDBM50030448; BDBM50079777; HB0289; LMPK04000003; NSC758659; s5003; AKOS005145901; AC-1182; AM81227; CCG-270494; CS-1507; DB00864; IDI1_001040; NCGC00163470-01; NCGC00163470-02; NCGC00163470-04; NCGC00163470-05; NCGC00163470-06; NCGC00163470-07; NCGC00163470-27; HY-13756; SBI-0052894.P002; CAS-104987-11-3; M2258; C01375; D08556; EN300-221601; AB01209746-01; AB01209746_03; Q411648; Q-201775; SR-05000001879-1; SR-05000001879-2; SR-05000001879-5; BRD-K35452788-001-02-1; BRD-K69608737-001-03-7; BRD-K69608737-001-10-2; Z2242006187; [(E)-2-[(1R,3R,4R)-4-hydroxy-3-methoxycyclohexyl]-1-methylethenyl]-14,16-; 15,19-epoxy-3H-pyrido[2,1-c][1,4]oxaazacyclotricosine-1,7,20,21(23H)-tetrone; 15,19-epoxy-3H-pyrido[2,1-c][1,4]oxaazacyclotricosine-1,7,20,21(23H)-tetrone,; (1R,9S,12S,13R,14S,17R,18E,21S,23S,24R,25S,27R)-1,14-dihydroxy-12-[(E)-1-[(1R,3R,4R)-4-hydroxy-3-methoxycyclohexyl]prop-1-en-2-yl]-23,25-dimethoxy-13,19,21,27-tetramethyl-17-prop-2-enyl-11,28-dioxa-4-azatricyclo[22.3.1.04,9]octacos-18-ene-2,3,10,16-tetrone; (1R,9S,12S,13R,14S,17R,21S,23S,24R,25S,27R)-1,14-dihydroxy-12-{1-[(1R,3R,4R)-4-hydroxy-3-methoxycyclohexyl]prop-1-en-2-yl}-23,25-dimethoxy-13,19,21,27-tetramethyl-17-(prop-2-en-1-yl)-11,28-dioxa-4-azatricyclo[22.3.1.0,4,9]octacos-18-ene-2,3,10,16-tetrone; (3S,4R,5S,8R,9E,12S,14S,15R,16S,18R,19R,26aS)-5,19-dihydroxy-3-{(1E)-1-[(1R,3R,4R)-4-hydroxy-3-methoxycyclohexyl]prop-1-en-2-yl}-14,16-dimethoxy-4,10,12,18-tetramethyl-8-(prop-2-en-1-yl)-5,6,8,11,12,13,14,15,16,17,18,19,24,25,26,26a-hexadecahydro-3H-15,19-epoxypyrido[2,1-c][1,4]oxazacyclotricosine-1,7,20,21(4H,23H)-tetrone; (3S,4R,5S,8R,9E,12S,14S,15R,16S,18R,19R,26AS)-5,6,8,11,12,13,14,15,16,17,18,19,24,25,26,26A-HEXADECAHYDRO-5,19-DIHYDROXY-3-[(1E)-2-[(1R,3R,4R)-4-HYDROXY-3-METHOXYCYCLOHEXYL]-1-METHYLETHENYL]-14,16-DIMETHOXY-4,10,12,18-TETRAMETHYL-8-(2-PROPEN-1-YL)-15,19; (E)-(1R,9S,12S,13R,14R,21S,23S,24R,25S,27R)-17-Allyl-1,14-dihydroxy-12-[(E)-2-((3R,4R)-4-hydroxy-3-methoxy-cyclohexyl)-1-methyl-vinyl]-23,25-dimethoxy-13,19,21,27-tetramethyl-11,28-dioxa-4-aza-tricyclo[22.3.1.0*4,9*]octacos-18-ene-2,3,10,16-tetraone; 15 19-Epoxy-3H-pyrido[2 1-c][1 4]oxaazacyclotricosine-1 7 20 21(4H 23H)-tetrone 5 6 8 11 12 13 14 15 16 17 18 19 24 25 26 26a-hexadecahydro-5 19-dihydroxy-3-[(1E)-2-[(1R 3R 4R)-4-hydroxy-3-methoxycyclohexyl]-1-methylethenyl]-14 16-dimethoxy-4 10 12 18-tet; 15 19-Epoxy-3H-pyrido[2 1-c][1 4]oxaazacyclotricosine-1 7 20 21(4H 23H)-tetrone 5 6 8 11 12 13 14 15 16 17 18 19 24 25 26 26a-hexadecahydro-5 19-dihydroxy-3-[2-(4-hydroxy-3-methoxycyclohexyl)-1-methylethenyl]-14 16-dimethoxy-4 10 12 18-tetramethyl-8-(2-pr; 15,19-epoxi-3h-pirido[2,1-c][1,4]oxaazaciclotricosina-1,7,20,21(4h,23h)-tetrona, 5,6,8,11,12,13,14,15,16,17,18,19,24,25,26,26a-hexadecahidro-5,19-dihidroxi-3-[(1e)-2-[(1r,3r,4r)-4-hidroxi-3-metoxiciclohexil]-1-metiletenil]-14,16-dimetoxi-4,10,12,18-tetram; 15,19-Epoxy-3H-pyrido[2,1-c][1,4]oxaazacyclotricosine-1,7,20,21(4H,23H)-tetrone, 5,6,8,11,12,13,14,15,16,17,18,19,24,25,26,26a-hexadecahydro-5,19-dihydroxy-3-[(1E)-2-[(1R,3R,4R)-4-hydroxy-3-methoxycyc; 15,19-Epoxy-3H-pyrido[2,1-c][1,4]oxaazacyclotricosine-1,7,20,21(4H,23H)-tetrone, 5,6,8,11,12,13,14,15,16,17,18,19,24,25,26,26a-hexadecahydro-5,19-dihydroxy-3-[(1E)-2-[(1R,3R,4R)-4-hydroxy-3-methoxycyclohexyl]-1-methylethenyl]-14,16-dimethoxy-4,10,12,18-tetramethyl-8-(2-propen-1-yl)-, (3S,4R,5S,8R,9E,12S,14S,15R,16S,18R,19R,26aS)-; 15,19-Epoxy-3H-pyrido[2,1-c][1,4]oxaazacyclotricosine-1,7,20,21(4H,23H)-tetrone, 5,6,8,11,12,13,14,15,16,17,18,19,24,25,26,26a-hexadecahydro-5,19-dihydroxy-3-[(E)-2-[(1R,3R,4R)-4-hydroxy-3-methoxycycl ohexyl]-1-methylethenyl]-14,16-dimethoxy-4,10,12,18-tetramethyl-8-(2-propen-1-yl)-, (3S,4R,5S,8R,9E,12S,14S,15R,16S,18R,19R,26aS)-; 4,5,6,8,11,12,13,14,15,16,17,18,19,24,25,26,26a-heptadecahydro-5,19-dihydroxy-3-; dimethoxy-4,10,12,18-tetramethyl-8-(2-propenyl)-,(3S,4R,5S,8R,12S,14S,15R,16S,18R,19R,26aS)-; lohexyl]-1-methylethenyl]-14,16-dimethoxy-4,10,12,18-tetramethyl-8-(2-propen-1-yl)-, (3S,4R,5S,8R,9E,12S,14S,15R,16S,18R,19R,26aS)-	0			https://adcdb.idrblab.net/data/payload/details/PAY0VYKOO
PAY0IEFIL	Temozolomide	ADC_PAYLOAD	Human Deoxyribonucleic acid (hDNA)	Temozolomide; 85622-93-1; Methazolastone; Temodar; Temodal; Temozolamide; 3-methyl-4-oxo-3,4-dihydroimidazo[5,1-d][1,2,3,5]tetrazine-8-carboxamide; Sch 52365; CCRG-81045; Temozolomidum [Latin]; Temozolodida [Spanish]; Temozolomidum; CCRG 81045; NSC 362856; Sch-52365; Temozolodida; M&B 39831; M&B-39831; NSC-362856; temomedac; C6H6N6O2; CCRIS 8996; MB 39831; Temozolomide [INN:BAN]; 8-Carbamoyl-3-methylimidazo(5,1-d)-1,2,3,5-tetrazin-4(3H)-one; M & B 39831; Temodal (TN); Temodar (TN); BRN 5547136; M-39831; 3,4-Dihydro-3-methyl-4-oxoimidazo(5,1-d)-1,2,3,5-tetrazine-8-carboxamide; 3-Methyl-4-oxo-3,4-dihydroimidazo(5,1-d)(1,2,3,5)tetrazine-8-carboxamide; NSC362856; 3-methyl-4-oxoimidazo[5,1-d][1,2,3,5]tetrazine-8-carboxamide; CHEMBL810; 3,4-Dihydro-3-methyl-4-oxoimidazo(5,1-d)-as-tetrazine-8-carboxamide; UNII-YF1K15M17Y; MLS002701861; YF1K15M17Y; Temozolomide (JAN/USAN/INN); Temozolomide [USAN:INN:BAN]; DTXSID5043714; CHEBI:72564; Mk-7365; TMZ; NCGC00167429-01; 3-methyl-4-oxo-3H,4H-imidazo[4,3-d][1,2,3,5]tetrazine-8-carboxamide; 8-CARBAMOYL-3-METHYLIMIDAZO[5,1-D]-1,2,3,5-TETRAZIN-4(3H)-ONE; DTXCID3023714; TMZ-Bioshuttle; 3,4-dihydro-3-methyl-4-oxoimidazo[5,1-d]-1,2,3,5-tetrazine-8-carboxamide; 3-Methyl-4-oxo-3,4-dihydroimidazo[5,1-d][1,2,3,5]tetraazine-8-carboxamide; 3-methyl-4-oxo-3,4-dihydroimidazo[5,1-d][1,2,3,5]tetrazine-8-carboxamide.; 3-Methyl-4-oxo-3,4-dihydro-imidazo[5,1-d][1,2,3,5]tetrazine-8-carboxylic acid amide; Imidazo(5,1-d)(1,2,3,5)tetrazine-8-carboxamide, 3,4-dihydro-3-methyl-4-oxo-; SMR000466338; CAS-85622-93-1; Temozolomide, VETRANAL(TM), analytical standard; SR-01000759347; temozolomida; 3,4-Dihydro-3-methyl-4-oxoimidazo[5,1-d]-as-tetrazine-8-carboxamide; Temozolomide Teva; Temozolomide Hexal; Temozolomide Sandoz; Temozolomide Hospira; MFCD00866492; Temozolomide- Bio-X; Temozolomide [BAN:INN]; TEMOZOLOMIDE [MI]; TEMOZOLOMIDE [INN]; TEMOZOLOMIDE [JAN]; D0C8EU; Essex brand of temozolomide; Temodar (TN) (Schering); TEMOZOLOMIDE [USAN]; SCHEMBL3739; 4-methyl-5-oxo-2,3,4,6,8-pentazabicyclo[4.3.0]nona-2,7,9-triene-9-carboxamide; Scheringbrand of temozolomide; TEMOZOLOMIDE [VANDF]; TEMOZOLOMIDE [MART.]; MLS000759447; MLS001424028; BIDD:GT0204; TEMOZOLOMIDE [USP-RS]; TEMOZOLOMIDE [WHO-DD]; GTPL7301; TEMOZOLOMIDE [EMA EPAR]; Temozolomide, >=98% (HPLC); BPEGJWRSRHCHSN-UHFFFAOYSA-N; HMS2051O12; HMS2090B08; HMS2232N13; HMS3264I14; HMS3269P05; HMS3372K13; HMS3393O12; HMS3413D06; HMS3654N05; HMS3677D06; HMS3713H16; Pharmakon1600-01502289; TEMOZOLOMIDE [ORANGE BOOK]; TEMOZOLOMIDE [EP MONOGRAPH]; 3-methyl-4-oxo-imidazo[5,1-d][1,2,3,5]tetrazine-8-carboxamide; BCP03692; TEMOZOLOMIDE [USP MONOGRAPH]; Tox21_112433; AC-758; BDBM50034562; DL-190; NSC759883; s1237; Schering-Plough brand of temozolomide; STK623541; 3,4-Dihydro-3-methyl-4-oxoimidazo[5,1-d][1,2,3,5]tetrazine-8-carboxamide; 3-Methyl-4-oxo-3,4-dihydroimidazo-[5,1-d][1,2,3,5]tetrazine-8-carboxamide; AKOS005557098; Tox21_112433_1; CCG-100870; CS-0943; DB00853; KS-1216; NC00120; NSC-759883; NCGC00167429-02; NCGC00167429-04; NCGC00167429-05; BP-25388; BT164447; HY-17364; LS-80558; NCI60_003316; BCP0726000154; M B 39831; Temozolomide 100 microg/mL in Acetonitrile; AM20110227; FT-0630936; FT-0674845; SW197500-4; T2744; D06067; EN300-122324; AB00639915-06; AB00639915-08; AB00639915-09; AB00639915_10; AB00639915_11; A841386; Q425088; Q-201786; SR-01000759347-4; SR-01000759347-5; BRD-K32107296-001-04-5; Z1201620684; 3-methyl-4-oxo-8-imidazo[5,1-d][1,2,3,5]tetrazinecarboxamide; Temozolomide, United States Pharmacopeia (USP) Reference Standard; 3-methyl-4-oxidanylidene-imidazo[5,1-d][1,2,3,5]tetrazine-8-carboxamide; 3-Methyl-8-aminocarbonyl-imidazo[5,1-d]-1,2,3,5-tetrazin-4(3H)-one; Imidazo[5,2,3,5-tetrazine-8-carboxamide, 3,4-dihydro-3-methyl-4-oxo-; {Imidazo[5,1-d]-1,2,3,5-tetrazine-8-carboxamide,} 3, 4-dihydro-3-methyl-4-oxo-; Temozolomide, Pharmaceutical Secondary Standard; Certified Reference Material; 3-Methyl-4-oxo-3,4-dihydro-imidazo[5,1-d][1,2,3,5]tetrazine-8-carboxylic acid amide (Temozolomide); 3-Methyl-4-oxo-3,4-dihydro-imidazo[5,1-d][1,2,3,5]tetrazine-8-carboxylic acid amide(Temozolomide)	0			https://adcdb.idrblab.net/data/payload/details/PAY0IEFIL
PAY0AAUGB	Tetrahydroisoquinoline-based PBD dimer 14	ADC_PAYLOAD	Human Deoxyribonucleic acid (hDNA)	Tetrahydroisoquinoline-based PBD dimer 14	1	Anti-MSLN-44 ADC		https://adcdb.idrblab.net/data/payload/details/PAY0AAUGB
PAY0BVTPA	Tetrahydroisoquinoline-based PBD dimer 17	ADC_PAYLOAD	Human Deoxyribonucleic acid (hDNA)	Tetrahydroisoquinoline-based PBD dimer 17	9	Anti-CD70-45 ADC; Anti-FucGM1-45 ADC; Anti-FucGM1-46 ADC; Anti-FucGM1-47 ADC; Anti-FucGM1-48 ADC; Anti-MSLN-45 ADC; Anti-MSLN-46 ADC; Anti-MSLN-47 ADC; Anti-MSLN-48 ADC		https://adcdb.idrblab.net/data/payload/details/PAY0BVTPA
PAY0DWOSZ	Tiancimycin	ADC_PAYLOAD	Microtubule (MT)	Tiancimycin; CHEMBL4636420; SCHEMBL17918234	0			https://adcdb.idrblab.net/data/payload/details/PAY0DWOSZ
PAY0KDADU	Tolllike receptor 7 agonist	ADC_PAYLOAD	Toll-like receptor 7 (TLR7)	Tolllike receptor 7 agonist	1		DRG0UIDCY	https://adcdb.idrblab.net/data/payload/details/PAY0KDADU
PAY0YBBUX	Topo1 inhibitor+immune agonist	ADC_PAYLOAD	DNA topoisomerase 1 (TOP1)	Topo1 inhibitor+immune agonist	0			https://adcdb.idrblab.net/data/payload/details/PAY0YBBUX
PAY0JJJPM	Topoisomerase I inhibitor	ADC_PAYLOAD	DNA topoisomerase 1 (TOP1)	Topoisomerase I inhibitor	1		DRG0RCHSE	https://adcdb.idrblab.net/data/payload/details/PAY0JJJPM
PAY0ZAWKE	Triptolide	ADC_PAYLOAD	Nuclear factor NF-kappa-B p105 subunit (NFKB1)	Triptolide; 38748-32-2; Triptolid; PG490; NSC 163062; NSC-163062; UNII-19ALD1S53J; 19ALD1S53J; CHEBI:9747; CHEMBL463763; C20H24O6; PG-490; (1S,2S,4S,5S,7R,8R,9S,11S,13S)-8-hydroxy-1-methyl-7-propan-2-yl-3,6,10,16-tetraoxaheptacyclo[11.7.0.02,4.02,9.05,7.09,11.014,18]icos-14(18)-en-17-one; (5bS,6aS,7aS,8R,8aR,9aS,9bS,10aS,10bS)-8-Hydroxy-8a-isopropyl-10b-methyl-1,5,5b,6,6a,8,8a,9a,9b,10b-decahydrotris(oxireno)[2',3':4b,5;2'',3'':6,7;2''',3''':8a,9]phenanthro[1,2-c]furan-3(2H)-one; (6aS,7aS,8R,8aR,9aS,9bS,10aS,10bS)-8-hydroxy-8a-isopropyl-10b-methyl-1,5,5b,6,6a,8,8a,9a,9b,10b-decahydrotris(oxireno)[2',3':4b,5;2'',3'':6,7;2''',3''':8a,9]phenanthro[1,2-c]furan-3(2H)-one.; SMR000466307; Trisoxireno(4b,5:6,7:8a,9)phenanthro(1,2-c)furan-1(3H)-one, 3b,4,4a,6,6a,7a,7b,8b,9,10-decahydro-6-hydroxy-8b-methyl-6a-(1-methylethyl)-, (3bS,4aS,5aS,6R,6aR,7aS,7bS,8aS,8bS)-; NSC163062; Triptolide, 1; (3BS,4AS,5AS,6R,6AR,7AS,7BS,8AS,8BS)-3B,4,4A,6,6A,7A,7B,8B,9,10-DECAHYDRO-6-HYDROXY-8B-METHYL-6A-(1-METHYLETHYL)TRISOXIRENO(4B,5:6,7:8A,9)PHENANTHRO(1,2-C)FURAN-1(3H)-ONE; (3bS,4aS,5aS,6R,6aR,7aS,7bS,8aS,8bS)-3b,4,4a,6,6a,7a,7b,8b,9,10-Decahydro-6-hydroxy-8b-methyl-6a-(1-methylethyl)trisoxireno[4b,5:6,7:8a,9]phenanthro[1,2-c]furan-1(3H)-one; Trisoxireno[6,7:8a,9:4b,5]phenanthro[1,2-c]furan-1(3H)-one, 3b,4,4a,6,6a,7a,7b,8b,9,10-decahydro-6-hydroxy-8b-methyl-6a-(1-methylethyl)-, (3bS,4aS,5aS,6R,6aR,7aS,7bS,8aS,8bS)-; MFCD00210565; CPD000466307; TRIPTOLIDE [MI]; D0I6LH; TRIPTOLIDE [WHO-DD]; BSPBio_001595; KBioGR_000315; KBioSS_000315; MLS000759410; MLS001424107; MLS006010844; SCHEMBL413634; DTXSID5041144; EX-A7744A; KBio2_000315; KBio2_002883; KBio2_005451; KBio3_000629; KBio3_000630; DFBIRQPKNDILPW-CIVMWXNOSA-N; Bio2_000315; Bio2_000795; HMS1361P17; HMS1791P17; HMS1989P17; HMS2051N13; HMS3402P17; 144539-79-7; TPL; BDBM50241049; NSC839303; s3604; AKOS022168197; AM84923; CCG-100957; CS-0286; DB12025; NC00207; NSC-839303; IDI1_034065; NCGC00163411-01; NCGC00163411-02; NCGC00163411-03; NCGC00163411-07; BP-25386; BS-16697; HY-32735; NCI60_001223; LS-157717; T2899; C09204; AB00639938-06; AB00639938-08; Q906351; Q-100450; BRD-K39484304-001-02-5; BRD-K39484304-001-06-6; BRD-K39484304-001-16-5; Triptolide, Tripterygium wilfordii - CAS 38748-32-2; (1S,2S,4S,5S,7R,8R,9S,11S)-8-Hydroxy-1-methyl-7-propan-2-yl-3,6,10,16-tetraoxaheptacyclo[11.7.0.02,4.02,9.05,7.09,11.014,18]icos-14(18)-en-17-one; (3BS,4AS,5AS,6R,6AR,7AS,7BS,8AS,8BS)-3B,4,4A,6,6A,7A,7B,8B,9,10-DECAHYDRO-6-HYDROXY-6A-ISOPROPYL-8B-METHYLTRISOXIRENO(6,7:8A,9:4B,5)PHENANTHRO(1,2-C)FURAN-1(3H)-ONE; (3bS,4aS,5aS,6R,6aR,7aS,7bS,8aS,8bS)-6-hydroxy-8b-methyl-6a-(propan-2-yl)-3b,4,4a,6,6a,7a,7b,8b,9,10-decahydrotrisoxireno[6,7:8a,9:4b,5]phenanthro[1,2-c]furan-1(3H)-one; (5bS,6aS,7aS,8R,8aR,9aS,9bS,10aS,10bS)-8-hydroxy-8a-isopropyl-10b-methyl-2,5,5b,6,6a,8,8a,9a,9b,10b-decahydrotris(oxireno)[2',3':4b,5;2'',3'':6,7;2''',3''':8a,9]phenanthro[1,2-c]furan-3(1H)-one; Trisoxireno(4b,5:6,7:8a,9)phenanthro(1,2-c)furan-1(3H)-one,3b,4,4a,6,6a,7a,7b,8b,9,10-decahydro-6-hydroxy-8b-methyl-6a-(1-methylethyl)-,(3bS,4aS,5aS,6R,6aR,7aS,7bS,8aS,8bS)-; Trisoxireno[4b,7:8a,9]phenanthro[1,2-c]furan-(3H)-one, 3b,4,4a,6,6a,7a,7b,8b,9,10-decahydro-6-hydroxy-8b-methyl-6a-(1-methylethyl)-, [3bR-(3b.alpha.,4a.alpha.,5aS*,6.beta.,6a.beta.,7a.beta.,7b.alpha.,8aS*,8b.beta.)]-; Trisoxireno[4b,7:8a,9]phenanthro[1,2-c]furan-1(3H)-one, 3b,4,4a,6,6a,7a,7b,8b,9,10-decahydro-6-hydroxy-8b-methyl-6a-(1-methylethyl)-, [3bR-(3b.alpha.,4a.alpha.,5aS*,6.beta.,6a.beta.,7a.beta.,7b.alpha.,8aS*,8b.beta.)]-	4		DRG0GSKME; DRG0MYPUV; DRG0PPLJW; DRG0XAMIX	https://adcdb.idrblab.net/data/payload/details/PAY0ZAWKE
PAY0DBCXI	Tub114	ADC_PAYLOAD			0			https://adcdb.idrblab.net/data/payload/details/PAY0DBCXI
PAY0DJZSK	Tub201	ADC_PAYLOAD			0			https://adcdb.idrblab.net/data/payload/details/PAY0DJZSK
PAY0EQRHR	Tub255	ADC_PAYLOAD			0			https://adcdb.idrblab.net/data/payload/details/PAY0EQRHR
PAY0EGSDQ	Tubulysin 196	ADC_PAYLOAD			1	DAC-002		https://adcdb.idrblab.net/data/payload/details/PAY0EGSDQ
PAY0DHXXO	Tubulysin 196	ADC_PAYLOAD	Microtubule (MT)		0			https://adcdb.idrblab.net/data/payload/details/PAY0DHXXO
PAY0IJDKT	Tubulysin 7	ADC_PAYLOAD	Microtubule (MT)	Tubulysin G; 799822-08-5; EX-A5466G; HY-N7050; AKOS040740945; CS-0101873	1	Alpha-CD30-7		https://adcdb.idrblab.net/data/payload/details/PAY0IJDKT
PAY0YBCFH	Tubulysin 8	ADC_PAYLOAD	Microtubule (MT)	Tubulysin H; 799822-09-6; EX-A5466H; HY-N7051; AKOS040740946; CS-0101874	1	Alpha-CD30-8		https://adcdb.idrblab.net/data/payload/details/PAY0YBCFH
PAY0QOTGB	Tubulysin 9	ADC_PAYLOAD	Microtubule (MT)	Tubulysin I; 799822-10-9; EX-A5466J; HY-N7052; AKOS040740947; CS-0101871	1	Alpha-CD30-9		https://adcdb.idrblab.net/data/payload/details/PAY0QOTGB
PAY0XLYDR	Tubulysin B analog	ADC_PAYLOAD			0			https://adcdb.idrblab.net/data/payload/details/PAY0XLYDR
PAY0KDQZG	Tubulysin B analog Tub114	ADC_PAYLOAD	Microtubule (MT)	Tubulysin B analog Tub114	0			https://adcdb.idrblab.net/data/payload/details/PAY0KDQZG
PAY0FNQQW	Tubulysin B analog Tub201	ADC_PAYLOAD	Microtubule (MT)		0			https://adcdb.idrblab.net/data/payload/details/PAY0FNQQW
PAY0ALQFZ	Tubulysin B analog Tub255	ADC_PAYLOAD	Microtubule (MT)		0			https://adcdb.idrblab.net/data/payload/details/PAY0ALQFZ
PAY0DHNCX	Tubulysin B analog	ADC_PAYLOAD	Microtubule (MT)		0			https://adcdb.idrblab.net/data/payload/details/PAY0DHNCX
PAY0VPZFY	Tubulysin analog Tub	ADC_PAYLOAD	Human Deoxyribonucleic acid (hDNA)	Tubulysin analog Tub	1	Glypican 3 ADC		https://adcdb.idrblab.net/data/payload/details/PAY0VPZFY
PAY0QUEHW	Tubulysin analogue 3	ADC_PAYLOAD	Microtubule (MT)	Tubulysin analogue 3	0			https://adcdb.idrblab.net/data/payload/details/PAY0QUEHW
PAY0PCTOE	Tubulysin	ADC_PAYLOAD	Microtubule (MT)	TUBULYSIN; 1943604-24-7; CHEMBL1288708; EX-A5466A; DLKUYSQUHXBYPB-NSSHGSRYSA-N; AKOS040740948; HY-128914; CS-0102166	1		DRG0VYGGK	https://adcdb.idrblab.net/data/payload/details/PAY0PCTOE
PAY0GKVJX	Valeric-acid-calicheamicin	ADC_PAYLOAD	Human Deoxyribonucleic acid (hDNA)	Valeric-acid-calicheamicin	1		DRG0HEJWD	https://adcdb.idrblab.net/data/payload/details/PAY0GKVJX
PAY0LMGKV	Vitamin D	ADC_PAYLOAD		Ergocalciferol; VITAMIN D2; Calciferol; Viosterol; 50-14-6; Ergorone; Deltalin; Ercalciol; Drisdol; Ostelin; Oleovitamin D2; Detalup; Sterogyl; Condocaps; Crystallina; Fortodyl; Mulsiferol; Radsterin; Condol; Deratol; Diactol; Ertron; Geltabs; Daral; Divit urto; Novovitamin-D; D-Tracetten; Hi-Deratol; Calciferon 2; Dee-Ronal; Vitavel-D; D-Arthin; Dee-Ron; Vio-D; Rodine C; Calciferolum; Hyperkil; Rodinec; Ergocalciferolum; Mina D2; Radiostol; VitaminD2; Mykostin; Davitin; Decaps; Infron; Metadee; Shock-ferol; Davitamon D; Dee-Osterol; Ergocalciferolo; Dee-Roual; Disdrol; Haliver; Buco-D; (+)-Vitamin D2; Geltabs Vitamin D; Irradiated ergosterol; Sorex C.R.; Oleovitamin D; HSDB 819; Ergocalciferolo [DCIT]; CHEBI:28934; C28H44O; Oleovitamin D, Synthetic; Uvesterol D; Vitamin d (ergocalciferol); Vitamina D2; EINECS 200-014-9; Irradiated ergosta-5,7,22-trien-3-beta-ol; UNII-VS041H42XC; Ergocalciferols; NSC 62792; Condacaps; Crtron; Ergocalciferolum [INN-Latin]; VS041H42XC; 9,10-Secoergosta-5,7,10(19),22-tetraen-3-beta-ol; Synthetic Vitamin D; NSC-62792; Doral [Vitamin Derivative]; Vitamin D2 (Ergocalciferol); (5Z,7E,22E)-(3S)-9,10-seco-5,7,10(19),22-ergostatetraen-3-ol; Radstein; Viostdrol; ERGOCALCIFEROL, (+)-; Uvesterol-D; DTXSID5020233; 9,10-Seco(5Z,7E,22E)-5,7,10(19),22-ergostatetraen-3-ol; vitamin d-2; (3-beta,5Z,7E,22E)-9,10-Secoergosta-5,7,10,(19),22-tetraen-3-ol; (3beta,5Z,7E,22E)-9,10-secoergosta-5,7,10(19),22-tetraen-3-ol; (5Z,7E,22E)-(3S)-9,10-secoergosta-5,7,10(19),22-tetraen-3-ol; Ergocalciferol [USP:INN:BAN:JAN]; Ergosterol irradiated; Shock-ferol sterogyl; MFCD00166988; (1S,3Z)-3-[(2E)-2-[(1R,3aS,7aR)-1-[(E,2R,5R)-5,6-dimethylhept-3-en-2-yl]-7a-methyl-2,3,3a,5,6,7-hexahydro-1H-inden-4-ylidene]ethylidene]-4-methylidenecyclohexan-1-ol; Ergosterol, irradiated; 9,10-Secoergosta-5,7,10(19),22-tetraen-3-ol, (3b,5Z,7E,22E)-; 9,10-Secoergosta-5,7,10(19),22-tetraen-3-ol, (3.beta.,5Z,7E,22E)-; 9,10-Secoergosta-5,7,10(19),22-tetraen-3-ol, (3beta,5Z,7E,22E)-; Doral (Vitamin Derivative); ERGOCALCIFEROL (MART.); ERGOCALCIFEROL [MART.]; ERGOCALCIFEROL (USP-RS); Ergocalciferol [INN:BAN:JAN]; ERGOCALCIFEROL [USP-RS]; Calciferol (TN); Drisdol (TN); ERGOCALCIFEROL (EP IMPURITY); ERGOCALCIFEROL [EP IMPURITY]; Sorex C.R; (3S,5Z,7E,22E)-9,10-secoergosta-5,7,10(19),22-tetraen-3-ol; ERGOCALCIFEROL (EP MONOGRAPH); ERGOCALCIFEROL [EP MONOGRAPH]; ERGOCALCIFEROL (USP MONOGRAPH); ERGOCALCIFEROL [USP MONOGRAPH]; SMR000857106; Vitamin D 2; (3S,5Z,7E,22E)-9,10-secoergosta-5,7,10,22-tetraen-3-ol; DTXCID70233; Ergocalciferol; (Vitamin D2); Ergocalciferol [BAN:INN:JAN]; Osteil; delta-Tracetten; Lanes; NSC62792; delta-Arthin; beta-ol; C28-H44-O; vitaminum d2; D-forte; Eciferol D2; Ergoral D2; Sterogyl-15; Sterogyl 15H; Cyclohexanol, 4-methylene-3-((2E)-2-((1R,3aS,7aR)-octahydro-7a-methyl-1-((1R,2E,4R)-1,4,5-trimethyl-2-hexen-1-yl)-4H-inden-4-ylidene)ethylidene)-, (1S,3Z)-; Cyclohexanol, 4-methylene-3-[(2E)-2-[(1R,3aS,7aR)-octahydro-7a-methyl-1-[(1R,2E,4R)-1,4,5-trimethyl-2-hexen-1-yl]-4H-inden-4-ylidene]ethylidene]-, (1S,3Z)-; Prestwick_554; Vio D; Ergo-D2; Osto-D2; Prestwick3_000420; bmse000510; VITAMIN D2 [MI]; 7E677DC1-E1C4-4FC5-8F4A-BCE1857F7E87; VITAMIN D2 [FCC]; SCHEMBL3420; CHEMBL1536; ERGOCALCIFEROL [INN]; ERGOCALCIFEROL [JAN]; ergocalciferol; 50-14-6; BSPBio_000380; Ergocalciferol (JP17/USP); ERGOCALCIFEROL [HSDB]; ERGOCALCIFEROL [INCI]; MLS001332467; MLS001332468; ERGOCALCIFEROL [VANDF]; VITAMIN D2 [WHO-IP]; BPBio1_000418; MEGxm0_000466; ERGOCALCIFEROL [WHO-DD]; ERGOCALCIFEROL [WHO-IP]; (3-beta,5Z,7E,22E)-9,10-Secoergosta-5,7,10(19),22-tetraen-3-ol; ACon1_002187; A11CC01; (3S,5Z,7E,14xi,17alpha,22E)-9,10-secoergosta-5,7,10,22-tetraen-3-ol; MECHNRXZTMCUDQ-RKHKHRCZSA-N; HMS2096C22; HMS2230E20; Ciclohexanol, 4-metilen-3-[(2E)-2-[(1R, 3aS, 7aR)-octahidro-7a-metil-1-[(1R, 2E, 4R)-1,4,5-trimetil-2-hexen-1-il]-4H-inden-4-ilideno] etilideno]-, (1S, 3Z)-; CS-M1019; ERGOCALCIFEROL [ORANGE BOOK]; BDBM50247883; LMST03010001; s4035; Vitamin D2; Ergocalciferol; Deltalin; AKOS022185284; CCG-268614; DB00153; ERGOCALCIFEROLUM [WHO-IP LATIN]; LS-3228; Ergocalciferol, Sigma Reference Standard; NCGC00166307-02; NCGC00166307-03; AS-11649; BP-31119; Ergocalciferol (D2), analytical standard; HY-76542; Irradiated ergosta-5,7,22-trien-3beta-ol; Vitamin D2 Ergocalciferol 400,000 IU/g; Ergocalciferol, 40,000,000 USP units/g; C05441; D00187; EN300-21690916; Q139200; Q-201930; 9,10-Secoergosta-5,7,10(19),22-tetraen-3b-ol; Ergocalciferol, >=98.0% (sum of enantiomers, HPLC); 22-tetraen 3beta 9,10,Secoergosta-5,7,10(19)-ol; (5E,7E,22E)-9,10-Secoergosta-5,7,10,22-tetraen-3-ol; 9,10,SECOERGOSTA-5,7,10(19),22-TETRAEN 3-BETA-OL; Ergocalciferol, British Pharmacopoeia (BP) Reference Standard; Ergocalciferol, European Pharmacopoeia (EP) Reference Standard; Ergocalciferol, United States Pharmacopeia (USP) Reference Standard; 24-METHYL-9,10-SECOCHOLESTA-5,7,10(19),22-TETRAENE-3beta-OL; (3.BETA.,5Z,7E,22E)-9,10-SECOERGOSTA-5,7,10(19),22-TETRAEN-3-OL; 24-METHYL-9,10-SECOCHOLESTA-5,7,10( 19),22-TETRAENE-3.BETA.-OL [WHO-IP]; 9,10-SECOERGOSTA-5,7,10(19),22-TETRAEN-3-OL,(3-BETA,5Z,7E,22E)-; Ergocalciferol (Vitamin D2), Pharmaceutical Secondary Standard; Certified Reference Material; Ergocalciferol for system suitability, EuropePharmacopoeia (EP) Reference Standard; (1S,3Z)-3-[(2E)-2-[(1R,3aS,7aR)-7a-methyl-1-[(E,1R,4R)-1,4,5-trimethylhex-2-enyl]-2,3,3a,5,6,7-hexahydro-1H-inden-4-ylidene]ethylidene]-4-methylene-cyclohexanol; (1S,3Z)-3-{2-[(1R,3aS,4E,7aR)-1-[(2R,3E,5R)-5,6-dimethylhept-3-en-2-yl]-7a-methyl-octahydro-1H-inden-4-ylidene]ethylidene}-4-methylidenecyclohexan-1-ol; 4-methylene-3-[2-[tetrahydro-7a-methyl-1-(1,4,5-trimethyl-2-hexenyl)-4(3aH)-indanylidene]ethylidene]-Cyclohexanol; Cycloheanol, 4-methylene-3-(2-(tetrahydro-7a-methyl-1-(1,4,5-trimethyl-2-hexenyl)-4(3aH)-indanylidene)ethylidene)-; CYCLOHEXANOL, 4-METHYLENE-3-(2-(TETRAHYDRO-7A-METHYL-1-(1,4,5-TRIMETHYL-2-HEXENYL)-4(3AH)-INDANYLIDENE)ETHYLIDENE)-	0			https://adcdb.idrblab.net/data/payload/details/PAY0LMGKV
PAY0BMKRM	WA-00	ADC_PAYLOAD			2	BL-B16D1; BL-M17D1		https://adcdb.idrblab.net/data/payload/details/PAY0BMKRM
PAY0TWRKP	Y90 (Radioactive isotope)	ADC_PAYLOAD		Yttrium-90; Yttrium Y-90; SIR-Spheres; 90Yttrium; 10098-91-6; Yttrium Y 90; Yttrium (90 Y); UNII-1K8M7UR6O1; Y-90; Yttrium, isotope of mass 90; 1K8M7UR6O1; Yttrium Radioisotopes; Yttrium-090; 90Y; 90Y radioisotope; Radioactive Yttrium; Y-90 radioisotope; Yttrium, radioactive; HSDB 7406; DTXSID40874005; YTTRIUM (90 Y) [WHO-DD]; DB13076; Y 90; Q2650092; D015021000	1		DRG0JVAJA	https://adcdb.idrblab.net/data/payload/details/PAY0TWRKP
PAY0GPNQT	YL0010014	ADC_PAYLOAD			5	HLX-43; XNW-27011; YL-201; YL-202; ZL-1310		https://adcdb.idrblab.net/data/payload/details/PAY0GPNQT
PAY0HNGJG	YL0010014	ADC_PAYLOAD	DNA topoisomerase 1 (TOP1)	YL0010014	0			https://adcdb.idrblab.net/data/payload/details/PAY0HNGJG
PAY0FSIWQ	ZD02044	ADC_PAYLOAD	Microtubule (MT)	ZD02044	0			https://adcdb.idrblab.net/data/payload/details/PAY0FSIWQ
PAY0WLXJM	ZD06519	ADC_PAYLOAD	DNA topoisomerase 1 (TOP1)	ZD06519	0			https://adcdb.idrblab.net/data/payload/details/PAY0WLXJM
PAY0SVMRF	Zoledronic acid	ADC_PAYLOAD	Geranylgeranyl pyrophosphate synthase (GGPS1)	Zoledronic acid; 118072-93-8; Zoledronate; Zometa; Reclast; Aclasta; (1-Hydroxy-2-(1H-imidazol-1-yl)ethane-1,1-diyl)diphosphonic acid; CGP 42446; (1-Hydroxy-2-imidazol-1-ylethylidene)diphosphonic acid; Zoledronic Acid Anhydrous; Orazol; C5H10N2O7P2; Anhydrous Zoledronic Acid; (1-hydroxy-2-imidazol-1-yl-1-phosphonoethyl)phosphonic acid; Bisphosphonate 3; Phosphonic acid, [1-hydroxy-2-(1H-imidazol-1-yl)ethylidene]bis-; ZOL; CGP-42446; Zometa (Novartis); Reclast (TN); Zoledronic acid [USAN:INN]; Zoledronic-d3 Acid; Zometa (TN); Zoledronic Acid Teva; Zoledronic Acid Medac; ZOL 446; Zoledronic acid (INN); CHEMBL924; Zoledronic Acid, Anhydrous; NSC-721517; [1-hydroxy-2-(1H-imidazol-1-yl)ethane-1,1-diyl]bis(phosphonic acid); UNII-70HZ18PH24; 2-(imidazol-1-yl)-1-hydroxyethane-1,1-diphosphonic acid; BPH 91; DTXSID0042668; CHEBI:46557; [1-hydroxy-2-(1H-imidazol-1-yl)-1-phosphonoethyl]phosphonic acid; 70HZ18PH24; Zoledronic acid [USAN:INN:BAN]; NCGC00159521-02; (1-hydroxy-2-(1H-imidazol-1-yl)ethylidene)bisphosphonic acid; CGP 42446A; CGP-42446A; Zoledronate hydrate; Phosphonic acid, (1-hydroxy-2-(1H-imidazol-1-yl)ethylidene)bis-; Zoladrona acid mylan; ZOLEDRONIC; Zoledronic acid accord; Zoledronic Acid Actavis; ZOLEDRONIC ACID [INN]; Zoledronic Acid Teva Pharma; Zomera; 1-hydroxy-2-(1H-imidazol-1-yl)ethane-1,1-diyldiphosphonic acid; (1-hydroxy-2-imidazol-1-yl-phosphonoethyl)phosphonic acid monohydrate; Aclasta and Reclast; KS-1132; [1-Hydroxy-2-(1H-imidazol-1-yl)ethylidene]bisphosphonic acid; zoledronic-acid; Aclasta (TN); Zomera (TN); BPH 91 Orazol; CGP 42'446; CGP-42'446; Zoledronic Acid Mylan; [1-HYDROXY-2-(1H-IMIDAZOL-1-YL)-ETHYLIDENE]BISPHOSPHONIC ACID; D0VM2L; Zoledronic acid, Zoledronate; BIDD:PXR0134; SCHEMBL19054; ZOLEDRONIC ACID [MI]; BIDD:GT0292; Zoledronic Acid (Zoledronate); GTPL3177; JMC515594 Compound 55; DTXCID8022668; BDBM12578; CGP42446A; Novartis brand of zoledronic acid; ZOLEDRONIC ACID [WHO-DD]; XRASPMIURGNCCH-UHFFFAOYSA-N; 2-(imidazol-1-yl)-1-hydroxyethylidene-1,1-bisphosphonic acid; HMS2089O09; BCP22750; CGP-4244; Tox21_111739; C5-H10-N2-O7-P2; HB0674; MFCD00867791; NSC721517; s1314; STL452893; AKOS005145739; AB07564; AC-1092; CS-1829; DB00399; HS-0091; NSC 721517; NCGC00159521-03; NCGC00159521-04; NCGC00159521-05; NCGC00159521-09; NCGC00159521-18; HY-13777; LS-181815; CAS-118072-93-8; FT-0601384; Z0031; D08689; EN300-117269; H11422; S00092; AB01273947-01; AB01273947-02; AB01273947-03; AB01273947_04; A803876; Q218507; SR-05000001436; Q-201946; SR-05000001436-1; Zometa, Zomera, Aclasta and Reclast, Zoledronic Acid; 1-Hydroxy-2-(1-imidazolyl)ethane-1,1-diphosphonic Acid; Z1501485360; (1-Hydroxy-2-(1H-imidazol-1-yl)ethane-1,1-diyl)diphosphonicacid	0			https://adcdb.idrblab.net/data/payload/details/PAY0SVMRF
PAY0VBWWP	Zuvotolimod	ADC_PAYLOAD			1	Pertuzumab zuvotolimod		https://adcdb.idrblab.net/data/payload/details/PAY0VBWWP
PAY0VEOTQ	clezutoclax	ADC_PAYLOAD			1	Mirzotamab clezutoclax		https://adcdb.idrblab.net/data/payload/details/PAY0VEOTQ
PAY0OKDQA	dazostinag (TAK-676)	ADC_PAYLOAD			1	Plozalizumab plevistinag		https://adcdb.idrblab.net/data/payload/details/PAY0OKDQA
PAY0KHZPZ	modified PBD	ADC_PAYLOAD	Human Deoxyribonucleic acid (hDNA)		1		DRG0JXYIZ	https://adcdb.idrblab.net/data/payload/details/PAY0KHZPZ
PAY0BRKLC	seco-CBI-dimer	ADC_PAYLOAD	Human Deoxyribonucleic acid (hDNA)	seco-CBI-dimer	11		DRG0CLZRU; DRG0EKVAD; DRG0EXQEE; DRG0HDEZT; DRG0HJDVJ; DRG0OVJOF; DRG0PXGWN; DRG0TKCUW; DRG0UXZUB; DRG0VHNBC; DRG0ZRMHY	https://adcdb.idrblab.net/data/payload/details/PAY0BRKLC
PAY0VZJSJ	seco-CBI-indole	ADC_PAYLOAD	Human Deoxyribonucleic acid (hDNA)	SECO-CBI-INDOLE; CHEMBL1276856; SCHEMBL12596993; 1alpha-(Chloromethyl)-2,3-dihydro-3-[[5-[[(1H-indole-2-yl)carbonyl]amino]-1H-indole-2-yl]carbonyl]-1H-benzo[e]indole-5-ol	1	OHPAS ADC-3		https://adcdb.idrblab.net/data/payload/details/PAY0VZJSJ
PAY0SOSMQ	seco-DUBA	ADC_PAYLOAD	Human Deoxyribonucleic acid (hDNA)	Seco-DUBA; Seco-duocarmycin; CYF7MUE6JF; 1227961-59-2; UNII-CYF7MUE6JF; Benzamide, N-(2-(((1S)-1-(chloromethyl)-1,2-dihydro-5-hydroxy-9-methyl-3H-benz(E)indol-3-yl)carbonyl)imidazo(1,2-a)pyridin-6-yl)-4-hydroxy-; N-(2-(((1S)-1-(Chloromethyl)-1,2-dihydro-5-hydroxy-9-methyl-3H-benz(E)indol-3-yl)carbonyl)imidazo(1,2-a)pyridin-6-yl)-4-hydroxybenzamide; SCHEMBL12289192; EX-A6014; AKOS040756558; HY-132180A; MS-29754; CS-0213565; F81356	19		DRG0AADPC; DRG0AVEQT; DRG0CZBIH; DRG0DEGEG; DRG0EMQPK; DRG0GAFBL; DRG0HQWOC; DRG0KUFTS; DRG0MBRQI; DRG0MCWDR; DRG0NGWUS; DRG0NOFCF; DRG0OLBTT; DRG0SZKXH; DRG0THGAW; DRG0UUFIR; DRG0WIVJB; DRG0WNUXG; DRG0XTMJF	https://adcdb.idrblab.net/data/payload/details/PAY0SOSMQ
PAY0LBHJQ	siCPT1C	ADC_PAYLOAD	Solute carrier family 2, facilitated glucose transporter member 1 (SLC2A1)	siCPT1C	1	2-DG/aV-siCPT1C		https://adcdb.idrblab.net/data/payload/details/PAY0LBHJQ
PAY0ZGYZO	sulfonated DGN462	ADC_PAYLOAD	Human Deoxyribonucleic acid (hDNA)	sulfonated-DGN462	0			https://adcdb.idrblab.net/data/payload/details/PAY0ZGYZO
